anio,semana,mes,country_code,banda,conteo_universal
2019,1,ENERO,CO,10,3
2019,1,ENERO,CO,30,9
2019,1,ENERO,CO,50,17
2019,1,ENERO,CO,100,30
2019,1,ENERO,CO,200,56
2019,1,ENERO,PE,10,2
2019,1,ENERO,PE,30,11
2019,1,ENERO,PE,50,15
2019,1,ENERO,PE,100,26
2019,1,ENERO,PE,200,57
2019,1,ENERO,EC,10,3
2019,1,ENERO,EC,30,14
2019,1,ENERO,EC,50,16
2019,1,ENERO,EC,100,32
2019,1,ENERO,EC,200,61
2019,1,ENERO,PN,10,2
2019,1,ENERO,PN,30,9
2019,1,ENERO,PN,50,14
2019,1,ENERO,PN,100,24
2019,1,ENERO,PN,200,47
2019,1,ENERO,CR,10,1
2019,1,ENERO,CR,30,13
2019,1,ENERO,CR,50,17
2019,1,ENERO,CR,100,35
2019,1,ENERO,CR,200,71
2019,1,ENERO,GT,10,1
2019,1,ENERO,GT,30,12
2019,1,ENERO,GT,50,16
2019,1,ENERO,GT,100,33
2019,1,ENERO,GT,200,60
2019,1,ENERO,SV,10,1
2019,1,ENERO,SV,30,13
2019,1,ENERO,SV,50,18
2019,1,ENERO,SV,100,28
2019,1,ENERO,SV,200,60
2019,1,ENERO,HN,10,3
2019,1,ENERO,HN,30,10
2019,1,ENERO,HN,50,17
2019,1,ENERO,HN,100,27
2019,1,ENERO,HN,200,54
2019,1,ENERO,NI,10,3
2019,1,ENERO,NI,30,11
2019,1,ENERO,NI,50,16
2019,1,ENERO,NI,100,26
2019,1,ENERO,NI,200,66
2019,1,ENERO,DO,10,1
2019,1,ENERO,DO,30,3
2019,1,ENERO,DO,50,8
2019,1,ENERO,DO,100,22
2019,1,ENERO,DO,200,39
2019,1,ENERO,MX,10,2
2019,1,ENERO,MX,30,12
2019,1,ENERO,MX,50,20
2019,1,ENERO,MX,100,36
2019,1,ENERO,MX,200,70
2019,1,ENERO,SP,10,5
2019,1,ENERO,SP,30,11
2019,1,ENERO,SP,50,21
2019,1,ENERO,SP,100,38
2019,1,ENERO,SP,200,71
2019,1,ENERO,CL,10,3
2019,1,ENERO,CL,30,8
2019,1,ENERO,CL,50,11
2019,1,ENERO,CL,100,22
2019,1,ENERO,CL,200,47
2019,1,ENERO,AR,10,2
2019,1,ENERO,AR,30,8
2019,1,ENERO,AR,50,13
2019,1,ENERO,AR,100,23
2019,1,ENERO,AR,200,42
2019,1,ENERO,BR,10,3
2019,1,ENERO,BR,30,5
2019,1,ENERO,BR,50,10
2019,1,ENERO,BR,100,18
2019,1,ENERO,BR,200,38
2019,1,ENERO,PT,10,5
2019,1,ENERO,PT,30,12
2019,1,ENERO,PT,50,21
2019,1,ENERO,PT,100,32
2019,1,ENERO,PT,200,69
2019,2,ENERO,CO,10,3
2019,2,ENERO,CO,30,10
2019,2,ENERO,CO,50,17
2019,2,ENERO,CO,100,30
2019,2,ENERO,CO,200,60
2019,2,ENERO,PE,10,2
2019,2,ENERO,PE,30,11
2019,2,ENERO,PE,50,14
2019,2,ENERO,PE,100,25
2019,2,ENERO,PE,200,59
2019,2,ENERO,EC,10,4
2019,2,ENERO,EC,30,13
2019,2,ENERO,EC,50,15
2019,2,ENERO,EC,100,33
2019,2,ENERO,EC,200,62
2019,2,ENERO,PN,10,2
2019,2,ENERO,PN,30,10
2019,2,ENERO,PN,50,15
2019,2,ENERO,PN,100,25
2019,2,ENERO,PN,200,53
2019,2,ENERO,CR,10,1
2019,2,ENERO,CR,30,12
2019,2,ENERO,CR,50,17
2019,2,ENERO,CR,100,34
2019,2,ENERO,CR,200,72
2019,2,ENERO,GT,10,2
2019,2,ENERO,GT,30,12
2019,2,ENERO,GT,50,16
2019,2,ENERO,GT,100,33
2019,2,ENERO,GT,200,63
2019,2,ENERO,SV,10,1
2019,2,ENERO,SV,30,13
2019,2,ENERO,SV,50,18
2019,2,ENERO,SV,100,29
2019,2,ENERO,SV,200,60
2019,2,ENERO,HN,10,2
2019,2,ENERO,HN,30,11
2019,2,ENERO,HN,50,17
2019,2,ENERO,HN,100,27
2019,2,ENERO,HN,200,58
2019,2,ENERO,NI,10,3
2019,2,ENERO,NI,30,12
2019,2,ENERO,NI,50,18
2019,2,ENERO,NI,100,29
2019,2,ENERO,NI,200,68
2019,2,ENERO,DO,10,1
2019,2,ENERO,DO,30,3
2019,2,ENERO,DO,50,8
2019,2,ENERO,DO,100,21
2019,2,ENERO,DO,200,43
2019,2,ENERO,MX,10,2
2019,2,ENERO,MX,30,12
2019,2,ENERO,MX,50,20
2019,2,ENERO,MX,100,35
2019,2,ENERO,MX,200,69
2019,2,ENERO,SP,10,3
2019,2,ENERO,SP,30,10
2019,2,ENERO,SP,50,22
2019,2,ENERO,SP,100,40
2019,2,ENERO,SP,200,72
2019,2,ENERO,CL,10,3
2019,2,ENERO,CL,30,8
2019,2,ENERO,CL,50,10
2019,2,ENERO,CL,100,22
2019,2,ENERO,CL,200,48
2019,2,ENERO,AR,10,3
2019,2,ENERO,AR,30,9
2019,2,ENERO,AR,50,13
2019,2,ENERO,AR,100,23
2019,2,ENERO,AR,200,39
2019,2,ENERO,BR,10,3
2019,2,ENERO,BR,30,5
2019,2,ENERO,BR,50,10
2019,2,ENERO,BR,100,19
2019,2,ENERO,BR,200,42
2019,2,ENERO,PT,10,4
2019,2,ENERO,PT,30,13
2019,2,ENERO,PT,50,21
2019,2,ENERO,PT,100,31
2019,2,ENERO,PT,200,70
2019,3,ENERO,CO,10,2
2019,3,ENERO,CO,30,10
2019,3,ENERO,CO,50,18
2019,3,ENERO,CO,100,34
2019,3,ENERO,CO,200,64
2019,3,ENERO,PE,10,2
2019,3,ENERO,PE,30,12
2019,3,ENERO,PE,50,16
2019,3,ENERO,PE,100,24
2019,3,ENERO,PE,200,58
2019,3,ENERO,EC,10,3
2019,3,ENERO,EC,30,13
2019,3,ENERO,EC,50,13
2019,3,ENERO,EC,100,34
2019,3,ENERO,EC,200,63
2019,3,ENERO,PN,10,2
2019,3,ENERO,PN,30,9
2019,3,ENERO,PN,50,15
2019,3,ENERO,PN,100,25
2019,3,ENERO,PN,200,53
2019,3,ENERO,CR,10,2
2019,3,ENERO,CR,30,11
2019,3,ENERO,CR,50,17
2019,3,ENERO,CR,100,33
2019,3,ENERO,CR,200,75
2019,3,ENERO,GT,10,2
2019,3,ENERO,GT,30,11
2019,3,ENERO,GT,50,17
2019,3,ENERO,GT,100,34
2019,3,ENERO,GT,200,64
2019,3,ENERO,SV,10,1
2019,3,ENERO,SV,30,12
2019,3,ENERO,SV,50,18
2019,3,ENERO,SV,100,29
2019,3,ENERO,SV,200,61
2019,3,ENERO,HN,10,2
2019,3,ENERO,HN,30,13
2019,3,ENERO,HN,50,17
2019,3,ENERO,HN,100,29
2019,3,ENERO,HN,200,61
2019,3,ENERO,NI,10,3
2019,3,ENERO,NI,30,13
2019,3,ENERO,NI,50,18
2019,3,ENERO,NI,100,31
2019,3,ENERO,NI,200,65
2019,3,ENERO,DO,10,1
2019,3,ENERO,DO,30,4
2019,3,ENERO,DO,50,9
2019,3,ENERO,DO,100,23
2019,3,ENERO,DO,200,43
2019,3,ENERO,MX,10,3
2019,3,ENERO,MX,30,11
2019,3,ENERO,MX,50,19
2019,3,ENERO,MX,100,34
2019,3,ENERO,MX,200,70
2019,3,ENERO,SP,10,4
2019,3,ENERO,SP,30,9
2019,3,ENERO,SP,50,21
2019,3,ENERO,SP,100,41
2019,3,ENERO,SP,200,75
2019,3,ENERO,CL,10,3
2019,3,ENERO,CL,30,9
2019,3,ENERO,CL,50,11
2019,3,ENERO,CL,100,24
2019,3,ENERO,CL,200,47
2019,3,ENERO,AR,10,3
2019,3,ENERO,AR,30,8
2019,3,ENERO,AR,50,12
2019,3,ENERO,AR,100,23
2019,3,ENERO,AR,200,45
2019,3,ENERO,BR,10,3
2019,3,ENERO,BR,30,5
2019,3,ENERO,BR,50,11
2019,3,ENERO,BR,100,21
2019,3,ENERO,BR,200,42
2019,3,ENERO,PT,10,3
2019,3,ENERO,PT,30,11
2019,3,ENERO,PT,50,21
2019,3,ENERO,PT,100,32
2019,3,ENERO,PT,200,66
2019,4,ENERO,CO,10,3
2019,4,ENERO,CO,30,12
2019,4,ENERO,CO,50,18
2019,4,ENERO,CO,100,37
2019,4,ENERO,CO,200,68
2019,4,ENERO,PE,10,2
2019,4,ENERO,PE,30,12
2019,4,ENERO,PE,50,17
2019,4,ENERO,PE,100,27
2019,4,ENERO,PE,200,59
2019,4,ENERO,EC,10,4
2019,4,ENERO,EC,30,13
2019,4,ENERO,EC,50,13
2019,4,ENERO,EC,100,36
2019,4,ENERO,EC,200,68
2019,4,ENERO,PN,10,2
2019,4,ENERO,PN,30,10
2019,4,ENERO,PN,50,15
2019,4,ENERO,PN,100,27
2019,4,ENERO,PN,200,53
2019,4,ENERO,CR,10,3
2019,4,ENERO,CR,30,12
2019,4,ENERO,CR,50,20
2019,4,ENERO,CR,100,36
2019,4,ENERO,CR,200,80
2019,4,ENERO,GT,10,3
2019,4,ENERO,GT,30,12
2019,4,ENERO,GT,50,20
2019,4,ENERO,GT,100,36
2019,4,ENERO,GT,200,67
2019,4,ENERO,SV,10,3
2019,4,ENERO,SV,30,14
2019,4,ENERO,SV,50,21
2019,4,ENERO,SV,100,33
2019,4,ENERO,SV,200,63
2019,4,ENERO,HN,10,2
2019,4,ENERO,HN,30,13
2019,4,ENERO,HN,50,19
2019,4,ENERO,HN,100,33
2019,4,ENERO,HN,200,63
2019,4,ENERO,NI,10,5
2019,4,ENERO,NI,30,12
2019,4,ENERO,NI,50,19
2019,4,ENERO,NI,100,33
2019,4,ENERO,NI,200,70
2019,4,ENERO,DO,10,2
2019,4,ENERO,DO,30,5
2019,4,ENERO,DO,50,10
2019,4,ENERO,DO,100,24
2019,4,ENERO,DO,200,44
2019,4,ENERO,MX,10,3
2019,4,ENERO,MX,30,15
2019,4,ENERO,MX,50,21
2019,4,ENERO,MX,100,37
2019,4,ENERO,MX,200,71
2019,4,ENERO,SP,10,4
2019,4,ENERO,SP,30,12
2019,4,ENERO,SP,50,23
2019,4,ENERO,SP,100,48
2019,4,ENERO,SP,200,84
2019,4,ENERO,CL,10,3
2019,4,ENERO,CL,30,9
2019,4,ENERO,CL,50,13
2019,4,ENERO,CL,100,24
2019,4,ENERO,CL,200,50
2019,4,ENERO,AR,10,4
2019,4,ENERO,AR,30,10
2019,4,ENERO,AR,50,14
2019,4,ENERO,AR,100,26
2019,4,ENERO,AR,200,52
2019,4,ENERO,BR,10,5
2019,4,ENERO,BR,30,6
2019,4,ENERO,BR,50,11
2019,4,ENERO,BR,100,23
2019,4,ENERO,BR,200,45
2019,4,ENERO,PT,10,4
2019,4,ENERO,PT,30,12
2019,4,ENERO,PT,50,22
2019,4,ENERO,PT,100,36
2019,4,ENERO,PT,200,68
2019,5,ENERO,CO,10,2
2019,5,ENERO,CO,30,12
2019,5,ENERO,CO,50,17
2019,5,ENERO,CO,100,36
2019,5,ENERO,CO,200,69
2019,5,ENERO,PE,10,3
2019,5,ENERO,PE,30,12
2019,5,ENERO,PE,50,18
2019,5,ENERO,PE,100,28
2019,5,ENERO,PE,200,62
2019,5,ENERO,EC,10,4
2019,5,ENERO,EC,30,13
2019,5,ENERO,EC,50,13
2019,5,ENERO,EC,100,38
2019,5,ENERO,EC,200,67
2019,5,ENERO,PN,10,2
2019,5,ENERO,PN,30,9
2019,5,ENERO,PN,50,16
2019,5,ENERO,PN,100,29
2019,5,ENERO,PN,200,54
2019,5,ENERO,CR,10,3
2019,5,ENERO,CR,30,12
2019,5,ENERO,CR,50,21
2019,5,ENERO,CR,100,39
2019,5,ENERO,CR,200,78
2019,5,ENERO,GT,10,3
2019,5,ENERO,GT,30,13
2019,5,ENERO,GT,50,21
2019,5,ENERO,GT,100,38
2019,5,ENERO,GT,200,67
2019,5,ENERO,SV,10,2
2019,5,ENERO,SV,30,14
2019,5,ENERO,SV,50,21
2019,5,ENERO,SV,100,35
2019,5,ENERO,SV,200,64
2019,5,ENERO,HN,10,2
2019,5,ENERO,HN,30,13
2019,5,ENERO,HN,50,20
2019,5,ENERO,HN,100,36
2019,5,ENERO,HN,200,61
2019,5,ENERO,NI,10,4
2019,5,ENERO,NI,30,13
2019,5,ENERO,NI,50,19
2019,5,ENERO,NI,100,36
2019,5,ENERO,NI,200,68
2019,5,ENERO,DO,10,1
2019,5,ENERO,DO,30,5
2019,5,ENERO,DO,50,10
2019,5,ENERO,DO,100,26
2019,5,ENERO,DO,200,45
2019,5,ENERO,MX,10,3
2019,5,ENERO,MX,30,14
2019,5,ENERO,MX,50,22
2019,5,ENERO,MX,100,38
2019,5,ENERO,MX,200,72
2019,5,ENERO,SP,10,4
2019,5,ENERO,SP,30,11
2019,5,ENERO,SP,50,21
2019,5,ENERO,SP,100,48
2019,5,ENERO,SP,200,83
2019,5,ENERO,CL,10,2
2019,5,ENERO,CL,30,10
2019,5,ENERO,CL,50,13
2019,5,ENERO,CL,100,27
2019,5,ENERO,CL,200,54
2019,5,ENERO,AR,10,4
2019,5,ENERO,AR,30,11
2019,5,ENERO,AR,50,17
2019,5,ENERO,AR,100,27
2019,5,ENERO,AR,200,53
2019,5,ENERO,BR,10,4
2019,5,ENERO,BR,30,6
2019,5,ENERO,BR,50,12
2019,5,ENERO,BR,100,23
2019,5,ENERO,BR,200,45
2019,5,ENERO,PT,10,5
2019,5,ENERO,PT,30,12
2019,5,ENERO,PT,50,21
2019,5,ENERO,PT,100,32
2019,5,ENERO,PT,200,72
2019,6,FEBRERO,CO,10,2
2019,6,FEBRERO,CO,30,11
2019,6,FEBRERO,CO,50,17
2019,6,FEBRERO,CO,100,38
2019,6,FEBRERO,CO,200,69
2019,6,FEBRERO,PE,10,3
2019,6,FEBRERO,PE,30,11
2019,6,FEBRERO,PE,50,18
2019,6,FEBRERO,PE,100,30
2019,6,FEBRERO,PE,200,62
2019,6,FEBRERO,EC,10,3
2019,6,FEBRERO,EC,30,13
2019,6,FEBRERO,EC,50,14
2019,6,FEBRERO,EC,100,39
2019,6,FEBRERO,EC,200,67
2019,6,FEBRERO,PN,10,2
2019,6,FEBRERO,PN,30,10
2019,6,FEBRERO,PN,50,19
2019,6,FEBRERO,PN,100,32
2019,6,FEBRERO,PN,200,56
2019,6,FEBRERO,CR,10,2
2019,6,FEBRERO,CR,30,13
2019,6,FEBRERO,CR,50,22
2019,6,FEBRERO,CR,100,42
2019,6,FEBRERO,CR,200,76
2019,6,FEBRERO,GT,10,2
2019,6,FEBRERO,GT,30,13
2019,6,FEBRERO,GT,50,21
2019,6,FEBRERO,GT,100,39
2019,6,FEBRERO,GT,200,68
2019,6,FEBRERO,SV,10,2
2019,6,FEBRERO,SV,30,14
2019,6,FEBRERO,SV,50,21
2019,6,FEBRERO,SV,100,36
2019,6,FEBRERO,SV,200,71
2019,6,FEBRERO,HN,10,2
2019,6,FEBRERO,HN,30,13
2019,6,FEBRERO,HN,50,21
2019,6,FEBRERO,HN,100,35
2019,6,FEBRERO,HN,200,63
2019,6,FEBRERO,NI,10,4
2019,6,FEBRERO,NI,30,13
2019,6,FEBRERO,NI,50,21
2019,6,FEBRERO,NI,100,37
2019,6,FEBRERO,NI,200,70
2019,6,FEBRERO,DO,10,1
2019,6,FEBRERO,DO,30,7
2019,6,FEBRERO,DO,50,10
2019,6,FEBRERO,DO,100,27
2019,6,FEBRERO,DO,200,46
2019,6,FEBRERO,MX,10,3
2019,6,FEBRERO,MX,30,14
2019,6,FEBRERO,MX,50,23
2019,6,FEBRERO,MX,100,38
2019,6,FEBRERO,MX,200,71
2019,6,FEBRERO,SP,10,3
2019,6,FEBRERO,SP,30,12
2019,6,FEBRERO,SP,50,21
2019,6,FEBRERO,SP,100,45
2019,6,FEBRERO,SP,200,79
2019,6,FEBRERO,CL,10,3
2019,6,FEBRERO,CL,30,9
2019,6,FEBRERO,CL,50,15
2019,6,FEBRERO,CL,100,31
2019,6,FEBRERO,CL,200,57
2019,6,FEBRERO,AR,10,4
2019,6,FEBRERO,AR,30,12
2019,6,FEBRERO,AR,50,18
2019,6,FEBRERO,AR,100,30
2019,6,FEBRERO,AR,200,58
2019,6,FEBRERO,BR,10,4
2019,6,FEBRERO,BR,30,6
2019,6,FEBRERO,BR,50,11
2019,6,FEBRERO,BR,100,23
2019,6,FEBRERO,BR,200,44
2019,6,FEBRERO,PT,10,6
2019,6,FEBRERO,PT,30,11
2019,6,FEBRERO,PT,50,17
2019,6,FEBRERO,PT,100,35
2019,6,FEBRERO,PT,200,71
2019,7,FEBRERO,CO,10,3
2019,7,FEBRERO,CO,30,11
2019,7,FEBRERO,CO,50,19
2019,7,FEBRERO,CO,100,39
2019,7,FEBRERO,CO,200,73
2019,7,FEBRERO,PE,10,3
2019,7,FEBRERO,PE,30,11
2019,7,FEBRERO,PE,50,18
2019,7,FEBRERO,PE,100,30
2019,7,FEBRERO,PE,200,66
2019,7,FEBRERO,EC,10,3
2019,7,FEBRERO,EC,30,13
2019,7,FEBRERO,EC,50,14
2019,7,FEBRERO,EC,100,37
2019,7,FEBRERO,EC,200,70
2019,7,FEBRERO,PN,10,3
2019,7,FEBRERO,PN,30,9
2019,7,FEBRERO,PN,50,19
2019,7,FEBRERO,PN,100,37
2019,7,FEBRERO,PN,200,63
2019,7,FEBRERO,CR,10,3
2019,7,FEBRERO,CR,30,13
2019,7,FEBRERO,CR,50,26
2019,7,FEBRERO,CR,100,44
2019,7,FEBRERO,CR,200,82
2019,7,FEBRERO,GT,10,2
2019,7,FEBRERO,GT,30,13
2019,7,FEBRERO,GT,50,21
2019,7,FEBRERO,GT,100,40
2019,7,FEBRERO,GT,200,71
2019,7,FEBRERO,SV,10,3
2019,7,FEBRERO,SV,30,14
2019,7,FEBRERO,SV,50,21
2019,7,FEBRERO,SV,100,42
2019,7,FEBRERO,SV,200,75
2019,7,FEBRERO,HN,10,2
2019,7,FEBRERO,HN,30,13
2019,7,FEBRERO,HN,50,22
2019,7,FEBRERO,HN,100,41
2019,7,FEBRERO,HN,200,68
2019,7,FEBRERO,NI,10,5
2019,7,FEBRERO,NI,30,13
2019,7,FEBRERO,NI,50,21
2019,7,FEBRERO,NI,100,41
2019,7,FEBRERO,NI,200,76
2019,7,FEBRERO,DO,10,2
2019,7,FEBRERO,DO,30,8
2019,7,FEBRERO,DO,50,11
2019,7,FEBRERO,DO,100,31
2019,7,FEBRERO,DO,200,53
2019,7,FEBRERO,MX,10,4
2019,7,FEBRERO,MX,30,16
2019,7,FEBRERO,MX,50,25
2019,7,FEBRERO,MX,100,44
2019,7,FEBRERO,MX,200,77
2019,7,FEBRERO,SP,10,4
2019,7,FEBRERO,SP,30,13
2019,7,FEBRERO,SP,50,21
2019,7,FEBRERO,SP,100,50
2019,7,FEBRERO,SP,200,84
2019,7,FEBRERO,CL,10,3
2019,7,FEBRERO,CL,30,11
2019,7,FEBRERO,CL,50,15
2019,7,FEBRERO,CL,100,31
2019,7,FEBRERO,CL,200,61
2019,7,FEBRERO,AR,10,4
2019,7,FEBRERO,AR,30,12
2019,7,FEBRERO,AR,50,18
2019,7,FEBRERO,AR,100,35
2019,7,FEBRERO,AR,200,65
2019,7,FEBRERO,BR,10,3
2019,7,FEBRERO,BR,30,8
2019,7,FEBRERO,BR,50,14
2019,7,FEBRERO,BR,100,30
2019,7,FEBRERO,BR,200,52
2019,7,FEBRERO,PT,10,7
2019,7,FEBRERO,PT,30,14
2019,7,FEBRERO,PT,50,22
2019,7,FEBRERO,PT,100,41
2019,7,FEBRERO,PT,200,82
2019,8,FEBRERO,CO,10,3
2019,8,FEBRERO,CO,30,11
2019,8,FEBRERO,CO,50,18
2019,8,FEBRERO,CO,100,36
2019,8,FEBRERO,CO,200,66
2019,8,FEBRERO,PE,10,3
2019,8,FEBRERO,PE,30,11
2019,8,FEBRERO,PE,50,17
2019,8,FEBRERO,PE,100,29
2019,8,FEBRERO,PE,200,59
2019,8,FEBRERO,EC,10,3
2019,8,FEBRERO,EC,30,13
2019,8,FEBRERO,EC,50,14
2019,8,FEBRERO,EC,100,36
2019,8,FEBRERO,EC,200,64
2019,8,FEBRERO,PN,10,3
2019,8,FEBRERO,PN,30,10
2019,8,FEBRERO,PN,50,16
2019,8,FEBRERO,PN,100,31
2019,8,FEBRERO,PN,200,55
2019,8,FEBRERO,CR,10,3
2019,8,FEBRERO,CR,30,13
2019,8,FEBRERO,CR,50,22
2019,8,FEBRERO,CR,100,40
2019,8,FEBRERO,CR,200,77
2019,8,FEBRERO,GT,10,2
2019,8,FEBRERO,GT,30,11
2019,8,FEBRERO,GT,50,19
2019,8,FEBRERO,GT,100,37
2019,8,FEBRERO,GT,200,67
2019,8,FEBRERO,SV,10,2
2019,8,FEBRERO,SV,30,13
2019,8,FEBRERO,SV,50,22
2019,8,FEBRERO,SV,100,38
2019,8,FEBRERO,SV,200,71
2019,8,FEBRERO,HN,10,2
2019,8,FEBRERO,HN,30,11
2019,8,FEBRERO,HN,50,22
2019,8,FEBRERO,HN,100,37
2019,8,FEBRERO,HN,200,62
2019,8,FEBRERO,NI,10,4
2019,8,FEBRERO,NI,30,12
2019,8,FEBRERO,NI,50,21
2019,8,FEBRERO,NI,100,35
2019,8,FEBRERO,NI,200,70
2019,8,FEBRERO,DO,10,2
2019,8,FEBRERO,DO,30,8
2019,8,FEBRERO,DO,50,10
2019,8,FEBRERO,DO,100,24
2019,8,FEBRERO,DO,200,45
2019,8,FEBRERO,MX,10,3
2019,8,FEBRERO,MX,30,15
2019,8,FEBRERO,MX,50,23
2019,8,FEBRERO,MX,100,41
2019,8,FEBRERO,MX,200,67
2019,8,FEBRERO,SP,10,3
2019,8,FEBRERO,SP,30,11
2019,8,FEBRERO,SP,50,19
2019,8,FEBRERO,SP,100,44
2019,8,FEBRERO,SP,200,76
2019,8,FEBRERO,CL,10,3
2019,8,FEBRERO,CL,30,10
2019,8,FEBRERO,CL,50,14
2019,8,FEBRERO,CL,100,29
2019,8,FEBRERO,CL,200,55
2019,8,FEBRERO,AR,10,5
2019,8,FEBRERO,AR,30,11
2019,8,FEBRERO,AR,50,16
2019,8,FEBRERO,AR,100,30
2019,8,FEBRERO,AR,200,62
2019,8,FEBRERO,BR,10,3
2019,8,FEBRERO,BR,30,7
2019,8,FEBRERO,BR,50,13
2019,8,FEBRERO,BR,100,26
2019,8,FEBRERO,BR,200,52
2019,8,FEBRERO,PT,10,7
2019,8,FEBRERO,PT,30,11
2019,8,FEBRERO,PT,50,18
2019,8,FEBRERO,PT,100,39
2019,8,FEBRERO,PT,200,79
2019,9,FEBRERO,CO,10,3
2019,9,FEBRERO,CO,30,11
2019,9,FEBRERO,CO,50,19
2019,9,FEBRERO,CO,100,36
2019,9,FEBRERO,CO,200,68
2019,9,FEBRERO,PE,10,4
2019,9,FEBRERO,PE,30,11
2019,9,FEBRERO,PE,50,16
2019,9,FEBRERO,PE,100,30
2019,9,FEBRERO,PE,200,63
2019,9,FEBRERO,EC,10,3
2019,9,FEBRERO,EC,30,11
2019,9,FEBRERO,EC,50,14
2019,9,FEBRERO,EC,100,36
2019,9,FEBRERO,EC,200,65
2019,9,FEBRERO,PN,10,4
2019,9,FEBRERO,PN,30,9
2019,9,FEBRERO,PN,50,15
2019,9,FEBRERO,PN,100,31
2019,9,FEBRERO,PN,200,54
2019,9,FEBRERO,CR,10,3
2019,9,FEBRERO,CR,30,12
2019,9,FEBRERO,CR,50,22
2019,9,FEBRERO,CR,100,40
2019,9,FEBRERO,CR,200,77
2019,9,FEBRERO,GT,10,2
2019,9,FEBRERO,GT,30,9
2019,9,FEBRERO,GT,50,19
2019,9,FEBRERO,GT,100,35
2019,9,FEBRERO,GT,200,68
2019,9,FEBRERO,SV,10,2
2019,9,FEBRERO,SV,30,14
2019,9,FEBRERO,SV,50,22
2019,9,FEBRERO,SV,100,40
2019,9,FEBRERO,SV,200,73
2019,9,FEBRERO,HN,10,2
2019,9,FEBRERO,HN,30,12
2019,9,FEBRERO,HN,50,20
2019,9,FEBRERO,HN,100,37
2019,9,FEBRERO,HN,200,65
2019,9,FEBRERO,NI,10,3
2019,9,FEBRERO,NI,30,12
2019,9,FEBRERO,NI,50,21
2019,9,FEBRERO,NI,100,34
2019,9,FEBRERO,NI,200,69
2019,9,FEBRERO,DO,10,2
2019,9,FEBRERO,DO,30,7
2019,9,FEBRERO,DO,50,9
2019,9,FEBRERO,DO,100,24
2019,9,FEBRERO,DO,200,42
2019,9,FEBRERO,MX,10,4
2019,9,FEBRERO,MX,30,15
2019,9,FEBRERO,MX,50,23
2019,9,FEBRERO,MX,100,39
2019,9,FEBRERO,MX,200,66
2019,9,FEBRERO,SP,10,3
2019,9,FEBRERO,SP,30,11
2019,9,FEBRERO,SP,50,18
2019,9,FEBRERO,SP,100,42
2019,9,FEBRERO,SP,200,75
2019,9,FEBRERO,CL,10,3
2019,9,FEBRERO,CL,30,10
2019,9,FEBRERO,CL,50,14
2019,9,FEBRERO,CL,100,31
2019,9,FEBRERO,CL,200,58
2019,9,FEBRERO,AR,10,5
2019,9,FEBRERO,AR,30,12
2019,9,FEBRERO,AR,50,17
2019,9,FEBRERO,AR,100,31
2019,9,FEBRERO,AR,200,60
2019,9,FEBRERO,BR,10,4
2019,9,FEBRERO,BR,30,8
2019,9,FEBRERO,BR,50,14
2019,9,FEBRERO,BR,100,25
2019,9,FEBRERO,BR,200,49
2019,9,FEBRERO,PT,10,5
2019,9,FEBRERO,PT,30,11
2019,9,FEBRERO,PT,50,16
2019,9,FEBRERO,PT,100,36
2019,9,FEBRERO,PT,200,76
2019,10,MARZO,CO,10,3
2019,10,MARZO,CO,30,11
2019,10,MARZO,CO,50,19
2019,10,MARZO,CO,100,37
2019,10,MARZO,CO,200,70
2019,10,MARZO,PE,10,4
2019,10,MARZO,PE,30,11
2019,10,MARZO,PE,50,17
2019,10,MARZO,PE,100,31
2019,10,MARZO,PE,200,64
2019,10,MARZO,EC,10,3
2019,10,MARZO,EC,30,13
2019,10,MARZO,EC,50,16
2019,10,MARZO,EC,100,37
2019,10,MARZO,EC,200,64
2019,10,MARZO,PN,10,3
2019,10,MARZO,PN,30,8
2019,10,MARZO,PN,50,15
2019,10,MARZO,PN,100,30
2019,10,MARZO,PN,200,52
2019,10,MARZO,CR,10,4
2019,10,MARZO,CR,30,13
2019,10,MARZO,CR,50,23
2019,10,MARZO,CR,100,39
2019,10,MARZO,CR,200,74
2019,10,MARZO,GT,10,2
2019,10,MARZO,GT,30,9
2019,10,MARZO,GT,50,19
2019,10,MARZO,GT,100,35
2019,10,MARZO,GT,200,67
2019,10,MARZO,SV,10,3
2019,10,MARZO,SV,30,13
2019,10,MARZO,SV,50,20
2019,10,MARZO,SV,100,39
2019,10,MARZO,SV,200,67
2019,10,MARZO,HN,10,2
2019,10,MARZO,HN,30,12
2019,10,MARZO,HN,50,21
2019,10,MARZO,HN,100,37
2019,10,MARZO,HN,200,62
2019,10,MARZO,NI,10,3
2019,10,MARZO,NI,30,13
2019,10,MARZO,NI,50,21
2019,10,MARZO,NI,100,36
2019,10,MARZO,NI,200,69
2019,10,MARZO,DO,10,2
2019,10,MARZO,DO,30,7
2019,10,MARZO,DO,50,11
2019,10,MARZO,DO,100,26
2019,10,MARZO,DO,200,42
2019,10,MARZO,MX,10,4
2019,10,MARZO,MX,30,15
2019,10,MARZO,MX,50,22
2019,10,MARZO,MX,100,40
2019,10,MARZO,MX,200,65
2019,10,MARZO,SP,10,3
2019,10,MARZO,SP,30,10
2019,10,MARZO,SP,50,16
2019,10,MARZO,SP,100,41
2019,10,MARZO,SP,200,74
2019,10,MARZO,CL,10,3
2019,10,MARZO,CL,30,7
2019,10,MARZO,CL,50,14
2019,10,MARZO,CL,100,32
2019,10,MARZO,CL,200,59
2019,10,MARZO,AR,10,4
2019,10,MARZO,AR,30,12
2019,10,MARZO,AR,50,15
2019,10,MARZO,AR,100,31
2019,10,MARZO,AR,200,59
2019,10,MARZO,BR,10,4
2019,10,MARZO,BR,30,7
2019,10,MARZO,BR,50,10
2019,10,MARZO,BR,100,23
2019,10,MARZO,BR,200,48
2019,10,MARZO,PT,10,5
2019,10,MARZO,PT,30,12
2019,10,MARZO,PT,50,18
2019,10,MARZO,PT,100,38
2019,10,MARZO,PT,200,77
2019,11,MARZO,CO,10,2
2019,11,MARZO,CO,30,10
2019,11,MARZO,CO,50,18
2019,11,MARZO,CO,100,36
2019,11,MARZO,CO,200,73
2019,11,MARZO,PE,10,3
2019,11,MARZO,PE,30,11
2019,11,MARZO,PE,50,17
2019,11,MARZO,PE,100,30
2019,11,MARZO,PE,200,64
2019,11,MARZO,EC,10,3
2019,11,MARZO,EC,30,13
2019,11,MARZO,EC,50,15
2019,11,MARZO,EC,100,36
2019,11,MARZO,EC,200,67
2019,11,MARZO,PN,10,3
2019,11,MARZO,PN,30,8
2019,11,MARZO,PN,50,14
2019,11,MARZO,PN,100,30
2019,11,MARZO,PN,200,52
2019,11,MARZO,CR,10,3
2019,11,MARZO,CR,30,13
2019,11,MARZO,CR,50,23
2019,11,MARZO,CR,100,38
2019,11,MARZO,CR,200,73
2019,11,MARZO,GT,10,2
2019,11,MARZO,GT,30,9
2019,11,MARZO,GT,50,20
2019,11,MARZO,GT,100,35
2019,11,MARZO,GT,200,66
2019,11,MARZO,SV,10,2
2019,11,MARZO,SV,30,12
2019,11,MARZO,SV,50,19
2019,11,MARZO,SV,100,38
2019,11,MARZO,SV,200,71
2019,11,MARZO,HN,10,2
2019,11,MARZO,HN,30,10
2019,11,MARZO,HN,50,19
2019,11,MARZO,HN,100,34
2019,11,MARZO,HN,200,65
2019,11,MARZO,NI,10,3
2019,11,MARZO,NI,30,10
2019,11,MARZO,NI,50,21
2019,11,MARZO,NI,100,36
2019,11,MARZO,NI,200,72
2019,11,MARZO,DO,10,2
2019,11,MARZO,DO,30,6
2019,11,MARZO,DO,50,9
2019,11,MARZO,DO,100,26
2019,11,MARZO,DO,200,44
2019,11,MARZO,MX,10,3
2019,11,MARZO,MX,30,14
2019,11,MARZO,MX,50,21
2019,11,MARZO,MX,100,39
2019,11,MARZO,MX,200,68
2019,11,MARZO,SP,10,3
2019,11,MARZO,SP,30,8
2019,11,MARZO,SP,50,14
2019,11,MARZO,SP,100,42
2019,11,MARZO,SP,200,73
2019,11,MARZO,CL,10,3
2019,11,MARZO,CL,30,5
2019,11,MARZO,CL,50,13
2019,11,MARZO,CL,100,29
2019,11,MARZO,CL,200,60
2019,11,MARZO,AR,10,4
2019,11,MARZO,AR,30,12
2019,11,MARZO,AR,50,17
2019,11,MARZO,AR,100,32
2019,11,MARZO,AR,200,60
2019,11,MARZO,BR,10,4
2019,11,MARZO,BR,30,8
2019,11,MARZO,BR,50,14
2019,11,MARZO,BR,100,26
2019,11,MARZO,BR,200,51
2019,11,MARZO,PT,10,4
2019,11,MARZO,PT,30,11
2019,11,MARZO,PT,50,18
2019,11,MARZO,PT,100,36
2019,11,MARZO,PT,200,78
2019,12,MARZO,CO,10,2
2019,12,MARZO,CO,30,11
2019,12,MARZO,CO,50,20
2019,12,MARZO,CO,100,34
2019,12,MARZO,CO,200,71
2019,12,MARZO,PE,10,3
2019,12,MARZO,PE,30,11
2019,12,MARZO,PE,50,16
2019,12,MARZO,PE,100,28
2019,12,MARZO,PE,200,62
2019,12,MARZO,EC,10,3
2019,12,MARZO,EC,30,12
2019,12,MARZO,EC,50,15
2019,12,MARZO,EC,100,36
2019,12,MARZO,EC,200,68
2019,12,MARZO,PN,10,3
2019,12,MARZO,PN,30,6
2019,12,MARZO,PN,50,14
2019,12,MARZO,PN,100,29
2019,12,MARZO,PN,200,51
2019,12,MARZO,CR,10,3
2019,12,MARZO,CR,30,12
2019,12,MARZO,CR,50,22
2019,12,MARZO,CR,100,37
2019,12,MARZO,CR,200,74
2019,12,MARZO,GT,10,2
2019,12,MARZO,GT,30,9
2019,12,MARZO,GT,50,19
2019,12,MARZO,GT,100,35
2019,12,MARZO,GT,200,65
2019,12,MARZO,SV,10,2
2019,12,MARZO,SV,30,12
2019,12,MARZO,SV,50,18
2019,12,MARZO,SV,100,36
2019,12,MARZO,SV,200,70
2019,12,MARZO,HN,10,2
2019,12,MARZO,HN,30,9
2019,12,MARZO,HN,50,19
2019,12,MARZO,HN,100,34
2019,12,MARZO,HN,200,66
2019,12,MARZO,NI,10,3
2019,12,MARZO,NI,30,10
2019,12,MARZO,NI,50,19
2019,12,MARZO,NI,100,36
2019,12,MARZO,NI,200,71
2019,12,MARZO,DO,10,2
2019,12,MARZO,DO,30,5
2019,12,MARZO,DO,50,9
2019,12,MARZO,DO,100,24
2019,12,MARZO,DO,200,44
2019,12,MARZO,MX,10,3
2019,12,MARZO,MX,30,14
2019,12,MARZO,MX,50,21
2019,12,MARZO,MX,100,38
2019,12,MARZO,MX,200,67
2019,12,MARZO,SP,10,3
2019,12,MARZO,SP,30,8
2019,12,MARZO,SP,50,14
2019,12,MARZO,SP,100,39
2019,12,MARZO,SP,200,74
2019,12,MARZO,CL,10,2
2019,12,MARZO,CL,30,5
2019,12,MARZO,CL,50,13
2019,12,MARZO,CL,100,30
2019,12,MARZO,CL,200,60
2019,12,MARZO,AR,10,4
2019,12,MARZO,AR,30,11
2019,12,MARZO,AR,50,15
2019,12,MARZO,AR,100,31
2019,12,MARZO,AR,200,60
2019,12,MARZO,BR,10,4
2019,12,MARZO,BR,30,8
2019,12,MARZO,BR,50,13
2019,12,MARZO,BR,100,26
2019,12,MARZO,BR,200,49
2019,12,MARZO,PT,10,4
2019,12,MARZO,PT,30,10
2019,12,MARZO,PT,50,17
2019,12,MARZO,PT,100,31
2019,12,MARZO,PT,200,73
2019,13,MARZO,CO,10,3
2019,13,MARZO,CO,30,12
2019,13,MARZO,CO,50,22
2019,13,MARZO,CO,100,36
2019,13,MARZO,CO,200,72
2019,13,MARZO,PE,10,3
2019,13,MARZO,PE,30,11
2019,13,MARZO,PE,50,18
2019,13,MARZO,PE,100,27
2019,13,MARZO,PE,200,63
2019,13,MARZO,EC,10,3
2019,13,MARZO,EC,30,10
2019,13,MARZO,EC,50,12
2019,13,MARZO,EC,100,38
2019,13,MARZO,EC,200,68
2019,13,MARZO,PN,10,3
2019,13,MARZO,PN,30,7
2019,13,MARZO,PN,50,14
2019,13,MARZO,PN,100,30
2019,13,MARZO,PN,200,54
2019,13,MARZO,CR,10,3
2019,13,MARZO,CR,30,11
2019,13,MARZO,CR,50,22
2019,13,MARZO,CR,100,39
2019,13,MARZO,CR,200,75
2019,13,MARZO,GT,10,2
2019,13,MARZO,GT,30,9
2019,13,MARZO,GT,50,19
2019,13,MARZO,GT,100,32
2019,13,MARZO,GT,200,65
2019,13,MARZO,SV,10,3
2019,13,MARZO,SV,30,12
2019,13,MARZO,SV,50,20
2019,13,MARZO,SV,100,38
2019,13,MARZO,SV,200,69
2019,13,MARZO,HN,10,2
2019,13,MARZO,HN,30,8
2019,13,MARZO,HN,50,18
2019,13,MARZO,HN,100,34
2019,13,MARZO,HN,200,64
2019,13,MARZO,NI,10,3
2019,13,MARZO,NI,30,9
2019,13,MARZO,NI,50,20
2019,13,MARZO,NI,100,36
2019,13,MARZO,NI,200,70
2019,13,MARZO,DO,10,2
2019,13,MARZO,DO,30,5
2019,13,MARZO,DO,50,8
2019,13,MARZO,DO,100,22
2019,13,MARZO,DO,200,44
2019,13,MARZO,MX,10,3
2019,13,MARZO,MX,30,13
2019,13,MARZO,MX,50,20
2019,13,MARZO,MX,100,39
2019,13,MARZO,MX,200,66
2019,13,MARZO,SP,10,3
2019,13,MARZO,SP,30,9
2019,13,MARZO,SP,50,15
2019,13,MARZO,SP,100,37
2019,13,MARZO,SP,200,70
2019,13,MARZO,CL,10,2
2019,13,MARZO,CL,30,5
2019,13,MARZO,CL,50,12
2019,13,MARZO,CL,100,27
2019,13,MARZO,CL,200,60
2019,13,MARZO,AR,10,3
2019,13,MARZO,AR,30,12
2019,13,MARZO,AR,50,15
2019,13,MARZO,AR,100,33
2019,13,MARZO,AR,200,58
2019,13,MARZO,BR,10,5
2019,13,MARZO,BR,30,10
2019,13,MARZO,BR,50,13
2019,13,MARZO,BR,100,31
2019,13,MARZO,BR,200,58
2019,13,MARZO,PT,10,3
2019,13,MARZO,PT,30,9
2019,13,MARZO,PT,50,17
2019,13,MARZO,PT,100,34
2019,13,MARZO,PT,200,71
2019,14,ABRIL,CO,10,3
2019,14,ABRIL,CO,30,9
2019,14,ABRIL,CO,50,21
2019,14,ABRIL,CO,100,36
2019,14,ABRIL,CO,200,76
2019,14,ABRIL,PE,10,3
2019,14,ABRIL,PE,30,9
2019,14,ABRIL,PE,50,17
2019,14,ABRIL,PE,100,29
2019,14,ABRIL,PE,200,64
2019,14,ABRIL,EC,10,3
2019,14,ABRIL,EC,30,9
2019,14,ABRIL,EC,50,10
2019,14,ABRIL,EC,100,38
2019,14,ABRIL,EC,200,72
2019,14,ABRIL,PN,10,3
2019,14,ABRIL,PN,30,7
2019,14,ABRIL,PN,50,10
2019,14,ABRIL,PN,100,30
2019,14,ABRIL,PN,200,60
2019,14,ABRIL,CR,10,4
2019,14,ABRIL,CR,30,11
2019,14,ABRIL,CR,50,21
2019,14,ABRIL,CR,100,44
2019,14,ABRIL,CR,200,79
2019,14,ABRIL,GT,10,2
2019,14,ABRIL,GT,30,7
2019,14,ABRIL,GT,50,18
2019,14,ABRIL,GT,100,37
2019,14,ABRIL,GT,200,69
2019,14,ABRIL,SV,10,3
2019,14,ABRIL,SV,30,10
2019,14,ABRIL,SV,50,19
2019,14,ABRIL,SV,100,42
2019,14,ABRIL,SV,200,71
2019,14,ABRIL,HN,10,2
2019,14,ABRIL,HN,30,8
2019,14,ABRIL,HN,50,18
2019,14,ABRIL,HN,100,36
2019,14,ABRIL,HN,200,73
2019,14,ABRIL,NI,10,3
2019,14,ABRIL,NI,30,9
2019,14,ABRIL,NI,50,18
2019,14,ABRIL,NI,100,38
2019,14,ABRIL,NI,200,74
2019,14,ABRIL,DO,10,2
2019,14,ABRIL,DO,30,4
2019,14,ABRIL,DO,50,9
2019,14,ABRIL,DO,100,25
2019,14,ABRIL,DO,200,54
2019,14,ABRIL,MX,10,3
2019,14,ABRIL,MX,30,11
2019,14,ABRIL,MX,50,20
2019,14,ABRIL,MX,100,41
2019,14,ABRIL,MX,200,73
2019,14,ABRIL,SP,10,1
2019,14,ABRIL,SP,30,8
2019,14,ABRIL,SP,50,15
2019,14,ABRIL,SP,100,41
2019,14,ABRIL,SP,200,80
2019,14,ABRIL,CL,10,2
2019,14,ABRIL,CL,30,4
2019,14,ABRIL,CL,50,10
2019,14,ABRIL,CL,100,26
2019,14,ABRIL,CL,200,60
2019,14,ABRIL,AR,10,3
2019,14,ABRIL,AR,30,9
2019,14,ABRIL,AR,50,15
2019,14,ABRIL,AR,100,34
2019,14,ABRIL,AR,200,63
2019,14,ABRIL,BR,10,4
2019,14,ABRIL,BR,30,9
2019,14,ABRIL,BR,50,14
2019,14,ABRIL,BR,100,27
2019,14,ABRIL,BR,200,61
2019,14,ABRIL,PT,10,3
2019,14,ABRIL,PT,30,11
2019,14,ABRIL,PT,50,20
2019,14,ABRIL,PT,100,43
2019,14,ABRIL,PT,200,75
2019,15,ABRIL,CO,10,3
2019,15,ABRIL,CO,30,9
2019,15,ABRIL,CO,50,20
2019,15,ABRIL,CO,100,34
2019,15,ABRIL,CO,200,71
2019,15,ABRIL,PE,10,3
2019,15,ABRIL,PE,30,8
2019,15,ABRIL,PE,50,17
2019,15,ABRIL,PE,100,30
2019,15,ABRIL,PE,200,65
2019,15,ABRIL,EC,10,3
2019,15,ABRIL,EC,30,8
2019,15,ABRIL,EC,50,9
2019,15,ABRIL,EC,100,35
2019,15,ABRIL,EC,200,70
2019,15,ABRIL,PN,10,3
2019,15,ABRIL,PN,30,7
2019,15,ABRIL,PN,50,8
2019,15,ABRIL,PN,100,28
2019,15,ABRIL,PN,200,60
2019,15,ABRIL,CR,10,3
2019,15,ABRIL,CR,30,9
2019,15,ABRIL,CR,50,20
2019,15,ABRIL,CR,100,44
2019,15,ABRIL,CR,200,75
2019,15,ABRIL,GT,10,2
2019,15,ABRIL,GT,30,6
2019,15,ABRIL,GT,50,17
2019,15,ABRIL,GT,100,34
2019,15,ABRIL,GT,200,70
2019,15,ABRIL,SV,10,2
2019,15,ABRIL,SV,30,10
2019,15,ABRIL,SV,50,18
2019,15,ABRIL,SV,100,40
2019,15,ABRIL,SV,200,72
2019,15,ABRIL,HN,10,2
2019,15,ABRIL,HN,30,6
2019,15,ABRIL,HN,50,16
2019,15,ABRIL,HN,100,37
2019,15,ABRIL,HN,200,69
2019,15,ABRIL,NI,10,2
2019,15,ABRIL,NI,30,10
2019,15,ABRIL,NI,50,16
2019,15,ABRIL,NI,100,38
2019,15,ABRIL,NI,200,72
2019,15,ABRIL,DO,10,2
2019,15,ABRIL,DO,30,3
2019,15,ABRIL,DO,50,6
2019,15,ABRIL,DO,100,19
2019,15,ABRIL,DO,200,46
2019,15,ABRIL,MX,10,3
2019,15,ABRIL,MX,30,10
2019,15,ABRIL,MX,50,20
2019,15,ABRIL,MX,100,40
2019,15,ABRIL,MX,200,69
2019,15,ABRIL,SP,10,2
2019,15,ABRIL,SP,30,8
2019,15,ABRIL,SP,50,15
2019,15,ABRIL,SP,100,40
2019,15,ABRIL,SP,200,80
2019,15,ABRIL,CL,10,2
2019,15,ABRIL,CL,30,4
2019,15,ABRIL,CL,50,9
2019,15,ABRIL,CL,100,27
2019,15,ABRIL,CL,200,60
2019,15,ABRIL,AR,10,3
2019,15,ABRIL,AR,30,9
2019,15,ABRIL,AR,50,15
2019,15,ABRIL,AR,100,35
2019,15,ABRIL,AR,200,61
2019,15,ABRIL,BR,10,3
2019,15,ABRIL,BR,30,8
2019,15,ABRIL,BR,50,13
2019,15,ABRIL,BR,100,23
2019,15,ABRIL,BR,200,55
2019,15,ABRIL,PT,10,3
2019,15,ABRIL,PT,30,9
2019,15,ABRIL,PT,50,17
2019,15,ABRIL,PT,100,36
2019,15,ABRIL,PT,200,68
2019,16,ABRIL,CO,10,3
2019,16,ABRIL,CO,30,8
2019,16,ABRIL,CO,50,18
2019,16,ABRIL,CO,100,33
2019,16,ABRIL,CO,200,70
2019,16,ABRIL,PE,10,3
2019,16,ABRIL,PE,30,8
2019,16,ABRIL,PE,50,15
2019,16,ABRIL,PE,100,32
2019,16,ABRIL,PE,200,63
2019,16,ABRIL,EC,10,4
2019,16,ABRIL,EC,30,8
2019,16,ABRIL,EC,50,9
2019,16,ABRIL,EC,100,36
2019,16,ABRIL,EC,200,72
2019,16,ABRIL,PN,10,3
2019,16,ABRIL,PN,30,5
2019,16,ABRIL,PN,50,9
2019,16,ABRIL,PN,100,27
2019,16,ABRIL,PN,200,60
2019,16,ABRIL,CR,10,3
2019,16,ABRIL,CR,30,9
2019,16,ABRIL,CR,50,19
2019,16,ABRIL,CR,100,40
2019,16,ABRIL,CR,200,75
2019,16,ABRIL,GT,10,2
2019,16,ABRIL,GT,30,8
2019,16,ABRIL,GT,50,16
2019,16,ABRIL,GT,100,34
2019,16,ABRIL,GT,200,67
2019,16,ABRIL,SV,10,3
2019,16,ABRIL,SV,30,9
2019,16,ABRIL,SV,50,19
2019,16,ABRIL,SV,100,37
2019,16,ABRIL,SV,200,72
2019,16,ABRIL,HN,10,2
2019,16,ABRIL,HN,30,6
2019,16,ABRIL,HN,50,16
2019,16,ABRIL,HN,100,33
2019,16,ABRIL,HN,200,66
2019,16,ABRIL,NI,10,2
2019,16,ABRIL,NI,30,7
2019,16,ABRIL,NI,50,13
2019,16,ABRIL,NI,100,34
2019,16,ABRIL,NI,200,69
2019,16,ABRIL,DO,10,2
2019,16,ABRIL,DO,30,5
2019,16,ABRIL,DO,50,9
2019,16,ABRIL,DO,100,18
2019,16,ABRIL,DO,200,43
2019,16,ABRIL,MX,10,2
2019,16,ABRIL,MX,30,9
2019,16,ABRIL,MX,50,18
2019,16,ABRIL,MX,100,40
2019,16,ABRIL,MX,200,72
2019,16,ABRIL,SP,10,2
2019,16,ABRIL,SP,30,8
2019,16,ABRIL,SP,50,15
2019,16,ABRIL,SP,100,37
2019,16,ABRIL,SP,200,77
2019,16,ABRIL,CL,10,2
2019,16,ABRIL,CL,30,4
2019,16,ABRIL,CL,50,8
2019,16,ABRIL,CL,100,24
2019,16,ABRIL,CL,200,57
2019,16,ABRIL,AR,10,3
2019,16,ABRIL,AR,30,9
2019,16,ABRIL,AR,50,14
2019,16,ABRIL,AR,100,32
2019,16,ABRIL,AR,200,59
2019,16,ABRIL,BR,10,3
2019,16,ABRIL,BR,30,8
2019,16,ABRIL,BR,50,15
2019,16,ABRIL,BR,100,24
2019,16,ABRIL,BR,200,55
2019,16,ABRIL,PT,10,2
2019,16,ABRIL,PT,30,8
2019,16,ABRIL,PT,50,15
2019,16,ABRIL,PT,100,34
2019,16,ABRIL,PT,200,69
2019,17,ABRIL,CO,10,2
2019,17,ABRIL,CO,30,7
2019,17,ABRIL,CO,50,16
2019,17,ABRIL,CO,100,34
2019,17,ABRIL,CO,200,70
2019,17,ABRIL,PE,10,3
2019,17,ABRIL,PE,30,9
2019,17,ABRIL,PE,50,15
2019,17,ABRIL,PE,100,30
2019,17,ABRIL,PE,200,62
2019,17,ABRIL,EC,10,3
2019,17,ABRIL,EC,30,8
2019,17,ABRIL,EC,50,9
2019,17,ABRIL,EC,100,37
2019,17,ABRIL,EC,200,69
2019,17,ABRIL,PN,10,0
2019,17,ABRIL,PN,30,4
2019,17,ABRIL,PN,50,9
2019,17,ABRIL,PN,100,24
2019,17,ABRIL,PN,200,60
2019,17,ABRIL,CR,10,2
2019,17,ABRIL,CR,30,5
2019,17,ABRIL,CR,50,14
2019,17,ABRIL,CR,100,40
2019,17,ABRIL,CR,200,74
2019,17,ABRIL,GT,10,2
2019,17,ABRIL,GT,30,7
2019,17,ABRIL,GT,50,15
2019,17,ABRIL,GT,100,35
2019,17,ABRIL,GT,200,70
2019,17,ABRIL,SV,10,2
2019,17,ABRIL,SV,30,9
2019,17,ABRIL,SV,50,18
2019,17,ABRIL,SV,100,39
2019,17,ABRIL,SV,200,69
2019,17,ABRIL,HN,10,2
2019,17,ABRIL,HN,30,7
2019,17,ABRIL,HN,50,15
2019,17,ABRIL,HN,100,35
2019,17,ABRIL,HN,200,65
2019,17,ABRIL,NI,10,2
2019,17,ABRIL,NI,30,7
2019,17,ABRIL,NI,50,15
2019,17,ABRIL,NI,100,36
2019,17,ABRIL,NI,200,70
2019,17,ABRIL,DO,10,1
2019,17,ABRIL,DO,30,4
2019,17,ABRIL,DO,50,9
2019,17,ABRIL,DO,100,18
2019,17,ABRIL,DO,200,47
2019,17,ABRIL,MX,10,3
2019,17,ABRIL,MX,30,9
2019,17,ABRIL,MX,50,19
2019,17,ABRIL,MX,100,40
2019,17,ABRIL,MX,200,73
2019,17,ABRIL,SP,10,2
2019,17,ABRIL,SP,30,7
2019,17,ABRIL,SP,50,13
2019,17,ABRIL,SP,100,36
2019,17,ABRIL,SP,200,74
2019,17,ABRIL,CL,10,2
2019,17,ABRIL,CL,30,4
2019,17,ABRIL,CL,50,7
2019,17,ABRIL,CL,100,23
2019,17,ABRIL,CL,200,56
2019,17,ABRIL,AR,10,2
2019,17,ABRIL,AR,30,8
2019,17,ABRIL,AR,50,14
2019,17,ABRIL,AR,100,31
2019,17,ABRIL,AR,200,61
2019,17,ABRIL,BR,10,3
2019,17,ABRIL,BR,30,7
2019,17,ABRIL,BR,50,12
2019,17,ABRIL,BR,100,23
2019,17,ABRIL,BR,200,55
2019,17,ABRIL,PT,10,2
2019,17,ABRIL,PT,30,7
2019,17,ABRIL,PT,50,14
2019,17,ABRIL,PT,100,38
2019,17,ABRIL,PT,200,67
2019,18,MAYO,CO,10,2
2019,18,MAYO,CO,30,7
2019,18,MAYO,CO,50,16
2019,18,MAYO,CO,100,32
2019,18,MAYO,CO,200,67
2019,18,MAYO,PE,10,3
2019,18,MAYO,PE,30,8
2019,18,MAYO,PE,50,14
2019,18,MAYO,PE,100,30
2019,18,MAYO,PE,200,60
2019,18,MAYO,EC,10,2
2019,18,MAYO,EC,30,8
2019,18,MAYO,EC,50,9
2019,18,MAYO,EC,100,35
2019,18,MAYO,EC,200,68
2019,18,MAYO,PN,10,0
2019,18,MAYO,PN,30,4
2019,18,MAYO,PN,50,9
2019,18,MAYO,PN,100,22
2019,18,MAYO,PN,200,59
2019,18,MAYO,CR,10,1
2019,18,MAYO,CR,30,6
2019,18,MAYO,CR,50,15
2019,18,MAYO,CR,100,37
2019,18,MAYO,CR,200,73
2019,18,MAYO,GT,10,2
2019,18,MAYO,GT,30,4
2019,18,MAYO,GT,50,14
2019,18,MAYO,GT,100,34
2019,18,MAYO,GT,200,68
2019,18,MAYO,SV,10,2
2019,18,MAYO,SV,30,7
2019,18,MAYO,SV,50,19
2019,18,MAYO,SV,100,38
2019,18,MAYO,SV,200,70
2019,18,MAYO,HN,10,2
2019,18,MAYO,HN,30,6
2019,18,MAYO,HN,50,14
2019,18,MAYO,HN,100,33
2019,18,MAYO,HN,200,67
2019,18,MAYO,NI,10,2
2019,18,MAYO,NI,30,8
2019,18,MAYO,NI,50,14
2019,18,MAYO,NI,100,36
2019,18,MAYO,NI,200,70
2019,18,MAYO,DO,10,1
2019,18,MAYO,DO,30,3
2019,18,MAYO,DO,50,7
2019,18,MAYO,DO,100,16
2019,18,MAYO,DO,200,44
2019,18,MAYO,MX,10,3
2019,18,MAYO,MX,30,9
2019,18,MAYO,MX,50,19
2019,18,MAYO,MX,100,40
2019,18,MAYO,MX,200,72
2019,18,MAYO,SP,10,2
2019,18,MAYO,SP,30,7
2019,18,MAYO,SP,50,13
2019,18,MAYO,SP,100,30
2019,18,MAYO,SP,200,71
2019,18,MAYO,CL,10,2
2019,18,MAYO,CL,30,4
2019,18,MAYO,CL,50,6
2019,18,MAYO,CL,100,20
2019,18,MAYO,CL,200,49
2019,18,MAYO,AR,10,2
2019,18,MAYO,AR,30,8
2019,18,MAYO,AR,50,14
2019,18,MAYO,AR,100,31
2019,18,MAYO,AR,200,58
2019,18,MAYO,BR,10,1
2019,18,MAYO,BR,30,8
2019,18,MAYO,BR,50,11
2019,18,MAYO,BR,100,24
2019,18,MAYO,BR,200,54
2019,18,MAYO,PT,10,2
2019,18,MAYO,PT,30,8
2019,18,MAYO,PT,50,13
2019,18,MAYO,PT,100,37
2019,18,MAYO,PT,200,70
2019,19,MAYO,CO,10,2
2019,19,MAYO,CO,30,7
2019,19,MAYO,CO,50,16
2019,19,MAYO,CO,100,34
2019,19,MAYO,CO,200,69
2019,19,MAYO,PE,10,2
2019,19,MAYO,PE,30,10
2019,19,MAYO,PE,50,14
2019,19,MAYO,PE,100,31
2019,19,MAYO,PE,200,63
2019,19,MAYO,EC,10,2
2019,19,MAYO,EC,30,8
2019,19,MAYO,EC,50,9
2019,19,MAYO,EC,100,38
2019,19,MAYO,EC,200,73
2019,19,MAYO,PN,10,0
2019,19,MAYO,PN,30,6
2019,19,MAYO,PN,50,12
2019,19,MAYO,PN,100,25
2019,19,MAYO,PN,200,64
2019,19,MAYO,CR,10,2
2019,19,MAYO,CR,30,7
2019,19,MAYO,CR,50,13
2019,19,MAYO,CR,100,38
2019,19,MAYO,CR,200,76
2019,19,MAYO,GT,10,2
2019,19,MAYO,GT,30,6
2019,19,MAYO,GT,50,15
2019,19,MAYO,GT,100,35
2019,19,MAYO,GT,200,69
2019,19,MAYO,SV,10,2
2019,19,MAYO,SV,30,9
2019,19,MAYO,SV,50,18
2019,19,MAYO,SV,100,38
2019,19,MAYO,SV,200,74
2019,19,MAYO,HN,10,2
2019,19,MAYO,HN,30,7
2019,19,MAYO,HN,50,14
2019,19,MAYO,HN,100,34
2019,19,MAYO,HN,200,70
2019,19,MAYO,NI,10,2
2019,19,MAYO,NI,30,8
2019,19,MAYO,NI,50,15
2019,19,MAYO,NI,100,37
2019,19,MAYO,NI,200,72
2019,19,MAYO,DO,10,1
2019,19,MAYO,DO,30,3
2019,19,MAYO,DO,50,9
2019,19,MAYO,DO,100,18
2019,19,MAYO,DO,200,51
2019,19,MAYO,MX,10,2
2019,19,MAYO,MX,30,9
2019,19,MAYO,MX,50,19
2019,19,MAYO,MX,100,43
2019,19,MAYO,MX,200,74
2019,19,MAYO,SP,10,2
2019,19,MAYO,SP,30,7
2019,19,MAYO,SP,50,13
2019,19,MAYO,SP,100,32
2019,19,MAYO,SP,200,72
2019,19,MAYO,CL,10,2
2019,19,MAYO,CL,30,4
2019,19,MAYO,CL,50,7
2019,19,MAYO,CL,100,20
2019,19,MAYO,CL,200,51
2019,19,MAYO,AR,10,2
2019,19,MAYO,AR,30,9
2019,19,MAYO,AR,50,15
2019,19,MAYO,AR,100,32
2019,19,MAYO,AR,200,59
2019,19,MAYO,BR,10,1
2019,19,MAYO,BR,30,9
2019,19,MAYO,BR,50,14
2019,19,MAYO,BR,100,29
2019,19,MAYO,BR,200,62
2019,19,MAYO,PT,10,1
2019,19,MAYO,PT,30,9
2019,19,MAYO,PT,50,15
2019,19,MAYO,PT,100,36
2019,19,MAYO,PT,200,70
2019,20,MAYO,CO,10,1
2019,20,MAYO,CO,30,8
2019,20,MAYO,CO,50,17
2019,20,MAYO,CO,100,33
2019,20,MAYO,CO,200,74
2019,20,MAYO,PE,10,2
2019,20,MAYO,PE,30,9
2019,20,MAYO,PE,50,13
2019,20,MAYO,PE,100,31
2019,20,MAYO,PE,200,63
2019,20,MAYO,EC,10,1
2019,20,MAYO,EC,30,8
2019,20,MAYO,EC,50,9
2019,20,MAYO,EC,100,36
2019,20,MAYO,EC,200,70
2019,20,MAYO,PN,10,0
2019,20,MAYO,PN,30,5
2019,20,MAYO,PN,50,10
2019,20,MAYO,PN,100,24
2019,20,MAYO,PN,200,56
2019,20,MAYO,CR,10,1
2019,20,MAYO,CR,30,7
2019,20,MAYO,CR,50,14
2019,20,MAYO,CR,100,38
2019,20,MAYO,CR,200,77
2019,20,MAYO,GT,10,2
2019,20,MAYO,GT,30,6
2019,20,MAYO,GT,50,15
2019,20,MAYO,GT,100,32
2019,20,MAYO,GT,200,68
2019,20,MAYO,SV,10,2
2019,20,MAYO,SV,30,8
2019,20,MAYO,SV,50,18
2019,20,MAYO,SV,100,38
2019,20,MAYO,SV,200,74
2019,20,MAYO,HN,10,2
2019,20,MAYO,HN,30,6
2019,20,MAYO,HN,50,13
2019,20,MAYO,HN,100,35
2019,20,MAYO,HN,200,68
2019,20,MAYO,NI,10,2
2019,20,MAYO,NI,30,7
2019,20,MAYO,NI,50,13
2019,20,MAYO,NI,100,34
2019,20,MAYO,NI,200,71
2019,20,MAYO,DO,10,0
2019,20,MAYO,DO,30,3
2019,20,MAYO,DO,50,8
2019,20,MAYO,DO,100,18
2019,20,MAYO,DO,200,49
2019,20,MAYO,MX,10,2
2019,20,MAYO,MX,30,8
2019,20,MAYO,MX,50,19
2019,20,MAYO,MX,100,42
2019,20,MAYO,MX,200,76
2019,20,MAYO,SP,10,1
2019,20,MAYO,SP,30,7
2019,20,MAYO,SP,50,12
2019,20,MAYO,SP,100,32
2019,20,MAYO,SP,200,71
2019,20,MAYO,CL,10,1
2019,20,MAYO,CL,30,4
2019,20,MAYO,CL,50,7
2019,20,MAYO,CL,100,20
2019,20,MAYO,CL,200,50
2019,20,MAYO,AR,10,1
2019,20,MAYO,AR,30,9
2019,20,MAYO,AR,50,15
2019,20,MAYO,AR,100,28
2019,20,MAYO,AR,200,57
2019,20,MAYO,BR,10,2
2019,20,MAYO,BR,30,7
2019,20,MAYO,BR,50,11
2019,20,MAYO,BR,100,25
2019,20,MAYO,BR,200,56
2019,20,MAYO,PT,10,2
2019,20,MAYO,PT,30,9
2019,20,MAYO,PT,50,17
2019,20,MAYO,PT,100,36
2019,20,MAYO,PT,200,70
2019,21,MAYO,CO,10,1
2019,21,MAYO,CO,30,8
2019,21,MAYO,CO,50,16
2019,21,MAYO,CO,100,31
2019,21,MAYO,CO,200,69
2019,21,MAYO,PE,10,1
2019,21,MAYO,PE,30,9
2019,21,MAYO,PE,50,12
2019,21,MAYO,PE,100,31
2019,21,MAYO,PE,200,62
2019,21,MAYO,EC,10,1
2019,21,MAYO,EC,30,7
2019,21,MAYO,EC,50,9
2019,21,MAYO,EC,100,35
2019,21,MAYO,EC,200,66
2019,21,MAYO,PN,10,1
2019,21,MAYO,PN,30,6
2019,21,MAYO,PN,50,8
2019,21,MAYO,PN,100,24
2019,21,MAYO,PN,200,59
2019,21,MAYO,CR,10,1
2019,21,MAYO,CR,30,7
2019,21,MAYO,CR,50,14
2019,21,MAYO,CR,100,36
2019,21,MAYO,CR,200,75
2019,21,MAYO,GT,10,2
2019,21,MAYO,GT,30,5
2019,21,MAYO,GT,50,14
2019,21,MAYO,GT,100,32
2019,21,MAYO,GT,200,68
2019,21,MAYO,SV,10,2
2019,21,MAYO,SV,30,6
2019,21,MAYO,SV,50,16
2019,21,MAYO,SV,100,37
2019,21,MAYO,SV,200,72
2019,21,MAYO,HN,10,1
2019,21,MAYO,HN,30,5
2019,21,MAYO,HN,50,12
2019,21,MAYO,HN,100,33
2019,21,MAYO,HN,200,70
2019,21,MAYO,NI,10,2
2019,21,MAYO,NI,30,7
2019,21,MAYO,NI,50,13
2019,21,MAYO,NI,100,33
2019,21,MAYO,NI,200,67
2019,21,MAYO,DO,10,0
2019,21,MAYO,DO,30,3
2019,21,MAYO,DO,50,10
2019,21,MAYO,DO,100,18
2019,21,MAYO,DO,200,44
2019,21,MAYO,MX,10,2
2019,21,MAYO,MX,30,7
2019,21,MAYO,MX,50,17
2019,21,MAYO,MX,100,41
2019,21,MAYO,MX,200,74
2019,21,MAYO,SP,10,2
2019,21,MAYO,SP,30,9
2019,21,MAYO,SP,50,17
2019,21,MAYO,SP,100,32
2019,21,MAYO,SP,200,79
2019,21,MAYO,CL,10,1
2019,21,MAYO,CL,30,5
2019,21,MAYO,CL,50,7
2019,21,MAYO,CL,100,19
2019,21,MAYO,CL,200,48
2019,21,MAYO,AR,10,1
2019,21,MAYO,AR,30,8
2019,21,MAYO,AR,50,14
2019,21,MAYO,AR,100,27
2019,21,MAYO,AR,200,55
2019,21,MAYO,BR,10,2
2019,21,MAYO,BR,30,7
2019,21,MAYO,BR,50,9
2019,21,MAYO,BR,100,24
2019,21,MAYO,BR,200,56
2019,21,MAYO,PT,10,2
2019,21,MAYO,PT,30,10
2019,21,MAYO,PT,50,15
2019,21,MAYO,PT,100,34
2019,21,MAYO,PT,200,69
2019,22,MAYO,CO,10,1
2019,22,MAYO,CO,30,8
2019,22,MAYO,CO,50,17
2019,22,MAYO,CO,100,30
2019,22,MAYO,CO,200,69
2019,22,MAYO,PE,10,1
2019,22,MAYO,PE,30,8
2019,22,MAYO,PE,50,13
2019,22,MAYO,PE,100,28
2019,22,MAYO,PE,200,57
2019,22,MAYO,EC,10,0
2019,22,MAYO,EC,30,6
2019,22,MAYO,EC,50,8
2019,22,MAYO,EC,100,33
2019,22,MAYO,EC,200,64
2019,22,MAYO,PN,10,0
2019,22,MAYO,PN,30,6
2019,22,MAYO,PN,50,9
2019,22,MAYO,PN,100,25
2019,22,MAYO,PN,200,53
2019,22,MAYO,CR,10,1
2019,22,MAYO,CR,30,7
2019,22,MAYO,CR,50,11
2019,22,MAYO,CR,100,31
2019,22,MAYO,CR,200,70
2019,22,MAYO,GT,10,2
2019,22,MAYO,GT,30,6
2019,22,MAYO,GT,50,15
2019,22,MAYO,GT,100,30
2019,22,MAYO,GT,200,64
2019,22,MAYO,SV,10,2
2019,22,MAYO,SV,30,6
2019,22,MAYO,SV,50,17
2019,22,MAYO,SV,100,33
2019,22,MAYO,SV,200,69
2019,22,MAYO,HN,10,1
2019,22,MAYO,HN,30,5
2019,22,MAYO,HN,50,12
2019,22,MAYO,HN,100,31
2019,22,MAYO,HN,200,67
2019,22,MAYO,NI,10,2
2019,22,MAYO,NI,30,7
2019,22,MAYO,NI,50,13
2019,22,MAYO,NI,100,33
2019,22,MAYO,NI,200,71
2019,22,MAYO,DO,10,1
2019,22,MAYO,DO,30,3
2019,22,MAYO,DO,50,8
2019,22,MAYO,DO,100,18
2019,22,MAYO,DO,200,40
2019,22,MAYO,MX,10,2
2019,22,MAYO,MX,30,6
2019,22,MAYO,MX,50,15
2019,22,MAYO,MX,100,37
2019,22,MAYO,MX,200,71
2019,22,MAYO,SP,10,1
2019,22,MAYO,SP,30,9
2019,22,MAYO,SP,50,16
2019,22,MAYO,SP,100,33
2019,22,MAYO,SP,200,72
2019,22,MAYO,CL,10,2
2019,22,MAYO,CL,30,5
2019,22,MAYO,CL,50,6
2019,22,MAYO,CL,100,17
2019,22,MAYO,CL,200,45
2019,22,MAYO,AR,10,1
2019,22,MAYO,AR,30,7
2019,22,MAYO,AR,50,13
2019,22,MAYO,AR,100,22
2019,22,MAYO,AR,200,51
2019,22,MAYO,BR,10,1
2019,22,MAYO,BR,30,6
2019,22,MAYO,BR,50,11
2019,22,MAYO,BR,100,25
2019,22,MAYO,BR,200,58
2019,22,MAYO,PT,10,2
2019,22,MAYO,PT,30,8
2019,22,MAYO,PT,50,15
2019,22,MAYO,PT,100,36
2019,22,MAYO,PT,200,70
2019,23,JUNIO,CO,10,1
2019,23,JUNIO,CO,30,8
2019,23,JUNIO,CO,50,17
2019,23,JUNIO,CO,100,31
2019,23,JUNIO,CO,200,73
2019,23,JUNIO,PE,10,1
2019,23,JUNIO,PE,30,7
2019,23,JUNIO,PE,50,13
2019,23,JUNIO,PE,100,28
2019,23,JUNIO,PE,200,55
2019,23,JUNIO,EC,10,0
2019,23,JUNIO,EC,30,6
2019,23,JUNIO,EC,50,8
2019,23,JUNIO,EC,100,34
2019,23,JUNIO,EC,200,62
2019,23,JUNIO,PN,10,0
2019,23,JUNIO,PN,30,6
2019,23,JUNIO,PN,50,9
2019,23,JUNIO,PN,100,23
2019,23,JUNIO,PN,200,54
2019,23,JUNIO,CR,10,1
2019,23,JUNIO,CR,30,6
2019,23,JUNIO,CR,50,11
2019,23,JUNIO,CR,100,34
2019,23,JUNIO,CR,200,71
2019,23,JUNIO,GT,10,1
2019,23,JUNIO,GT,30,6
2019,23,JUNIO,GT,50,13
2019,23,JUNIO,GT,100,31
2019,23,JUNIO,GT,200,61
2019,23,JUNIO,SV,10,1
2019,23,JUNIO,SV,30,6
2019,23,JUNIO,SV,50,16
2019,23,JUNIO,SV,100,34
2019,23,JUNIO,SV,200,67
2019,23,JUNIO,HN,10,1
2019,23,JUNIO,HN,30,4
2019,23,JUNIO,HN,50,12
2019,23,JUNIO,HN,100,33
2019,23,JUNIO,HN,200,67
2019,23,JUNIO,NI,10,1
2019,23,JUNIO,NI,30,5
2019,23,JUNIO,NI,50,12
2019,23,JUNIO,NI,100,32
2019,23,JUNIO,NI,200,70
2019,23,JUNIO,DO,10,1
2019,23,JUNIO,DO,30,3
2019,23,JUNIO,DO,50,7
2019,23,JUNIO,DO,100,17
2019,23,JUNIO,DO,200,44
2019,23,JUNIO,MX,10,2
2019,23,JUNIO,MX,30,7
2019,23,JUNIO,MX,50,15
2019,23,JUNIO,MX,100,37
2019,23,JUNIO,MX,200,72
2019,23,JUNIO,SP,10,1
2019,23,JUNIO,SP,30,9
2019,23,JUNIO,SP,50,16
2019,23,JUNIO,SP,100,32
2019,23,JUNIO,SP,200,71
2019,23,JUNIO,CL,10,1
2019,23,JUNIO,CL,30,3
2019,23,JUNIO,CL,50,6
2019,23,JUNIO,CL,100,18
2019,23,JUNIO,CL,200,43
2019,23,JUNIO,AR,10,1
2019,23,JUNIO,AR,30,7
2019,23,JUNIO,AR,50,14
2019,23,JUNIO,AR,100,23
2019,23,JUNIO,AR,200,52
2019,23,JUNIO,BR,10,1
2019,23,JUNIO,BR,30,7
2019,23,JUNIO,BR,50,10
2019,23,JUNIO,BR,100,25
2019,23,JUNIO,BR,200,56
2019,23,JUNIO,PT,10,3
2019,23,JUNIO,PT,30,8
2019,23,JUNIO,PT,50,13
2019,23,JUNIO,PT,100,33
2019,23,JUNIO,PT,200,69
2019,24,JUNIO,CO,10,0
2019,24,JUNIO,CO,30,7
2019,24,JUNIO,CO,50,16
2019,24,JUNIO,CO,100,32
2019,24,JUNIO,CO,200,71
2019,24,JUNIO,PE,10,1
2019,24,JUNIO,PE,30,8
2019,24,JUNIO,PE,50,14
2019,24,JUNIO,PE,100,28
2019,24,JUNIO,PE,200,55
2019,24,JUNIO,EC,10,0
2019,24,JUNIO,EC,30,6
2019,24,JUNIO,EC,50,7
2019,24,JUNIO,EC,100,36
2019,24,JUNIO,EC,200,64
2019,24,JUNIO,PN,10,1
2019,24,JUNIO,PN,30,6
2019,24,JUNIO,PN,50,9
2019,24,JUNIO,PN,100,24
2019,24,JUNIO,PN,200,50
2019,24,JUNIO,CR,10,1
2019,24,JUNIO,CR,30,6
2019,24,JUNIO,CR,50,13
2019,24,JUNIO,CR,100,35
2019,24,JUNIO,CR,200,71
2019,24,JUNIO,GT,10,1
2019,24,JUNIO,GT,30,5
2019,24,JUNIO,GT,50,12
2019,24,JUNIO,GT,100,30
2019,24,JUNIO,GT,200,62
2019,24,JUNIO,SV,10,1
2019,24,JUNIO,SV,30,5
2019,24,JUNIO,SV,50,15
2019,24,JUNIO,SV,100,33
2019,24,JUNIO,SV,200,67
2019,24,JUNIO,HN,10,1
2019,24,JUNIO,HN,30,3
2019,24,JUNIO,HN,50,12
2019,24,JUNIO,HN,100,32
2019,24,JUNIO,HN,200,67
2019,24,JUNIO,NI,10,1
2019,24,JUNIO,NI,30,5
2019,24,JUNIO,NI,50,12
2019,24,JUNIO,NI,100,29
2019,24,JUNIO,NI,200,71
2019,24,JUNIO,DO,10,1
2019,24,JUNIO,DO,30,3
2019,24,JUNIO,DO,50,6
2019,24,JUNIO,DO,100,17
2019,24,JUNIO,DO,200,35
2019,24,JUNIO,MX,10,2
2019,24,JUNIO,MX,30,6
2019,24,JUNIO,MX,50,14
2019,24,JUNIO,MX,100,37
2019,24,JUNIO,MX,200,74
2019,24,JUNIO,SP,10,2
2019,24,JUNIO,SP,30,8
2019,24,JUNIO,SP,50,16
2019,24,JUNIO,SP,100,32
2019,24,JUNIO,SP,200,77
2019,24,JUNIO,CL,10,1
2019,24,JUNIO,CL,30,3
2019,24,JUNIO,CL,50,5
2019,24,JUNIO,CL,100,17
2019,24,JUNIO,CL,200,42
2019,24,JUNIO,AR,10,1
2019,24,JUNIO,AR,30,8
2019,24,JUNIO,AR,50,14
2019,24,JUNIO,AR,100,22
2019,24,JUNIO,AR,200,51
2019,24,JUNIO,BR,10,1
2019,24,JUNIO,BR,30,6
2019,24,JUNIO,BR,50,11
2019,24,JUNIO,BR,100,23
2019,24,JUNIO,BR,200,54
2019,24,JUNIO,PT,10,4
2019,24,JUNIO,PT,30,8
2019,24,JUNIO,PT,50,13
2019,24,JUNIO,PT,100,37
2019,24,JUNIO,PT,200,72
2019,25,JUNIO,CO,10,0
2019,25,JUNIO,CO,30,8
2019,25,JUNIO,CO,50,15
2019,25,JUNIO,CO,100,32
2019,25,JUNIO,CO,200,66
2019,25,JUNIO,PE,10,1
2019,25,JUNIO,PE,30,8
2019,25,JUNIO,PE,50,15
2019,25,JUNIO,PE,100,28
2019,25,JUNIO,PE,200,56
2019,25,JUNIO,EC,10,0
2019,25,JUNIO,EC,30,6
2019,25,JUNIO,EC,50,7
2019,25,JUNIO,EC,100,36
2019,25,JUNIO,EC,200,65
2019,25,JUNIO,PN,10,1
2019,25,JUNIO,PN,30,5
2019,25,JUNIO,PN,50,9
2019,25,JUNIO,PN,100,23
2019,25,JUNIO,PN,200,49
2019,25,JUNIO,CR,10,1
2019,25,JUNIO,CR,30,6
2019,25,JUNIO,CR,50,13
2019,25,JUNIO,CR,100,36
2019,25,JUNIO,CR,200,72
2019,25,JUNIO,GT,10,1
2019,25,JUNIO,GT,30,5
2019,25,JUNIO,GT,50,13
2019,25,JUNIO,GT,100,32
2019,25,JUNIO,GT,200,63
2019,25,JUNIO,SV,10,1
2019,25,JUNIO,SV,30,5
2019,25,JUNIO,SV,50,15
2019,25,JUNIO,SV,100,34
2019,25,JUNIO,SV,200,67
2019,25,JUNIO,HN,10,2
2019,25,JUNIO,HN,30,3
2019,25,JUNIO,HN,50,12
2019,25,JUNIO,HN,100,33
2019,25,JUNIO,HN,200,67
2019,25,JUNIO,NI,10,1
2019,25,JUNIO,NI,30,6
2019,25,JUNIO,NI,50,12
2019,25,JUNIO,NI,100,29
2019,25,JUNIO,NI,200,67
2019,25,JUNIO,DO,10,1
2019,25,JUNIO,DO,30,2
2019,25,JUNIO,DO,50,3
2019,25,JUNIO,DO,100,16
2019,25,JUNIO,DO,200,37
2019,25,JUNIO,MX,10,2
2019,25,JUNIO,MX,30,7
2019,25,JUNIO,MX,50,14
2019,25,JUNIO,MX,100,40
2019,25,JUNIO,MX,200,79
2019,25,JUNIO,SP,10,2
2019,25,JUNIO,SP,30,8
2019,25,JUNIO,SP,50,17
2019,25,JUNIO,SP,100,27
2019,25,JUNIO,SP,200,74
2019,25,JUNIO,CL,10,1
2019,25,JUNIO,CL,30,3
2019,25,JUNIO,CL,50,7
2019,25,JUNIO,CL,100,18
2019,25,JUNIO,CL,200,45
2019,25,JUNIO,AR,10,1
2019,25,JUNIO,AR,30,8
2019,25,JUNIO,AR,50,14
2019,25,JUNIO,AR,100,22
2019,25,JUNIO,AR,200,51
2019,25,JUNIO,BR,10,3
2019,25,JUNIO,BR,30,7
2019,25,JUNIO,BR,50,12
2019,25,JUNIO,BR,100,25
2019,25,JUNIO,BR,200,55
2019,25,JUNIO,PT,10,4
2019,25,JUNIO,PT,30,7
2019,25,JUNIO,PT,50,13
2019,25,JUNIO,PT,100,38
2019,25,JUNIO,PT,200,72
2019,26,JUNIO,CO,10,1
2019,26,JUNIO,CO,30,8
2019,26,JUNIO,CO,50,16
2019,26,JUNIO,CO,100,33
2019,26,JUNIO,CO,200,66
2019,26,JUNIO,PE,10,2
2019,26,JUNIO,PE,30,8
2019,26,JUNIO,PE,50,15
2019,26,JUNIO,PE,100,30
2019,26,JUNIO,PE,200,57
2019,26,JUNIO,EC,10,2
2019,26,JUNIO,EC,30,8
2019,26,JUNIO,EC,50,9
2019,26,JUNIO,EC,100,36
2019,26,JUNIO,EC,200,67
2019,26,JUNIO,PN,10,2
2019,26,JUNIO,PN,30,7
2019,26,JUNIO,PN,50,11
2019,26,JUNIO,PN,100,25
2019,26,JUNIO,PN,200,54
2019,26,JUNIO,CR,10,2
2019,26,JUNIO,CR,30,7
2019,26,JUNIO,CR,50,17
2019,26,JUNIO,CR,100,39
2019,26,JUNIO,CR,200,74
2019,26,JUNIO,GT,10,3
2019,26,JUNIO,GT,30,6
2019,26,JUNIO,GT,50,14
2019,26,JUNIO,GT,100,34
2019,26,JUNIO,GT,200,66
2019,26,JUNIO,SV,10,3
2019,26,JUNIO,SV,30,7
2019,26,JUNIO,SV,50,16
2019,26,JUNIO,SV,100,36
2019,26,JUNIO,SV,200,68
2019,26,JUNIO,HN,10,2
2019,26,JUNIO,HN,30,6
2019,26,JUNIO,HN,50,13
2019,26,JUNIO,HN,100,32
2019,26,JUNIO,HN,200,67
2019,26,JUNIO,NI,10,2
2019,26,JUNIO,NI,30,7
2019,26,JUNIO,NI,50,14
2019,26,JUNIO,NI,100,31
2019,26,JUNIO,NI,200,71
2019,26,JUNIO,DO,10,1
2019,26,JUNIO,DO,30,4
2019,26,JUNIO,DO,50,5
2019,26,JUNIO,DO,100,20
2019,26,JUNIO,DO,200,38
2019,26,JUNIO,MX,10,2
2019,26,JUNIO,MX,30,9
2019,26,JUNIO,MX,50,15
2019,26,JUNIO,MX,100,39
2019,26,JUNIO,MX,200,79
2019,26,JUNIO,SP,10,1
2019,26,JUNIO,SP,30,8
2019,26,JUNIO,SP,50,16
2019,26,JUNIO,SP,100,32
2019,26,JUNIO,SP,200,79
2019,26,JUNIO,CL,10,1
2019,26,JUNIO,CL,30,6
2019,26,JUNIO,CL,50,8
2019,26,JUNIO,CL,100,20
2019,26,JUNIO,CL,200,49
2019,26,JUNIO,AR,10,2
2019,26,JUNIO,AR,30,9
2019,26,JUNIO,AR,50,15
2019,26,JUNIO,AR,100,23
2019,26,JUNIO,AR,200,54
2019,26,JUNIO,BR,10,2
2019,26,JUNIO,BR,30,7
2019,26,JUNIO,BR,50,13
2019,26,JUNIO,BR,100,28
2019,26,JUNIO,BR,200,55
2019,26,JUNIO,PT,10,4
2019,26,JUNIO,PT,30,9
2019,26,JUNIO,PT,50,14
2019,26,JUNIO,PT,100,34
2019,26,JUNIO,PT,200,71
2019,27,JULIO,CO,10,3
2019,27,JULIO,CO,30,12
2019,27,JULIO,CO,50,22
2019,27,JULIO,CO,100,38
2019,27,JULIO,CO,200,70
2019,27,JULIO,PE,10,2
2019,27,JULIO,PE,30,10
2019,27,JULIO,PE,50,17
2019,27,JULIO,PE,100,36
2019,27,JULIO,PE,200,63
2019,27,JULIO,EC,10,3
2019,27,JULIO,EC,30,12
2019,27,JULIO,EC,50,13
2019,27,JULIO,EC,100,40
2019,27,JULIO,EC,200,71
2019,27,JULIO,PN,10,3
2019,27,JULIO,PN,30,13
2019,27,JULIO,PN,50,17
2019,27,JULIO,PN,100,30
2019,27,JULIO,PN,200,55
2019,27,JULIO,CR,10,3
2019,27,JULIO,CR,30,9
2019,27,JULIO,CR,50,19
2019,27,JULIO,CR,100,40
2019,27,JULIO,CR,200,82
2019,27,JULIO,GT,10,3
2019,27,JULIO,GT,30,11
2019,27,JULIO,GT,50,20
2019,27,JULIO,GT,100,39
2019,27,JULIO,GT,200,74
2019,27,JULIO,SV,10,4
2019,27,JULIO,SV,30,12
2019,27,JULIO,SV,50,20
2019,27,JULIO,SV,100,40
2019,27,JULIO,SV,200,72
2019,27,JULIO,HN,10,6
2019,27,JULIO,HN,30,13
2019,27,JULIO,HN,50,17
2019,27,JULIO,HN,100,38
2019,27,JULIO,HN,200,77
2019,27,JULIO,NI,10,5
2019,27,JULIO,NI,30,12
2019,27,JULIO,NI,50,21
2019,27,JULIO,NI,100,35
2019,27,JULIO,NI,200,76
2019,27,JULIO,DO,10,7
2019,27,JULIO,DO,30,10
2019,27,JULIO,DO,50,14
2019,27,JULIO,DO,100,25
2019,27,JULIO,DO,200,45
2019,27,JULIO,MX,10,3
2019,27,JULIO,MX,30,13
2019,27,JULIO,MX,50,22
2019,27,JULIO,MX,100,44
2019,27,JULIO,MX,200,79
2019,27,JULIO,SP,10,3
2019,27,JULIO,SP,30,10
2019,27,JULIO,SP,50,19
2019,27,JULIO,SP,100,37
2019,27,JULIO,SP,200,80
2019,27,JULIO,CL,10,3
2019,27,JULIO,CL,30,11
2019,27,JULIO,CL,50,16
2019,27,JULIO,CL,100,28
2019,27,JULIO,CL,200,55
2019,27,JULIO,AR,10,3
2019,27,JULIO,AR,30,8
2019,27,JULIO,AR,50,17
2019,27,JULIO,AR,100,27
2019,27,JULIO,AR,200,56
2019,27,JULIO,BR,10,3
2019,27,JULIO,BR,30,6
2019,27,JULIO,BR,50,13
2019,27,JULIO,BR,100,28
2019,27,JULIO,BR,200,53
2019,27,JULIO,PT,10,4
2019,27,JULIO,PT,30,7
2019,27,JULIO,PT,50,12
2019,27,JULIO,PT,100,31
2019,27,JULIO,PT,200,68
2019,28,JULIO,CO,10,3
2019,28,JULIO,CO,30,9
2019,28,JULIO,CO,50,18
2019,28,JULIO,CO,100,39
2019,28,JULIO,CO,200,70
2019,28,JULIO,PE,10,2
2019,28,JULIO,PE,30,10
2019,28,JULIO,PE,50,15
2019,28,JULIO,PE,100,33
2019,28,JULIO,PE,200,61
2019,28,JULIO,EC,10,3
2019,28,JULIO,EC,30,10
2019,28,JULIO,EC,50,11
2019,28,JULIO,EC,100,38
2019,28,JULIO,EC,200,71
2019,28,JULIO,PN,10,3
2019,28,JULIO,PN,30,10
2019,28,JULIO,PN,50,18
2019,28,JULIO,PN,100,30
2019,28,JULIO,PN,200,59
2019,28,JULIO,CR,10,3
2019,28,JULIO,CR,30,7
2019,28,JULIO,CR,50,17
2019,28,JULIO,CR,100,39
2019,28,JULIO,CR,200,78
2019,28,JULIO,GT,10,3
2019,28,JULIO,GT,30,8
2019,28,JULIO,GT,50,17
2019,28,JULIO,GT,100,38
2019,28,JULIO,GT,200,73
2019,28,JULIO,SV,10,3
2019,28,JULIO,SV,30,9
2019,28,JULIO,SV,50,18
2019,28,JULIO,SV,100,42
2019,28,JULIO,SV,200,72
2019,28,JULIO,HN,10,3
2019,28,JULIO,HN,30,11
2019,28,JULIO,HN,50,17
2019,28,JULIO,HN,100,39
2019,28,JULIO,HN,200,74
2019,28,JULIO,NI,10,4
2019,28,JULIO,NI,30,10
2019,28,JULIO,NI,50,21
2019,28,JULIO,NI,100,36
2019,28,JULIO,NI,200,79
2019,28,JULIO,DO,10,3
2019,28,JULIO,DO,30,11
2019,28,JULIO,DO,50,14
2019,28,JULIO,DO,100,26
2019,28,JULIO,DO,200,45
2019,28,JULIO,MX,10,3
2019,28,JULIO,MX,30,11
2019,28,JULIO,MX,50,19
2019,28,JULIO,MX,100,42
2019,28,JULIO,MX,200,79
2019,28,JULIO,SP,10,3
2019,28,JULIO,SP,30,10
2019,28,JULIO,SP,50,16
2019,28,JULIO,SP,100,37
2019,28,JULIO,SP,200,78
2019,28,JULIO,CL,10,3
2019,28,JULIO,CL,30,9
2019,28,JULIO,CL,50,12
2019,28,JULIO,CL,100,26
2019,28,JULIO,CL,200,56
2019,28,JULIO,AR,10,3
2019,28,JULIO,AR,30,9
2019,28,JULIO,AR,50,17
2019,28,JULIO,AR,100,27
2019,28,JULIO,AR,200,52
2019,28,JULIO,BR,10,3
2019,28,JULIO,BR,30,6
2019,28,JULIO,BR,50,12
2019,28,JULIO,BR,100,27
2019,28,JULIO,BR,200,57
2019,28,JULIO,PT,10,5
2019,28,JULIO,PT,30,8
2019,28,JULIO,PT,50,15
2019,28,JULIO,PT,100,32
2019,28,JULIO,PT,200,68
2019,29,JULIO,CO,10,3
2019,29,JULIO,CO,30,9
2019,29,JULIO,CO,50,19
2019,29,JULIO,CO,100,41
2019,29,JULIO,CO,200,75
2019,29,JULIO,PE,10,2
2019,29,JULIO,PE,30,10
2019,29,JULIO,PE,50,16
2019,29,JULIO,PE,100,35
2019,29,JULIO,PE,200,63
2019,29,JULIO,EC,10,3
2019,29,JULIO,EC,30,10
2019,29,JULIO,EC,50,12
2019,29,JULIO,EC,100,39
2019,29,JULIO,EC,200,73
2019,29,JULIO,PN,10,3
2019,29,JULIO,PN,30,9
2019,29,JULIO,PN,50,17
2019,29,JULIO,PN,100,32
2019,29,JULIO,PN,200,62
2019,29,JULIO,CR,10,3
2019,29,JULIO,CR,30,8
2019,29,JULIO,CR,50,19
2019,29,JULIO,CR,100,41
2019,29,JULIO,CR,200,86
2019,29,JULIO,GT,10,3
2019,29,JULIO,GT,30,9
2019,29,JULIO,GT,50,18
2019,29,JULIO,GT,100,39
2019,29,JULIO,GT,200,76
2019,29,JULIO,SV,10,3
2019,29,JULIO,SV,30,9
2019,29,JULIO,SV,50,20
2019,29,JULIO,SV,100,43
2019,29,JULIO,SV,200,76
2019,29,JULIO,HN,10,3
2019,29,JULIO,HN,30,10
2019,29,JULIO,HN,50,19
2019,29,JULIO,HN,100,41
2019,29,JULIO,HN,200,79
2019,29,JULIO,NI,10,4
2019,29,JULIO,NI,30,10
2019,29,JULIO,NI,50,22
2019,29,JULIO,NI,100,37
2019,29,JULIO,NI,200,81
2019,29,JULIO,DO,10,3
2019,29,JULIO,DO,30,9
2019,29,JULIO,DO,50,14
2019,29,JULIO,DO,100,26
2019,29,JULIO,DO,200,50
2019,29,JULIO,MX,10,4
2019,29,JULIO,MX,30,12
2019,29,JULIO,MX,50,22
2019,29,JULIO,MX,100,43
2019,29,JULIO,MX,200,83
2019,29,JULIO,SP,10,5
2019,29,JULIO,SP,30,9
2019,29,JULIO,SP,50,18
2019,29,JULIO,SP,100,38
2019,29,JULIO,SP,200,79
2019,29,JULIO,CL,10,4
2019,29,JULIO,CL,30,10
2019,29,JULIO,CL,50,13
2019,29,JULIO,CL,100,27
2019,29,JULIO,CL,200,57
2019,29,JULIO,AR,10,3
2019,29,JULIO,AR,30,9
2019,29,JULIO,AR,50,20
2019,29,JULIO,AR,100,32
2019,29,JULIO,AR,200,59
2019,29,JULIO,BR,10,3
2019,29,JULIO,BR,30,6
2019,29,JULIO,BR,50,14
2019,29,JULIO,BR,100,28
2019,29,JULIO,BR,200,58
2019,29,JULIO,PT,10,5
2019,29,JULIO,PT,30,9
2019,29,JULIO,PT,50,17
2019,29,JULIO,PT,100,35
2019,29,JULIO,PT,200,77
2019,30,JULIO,CO,10,4
2019,30,JULIO,CO,30,10
2019,30,JULIO,CO,50,18
2019,30,JULIO,CO,100,39
2019,30,JULIO,CO,200,74
2019,30,JULIO,PE,10,2
2019,30,JULIO,PE,30,9
2019,30,JULIO,PE,50,15
2019,30,JULIO,PE,100,32
2019,30,JULIO,PE,200,63
2019,30,JULIO,EC,10,3
2019,30,JULIO,EC,30,11
2019,30,JULIO,EC,50,12
2019,30,JULIO,EC,100,37
2019,30,JULIO,EC,200,72
2019,30,JULIO,PN,10,2
2019,30,JULIO,PN,30,9
2019,30,JULIO,PN,50,16
2019,30,JULIO,PN,100,30
2019,30,JULIO,PN,200,59
2019,30,JULIO,CR,10,3
2019,30,JULIO,CR,30,6
2019,30,JULIO,CR,50,18
2019,30,JULIO,CR,100,40
2019,30,JULIO,CR,200,81
2019,30,JULIO,GT,10,2
2019,30,JULIO,GT,30,8
2019,30,JULIO,GT,50,15
2019,30,JULIO,GT,100,38
2019,30,JULIO,GT,200,75
2019,30,JULIO,SV,10,3
2019,30,JULIO,SV,30,9
2019,30,JULIO,SV,50,18
2019,30,JULIO,SV,100,41
2019,30,JULIO,SV,200,75
2019,30,JULIO,HN,10,3
2019,30,JULIO,HN,30,8
2019,30,JULIO,HN,50,19
2019,30,JULIO,HN,100,38
2019,30,JULIO,HN,200,75
2019,30,JULIO,NI,10,3
2019,30,JULIO,NI,30,7
2019,30,JULIO,NI,50,19
2019,30,JULIO,NI,100,38
2019,30,JULIO,NI,200,75
2019,30,JULIO,DO,10,3
2019,30,JULIO,DO,30,9
2019,30,JULIO,DO,50,14
2019,30,JULIO,DO,100,25
2019,30,JULIO,DO,200,49
2019,30,JULIO,MX,10,4
2019,30,JULIO,MX,30,11
2019,30,JULIO,MX,50,22
2019,30,JULIO,MX,100,40
2019,30,JULIO,MX,200,79
2019,30,JULIO,SP,10,5
2019,30,JULIO,SP,30,9
2019,30,JULIO,SP,50,17
2019,30,JULIO,SP,100,35
2019,30,JULIO,SP,200,76
2019,30,JULIO,CL,10,4
2019,30,JULIO,CL,30,10
2019,30,JULIO,CL,50,13
2019,30,JULIO,CL,100,25
2019,30,JULIO,CL,200,57
2019,30,JULIO,AR,10,2
2019,30,JULIO,AR,30,10
2019,30,JULIO,AR,50,18
2019,30,JULIO,AR,100,31
2019,30,JULIO,AR,200,56
2019,30,JULIO,BR,10,3
2019,30,JULIO,BR,30,6
2019,30,JULIO,BR,50,13
2019,30,JULIO,BR,100,27
2019,30,JULIO,BR,200,56
2019,30,JULIO,PT,10,5
2019,30,JULIO,PT,30,9
2019,30,JULIO,PT,50,15
2019,30,JULIO,PT,100,32
2019,30,JULIO,PT,200,75
2019,31,AGOSTO,CO,10,4
2019,31,AGOSTO,CO,30,9
2019,31,AGOSTO,CO,50,18
2019,31,AGOSTO,CO,100,37
2019,31,AGOSTO,CO,200,75
2019,31,AGOSTO,PE,10,3
2019,31,AGOSTO,PE,30,10
2019,31,AGOSTO,PE,50,16
2019,31,AGOSTO,PE,100,31
2019,31,AGOSTO,PE,200,60
2019,31,AGOSTO,EC,10,3
2019,31,AGOSTO,EC,30,9
2019,31,AGOSTO,EC,50,9
2019,31,AGOSTO,EC,100,34
2019,31,AGOSTO,EC,200,72
2019,31,AGOSTO,PN,10,2
2019,31,AGOSTO,PN,30,9
2019,31,AGOSTO,PN,50,14
2019,31,AGOSTO,PN,100,29
2019,31,AGOSTO,PN,200,58
2019,31,AGOSTO,CR,10,2
2019,31,AGOSTO,CR,30,6
2019,31,AGOSTO,CR,50,17
2019,31,AGOSTO,CR,100,37
2019,31,AGOSTO,CR,200,76
2019,31,AGOSTO,GT,10,3
2019,31,AGOSTO,GT,30,8
2019,31,AGOSTO,GT,50,15
2019,31,AGOSTO,GT,100,36
2019,31,AGOSTO,GT,200,75
2019,31,AGOSTO,SV,10,2
2019,31,AGOSTO,SV,30,8
2019,31,AGOSTO,SV,50,16
2019,31,AGOSTO,SV,100,39
2019,31,AGOSTO,SV,200,69
2019,31,AGOSTO,HN,10,3
2019,31,AGOSTO,HN,30,8
2019,31,AGOSTO,HN,50,18
2019,31,AGOSTO,HN,100,35
2019,31,AGOSTO,HN,200,72
2019,31,AGOSTO,NI,10,2
2019,31,AGOSTO,NI,30,8
2019,31,AGOSTO,NI,50,17
2019,31,AGOSTO,NI,100,34
2019,31,AGOSTO,NI,200,73
2019,31,AGOSTO,DO,10,3
2019,31,AGOSTO,DO,30,7
2019,31,AGOSTO,DO,50,12
2019,31,AGOSTO,DO,100,25
2019,31,AGOSTO,DO,200,49
2019,31,AGOSTO,MX,10,3
2019,31,AGOSTO,MX,30,11
2019,31,AGOSTO,MX,50,20
2019,31,AGOSTO,MX,100,40
2019,31,AGOSTO,MX,200,74
2019,31,AGOSTO,SP,10,5
2019,31,AGOSTO,SP,30,8
2019,31,AGOSTO,SP,50,15
2019,31,AGOSTO,SP,100,35
2019,31,AGOSTO,SP,200,73
2019,31,AGOSTO,CL,10,4
2019,31,AGOSTO,CL,30,8
2019,31,AGOSTO,CL,50,12
2019,31,AGOSTO,CL,100,24
2019,31,AGOSTO,CL,200,55
2019,31,AGOSTO,AR,10,3
2019,31,AGOSTO,AR,30,9
2019,31,AGOSTO,AR,50,18
2019,31,AGOSTO,AR,100,32
2019,31,AGOSTO,AR,200,50
2019,31,AGOSTO,BR,10,2
2019,31,AGOSTO,BR,30,6
2019,31,AGOSTO,BR,50,13
2019,31,AGOSTO,BR,100,28
2019,31,AGOSTO,BR,200,53
2019,31,AGOSTO,PT,10,5
2019,31,AGOSTO,PT,30,10
2019,31,AGOSTO,PT,50,13
2019,31,AGOSTO,PT,100,31
2019,31,AGOSTO,PT,200,72
2019,32,AGOSTO,CO,10,4
2019,32,AGOSTO,CO,30,7
2019,32,AGOSTO,CO,50,16
2019,32,AGOSTO,CO,100,36
2019,32,AGOSTO,CO,200,70
2019,32,AGOSTO,PE,10,3
2019,32,AGOSTO,PE,30,9
2019,32,AGOSTO,PE,50,15
2019,32,AGOSTO,PE,100,29
2019,32,AGOSTO,PE,200,61
2019,32,AGOSTO,EC,10,3
2019,32,AGOSTO,EC,30,8
2019,32,AGOSTO,EC,50,8
2019,32,AGOSTO,EC,100,33
2019,32,AGOSTO,EC,200,68
2019,32,AGOSTO,PN,10,2
2019,32,AGOSTO,PN,30,9
2019,32,AGOSTO,PN,50,13
2019,32,AGOSTO,PN,100,28
2019,32,AGOSTO,PN,200,56
2019,32,AGOSTO,CR,10,2
2019,32,AGOSTO,CR,30,6
2019,32,AGOSTO,CR,50,16
2019,32,AGOSTO,CR,100,37
2019,32,AGOSTO,CR,200,74
2019,32,AGOSTO,GT,10,3
2019,32,AGOSTO,GT,30,7
2019,32,AGOSTO,GT,50,14
2019,32,AGOSTO,GT,100,34
2019,32,AGOSTO,GT,200,73
2019,32,AGOSTO,SV,10,2
2019,32,AGOSTO,SV,30,8
2019,32,AGOSTO,SV,50,17
2019,32,AGOSTO,SV,100,37
2019,32,AGOSTO,SV,200,67
2019,32,AGOSTO,HN,10,3
2019,32,AGOSTO,HN,30,8
2019,32,AGOSTO,HN,50,17
2019,32,AGOSTO,HN,100,35
2019,32,AGOSTO,HN,200,71
2019,32,AGOSTO,NI,10,2
2019,32,AGOSTO,NI,30,7
2019,32,AGOSTO,NI,50,17
2019,32,AGOSTO,NI,100,32
2019,32,AGOSTO,NI,200,60
2019,32,AGOSTO,DO,10,3
2019,32,AGOSTO,DO,30,5
2019,32,AGOSTO,DO,50,11
2019,32,AGOSTO,DO,100,24
2019,32,AGOSTO,DO,200,47
2019,32,AGOSTO,MX,10,3
2019,32,AGOSTO,MX,30,11
2019,32,AGOSTO,MX,50,18
2019,32,AGOSTO,MX,100,40
2019,32,AGOSTO,MX,200,74
2019,32,AGOSTO,SP,10,5
2019,32,AGOSTO,SP,30,9
2019,32,AGOSTO,SP,50,15
2019,32,AGOSTO,SP,100,35
2019,32,AGOSTO,SP,200,75
2019,32,AGOSTO,CL,10,4
2019,32,AGOSTO,CL,30,8
2019,32,AGOSTO,CL,50,12
2019,32,AGOSTO,CL,100,24
2019,32,AGOSTO,CL,200,51
2019,32,AGOSTO,AR,10,3
2019,32,AGOSTO,AR,30,9
2019,32,AGOSTO,AR,50,16
2019,32,AGOSTO,AR,100,28
2019,32,AGOSTO,AR,200,49
2019,32,AGOSTO,BR,10,1
2019,32,AGOSTO,BR,30,6
2019,32,AGOSTO,BR,50,13
2019,32,AGOSTO,BR,100,28
2019,32,AGOSTO,BR,200,53
2019,32,AGOSTO,PT,10,5
2019,32,AGOSTO,PT,30,9
2019,32,AGOSTO,PT,50,14
2019,32,AGOSTO,PT,100,31
2019,32,AGOSTO,PT,200,71
2019,33,AGOSTO,CO,10,3
2019,33,AGOSTO,CO,30,7
2019,33,AGOSTO,CO,50,15
2019,33,AGOSTO,CO,100,35
2019,33,AGOSTO,CO,200,72
2019,33,AGOSTO,PE,10,3
2019,33,AGOSTO,PE,30,8
2019,33,AGOSTO,PE,50,14
2019,33,AGOSTO,PE,100,27
2019,33,AGOSTO,PE,200,60
2019,33,AGOSTO,EC,10,3
2019,33,AGOSTO,EC,30,8
2019,33,AGOSTO,EC,50,8
2019,33,AGOSTO,EC,100,31
2019,33,AGOSTO,EC,200,68
2019,33,AGOSTO,PN,10,2
2019,33,AGOSTO,PN,30,8
2019,33,AGOSTO,PN,50,12
2019,33,AGOSTO,PN,100,27
2019,33,AGOSTO,PN,200,56
2019,33,AGOSTO,CR,10,2
2019,33,AGOSTO,CR,30,6
2019,33,AGOSTO,CR,50,15
2019,33,AGOSTO,CR,100,36
2019,33,AGOSTO,CR,200,74
2019,33,AGOSTO,GT,10,3
2019,33,AGOSTO,GT,30,7
2019,33,AGOSTO,GT,50,11
2019,33,AGOSTO,GT,100,32
2019,33,AGOSTO,GT,200,72
2019,33,AGOSTO,SV,10,2
2019,33,AGOSTO,SV,30,7
2019,33,AGOSTO,SV,50,15
2019,33,AGOSTO,SV,100,34
2019,33,AGOSTO,SV,200,69
2019,33,AGOSTO,HN,10,3
2019,33,AGOSTO,HN,30,7
2019,33,AGOSTO,HN,50,14
2019,33,AGOSTO,HN,100,35
2019,33,AGOSTO,HN,200,72
2019,33,AGOSTO,NI,10,2
2019,33,AGOSTO,NI,30,7
2019,33,AGOSTO,NI,50,13
2019,33,AGOSTO,NI,100,34
2019,33,AGOSTO,NI,200,71
2019,33,AGOSTO,DO,10,3
2019,33,AGOSTO,DO,30,5
2019,33,AGOSTO,DO,50,9
2019,33,AGOSTO,DO,100,24
2019,33,AGOSTO,DO,200,44
2019,33,AGOSTO,MX,10,3
2019,33,AGOSTO,MX,30,10
2019,33,AGOSTO,MX,50,16
2019,33,AGOSTO,MX,100,38
2019,33,AGOSTO,MX,200,72
2019,33,AGOSTO,SP,10,5
2019,33,AGOSTO,SP,30,9
2019,33,AGOSTO,SP,50,15
2019,33,AGOSTO,SP,100,33
2019,33,AGOSTO,SP,200,74
2019,33,AGOSTO,CL,10,4
2019,33,AGOSTO,CL,30,7
2019,33,AGOSTO,CL,50,11
2019,33,AGOSTO,CL,100,19
2019,33,AGOSTO,CL,200,52
2019,33,AGOSTO,AR,10,3
2019,33,AGOSTO,AR,30,8
2019,33,AGOSTO,AR,50,15
2019,33,AGOSTO,AR,100,25
2019,33,AGOSTO,AR,200,47
2019,33,AGOSTO,BR,10,1
2019,33,AGOSTO,BR,30,6
2019,33,AGOSTO,BR,50,10
2019,33,AGOSTO,BR,100,26
2019,33,AGOSTO,BR,200,52
2019,33,AGOSTO,PT,10,6
2019,33,AGOSTO,PT,30,9
2019,33,AGOSTO,PT,50,13
2019,33,AGOSTO,PT,100,31
2019,33,AGOSTO,PT,200,76
2019,34,AGOSTO,CO,10,3
2019,34,AGOSTO,CO,30,7
2019,34,AGOSTO,CO,50,15
2019,34,AGOSTO,CO,100,33
2019,34,AGOSTO,CO,200,68
2019,34,AGOSTO,PE,10,3
2019,34,AGOSTO,PE,30,7
2019,34,AGOSTO,PE,50,14
2019,34,AGOSTO,PE,100,24
2019,34,AGOSTO,PE,200,57
2019,34,AGOSTO,EC,10,3
2019,34,AGOSTO,EC,30,8
2019,34,AGOSTO,EC,50,8
2019,34,AGOSTO,EC,100,29
2019,34,AGOSTO,EC,200,69
2019,34,AGOSTO,PN,10,2
2019,34,AGOSTO,PN,30,7
2019,34,AGOSTO,PN,50,12
2019,34,AGOSTO,PN,100,26
2019,34,AGOSTO,PN,200,55
2019,34,AGOSTO,CR,10,2
2019,34,AGOSTO,CR,30,5
2019,34,AGOSTO,CR,50,13
2019,34,AGOSTO,CR,100,37
2019,34,AGOSTO,CR,200,73
2019,34,AGOSTO,GT,10,3
2019,34,AGOSTO,GT,30,6
2019,34,AGOSTO,GT,50,11
2019,34,AGOSTO,GT,100,29
2019,34,AGOSTO,GT,200,71
2019,34,AGOSTO,SV,10,2
2019,34,AGOSTO,SV,30,7
2019,34,AGOSTO,SV,50,14
2019,34,AGOSTO,SV,100,35
2019,34,AGOSTO,SV,200,66
2019,34,AGOSTO,HN,10,3
2019,34,AGOSTO,HN,30,7
2019,34,AGOSTO,HN,50,13
2019,34,AGOSTO,HN,100,34
2019,34,AGOSTO,HN,200,71
2019,34,AGOSTO,NI,10,2
2019,34,AGOSTO,NI,30,7
2019,34,AGOSTO,NI,50,13
2019,34,AGOSTO,NI,100,32
2019,34,AGOSTO,NI,200,54
2019,34,AGOSTO,DO,10,3
2019,34,AGOSTO,DO,30,4
2019,34,AGOSTO,DO,50,9
2019,34,AGOSTO,DO,100,21
2019,34,AGOSTO,DO,200,41
2019,34,AGOSTO,MX,10,3
2019,34,AGOSTO,MX,30,10
2019,34,AGOSTO,MX,50,17
2019,34,AGOSTO,MX,100,36
2019,34,AGOSTO,MX,200,73
2019,34,AGOSTO,SP,10,4
2019,34,AGOSTO,SP,30,7
2019,34,AGOSTO,SP,50,14
2019,34,AGOSTO,SP,100,32
2019,34,AGOSTO,SP,200,71
2019,34,AGOSTO,CL,10,4
2019,34,AGOSTO,CL,30,5
2019,34,AGOSTO,CL,50,10
2019,34,AGOSTO,CL,100,18
2019,34,AGOSTO,CL,200,49
2019,34,AGOSTO,AR,10,3
2019,34,AGOSTO,AR,30,7
2019,34,AGOSTO,AR,50,13
2019,34,AGOSTO,AR,100,25
2019,34,AGOSTO,AR,200,47
2019,34,AGOSTO,BR,10,0
2019,34,AGOSTO,BR,30,6
2019,34,AGOSTO,BR,50,9
2019,34,AGOSTO,BR,100,26
2019,34,AGOSTO,BR,200,50
2019,34,AGOSTO,PT,10,5
2019,34,AGOSTO,PT,30,9
2019,34,AGOSTO,PT,50,15
2019,34,AGOSTO,PT,100,31
2019,34,AGOSTO,PT,200,74
2019,35,AGOSTO,CO,10,3
2019,35,AGOSTO,CO,30,8
2019,35,AGOSTO,CO,50,14
2019,35,AGOSTO,CO,100,34
2019,35,AGOSTO,CO,200,70
2019,35,AGOSTO,PE,10,3
2019,35,AGOSTO,PE,30,8
2019,35,AGOSTO,PE,50,15
2019,35,AGOSTO,PE,100,24
2019,35,AGOSTO,PE,200,58
2019,35,AGOSTO,EC,10,3
2019,35,AGOSTO,EC,30,9
2019,35,AGOSTO,EC,50,9
2019,35,AGOSTO,EC,100,30
2019,35,AGOSTO,EC,200,71
2019,35,AGOSTO,PN,10,2
2019,35,AGOSTO,PN,30,7
2019,35,AGOSTO,PN,50,13
2019,35,AGOSTO,PN,100,23
2019,35,AGOSTO,PN,200,55
2019,35,AGOSTO,CR,10,2
2019,35,AGOSTO,CR,30,5
2019,35,AGOSTO,CR,50,12
2019,35,AGOSTO,CR,100,36
2019,35,AGOSTO,CR,200,74
2019,35,AGOSTO,GT,10,3
2019,35,AGOSTO,GT,30,7
2019,35,AGOSTO,GT,50,13
2019,35,AGOSTO,GT,100,30
2019,35,AGOSTO,GT,200,70
2019,35,AGOSTO,SV,10,2
2019,35,AGOSTO,SV,30,8
2019,35,AGOSTO,SV,50,16
2019,35,AGOSTO,SV,100,37
2019,35,AGOSTO,SV,200,71
2019,35,AGOSTO,HN,10,3
2019,35,AGOSTO,HN,30,8
2019,35,AGOSTO,HN,50,13
2019,35,AGOSTO,HN,100,34
2019,35,AGOSTO,HN,200,71
2019,35,AGOSTO,NI,10,1
2019,35,AGOSTO,NI,30,2
2019,35,AGOSTO,NI,50,3
2019,35,AGOSTO,NI,100,5
2019,35,AGOSTO,NI,200,18
2019,35,AGOSTO,DO,10,4
2019,35,AGOSTO,DO,30,6
2019,35,AGOSTO,DO,50,10
2019,35,AGOSTO,DO,100,21
2019,35,AGOSTO,DO,200,45
2019,35,AGOSTO,MX,10,4
2019,35,AGOSTO,MX,30,11
2019,35,AGOSTO,MX,50,17
2019,35,AGOSTO,MX,100,36
2019,35,AGOSTO,MX,200,75
2019,35,AGOSTO,SP,10,3
2019,35,AGOSTO,SP,30,8
2019,35,AGOSTO,SP,50,15
2019,35,AGOSTO,SP,100,33
2019,35,AGOSTO,SP,200,71
2019,35,AGOSTO,CL,10,5
2019,35,AGOSTO,CL,30,6
2019,35,AGOSTO,CL,50,11
2019,35,AGOSTO,CL,100,19
2019,35,AGOSTO,CL,200,46
2019,35,AGOSTO,AR,10,3
2019,35,AGOSTO,AR,30,7
2019,35,AGOSTO,AR,50,14
2019,35,AGOSTO,AR,100,24
2019,35,AGOSTO,AR,200,48
2019,35,AGOSTO,BR,10,0
2019,35,AGOSTO,BR,30,6
2019,35,AGOSTO,BR,50,8
2019,35,AGOSTO,BR,100,27
2019,35,AGOSTO,BR,200,56
2019,35,AGOSTO,PT,10,4
2019,35,AGOSTO,PT,30,9
2019,35,AGOSTO,PT,50,13
2019,35,AGOSTO,PT,100,31
2019,35,AGOSTO,PT,200,73
2019,36,SEPTIEMBRE,CO,10,3
2019,36,SEPTIEMBRE,CO,30,9
2019,36,SEPTIEMBRE,CO,50,15
2019,36,SEPTIEMBRE,CO,100,35
2019,36,SEPTIEMBRE,CO,200,72
2019,36,SEPTIEMBRE,PE,10,3
2019,36,SEPTIEMBRE,PE,30,8
2019,36,SEPTIEMBRE,PE,50,15
2019,36,SEPTIEMBRE,PE,100,23
2019,36,SEPTIEMBRE,PE,200,60
2019,36,SEPTIEMBRE,EC,10,3
2019,36,SEPTIEMBRE,EC,30,10
2019,36,SEPTIEMBRE,EC,50,10
2019,36,SEPTIEMBRE,EC,100,32
2019,36,SEPTIEMBRE,EC,200,71
2019,36,SEPTIEMBRE,PN,10,2
2019,36,SEPTIEMBRE,PN,30,8
2019,36,SEPTIEMBRE,PN,50,15
2019,36,SEPTIEMBRE,PN,100,25
2019,36,SEPTIEMBRE,PN,200,54
2019,36,SEPTIEMBRE,CR,10,2
2019,36,SEPTIEMBRE,CR,30,5
2019,36,SEPTIEMBRE,CR,50,13
2019,36,SEPTIEMBRE,CR,100,36
2019,36,SEPTIEMBRE,CR,200,75
2019,36,SEPTIEMBRE,GT,10,3
2019,36,SEPTIEMBRE,GT,30,7
2019,36,SEPTIEMBRE,GT,50,15
2019,36,SEPTIEMBRE,GT,100,33
2019,36,SEPTIEMBRE,GT,200,69
2019,36,SEPTIEMBRE,SV,10,3
2019,36,SEPTIEMBRE,SV,30,7
2019,36,SEPTIEMBRE,SV,50,17
2019,36,SEPTIEMBRE,SV,100,35
2019,36,SEPTIEMBRE,SV,200,69
2019,36,SEPTIEMBRE,HN,10,3
2019,36,SEPTIEMBRE,HN,30,7
2019,36,SEPTIEMBRE,HN,50,13
2019,36,SEPTIEMBRE,HN,100,36
2019,36,SEPTIEMBRE,HN,200,72
2019,36,SEPTIEMBRE,NI,10,2
2019,36,SEPTIEMBRE,NI,30,4
2019,36,SEPTIEMBRE,NI,50,4
2019,36,SEPTIEMBRE,NI,100,12
2019,36,SEPTIEMBRE,NI,200,27
2019,36,SEPTIEMBRE,DO,10,4
2019,36,SEPTIEMBRE,DO,30,6
2019,36,SEPTIEMBRE,DO,50,11
2019,36,SEPTIEMBRE,DO,100,24
2019,36,SEPTIEMBRE,DO,200,46
2019,36,SEPTIEMBRE,MX,10,4
2019,36,SEPTIEMBRE,MX,30,11
2019,36,SEPTIEMBRE,MX,50,18
2019,36,SEPTIEMBRE,MX,100,38
2019,36,SEPTIEMBRE,MX,200,75
2019,36,SEPTIEMBRE,SP,10,3
2019,36,SEPTIEMBRE,SP,30,8
2019,36,SEPTIEMBRE,SP,50,15
2019,36,SEPTIEMBRE,SP,100,34
2019,36,SEPTIEMBRE,SP,200,69
2019,36,SEPTIEMBRE,CL,10,4
2019,36,SEPTIEMBRE,CL,30,7
2019,36,SEPTIEMBRE,CL,50,13
2019,36,SEPTIEMBRE,CL,100,20
2019,36,SEPTIEMBRE,CL,200,49
2019,36,SEPTIEMBRE,AR,10,2
2019,36,SEPTIEMBRE,AR,30,7
2019,36,SEPTIEMBRE,AR,50,14
2019,36,SEPTIEMBRE,AR,100,23
2019,36,SEPTIEMBRE,AR,200,46
2019,36,SEPTIEMBRE,BR,10,0
2019,36,SEPTIEMBRE,BR,30,6
2019,36,SEPTIEMBRE,BR,50,8
2019,36,SEPTIEMBRE,BR,100,23
2019,36,SEPTIEMBRE,BR,200,54
2019,36,SEPTIEMBRE,PT,10,4
2019,36,SEPTIEMBRE,PT,30,9
2019,36,SEPTIEMBRE,PT,50,13
2019,36,SEPTIEMBRE,PT,100,33
2019,36,SEPTIEMBRE,PT,200,81
2019,37,SEPTIEMBRE,CO,10,5
2019,37,SEPTIEMBRE,CO,30,9
2019,37,SEPTIEMBRE,CO,50,15
2019,37,SEPTIEMBRE,CO,100,35
2019,37,SEPTIEMBRE,CO,200,70
2019,37,SEPTIEMBRE,PE,10,3
2019,37,SEPTIEMBRE,PE,30,8
2019,37,SEPTIEMBRE,PE,50,16
2019,37,SEPTIEMBRE,PE,100,24
2019,37,SEPTIEMBRE,PE,200,60
2019,37,SEPTIEMBRE,EC,10,3
2019,37,SEPTIEMBRE,EC,30,10
2019,37,SEPTIEMBRE,EC,50,10
2019,37,SEPTIEMBRE,EC,100,33
2019,37,SEPTIEMBRE,EC,200,73
2019,37,SEPTIEMBRE,PN,10,3
2019,37,SEPTIEMBRE,PN,30,7
2019,37,SEPTIEMBRE,PN,50,14
2019,37,SEPTIEMBRE,PN,100,28
2019,37,SEPTIEMBRE,PN,200,61
2019,37,SEPTIEMBRE,CR,10,3
2019,37,SEPTIEMBRE,CR,30,5
2019,37,SEPTIEMBRE,CR,50,12
2019,37,SEPTIEMBRE,CR,100,35
2019,37,SEPTIEMBRE,CR,200,78
2019,37,SEPTIEMBRE,GT,10,4
2019,37,SEPTIEMBRE,GT,30,9
2019,37,SEPTIEMBRE,GT,50,15
2019,37,SEPTIEMBRE,GT,100,32
2019,37,SEPTIEMBRE,GT,200,70
2019,37,SEPTIEMBRE,SV,10,4
2019,37,SEPTIEMBRE,SV,30,7
2019,37,SEPTIEMBRE,SV,50,18
2019,37,SEPTIEMBRE,SV,100,33
2019,37,SEPTIEMBRE,SV,200,74
2019,37,SEPTIEMBRE,HN,10,4
2019,37,SEPTIEMBRE,HN,30,7
2019,37,SEPTIEMBRE,HN,50,15
2019,37,SEPTIEMBRE,HN,100,35
2019,37,SEPTIEMBRE,HN,200,73
2019,37,SEPTIEMBRE,NI,10,4
2019,37,SEPTIEMBRE,NI,30,7
2019,37,SEPTIEMBRE,NI,50,12
2019,37,SEPTIEMBRE,NI,100,32
2019,37,SEPTIEMBRE,NI,200,66
2019,37,SEPTIEMBRE,DO,10,4
2019,37,SEPTIEMBRE,DO,30,6
2019,37,SEPTIEMBRE,DO,50,10
2019,37,SEPTIEMBRE,DO,100,25
2019,37,SEPTIEMBRE,DO,200,51
2019,37,SEPTIEMBRE,MX,10,4
2019,37,SEPTIEMBRE,MX,30,10
2019,37,SEPTIEMBRE,MX,50,19
2019,37,SEPTIEMBRE,MX,100,37
2019,37,SEPTIEMBRE,MX,200,76
2019,37,SEPTIEMBRE,SP,10,2
2019,37,SEPTIEMBRE,SP,30,9
2019,37,SEPTIEMBRE,SP,50,16
2019,37,SEPTIEMBRE,SP,100,34
2019,37,SEPTIEMBRE,SP,200,68
2019,37,SEPTIEMBRE,CL,10,3
2019,37,SEPTIEMBRE,CL,30,8
2019,37,SEPTIEMBRE,CL,50,12
2019,37,SEPTIEMBRE,CL,100,20
2019,37,SEPTIEMBRE,CL,200,48
2019,37,SEPTIEMBRE,AR,10,1
2019,37,SEPTIEMBRE,AR,30,8
2019,37,SEPTIEMBRE,AR,50,15
2019,37,SEPTIEMBRE,AR,100,24
2019,37,SEPTIEMBRE,AR,200,47
2019,37,SEPTIEMBRE,BR,10,0
2019,37,SEPTIEMBRE,BR,30,6
2019,37,SEPTIEMBRE,BR,50,10
2019,37,SEPTIEMBRE,BR,100,22
2019,37,SEPTIEMBRE,BR,200,53
2019,37,SEPTIEMBRE,PT,10,4
2019,37,SEPTIEMBRE,PT,30,10
2019,37,SEPTIEMBRE,PT,50,17
2019,37,SEPTIEMBRE,PT,100,38
2019,37,SEPTIEMBRE,PT,200,86
2019,38,SEPTIEMBRE,CO,10,6
2019,38,SEPTIEMBRE,CO,30,9
2019,38,SEPTIEMBRE,CO,50,15
2019,38,SEPTIEMBRE,CO,100,33
2019,38,SEPTIEMBRE,CO,200,73
2019,38,SEPTIEMBRE,PE,10,4
2019,38,SEPTIEMBRE,PE,30,9
2019,38,SEPTIEMBRE,PE,50,15
2019,38,SEPTIEMBRE,PE,100,27
2019,38,SEPTIEMBRE,PE,200,61
2019,38,SEPTIEMBRE,EC,10,3
2019,38,SEPTIEMBRE,EC,30,11
2019,38,SEPTIEMBRE,EC,50,11
2019,38,SEPTIEMBRE,EC,100,33
2019,38,SEPTIEMBRE,EC,200,72
2019,38,SEPTIEMBRE,PN,10,3
2019,38,SEPTIEMBRE,PN,30,7
2019,38,SEPTIEMBRE,PN,50,15
2019,38,SEPTIEMBRE,PN,100,30
2019,38,SEPTIEMBRE,PN,200,60
2019,38,SEPTIEMBRE,CR,10,3
2019,38,SEPTIEMBRE,CR,30,6
2019,38,SEPTIEMBRE,CR,50,13
2019,38,SEPTIEMBRE,CR,100,33
2019,38,SEPTIEMBRE,CR,200,75
2019,38,SEPTIEMBRE,GT,10,4
2019,38,SEPTIEMBRE,GT,30,10
2019,38,SEPTIEMBRE,GT,50,15
2019,38,SEPTIEMBRE,GT,100,33
2019,38,SEPTIEMBRE,GT,200,69
2019,38,SEPTIEMBRE,SV,10,4
2019,38,SEPTIEMBRE,SV,30,10
2019,38,SEPTIEMBRE,SV,50,18
2019,38,SEPTIEMBRE,SV,100,33
2019,38,SEPTIEMBRE,SV,200,70
2019,38,SEPTIEMBRE,HN,10,4
2019,38,SEPTIEMBRE,HN,30,8
2019,38,SEPTIEMBRE,HN,50,14
2019,38,SEPTIEMBRE,HN,100,35
2019,38,SEPTIEMBRE,HN,200,69
2019,38,SEPTIEMBRE,NI,10,3
2019,38,SEPTIEMBRE,NI,30,7
2019,38,SEPTIEMBRE,NI,50,14
2019,38,SEPTIEMBRE,NI,100,34
2019,38,SEPTIEMBRE,NI,200,68
2019,38,SEPTIEMBRE,DO,10,4
2019,38,SEPTIEMBRE,DO,30,6
2019,38,SEPTIEMBRE,DO,50,9
2019,38,SEPTIEMBRE,DO,100,25
2019,38,SEPTIEMBRE,DO,200,49
2019,38,SEPTIEMBRE,MX,10,4
2019,38,SEPTIEMBRE,MX,30,9
2019,38,SEPTIEMBRE,MX,50,20
2019,38,SEPTIEMBRE,MX,100,37
2019,38,SEPTIEMBRE,MX,200,76
2019,38,SEPTIEMBRE,SP,10,1
2019,38,SEPTIEMBRE,SP,30,8
2019,38,SEPTIEMBRE,SP,50,14
2019,38,SEPTIEMBRE,SP,100,34
2019,38,SEPTIEMBRE,SP,200,69
2019,38,SEPTIEMBRE,CL,10,4
2019,38,SEPTIEMBRE,CL,30,7
2019,38,SEPTIEMBRE,CL,50,11
2019,38,SEPTIEMBRE,CL,100,20
2019,38,SEPTIEMBRE,CL,200,44
2019,38,SEPTIEMBRE,AR,10,2
2019,38,SEPTIEMBRE,AR,30,8
2019,38,SEPTIEMBRE,AR,50,15
2019,38,SEPTIEMBRE,AR,100,24
2019,38,SEPTIEMBRE,AR,200,47
2019,38,SEPTIEMBRE,BR,10,1
2019,38,SEPTIEMBRE,BR,30,8
2019,38,SEPTIEMBRE,BR,50,11
2019,38,SEPTIEMBRE,BR,100,22
2019,38,SEPTIEMBRE,BR,200,53
2019,38,SEPTIEMBRE,PT,10,3
2019,38,SEPTIEMBRE,PT,30,11
2019,38,SEPTIEMBRE,PT,50,16
2019,38,SEPTIEMBRE,PT,100,34
2019,38,SEPTIEMBRE,PT,200,82
2019,39,SEPTIEMBRE,CO,10,6
2019,39,SEPTIEMBRE,CO,30,9
2019,39,SEPTIEMBRE,CO,50,13
2019,39,SEPTIEMBRE,CO,100,32
2019,39,SEPTIEMBRE,CO,200,66
2019,39,SEPTIEMBRE,PE,10,3
2019,39,SEPTIEMBRE,PE,30,9
2019,39,SEPTIEMBRE,PE,50,16
2019,39,SEPTIEMBRE,PE,100,27
2019,39,SEPTIEMBRE,PE,200,61
2019,39,SEPTIEMBRE,EC,10,4
2019,39,SEPTIEMBRE,EC,30,10
2019,39,SEPTIEMBRE,EC,50,10
2019,39,SEPTIEMBRE,EC,100,31
2019,39,SEPTIEMBRE,EC,200,68
2019,39,SEPTIEMBRE,PN,10,4
2019,39,SEPTIEMBRE,PN,30,7
2019,39,SEPTIEMBRE,PN,50,13
2019,39,SEPTIEMBRE,PN,100,27
2019,39,SEPTIEMBRE,PN,200,60
2019,39,SEPTIEMBRE,CR,10,3
2019,39,SEPTIEMBRE,CR,30,6
2019,39,SEPTIEMBRE,CR,50,12
2019,39,SEPTIEMBRE,CR,100,35
2019,39,SEPTIEMBRE,CR,200,75
2019,39,SEPTIEMBRE,GT,10,4
2019,39,SEPTIEMBRE,GT,30,9
2019,39,SEPTIEMBRE,GT,50,13
2019,39,SEPTIEMBRE,GT,100,33
2019,39,SEPTIEMBRE,GT,200,71
2019,39,SEPTIEMBRE,SV,10,4
2019,39,SEPTIEMBRE,SV,30,10
2019,39,SEPTIEMBRE,SV,50,16
2019,39,SEPTIEMBRE,SV,100,33
2019,39,SEPTIEMBRE,SV,200,73
2019,39,SEPTIEMBRE,HN,10,4
2019,39,SEPTIEMBRE,HN,30,7
2019,39,SEPTIEMBRE,HN,50,13
2019,39,SEPTIEMBRE,HN,100,33
2019,39,SEPTIEMBRE,HN,200,69
2019,39,SEPTIEMBRE,NI,10,3
2019,39,SEPTIEMBRE,NI,30,6
2019,39,SEPTIEMBRE,NI,50,14
2019,39,SEPTIEMBRE,NI,100,29
2019,39,SEPTIEMBRE,NI,200,66
2019,39,SEPTIEMBRE,DO,10,3
2019,39,SEPTIEMBRE,DO,30,5
2019,39,SEPTIEMBRE,DO,50,9
2019,39,SEPTIEMBRE,DO,100,19
2019,39,SEPTIEMBRE,DO,200,46
2019,39,SEPTIEMBRE,MX,10,4
2019,39,SEPTIEMBRE,MX,30,11
2019,39,SEPTIEMBRE,MX,50,19
2019,39,SEPTIEMBRE,MX,100,35
2019,39,SEPTIEMBRE,MX,200,74
2019,39,SEPTIEMBRE,SP,10,1
2019,39,SEPTIEMBRE,SP,30,7
2019,39,SEPTIEMBRE,SP,50,14
2019,39,SEPTIEMBRE,SP,100,29
2019,39,SEPTIEMBRE,SP,200,66
2019,39,SEPTIEMBRE,CL,10,4
2019,39,SEPTIEMBRE,CL,30,7
2019,39,SEPTIEMBRE,CL,50,10
2019,39,SEPTIEMBRE,CL,100,21
2019,39,SEPTIEMBRE,CL,200,48
2019,39,SEPTIEMBRE,AR,10,3
2019,39,SEPTIEMBRE,AR,30,8
2019,39,SEPTIEMBRE,AR,50,14
2019,39,SEPTIEMBRE,AR,100,24
2019,39,SEPTIEMBRE,AR,200,46
2019,39,SEPTIEMBRE,BR,10,0
2019,39,SEPTIEMBRE,BR,30,8
2019,39,SEPTIEMBRE,BR,50,11
2019,39,SEPTIEMBRE,BR,100,22
2019,39,SEPTIEMBRE,BR,200,52
2019,39,SEPTIEMBRE,PT,10,2
2019,39,SEPTIEMBRE,PT,30,8
2019,39,SEPTIEMBRE,PT,50,14
2019,39,SEPTIEMBRE,PT,100,30
2019,39,SEPTIEMBRE,PT,200,73
2019,40,OCTUBRE,CO,10,5
2019,40,OCTUBRE,CO,30,9
2019,40,OCTUBRE,CO,50,12
2019,40,OCTUBRE,CO,100,31
2019,40,OCTUBRE,CO,200,66
2019,40,OCTUBRE,PE,10,4
2019,40,OCTUBRE,PE,30,9
2019,40,OCTUBRE,PE,50,16
2019,40,OCTUBRE,PE,100,27
2019,40,OCTUBRE,PE,200,60
2019,40,OCTUBRE,EC,10,5
2019,40,OCTUBRE,EC,30,9
2019,40,OCTUBRE,EC,50,9
2019,40,OCTUBRE,EC,100,32
2019,40,OCTUBRE,EC,200,68
2019,40,OCTUBRE,PN,10,3
2019,40,OCTUBRE,PN,30,7
2019,40,OCTUBRE,PN,50,13
2019,40,OCTUBRE,PN,100,24
2019,40,OCTUBRE,PN,200,57
2019,40,OCTUBRE,CR,10,3
2019,40,OCTUBRE,CR,30,7
2019,40,OCTUBRE,CR,50,11
2019,40,OCTUBRE,CR,100,33
2019,40,OCTUBRE,CR,200,70
2019,40,OCTUBRE,GT,10,4
2019,40,OCTUBRE,GT,30,9
2019,40,OCTUBRE,GT,50,14
2019,40,OCTUBRE,GT,100,31
2019,40,OCTUBRE,GT,200,68
2019,40,OCTUBRE,SV,10,3
2019,40,OCTUBRE,SV,30,8
2019,40,OCTUBRE,SV,50,15
2019,40,OCTUBRE,SV,100,31
2019,40,OCTUBRE,SV,200,72
2019,40,OCTUBRE,HN,10,4
2019,40,OCTUBRE,HN,30,6
2019,40,OCTUBRE,HN,50,11
2019,40,OCTUBRE,HN,100,33
2019,40,OCTUBRE,HN,200,66
2019,40,OCTUBRE,NI,10,4
2019,40,OCTUBRE,NI,30,6
2019,40,OCTUBRE,NI,50,12
2019,40,OCTUBRE,NI,100,29
2019,40,OCTUBRE,NI,200,66
2019,40,OCTUBRE,DO,10,4
2019,40,OCTUBRE,DO,30,5
2019,40,OCTUBRE,DO,50,8
2019,40,OCTUBRE,DO,100,19
2019,40,OCTUBRE,DO,200,46
2019,40,OCTUBRE,MX,10,4
2019,40,OCTUBRE,MX,30,11
2019,40,OCTUBRE,MX,50,17
2019,40,OCTUBRE,MX,100,30
2019,40,OCTUBRE,MX,200,68
2019,40,OCTUBRE,SP,10,1
2019,40,OCTUBRE,SP,30,6
2019,40,OCTUBRE,SP,50,12
2019,40,OCTUBRE,SP,100,28
2019,40,OCTUBRE,SP,200,65
2019,40,OCTUBRE,CL,10,4
2019,40,OCTUBRE,CL,30,6
2019,40,OCTUBRE,CL,50,10
2019,40,OCTUBRE,CL,100,22
2019,40,OCTUBRE,CL,200,45
2019,40,OCTUBRE,AR,10,3
2019,40,OCTUBRE,AR,30,7
2019,40,OCTUBRE,AR,50,13
2019,40,OCTUBRE,AR,100,23
2019,40,OCTUBRE,AR,200,46
2019,40,OCTUBRE,BR,10,0
2019,40,OCTUBRE,BR,30,8
2019,40,OCTUBRE,BR,50,11
2019,40,OCTUBRE,BR,100,21
2019,40,OCTUBRE,BR,200,51
2019,40,OCTUBRE,PT,10,2
2019,40,OCTUBRE,PT,30,10
2019,40,OCTUBRE,PT,50,13
2019,40,OCTUBRE,PT,100,29
2019,40,OCTUBRE,PT,200,75
2019,41,OCTUBRE,CO,10,5
2019,41,OCTUBRE,CO,30,8
2019,41,OCTUBRE,CO,50,12
2019,41,OCTUBRE,CO,100,30
2019,41,OCTUBRE,CO,200,66
2019,41,OCTUBRE,PE,10,4
2019,41,OCTUBRE,PE,30,9
2019,41,OCTUBRE,PE,50,15
2019,41,OCTUBRE,PE,100,25
2019,41,OCTUBRE,PE,200,59
2019,41,OCTUBRE,EC,10,5
2019,41,OCTUBRE,EC,30,9
2019,41,OCTUBRE,EC,50,9
2019,41,OCTUBRE,EC,100,31
2019,41,OCTUBRE,EC,200,67
2019,41,OCTUBRE,PN,10,4
2019,41,OCTUBRE,PN,30,7
2019,41,OCTUBRE,PN,50,12
2019,41,OCTUBRE,PN,100,22
2019,41,OCTUBRE,PN,200,59
2019,41,OCTUBRE,CR,10,3
2019,41,OCTUBRE,CR,30,7
2019,41,OCTUBRE,CR,50,11
2019,41,OCTUBRE,CR,100,28
2019,41,OCTUBRE,CR,200,69
2019,41,OCTUBRE,GT,10,4
2019,41,OCTUBRE,GT,30,8
2019,41,OCTUBRE,GT,50,12
2019,41,OCTUBRE,GT,100,29
2019,41,OCTUBRE,GT,200,65
2019,41,OCTUBRE,SV,10,3
2019,41,OCTUBRE,SV,30,7
2019,41,OCTUBRE,SV,50,13
2019,41,OCTUBRE,SV,100,30
2019,41,OCTUBRE,SV,200,72
2019,41,OCTUBRE,HN,10,4
2019,41,OCTUBRE,HN,30,5
2019,41,OCTUBRE,HN,50,12
2019,41,OCTUBRE,HN,100,32
2019,41,OCTUBRE,HN,200,67
2019,41,OCTUBRE,NI,10,4
2019,41,OCTUBRE,NI,30,6
2019,41,OCTUBRE,NI,50,11
2019,41,OCTUBRE,NI,100,28
2019,41,OCTUBRE,NI,200,66
2019,41,OCTUBRE,DO,10,3
2019,41,OCTUBRE,DO,30,5
2019,41,OCTUBRE,DO,50,8
2019,41,OCTUBRE,DO,100,20
2019,41,OCTUBRE,DO,200,45
2019,41,OCTUBRE,MX,10,5
2019,41,OCTUBRE,MX,30,12
2019,41,OCTUBRE,MX,50,18
2019,41,OCTUBRE,MX,100,34
2019,41,OCTUBRE,MX,200,69
2019,41,OCTUBRE,SP,10,1
2019,41,OCTUBRE,SP,30,6
2019,41,OCTUBRE,SP,50,11
2019,41,OCTUBRE,SP,100,29
2019,41,OCTUBRE,SP,200,64
2019,41,OCTUBRE,CL,10,4
2019,41,OCTUBRE,CL,30,6
2019,41,OCTUBRE,CL,50,9
2019,41,OCTUBRE,CL,100,21
2019,41,OCTUBRE,CL,200,49
2019,41,OCTUBRE,AR,10,3
2019,41,OCTUBRE,AR,30,6
2019,41,OCTUBRE,AR,50,11
2019,41,OCTUBRE,AR,100,22
2019,41,OCTUBRE,AR,200,45
2019,41,OCTUBRE,BR,10,1
2019,41,OCTUBRE,BR,30,7
2019,41,OCTUBRE,BR,50,12
2019,41,OCTUBRE,BR,100,24
2019,41,OCTUBRE,BR,200,52
2019,41,OCTUBRE,PT,10,1
2019,41,OCTUBRE,PT,30,8
2019,41,OCTUBRE,PT,50,13
2019,41,OCTUBRE,PT,100,30
2019,41,OCTUBRE,PT,200,74
2019,42,OCTUBRE,CO,10,4
2019,42,OCTUBRE,CO,30,8
2019,42,OCTUBRE,CO,50,12
2019,42,OCTUBRE,CO,100,30
2019,42,OCTUBRE,CO,200,63
2019,42,OCTUBRE,PE,10,4
2019,42,OCTUBRE,PE,30,9
2019,42,OCTUBRE,PE,50,14
2019,42,OCTUBRE,PE,100,25
2019,42,OCTUBRE,PE,200,58
2019,42,OCTUBRE,EC,10,5
2019,42,OCTUBRE,EC,30,9
2019,42,OCTUBRE,EC,50,9
2019,42,OCTUBRE,EC,100,30
2019,42,OCTUBRE,EC,200,66
2019,42,OCTUBRE,PN,10,4
2019,42,OCTUBRE,PN,30,6
2019,42,OCTUBRE,PN,50,10
2019,42,OCTUBRE,PN,100,21
2019,42,OCTUBRE,PN,200,55
2019,42,OCTUBRE,CR,10,3
2019,42,OCTUBRE,CR,30,7
2019,42,OCTUBRE,CR,50,12
2019,42,OCTUBRE,CR,100,30
2019,42,OCTUBRE,CR,200,70
2019,42,OCTUBRE,GT,10,3
2019,42,OCTUBRE,GT,30,8
2019,42,OCTUBRE,GT,50,12
2019,42,OCTUBRE,GT,100,28
2019,42,OCTUBRE,GT,200,65
2019,42,OCTUBRE,SV,10,3
2019,42,OCTUBRE,SV,30,8
2019,42,OCTUBRE,SV,50,14
2019,42,OCTUBRE,SV,100,30
2019,42,OCTUBRE,SV,200,68
2019,42,OCTUBRE,HN,10,4
2019,42,OCTUBRE,HN,30,6
2019,42,OCTUBRE,HN,50,12
2019,42,OCTUBRE,HN,100,32
2019,42,OCTUBRE,HN,200,66
2019,42,OCTUBRE,NI,10,3
2019,42,OCTUBRE,NI,30,6
2019,42,OCTUBRE,NI,50,12
2019,42,OCTUBRE,NI,100,30
2019,42,OCTUBRE,NI,200,66
2019,42,OCTUBRE,DO,10,3
2019,42,OCTUBRE,DO,30,5
2019,42,OCTUBRE,DO,50,7
2019,42,OCTUBRE,DO,100,15
2019,42,OCTUBRE,DO,200,41
2019,42,OCTUBRE,MX,10,4
2019,42,OCTUBRE,MX,30,11
2019,42,OCTUBRE,MX,50,17
2019,42,OCTUBRE,MX,100,36
2019,42,OCTUBRE,MX,200,67
2019,42,OCTUBRE,SP,10,2
2019,42,OCTUBRE,SP,30,6
2019,42,OCTUBRE,SP,50,11
2019,42,OCTUBRE,SP,100,30
2019,42,OCTUBRE,SP,200,60
2019,42,OCTUBRE,CL,10,4
2019,42,OCTUBRE,CL,30,6
2019,42,OCTUBRE,CL,50,10
2019,42,OCTUBRE,CL,100,19
2019,42,OCTUBRE,CL,200,46
2019,42,OCTUBRE,AR,10,4
2019,42,OCTUBRE,AR,30,9
2019,42,OCTUBRE,AR,50,12
2019,42,OCTUBRE,AR,100,21
2019,42,OCTUBRE,AR,200,44
2019,42,OCTUBRE,BR,10,1
2019,42,OCTUBRE,BR,30,8
2019,42,OCTUBRE,BR,50,12
2019,42,OCTUBRE,BR,100,22
2019,42,OCTUBRE,BR,200,54
2019,42,OCTUBRE,PT,10,1
2019,42,OCTUBRE,PT,30,8
2019,42,OCTUBRE,PT,50,14
2019,42,OCTUBRE,PT,100,31
2019,42,OCTUBRE,PT,200,74
2019,43,OCTUBRE,CO,10,3
2019,43,OCTUBRE,CO,30,8
2019,43,OCTUBRE,CO,50,13
2019,43,OCTUBRE,CO,100,31
2019,43,OCTUBRE,CO,200,65
2019,43,OCTUBRE,PE,10,4
2019,43,OCTUBRE,PE,30,9
2019,43,OCTUBRE,PE,50,14
2019,43,OCTUBRE,PE,100,26
2019,43,OCTUBRE,PE,200,59
2019,43,OCTUBRE,EC,10,4
2019,43,OCTUBRE,EC,30,9
2019,43,OCTUBRE,EC,50,9
2019,43,OCTUBRE,EC,100,30
2019,43,OCTUBRE,EC,200,67
2019,43,OCTUBRE,PN,10,3
2019,43,OCTUBRE,PN,30,6
2019,43,OCTUBRE,PN,50,11
2019,43,OCTUBRE,PN,100,22
2019,43,OCTUBRE,PN,200,56
2019,43,OCTUBRE,CR,10,3
2019,43,OCTUBRE,CR,30,8
2019,43,OCTUBRE,CR,50,12
2019,43,OCTUBRE,CR,100,30
2019,43,OCTUBRE,CR,200,70
2019,43,OCTUBRE,GT,10,3
2019,43,OCTUBRE,GT,30,11
2019,43,OCTUBRE,GT,50,13
2019,43,OCTUBRE,GT,100,30
2019,43,OCTUBRE,GT,200,66
2019,43,OCTUBRE,SV,10,3
2019,43,OCTUBRE,SV,30,9
2019,43,OCTUBRE,SV,50,13
2019,43,OCTUBRE,SV,100,33
2019,43,OCTUBRE,SV,200,67
2019,43,OCTUBRE,HN,10,4
2019,43,OCTUBRE,HN,30,8
2019,43,OCTUBRE,HN,50,11
2019,43,OCTUBRE,HN,100,30
2019,43,OCTUBRE,HN,200,66
2019,43,OCTUBRE,NI,10,4
2019,43,OCTUBRE,NI,30,7
2019,43,OCTUBRE,NI,50,13
2019,43,OCTUBRE,NI,100,30
2019,43,OCTUBRE,NI,200,63
2019,43,OCTUBRE,DO,10,3
2019,43,OCTUBRE,DO,30,5
2019,43,OCTUBRE,DO,50,8
2019,43,OCTUBRE,DO,100,15
2019,43,OCTUBRE,DO,200,43
2019,43,OCTUBRE,MX,10,4
2019,43,OCTUBRE,MX,30,10
2019,43,OCTUBRE,MX,50,17
2019,43,OCTUBRE,MX,100,37
2019,43,OCTUBRE,MX,200,67
2019,43,OCTUBRE,SP,10,2
2019,43,OCTUBRE,SP,30,4
2019,43,OCTUBRE,SP,50,9
2019,43,OCTUBRE,SP,100,28
2019,43,OCTUBRE,SP,200,56
2019,43,OCTUBRE,CL,10,4
2019,43,OCTUBRE,CL,30,7
2019,43,OCTUBRE,CL,50,11
2019,43,OCTUBRE,CL,100,19
2019,43,OCTUBRE,CL,200,48
2019,43,OCTUBRE,AR,10,4
2019,43,OCTUBRE,AR,30,9
2019,43,OCTUBRE,AR,50,13
2019,43,OCTUBRE,AR,100,22
2019,43,OCTUBRE,AR,200,42
2019,43,OCTUBRE,BR,10,1
2019,43,OCTUBRE,BR,30,6
2019,43,OCTUBRE,BR,50,12
2019,43,OCTUBRE,BR,100,21
2019,43,OCTUBRE,BR,200,51
2019,43,OCTUBRE,PT,10,0
2019,43,OCTUBRE,PT,30,8
2019,43,OCTUBRE,PT,50,15
2019,43,OCTUBRE,PT,100,30
2019,43,OCTUBRE,PT,200,74
2019,44,OCTUBRE,CO,10,3
2019,44,OCTUBRE,CO,30,9
2019,44,OCTUBRE,CO,50,14
2019,44,OCTUBRE,CO,100,30
2019,44,OCTUBRE,CO,200,66
2019,44,OCTUBRE,PE,10,4
2019,44,OCTUBRE,PE,30,9
2019,44,OCTUBRE,PE,50,16
2019,44,OCTUBRE,PE,100,26
2019,44,OCTUBRE,PE,200,56
2019,44,OCTUBRE,EC,10,4
2019,44,OCTUBRE,EC,30,10
2019,44,OCTUBRE,EC,50,11
2019,44,OCTUBRE,EC,100,31
2019,44,OCTUBRE,EC,200,68
2019,44,OCTUBRE,PN,10,4
2019,44,OCTUBRE,PN,30,7
2019,44,OCTUBRE,PN,50,10
2019,44,OCTUBRE,PN,100,22
2019,44,OCTUBRE,PN,200,53
2019,44,OCTUBRE,CR,10,4
2019,44,OCTUBRE,CR,30,10
2019,44,OCTUBRE,CR,50,10
2019,44,OCTUBRE,CR,100,30
2019,44,OCTUBRE,CR,200,73
2019,44,OCTUBRE,GT,10,5
2019,44,OCTUBRE,GT,30,10
2019,44,OCTUBRE,GT,50,12
2019,44,OCTUBRE,GT,100,28
2019,44,OCTUBRE,GT,200,63
2019,44,OCTUBRE,SV,10,5
2019,44,OCTUBRE,SV,30,9
2019,44,OCTUBRE,SV,50,13
2019,44,OCTUBRE,SV,100,32
2019,44,OCTUBRE,SV,200,66
2019,44,OCTUBRE,HN,10,5
2019,44,OCTUBRE,HN,30,9
2019,44,OCTUBRE,HN,50,11
2019,44,OCTUBRE,HN,100,29
2019,44,OCTUBRE,HN,200,64
2019,44,OCTUBRE,NI,10,5
2019,44,OCTUBRE,NI,30,8
2019,44,OCTUBRE,NI,50,11
2019,44,OCTUBRE,NI,100,28
2019,44,OCTUBRE,NI,200,64
2019,44,OCTUBRE,DO,10,4
2019,44,OCTUBRE,DO,30,7
2019,44,OCTUBRE,DO,50,9
2019,44,OCTUBRE,DO,100,17
2019,44,OCTUBRE,DO,200,41
2019,44,OCTUBRE,MX,10,4
2019,44,OCTUBRE,MX,30,11
2019,44,OCTUBRE,MX,50,18
2019,44,OCTUBRE,MX,100,36
2019,44,OCTUBRE,MX,200,71
2019,44,OCTUBRE,SP,10,3
2019,44,OCTUBRE,SP,30,6
2019,44,OCTUBRE,SP,50,10
2019,44,OCTUBRE,SP,100,30
2019,44,OCTUBRE,SP,200,56
2019,44,OCTUBRE,CL,10,4
2019,44,OCTUBRE,CL,30,7
2019,44,OCTUBRE,CL,50,11
2019,44,OCTUBRE,CL,100,22
2019,44,OCTUBRE,CL,200,53
2019,44,OCTUBRE,AR,10,4
2019,44,OCTUBRE,AR,30,9
2019,44,OCTUBRE,AR,50,13
2019,44,OCTUBRE,AR,100,23
2019,44,OCTUBRE,AR,200,41
2019,44,OCTUBRE,BR,10,1
2019,44,OCTUBRE,BR,30,8
2019,44,OCTUBRE,BR,50,13
2019,44,OCTUBRE,BR,100,23
2019,44,OCTUBRE,BR,200,51
2019,44,OCTUBRE,PT,10,1
2019,44,OCTUBRE,PT,30,9
2019,44,OCTUBRE,PT,50,17
2019,44,OCTUBRE,PT,100,37
2019,44,OCTUBRE,PT,200,78
2019,45,NOVIEMBRE,CO,10,3
2019,45,NOVIEMBRE,CO,30,8
2019,45,NOVIEMBRE,CO,50,13
2019,45,NOVIEMBRE,CO,100,30
2019,45,NOVIEMBRE,CO,200,67
2019,45,NOVIEMBRE,PE,10,5
2019,45,NOVIEMBRE,PE,30,8
2019,45,NOVIEMBRE,PE,50,14
2019,45,NOVIEMBRE,PE,100,26
2019,45,NOVIEMBRE,PE,200,57
2019,45,NOVIEMBRE,EC,10,5
2019,45,NOVIEMBRE,EC,30,9
2019,45,NOVIEMBRE,EC,50,10
2019,45,NOVIEMBRE,EC,100,31
2019,45,NOVIEMBRE,EC,200,67
2019,45,NOVIEMBRE,PN,10,3
2019,45,NOVIEMBRE,PN,30,7
2019,45,NOVIEMBRE,PN,50,9
2019,45,NOVIEMBRE,PN,100,21
2019,45,NOVIEMBRE,PN,200,52
2019,45,NOVIEMBRE,CR,10,3
2019,45,NOVIEMBRE,CR,30,9
2019,45,NOVIEMBRE,CR,50,10
2019,45,NOVIEMBRE,CR,100,32
2019,45,NOVIEMBRE,CR,200,72
2019,45,NOVIEMBRE,GT,10,4
2019,45,NOVIEMBRE,GT,30,10
2019,45,NOVIEMBRE,GT,50,11
2019,45,NOVIEMBRE,GT,100,29
2019,45,NOVIEMBRE,GT,200,65
2019,45,NOVIEMBRE,SV,10,5
2019,45,NOVIEMBRE,SV,30,8
2019,45,NOVIEMBRE,SV,50,12
2019,45,NOVIEMBRE,SV,100,32
2019,45,NOVIEMBRE,SV,200,67
2019,45,NOVIEMBRE,HN,10,4
2019,45,NOVIEMBRE,HN,30,8
2019,45,NOVIEMBRE,HN,50,12
2019,45,NOVIEMBRE,HN,100,29
2019,45,NOVIEMBRE,HN,200,67
2019,45,NOVIEMBRE,NI,10,4
2019,45,NOVIEMBRE,NI,30,7
2019,45,NOVIEMBRE,NI,50,10
2019,45,NOVIEMBRE,NI,100,25
2019,45,NOVIEMBRE,NI,200,62
2019,45,NOVIEMBRE,DO,10,3
2019,45,NOVIEMBRE,DO,30,6
2019,45,NOVIEMBRE,DO,50,8
2019,45,NOVIEMBRE,DO,100,16
2019,45,NOVIEMBRE,DO,200,42
2019,45,NOVIEMBRE,MX,10,4
2019,45,NOVIEMBRE,MX,30,10
2019,45,NOVIEMBRE,MX,50,19
2019,45,NOVIEMBRE,MX,100,37
2019,45,NOVIEMBRE,MX,200,70
2019,45,NOVIEMBRE,SP,10,3
2019,45,NOVIEMBRE,SP,30,5
2019,45,NOVIEMBRE,SP,50,10
2019,45,NOVIEMBRE,SP,100,29
2019,45,NOVIEMBRE,SP,200,53
2019,45,NOVIEMBRE,CL,10,3
2019,45,NOVIEMBRE,CL,30,7
2019,45,NOVIEMBRE,CL,50,10
2019,45,NOVIEMBRE,CL,100,20
2019,45,NOVIEMBRE,CL,200,54
2019,45,NOVIEMBRE,AR,10,4
2019,45,NOVIEMBRE,AR,30,9
2019,45,NOVIEMBRE,AR,50,11
2019,45,NOVIEMBRE,AR,100,21
2019,45,NOVIEMBRE,AR,200,39
2019,45,NOVIEMBRE,BR,10,1
2019,45,NOVIEMBRE,BR,30,6
2019,45,NOVIEMBRE,BR,50,13
2019,45,NOVIEMBRE,BR,100,20
2019,45,NOVIEMBRE,BR,200,50
2019,45,NOVIEMBRE,PT,10,0
2019,45,NOVIEMBRE,PT,30,7
2019,45,NOVIEMBRE,PT,50,17
2019,45,NOVIEMBRE,PT,100,31
2019,45,NOVIEMBRE,PT,200,72
2019,46,NOVIEMBRE,CO,10,4
2019,46,NOVIEMBRE,CO,30,9
2019,46,NOVIEMBRE,CO,50,13
2019,46,NOVIEMBRE,CO,100,29
2019,46,NOVIEMBRE,CO,200,68
2019,46,NOVIEMBRE,PE,10,5
2019,46,NOVIEMBRE,PE,30,8
2019,46,NOVIEMBRE,PE,50,16
2019,46,NOVIEMBRE,PE,100,26
2019,46,NOVIEMBRE,PE,200,57
2019,46,NOVIEMBRE,EC,10,5
2019,46,NOVIEMBRE,EC,30,7
2019,46,NOVIEMBRE,EC,50,8
2019,46,NOVIEMBRE,EC,100,31
2019,46,NOVIEMBRE,EC,200,66
2019,46,NOVIEMBRE,PN,10,3
2019,46,NOVIEMBRE,PN,30,8
2019,46,NOVIEMBRE,PN,50,10
2019,46,NOVIEMBRE,PN,100,21
2019,46,NOVIEMBRE,PN,200,57
2019,46,NOVIEMBRE,CR,10,4
2019,46,NOVIEMBRE,CR,30,10
2019,46,NOVIEMBRE,CR,50,10
2019,46,NOVIEMBRE,CR,100,32
2019,46,NOVIEMBRE,CR,200,72
2019,46,NOVIEMBRE,GT,10,4
2019,46,NOVIEMBRE,GT,30,10
2019,46,NOVIEMBRE,GT,50,13
2019,46,NOVIEMBRE,GT,100,29
2019,46,NOVIEMBRE,GT,200,66
2019,46,NOVIEMBRE,SV,10,5
2019,46,NOVIEMBRE,SV,30,9
2019,46,NOVIEMBRE,SV,50,12
2019,46,NOVIEMBRE,SV,100,31
2019,46,NOVIEMBRE,SV,200,65
2019,46,NOVIEMBRE,HN,10,4
2019,46,NOVIEMBRE,HN,30,8
2019,46,NOVIEMBRE,HN,50,12
2019,46,NOVIEMBRE,HN,100,28
2019,46,NOVIEMBRE,HN,200,67
2019,46,NOVIEMBRE,NI,10,5
2019,46,NOVIEMBRE,NI,30,8
2019,46,NOVIEMBRE,NI,50,10
2019,46,NOVIEMBRE,NI,100,25
2019,46,NOVIEMBRE,NI,200,61
2019,46,NOVIEMBRE,DO,10,3
2019,46,NOVIEMBRE,DO,30,6
2019,46,NOVIEMBRE,DO,50,8
2019,46,NOVIEMBRE,DO,100,18
2019,46,NOVIEMBRE,DO,200,43
2019,46,NOVIEMBRE,MX,10,5
2019,46,NOVIEMBRE,MX,30,10
2019,46,NOVIEMBRE,MX,50,19
2019,46,NOVIEMBRE,MX,100,36
2019,46,NOVIEMBRE,MX,200,69
2019,46,NOVIEMBRE,SP,10,3
2019,46,NOVIEMBRE,SP,30,5
2019,46,NOVIEMBRE,SP,50,10
2019,46,NOVIEMBRE,SP,100,28
2019,46,NOVIEMBRE,SP,200,56
2019,46,NOVIEMBRE,CL,10,3
2019,46,NOVIEMBRE,CL,30,7
2019,46,NOVIEMBRE,CL,50,11
2019,46,NOVIEMBRE,CL,100,18
2019,46,NOVIEMBRE,CL,200,48
2019,46,NOVIEMBRE,AR,10,3
2019,46,NOVIEMBRE,AR,30,9
2019,46,NOVIEMBRE,AR,50,10
2019,46,NOVIEMBRE,AR,100,19
2019,46,NOVIEMBRE,AR,200,41
2019,46,NOVIEMBRE,BR,10,0
2019,46,NOVIEMBRE,BR,30,5
2019,46,NOVIEMBRE,BR,50,11
2019,46,NOVIEMBRE,BR,100,19
2019,46,NOVIEMBRE,BR,200,48
2019,46,NOVIEMBRE,PT,10,0
2019,46,NOVIEMBRE,PT,30,7
2019,46,NOVIEMBRE,PT,50,17
2019,46,NOVIEMBRE,PT,100,31
2019,46,NOVIEMBRE,PT,200,73
2019,47,NOVIEMBRE,CO,10,4
2019,47,NOVIEMBRE,CO,30,9
2019,47,NOVIEMBRE,CO,50,14
2019,47,NOVIEMBRE,CO,100,32
2019,47,NOVIEMBRE,CO,200,70
2019,47,NOVIEMBRE,PE,10,5
2019,47,NOVIEMBRE,PE,30,8
2019,47,NOVIEMBRE,PE,50,15
2019,47,NOVIEMBRE,PE,100,26
2019,47,NOVIEMBRE,PE,200,59
2019,47,NOVIEMBRE,EC,10,5
2019,47,NOVIEMBRE,EC,30,7
2019,47,NOVIEMBRE,EC,50,8
2019,47,NOVIEMBRE,EC,100,33
2019,47,NOVIEMBRE,EC,200,67
2019,47,NOVIEMBRE,PN,10,4
2019,47,NOVIEMBRE,PN,30,7
2019,47,NOVIEMBRE,PN,50,12
2019,47,NOVIEMBRE,PN,100,25
2019,47,NOVIEMBRE,PN,200,58
2019,47,NOVIEMBRE,CR,10,5
2019,47,NOVIEMBRE,CR,30,8
2019,47,NOVIEMBRE,CR,50,12
2019,47,NOVIEMBRE,CR,100,32
2019,47,NOVIEMBRE,CR,200,69
2019,47,NOVIEMBRE,GT,10,5
2019,47,NOVIEMBRE,GT,30,8
2019,47,NOVIEMBRE,GT,50,14
2019,47,NOVIEMBRE,GT,100,30
2019,47,NOVIEMBRE,GT,200,67
2019,47,NOVIEMBRE,SV,10,5
2019,47,NOVIEMBRE,SV,30,9
2019,47,NOVIEMBRE,SV,50,13
2019,47,NOVIEMBRE,SV,100,33
2019,47,NOVIEMBRE,SV,200,67
2019,47,NOVIEMBRE,HN,10,5
2019,47,NOVIEMBRE,HN,30,8
2019,47,NOVIEMBRE,HN,50,12
2019,47,NOVIEMBRE,HN,100,31
2019,47,NOVIEMBRE,HN,200,65
2019,47,NOVIEMBRE,NI,10,5
2019,47,NOVIEMBRE,NI,30,7
2019,47,NOVIEMBRE,NI,50,10
2019,47,NOVIEMBRE,NI,100,25
2019,47,NOVIEMBRE,NI,200,61
2019,47,NOVIEMBRE,DO,10,4
2019,47,NOVIEMBRE,DO,30,5
2019,47,NOVIEMBRE,DO,50,8
2019,47,NOVIEMBRE,DO,100,15
2019,47,NOVIEMBRE,DO,200,38
2019,47,NOVIEMBRE,MX,10,4
2019,47,NOVIEMBRE,MX,30,11
2019,47,NOVIEMBRE,MX,50,21
2019,47,NOVIEMBRE,MX,100,39
2019,47,NOVIEMBRE,MX,200,70
2019,47,NOVIEMBRE,SP,10,3
2019,47,NOVIEMBRE,SP,30,6
2019,47,NOVIEMBRE,SP,50,11
2019,47,NOVIEMBRE,SP,100,31
2019,47,NOVIEMBRE,SP,200,56
2019,47,NOVIEMBRE,CL,10,3
2019,47,NOVIEMBRE,CL,30,6
2019,47,NOVIEMBRE,CL,50,10
2019,47,NOVIEMBRE,CL,100,23
2019,47,NOVIEMBRE,CL,200,50
2019,47,NOVIEMBRE,AR,10,3
2019,47,NOVIEMBRE,AR,30,9
2019,47,NOVIEMBRE,AR,50,11
2019,47,NOVIEMBRE,AR,100,21
2019,47,NOVIEMBRE,AR,200,42
2019,47,NOVIEMBRE,BR,10,0
2019,47,NOVIEMBRE,BR,30,5
2019,47,NOVIEMBRE,BR,50,11
2019,47,NOVIEMBRE,BR,100,19
2019,47,NOVIEMBRE,BR,200,48
2019,47,NOVIEMBRE,PT,10,1
2019,47,NOVIEMBRE,PT,30,7
2019,47,NOVIEMBRE,PT,50,16
2019,47,NOVIEMBRE,PT,100,30
2019,47,NOVIEMBRE,PT,200,72
2019,48,NOVIEMBRE,CO,10,4
2019,48,NOVIEMBRE,CO,30,9
2019,48,NOVIEMBRE,CO,50,13
2019,48,NOVIEMBRE,CO,100,32
2019,48,NOVIEMBRE,CO,200,71
2019,48,NOVIEMBRE,PE,10,4
2019,48,NOVIEMBRE,PE,30,10
2019,48,NOVIEMBRE,PE,50,14
2019,48,NOVIEMBRE,PE,100,26
2019,48,NOVIEMBRE,PE,200,60
2019,48,NOVIEMBRE,EC,10,5
2019,48,NOVIEMBRE,EC,30,8
2019,48,NOVIEMBRE,EC,50,9
2019,48,NOVIEMBRE,EC,100,33
2019,48,NOVIEMBRE,EC,200,68
2019,48,NOVIEMBRE,PN,10,3
2019,48,NOVIEMBRE,PN,30,7
2019,48,NOVIEMBRE,PN,50,11
2019,48,NOVIEMBRE,PN,100,23
2019,48,NOVIEMBRE,PN,200,59
2019,48,NOVIEMBRE,CR,10,4
2019,48,NOVIEMBRE,CR,30,8
2019,48,NOVIEMBRE,CR,50,11
2019,48,NOVIEMBRE,CR,100,30
2019,48,NOVIEMBRE,CR,200,71
2019,48,NOVIEMBRE,GT,10,4
2019,48,NOVIEMBRE,GT,30,8
2019,48,NOVIEMBRE,GT,50,13
2019,48,NOVIEMBRE,GT,100,29
2019,48,NOVIEMBRE,GT,200,66
2019,48,NOVIEMBRE,SV,10,5
2019,48,NOVIEMBRE,SV,30,8
2019,48,NOVIEMBRE,SV,50,13
2019,48,NOVIEMBRE,SV,100,32
2019,48,NOVIEMBRE,SV,200,68
2019,48,NOVIEMBRE,HN,10,5
2019,48,NOVIEMBRE,HN,30,6
2019,48,NOVIEMBRE,HN,50,11
2019,48,NOVIEMBRE,HN,100,28
2019,48,NOVIEMBRE,HN,200,64
2019,48,NOVIEMBRE,NI,10,4
2019,48,NOVIEMBRE,NI,30,7
2019,48,NOVIEMBRE,NI,50,11
2019,48,NOVIEMBRE,NI,100,23
2019,48,NOVIEMBRE,NI,200,63
2019,48,NOVIEMBRE,DO,10,4
2019,48,NOVIEMBRE,DO,30,6
2019,48,NOVIEMBRE,DO,50,8
2019,48,NOVIEMBRE,DO,100,15
2019,48,NOVIEMBRE,DO,200,40
2019,48,NOVIEMBRE,MX,10,3
2019,48,NOVIEMBRE,MX,30,11
2019,48,NOVIEMBRE,MX,50,19
2019,48,NOVIEMBRE,MX,100,37
2019,48,NOVIEMBRE,MX,200,72
2019,48,NOVIEMBRE,SP,10,3
2019,48,NOVIEMBRE,SP,30,6
2019,48,NOVIEMBRE,SP,50,11
2019,48,NOVIEMBRE,SP,100,28
2019,48,NOVIEMBRE,SP,200,54
2019,48,NOVIEMBRE,CL,10,3
2019,48,NOVIEMBRE,CL,30,7
2019,48,NOVIEMBRE,CL,50,10
2019,48,NOVIEMBRE,CL,100,20
2019,48,NOVIEMBRE,CL,200,48
2019,48,NOVIEMBRE,AR,10,3
2019,48,NOVIEMBRE,AR,30,9
2019,48,NOVIEMBRE,AR,50,11
2019,48,NOVIEMBRE,AR,100,20
2019,48,NOVIEMBRE,AR,200,44
2019,48,NOVIEMBRE,BR,10,0
2019,48,NOVIEMBRE,BR,30,5
2019,48,NOVIEMBRE,BR,50,10
2019,48,NOVIEMBRE,BR,100,23
2019,48,NOVIEMBRE,BR,200,47
2019,48,NOVIEMBRE,PT,10,0
2019,48,NOVIEMBRE,PT,30,5
2019,48,NOVIEMBRE,PT,50,16
2019,48,NOVIEMBRE,PT,100,29
2019,48,NOVIEMBRE,PT,200,64
2019,49,DICIEMBRE,CO,10,4
2019,49,DICIEMBRE,CO,30,10
2019,49,DICIEMBRE,CO,50,13
2019,49,DICIEMBRE,CO,100,33
2019,49,DICIEMBRE,CO,200,71
2019,49,DICIEMBRE,PE,10,4
2019,49,DICIEMBRE,PE,30,8
2019,49,DICIEMBRE,PE,50,13
2019,49,DICIEMBRE,PE,100,26
2019,49,DICIEMBRE,PE,200,58
2019,49,DICIEMBRE,EC,10,4
2019,49,DICIEMBRE,EC,30,8
2019,49,DICIEMBRE,EC,50,9
2019,49,DICIEMBRE,EC,100,32
2019,49,DICIEMBRE,EC,200,65
2019,49,DICIEMBRE,PN,10,3
2019,49,DICIEMBRE,PN,30,7
2019,49,DICIEMBRE,PN,50,11
2019,49,DICIEMBRE,PN,100,22
2019,49,DICIEMBRE,PN,200,57
2019,49,DICIEMBRE,CR,10,4
2019,49,DICIEMBRE,CR,30,7
2019,49,DICIEMBRE,CR,50,10
2019,49,DICIEMBRE,CR,100,35
2019,49,DICIEMBRE,CR,200,75
2019,49,DICIEMBRE,GT,10,4
2019,49,DICIEMBRE,GT,30,8
2019,49,DICIEMBRE,GT,50,12
2019,49,DICIEMBRE,GT,100,31
2019,49,DICIEMBRE,GT,200,68
2019,49,DICIEMBRE,SV,10,5
2019,49,DICIEMBRE,SV,30,8
2019,49,DICIEMBRE,SV,50,12
2019,49,DICIEMBRE,SV,100,32
2019,49,DICIEMBRE,SV,200,70
2019,49,DICIEMBRE,HN,10,5
2019,49,DICIEMBRE,HN,30,6
2019,49,DICIEMBRE,HN,50,13
2019,49,DICIEMBRE,HN,100,32
2019,49,DICIEMBRE,HN,200,64
2019,49,DICIEMBRE,NI,10,4
2019,49,DICIEMBRE,NI,30,6
2019,49,DICIEMBRE,NI,50,10
2019,49,DICIEMBRE,NI,100,24
2019,49,DICIEMBRE,NI,200,62
2019,49,DICIEMBRE,DO,10,3
2019,49,DICIEMBRE,DO,30,5
2019,49,DICIEMBRE,DO,50,6
2019,49,DICIEMBRE,DO,100,16
2019,49,DICIEMBRE,DO,200,39
2019,49,DICIEMBRE,MX,10,3
2019,49,DICIEMBRE,MX,30,13
2019,49,DICIEMBRE,MX,50,20
2019,49,DICIEMBRE,MX,100,39
2019,49,DICIEMBRE,MX,200,73
2019,49,DICIEMBRE,SP,10,3
2019,49,DICIEMBRE,SP,30,6
2019,49,DICIEMBRE,SP,50,11
2019,49,DICIEMBRE,SP,100,29
2019,49,DICIEMBRE,SP,200,55
2019,49,DICIEMBRE,CL,10,2
2019,49,DICIEMBRE,CL,30,7
2019,49,DICIEMBRE,CL,50,10
2019,49,DICIEMBRE,CL,100,20
2019,49,DICIEMBRE,CL,200,46
2019,49,DICIEMBRE,AR,10,4
2019,49,DICIEMBRE,AR,30,9
2019,49,DICIEMBRE,AR,50,11
2019,49,DICIEMBRE,AR,100,20
2019,49,DICIEMBRE,AR,200,43
2019,49,DICIEMBRE,BR,10,0
2019,49,DICIEMBRE,BR,30,4
2019,49,DICIEMBRE,BR,50,10
2019,49,DICIEMBRE,BR,100,19
2019,49,DICIEMBRE,BR,200,49
2019,49,DICIEMBRE,PT,10,0
2019,49,DICIEMBRE,PT,30,5
2019,49,DICIEMBRE,PT,50,15
2019,49,DICIEMBRE,PT,100,32
2019,49,DICIEMBRE,PT,200,68
2019,50,DICIEMBRE,CO,10,5
2019,50,DICIEMBRE,CO,30,10
2019,50,DICIEMBRE,CO,50,12
2019,50,DICIEMBRE,CO,100,31
2019,50,DICIEMBRE,CO,200,70
2019,50,DICIEMBRE,PE,10,4
2019,50,DICIEMBRE,PE,30,8
2019,50,DICIEMBRE,PE,50,14
2019,50,DICIEMBRE,PE,100,25
2019,50,DICIEMBRE,PE,200,57
2019,50,DICIEMBRE,EC,10,3
2019,50,DICIEMBRE,EC,30,9
2019,50,DICIEMBRE,EC,50,9
2019,50,DICIEMBRE,EC,100,34
2019,50,DICIEMBRE,EC,200,65
2019,50,DICIEMBRE,PN,10,3
2019,50,DICIEMBRE,PN,30,6
2019,50,DICIEMBRE,PN,50,12
2019,50,DICIEMBRE,PN,100,25
2019,50,DICIEMBRE,PN,200,58
2019,50,DICIEMBRE,CR,10,4
2019,50,DICIEMBRE,CR,30,7
2019,50,DICIEMBRE,CR,50,12
2019,50,DICIEMBRE,CR,100,34
2019,50,DICIEMBRE,CR,200,72
2019,50,DICIEMBRE,GT,10,4
2019,50,DICIEMBRE,GT,30,9
2019,50,DICIEMBRE,GT,50,15
2019,50,DICIEMBRE,GT,100,29
2019,50,DICIEMBRE,GT,200,67
2019,50,DICIEMBRE,SV,10,5
2019,50,DICIEMBRE,SV,30,7
2019,50,DICIEMBRE,SV,50,14
2019,50,DICIEMBRE,SV,100,33
2019,50,DICIEMBRE,SV,200,71
2019,50,DICIEMBRE,HN,10,5
2019,50,DICIEMBRE,HN,30,6
2019,50,DICIEMBRE,HN,50,12
2019,50,DICIEMBRE,HN,100,32
2019,50,DICIEMBRE,HN,200,66
2019,50,DICIEMBRE,NI,10,4
2019,50,DICIEMBRE,NI,30,6
2019,50,DICIEMBRE,NI,50,10
2019,50,DICIEMBRE,NI,100,27
2019,50,DICIEMBRE,NI,200,64
2019,50,DICIEMBRE,DO,10,4
2019,50,DICIEMBRE,DO,30,6
2019,50,DICIEMBRE,DO,50,7
2019,50,DICIEMBRE,DO,100,15
2019,50,DICIEMBRE,DO,200,40
2019,50,DICIEMBRE,MX,10,3
2019,50,DICIEMBRE,MX,30,11
2019,50,DICIEMBRE,MX,50,20
2019,50,DICIEMBRE,MX,100,41
2019,50,DICIEMBRE,MX,200,73
2019,50,DICIEMBRE,SP,10,3
2019,50,DICIEMBRE,SP,30,6
2019,50,DICIEMBRE,SP,50,11
2019,50,DICIEMBRE,SP,100,30
2019,50,DICIEMBRE,SP,200,58
2019,50,DICIEMBRE,CL,10,3
2019,50,DICIEMBRE,CL,30,7
2019,50,DICIEMBRE,CL,50,11
2019,50,DICIEMBRE,CL,100,20
2019,50,DICIEMBRE,CL,200,47
2019,50,DICIEMBRE,AR,10,4
2019,50,DICIEMBRE,AR,30,8
2019,50,DICIEMBRE,AR,50,12
2019,50,DICIEMBRE,AR,100,21
2019,50,DICIEMBRE,AR,200,46
2019,50,DICIEMBRE,BR,10,0
2019,50,DICIEMBRE,BR,30,2
2019,50,DICIEMBRE,BR,50,7
2019,50,DICIEMBRE,BR,100,19
2019,50,DICIEMBRE,BR,200,42
2019,50,DICIEMBRE,PT,10,0
2019,50,DICIEMBRE,PT,30,5
2019,50,DICIEMBRE,PT,50,14
2019,50,DICIEMBRE,PT,100,31
2019,50,DICIEMBRE,PT,200,73
2019,51,DICIEMBRE,CO,10,4
2019,51,DICIEMBRE,CO,30,10
2019,51,DICIEMBRE,CO,50,13
2019,51,DICIEMBRE,CO,100,31
2019,51,DICIEMBRE,CO,200,70
2019,51,DICIEMBRE,PE,10,4
2019,51,DICIEMBRE,PE,30,8
2019,51,DICIEMBRE,PE,50,13
2019,51,DICIEMBRE,PE,100,27
2019,51,DICIEMBRE,PE,200,56
2019,51,DICIEMBRE,EC,10,3
2019,51,DICIEMBRE,EC,30,9
2019,51,DICIEMBRE,EC,50,10
2019,51,DICIEMBRE,EC,100,32
2019,51,DICIEMBRE,EC,200,68
2019,51,DICIEMBRE,PN,10,3
2019,51,DICIEMBRE,PN,30,6
2019,51,DICIEMBRE,PN,50,11
2019,51,DICIEMBRE,PN,100,22
2019,51,DICIEMBRE,PN,200,56
2019,51,DICIEMBRE,CR,10,4
2019,51,DICIEMBRE,CR,30,8
2019,51,DICIEMBRE,CR,50,13
2019,51,DICIEMBRE,CR,100,30
2019,51,DICIEMBRE,CR,200,73
2019,51,DICIEMBRE,GT,10,4
2019,51,DICIEMBRE,GT,30,8
2019,51,DICIEMBRE,GT,50,14
2019,51,DICIEMBRE,GT,100,30
2019,51,DICIEMBRE,GT,200,66
2019,51,DICIEMBRE,SV,10,5
2019,51,DICIEMBRE,SV,30,7
2019,51,DICIEMBRE,SV,50,12
2019,51,DICIEMBRE,SV,100,31
2019,51,DICIEMBRE,SV,200,70
2019,51,DICIEMBRE,HN,10,5
2019,51,DICIEMBRE,HN,30,6
2019,51,DICIEMBRE,HN,50,12
2019,51,DICIEMBRE,HN,100,30
2019,51,DICIEMBRE,HN,200,63
2019,51,DICIEMBRE,NI,10,4
2019,51,DICIEMBRE,NI,30,6
2019,51,DICIEMBRE,NI,50,11
2019,51,DICIEMBRE,NI,100,27
2019,51,DICIEMBRE,NI,200,63
2019,51,DICIEMBRE,DO,10,4
2019,51,DICIEMBRE,DO,30,6
2019,51,DICIEMBRE,DO,50,7
2019,51,DICIEMBRE,DO,100,15
2019,51,DICIEMBRE,DO,200,39
2019,51,DICIEMBRE,MX,10,3
2019,51,DICIEMBRE,MX,30,13
2019,51,DICIEMBRE,MX,50,21
2019,51,DICIEMBRE,MX,100,38
2019,51,DICIEMBRE,MX,200,73
2019,51,DICIEMBRE,SP,10,4
2019,51,DICIEMBRE,SP,30,8
2019,51,DICIEMBRE,SP,50,15
2019,51,DICIEMBRE,SP,100,32
2019,51,DICIEMBRE,SP,200,59
2019,51,DICIEMBRE,CL,10,2
2019,51,DICIEMBRE,CL,30,6
2019,51,DICIEMBRE,CL,50,11
2019,51,DICIEMBRE,CL,100,18
2019,51,DICIEMBRE,CL,200,46
2019,51,DICIEMBRE,AR,10,3
2019,51,DICIEMBRE,AR,30,9
2019,51,DICIEMBRE,AR,50,11
2019,51,DICIEMBRE,AR,100,21
2019,51,DICIEMBRE,AR,200,41
2019,51,DICIEMBRE,BR,10,0
2019,51,DICIEMBRE,BR,30,2
2019,51,DICIEMBRE,BR,50,7
2019,51,DICIEMBRE,BR,100,19
2019,51,DICIEMBRE,BR,200,39
2019,51,DICIEMBRE,PT,10,0
2019,51,DICIEMBRE,PT,30,4
2019,51,DICIEMBRE,PT,50,11
2019,51,DICIEMBRE,PT,100,32
2019,51,DICIEMBRE,PT,200,68
2019,52,DICIEMBRE,CO,10,3
2019,52,DICIEMBRE,CO,30,9
2019,52,DICIEMBRE,CO,50,11
2019,52,DICIEMBRE,CO,100,26
2019,52,DICIEMBRE,CO,200,54
2019,52,DICIEMBRE,PE,10,4
2019,52,DICIEMBRE,PE,30,7
2019,52,DICIEMBRE,PE,50,12
2019,52,DICIEMBRE,PE,100,25
2019,52,DICIEMBRE,PE,200,53
2019,52,DICIEMBRE,EC,10,3
2019,52,DICIEMBRE,EC,30,8
2019,52,DICIEMBRE,EC,50,9
2019,52,DICIEMBRE,EC,100,28
2019,52,DICIEMBRE,EC,200,65
2019,52,DICIEMBRE,PN,10,3
2019,52,DICIEMBRE,PN,30,6
2019,52,DICIEMBRE,PN,50,11
2019,52,DICIEMBRE,PN,100,21
2019,52,DICIEMBRE,PN,200,56
2019,52,DICIEMBRE,CR,10,4
2019,52,DICIEMBRE,CR,30,7
2019,52,DICIEMBRE,CR,50,13
2019,52,DICIEMBRE,CR,100,28
2019,52,DICIEMBRE,CR,200,73
2019,52,DICIEMBRE,GT,10,3
2019,52,DICIEMBRE,GT,30,8
2019,52,DICIEMBRE,GT,50,13
2019,52,DICIEMBRE,GT,100,30
2019,52,DICIEMBRE,GT,200,68
2019,52,DICIEMBRE,SV,10,4
2019,52,DICIEMBRE,SV,30,7
2019,52,DICIEMBRE,SV,50,11
2019,52,DICIEMBRE,SV,100,28
2019,52,DICIEMBRE,SV,200,61
2019,52,DICIEMBRE,HN,10,3
2019,52,DICIEMBRE,HN,30,7
2019,52,DICIEMBRE,HN,50,12
2019,52,DICIEMBRE,HN,100,28
2019,52,DICIEMBRE,HN,200,66
2019,52,DICIEMBRE,NI,10,4
2019,52,DICIEMBRE,NI,30,6
2019,52,DICIEMBRE,NI,50,10
2019,52,DICIEMBRE,NI,100,24
2019,52,DICIEMBRE,NI,200,62
2019,52,DICIEMBRE,DO,10,4
2019,52,DICIEMBRE,DO,30,6
2019,52,DICIEMBRE,DO,50,6
2019,52,DICIEMBRE,DO,100,10
2019,52,DICIEMBRE,DO,200,34
2019,52,DICIEMBRE,MX,10,3
2019,52,DICIEMBRE,MX,30,12
2019,52,DICIEMBRE,MX,50,20
2019,52,DICIEMBRE,MX,100,36
2019,52,DICIEMBRE,MX,200,72
2019,52,DICIEMBRE,SP,10,5
2019,52,DICIEMBRE,SP,30,9
2019,52,DICIEMBRE,SP,50,12
2019,52,DICIEMBRE,SP,100,32
2019,52,DICIEMBRE,SP,200,59
2019,52,DICIEMBRE,CL,10,2
2019,52,DICIEMBRE,CL,30,6
2019,52,DICIEMBRE,CL,50,11
2019,52,DICIEMBRE,CL,100,19
2019,52,DICIEMBRE,CL,200,41
2019,52,DICIEMBRE,AR,10,3
2019,52,DICIEMBRE,AR,30,8
2019,52,DICIEMBRE,AR,50,12
2019,52,DICIEMBRE,AR,100,19
2019,52,DICIEMBRE,AR,200,38
2019,52,DICIEMBRE,BR,10,0
2019,52,DICIEMBRE,BR,30,2
2019,52,DICIEMBRE,BR,50,4
2019,52,DICIEMBRE,BR,100,18
2019,52,DICIEMBRE,BR,200,38
2019,52,DICIEMBRE,PT,10,0
2019,52,DICIEMBRE,PT,30,6
2019,52,DICIEMBRE,PT,50,12
2019,52,DICIEMBRE,PT,100,34
2019,52,DICIEMBRE,PT,200,73
2020,1,ENERO,CO,10,3
2020,1,ENERO,CO,30,9
2020,1,ENERO,CO,50,11
2020,1,ENERO,CO,100,27
2020,1,ENERO,CO,200,55
2020,1,ENERO,PE,10,4
2020,1,ENERO,PE,30,7
2020,1,ENERO,PE,50,13
2020,1,ENERO,PE,100,23
2020,1,ENERO,PE,200,52
2020,1,ENERO,EC,10,3
2020,1,ENERO,EC,30,9
2020,1,ENERO,EC,50,9
2020,1,ENERO,EC,100,28
2020,1,ENERO,EC,200,65
2020,1,ENERO,PN,10,3
2020,1,ENERO,PN,30,5
2020,1,ENERO,PN,50,11
2020,1,ENERO,PN,100,22
2020,1,ENERO,PN,200,55
2020,1,ENERO,CR,10,4
2020,1,ENERO,CR,30,7
2020,1,ENERO,CR,50,13
2020,1,ENERO,CR,100,29
2020,1,ENERO,CR,200,68
2020,1,ENERO,GT,10,3
2020,1,ENERO,GT,30,8
2020,1,ENERO,GT,50,13
2020,1,ENERO,GT,100,29
2020,1,ENERO,GT,200,65
2020,1,ENERO,SV,10,4
2020,1,ENERO,SV,30,7
2020,1,ENERO,SV,50,12
2020,1,ENERO,SV,100,32
2020,1,ENERO,SV,200,63
2020,1,ENERO,HN,10,3
2020,1,ENERO,HN,30,7
2020,1,ENERO,HN,50,12
2020,1,ENERO,HN,100,30
2020,1,ENERO,HN,200,65
2020,1,ENERO,NI,10,4
2020,1,ENERO,NI,30,6
2020,1,ENERO,NI,50,10
2020,1,ENERO,NI,100,25
2020,1,ENERO,NI,200,61
2020,1,ENERO,DO,10,3
2020,1,ENERO,DO,30,6
2020,1,ENERO,DO,50,6
2020,1,ENERO,DO,100,12
2020,1,ENERO,DO,200,35
2020,1,ENERO,MX,10,3
2020,1,ENERO,MX,30,13
2020,1,ENERO,MX,50,20
2020,1,ENERO,MX,100,35
2020,1,ENERO,MX,200,75
2020,1,ENERO,SP,10,6
2020,1,ENERO,SP,30,9
2020,1,ENERO,SP,50,12
2020,1,ENERO,SP,100,31
2020,1,ENERO,SP,200,59
2020,1,ENERO,CL,10,2
2020,1,ENERO,CL,30,6
2020,1,ENERO,CL,50,10
2020,1,ENERO,CL,100,19
2020,1,ENERO,CL,200,41
2020,1,ENERO,AR,10,3
2020,1,ENERO,AR,30,7
2020,1,ENERO,AR,50,12
2020,1,ENERO,AR,100,20
2020,1,ENERO,AR,200,37
2020,1,ENERO,BR,10,0
2020,1,ENERO,BR,30,2
2020,1,ENERO,BR,50,4
2020,1,ENERO,BR,100,16
2020,1,ENERO,BR,200,36
2020,1,ENERO,PT,10,0
2020,1,ENERO,PT,30,4
2020,1,ENERO,PT,50,13
2020,1,ENERO,PT,100,31
2020,1,ENERO,PT,200,67
2020,2,ENERO,CO,10,3
2020,2,ENERO,CO,30,9
2020,2,ENERO,CO,50,12
2020,2,ENERO,CO,100,30
2020,2,ENERO,CO,200,63
2020,2,ENERO,PE,10,2
2020,2,ENERO,PE,30,8
2020,2,ENERO,PE,50,12
2020,2,ENERO,PE,100,27
2020,2,ENERO,PE,200,58
2020,2,ENERO,EC,10,2
2020,2,ENERO,EC,30,10
2020,2,ENERO,EC,50,10
2020,2,ENERO,EC,100,31
2020,2,ENERO,EC,200,64
2020,2,ENERO,PN,10,2
2020,2,ENERO,PN,30,6
2020,2,ENERO,PN,50,12
2020,2,ENERO,PN,100,23
2020,2,ENERO,PN,200,57
2020,2,ENERO,CR,10,3
2020,2,ENERO,CR,30,8
2020,2,ENERO,CR,50,14
2020,2,ENERO,CR,100,30
2020,2,ENERO,CR,200,76
2020,2,ENERO,GT,10,3
2020,2,ENERO,GT,30,9
2020,2,ENERO,GT,50,12
2020,2,ENERO,GT,100,30
2020,2,ENERO,GT,200,64
2020,2,ENERO,SV,10,3
2020,2,ENERO,SV,30,8
2020,2,ENERO,SV,50,12
2020,2,ENERO,SV,100,30
2020,2,ENERO,SV,200,65
2020,2,ENERO,HN,10,3
2020,2,ENERO,HN,30,8
2020,2,ENERO,HN,50,13
2020,2,ENERO,HN,100,30
2020,2,ENERO,HN,200,64
2020,2,ENERO,NI,10,3
2020,2,ENERO,NI,30,7
2020,2,ENERO,NI,50,10
2020,2,ENERO,NI,100,27
2020,2,ENERO,NI,200,61
2020,2,ENERO,DO,10,3
2020,2,ENERO,DO,30,7
2020,2,ENERO,DO,50,7
2020,2,ENERO,DO,100,18
2020,2,ENERO,DO,200,41
2020,2,ENERO,MX,10,3
2020,2,ENERO,MX,30,15
2020,2,ENERO,MX,50,22
2020,2,ENERO,MX,100,38
2020,2,ENERO,MX,200,72
2020,2,ENERO,SP,10,5
2020,2,ENERO,SP,30,9
2020,2,ENERO,SP,50,15
2020,2,ENERO,SP,100,34
2020,2,ENERO,SP,200,64
2020,2,ENERO,CL,10,2
2020,2,ENERO,CL,30,6
2020,2,ENERO,CL,50,10
2020,2,ENERO,CL,100,20
2020,2,ENERO,CL,200,45
2020,2,ENERO,AR,10,2
2020,2,ENERO,AR,30,9
2020,2,ENERO,AR,50,13
2020,2,ENERO,AR,100,21
2020,2,ENERO,AR,200,43
2020,2,ENERO,BR,10,0
2020,2,ENERO,BR,30,2
2020,2,ENERO,BR,50,6
2020,2,ENERO,BR,100,20
2020,2,ENERO,BR,200,43
2020,2,ENERO,PT,10,0
2020,2,ENERO,PT,30,5
2020,2,ENERO,PT,50,14
2020,2,ENERO,PT,100,33
2020,2,ENERO,PT,200,68
2020,3,ENERO,CO,10,4
2020,3,ENERO,CO,30,10
2020,3,ENERO,CO,50,13
2020,3,ENERO,CO,100,35
2020,3,ENERO,CO,200,70
2020,3,ENERO,PE,10,1
2020,3,ENERO,PE,30,7
2020,3,ENERO,PE,50,14
2020,3,ENERO,PE,100,28
2020,3,ENERO,PE,200,59
2020,3,ENERO,EC,10,3
2020,3,ENERO,EC,30,9
2020,3,ENERO,EC,50,11
2020,3,ENERO,EC,100,31
2020,3,ENERO,EC,200,65
2020,3,ENERO,PN,10,1
2020,3,ENERO,PN,30,7
2020,3,ENERO,PN,50,12
2020,3,ENERO,PN,100,24
2020,3,ENERO,PN,200,59
2020,3,ENERO,CR,10,2
2020,3,ENERO,CR,30,9
2020,3,ENERO,CR,50,15
2020,3,ENERO,CR,100,32
2020,3,ENERO,CR,200,79
2020,3,ENERO,GT,10,3
2020,3,ENERO,GT,30,9
2020,3,ENERO,GT,50,13
2020,3,ENERO,GT,100,32
2020,3,ENERO,GT,200,65
2020,3,ENERO,SV,10,3
2020,3,ENERO,SV,30,9
2020,3,ENERO,SV,50,14
2020,3,ENERO,SV,100,33
2020,3,ENERO,SV,200,66
2020,3,ENERO,HN,10,3
2020,3,ENERO,HN,30,8
2020,3,ENERO,HN,50,13
2020,3,ENERO,HN,100,31
2020,3,ENERO,HN,200,64
2020,3,ENERO,NI,10,3
2020,3,ENERO,NI,30,7
2020,3,ENERO,NI,50,12
2020,3,ENERO,NI,100,30
2020,3,ENERO,NI,200,62
2020,3,ENERO,DO,10,3
2020,3,ENERO,DO,30,7
2020,3,ENERO,DO,50,9
2020,3,ENERO,DO,100,19
2020,3,ENERO,DO,200,43
2020,3,ENERO,MX,10,3
2020,3,ENERO,MX,30,15
2020,3,ENERO,MX,50,23
2020,3,ENERO,MX,100,36
2020,3,ENERO,MX,200,72
2020,3,ENERO,SP,10,6
2020,3,ENERO,SP,30,11
2020,3,ENERO,SP,50,14
2020,3,ENERO,SP,100,34
2020,3,ENERO,SP,200,65
2020,3,ENERO,CL,10,2
2020,3,ENERO,CL,30,6
2020,3,ENERO,CL,50,12
2020,3,ENERO,CL,100,21
2020,3,ENERO,CL,200,49
2020,3,ENERO,AR,10,2
2020,3,ENERO,AR,30,9
2020,3,ENERO,AR,50,15
2020,3,ENERO,AR,100,23
2020,3,ENERO,AR,200,46
2020,3,ENERO,BR,10,0
2020,3,ENERO,BR,30,2
2020,3,ENERO,BR,50,5
2020,3,ENERO,BR,100,22
2020,3,ENERO,BR,200,45
2020,3,ENERO,PT,10,1
2020,3,ENERO,PT,30,5
2020,3,ENERO,PT,50,14
2020,3,ENERO,PT,100,35
2020,3,ENERO,PT,200,69
2020,4,ENERO,CO,10,3
2020,4,ENERO,CO,30,9
2020,4,ENERO,CO,50,14
2020,4,ENERO,CO,100,35
2020,4,ENERO,CO,200,67
2020,4,ENERO,PE,10,1
2020,4,ENERO,PE,30,7
2020,4,ENERO,PE,50,15
2020,4,ENERO,PE,100,28
2020,4,ENERO,PE,200,59
2020,4,ENERO,EC,10,2
2020,4,ENERO,EC,30,9
2020,4,ENERO,EC,50,11
2020,4,ENERO,EC,100,31
2020,4,ENERO,EC,200,65
2020,4,ENERO,PN,10,1
2020,4,ENERO,PN,30,7
2020,4,ENERO,PN,50,11
2020,4,ENERO,PN,100,22
2020,4,ENERO,PN,200,55
2020,4,ENERO,CR,10,2
2020,4,ENERO,CR,30,10
2020,4,ENERO,CR,50,14
2020,4,ENERO,CR,100,33
2020,4,ENERO,CR,200,79
2020,4,ENERO,GT,10,3
2020,4,ENERO,GT,30,9
2020,4,ENERO,GT,50,13
2020,4,ENERO,GT,100,32
2020,4,ENERO,GT,200,65
2020,4,ENERO,SV,10,3
2020,4,ENERO,SV,30,8
2020,4,ENERO,SV,50,12
2020,4,ENERO,SV,100,31
2020,4,ENERO,SV,200,65
2020,4,ENERO,HN,10,3
2020,4,ENERO,HN,30,8
2020,4,ENERO,HN,50,13
2020,4,ENERO,HN,100,30
2020,4,ENERO,HN,200,62
2020,4,ENERO,NI,10,3
2020,4,ENERO,NI,30,8
2020,4,ENERO,NI,50,13
2020,4,ENERO,NI,100,31
2020,4,ENERO,NI,200,63
2020,4,ENERO,DO,10,2
2020,4,ENERO,DO,30,6
2020,4,ENERO,DO,50,9
2020,4,ENERO,DO,100,18
2020,4,ENERO,DO,200,45
2020,4,ENERO,MX,10,4
2020,4,ENERO,MX,30,14
2020,4,ENERO,MX,50,20
2020,4,ENERO,MX,100,37
2020,4,ENERO,MX,200,72
2020,4,ENERO,SP,10,7
2020,4,ENERO,SP,30,11
2020,4,ENERO,SP,50,15
2020,4,ENERO,SP,100,34
2020,4,ENERO,SP,200,65
2020,4,ENERO,CL,10,2
2020,4,ENERO,CL,30,8
2020,4,ENERO,CL,50,13
2020,4,ENERO,CL,100,20
2020,4,ENERO,CL,200,52
2020,4,ENERO,AR,10,2
2020,4,ENERO,AR,30,8
2020,4,ENERO,AR,50,15
2020,4,ENERO,AR,100,22
2020,4,ENERO,AR,200,45
2020,4,ENERO,BR,10,0
2020,4,ENERO,BR,30,1
2020,4,ENERO,BR,50,4
2020,4,ENERO,BR,100,20
2020,4,ENERO,BR,200,45
2020,4,ENERO,PT,10,0
2020,4,ENERO,PT,30,6
2020,4,ENERO,PT,50,15
2020,4,ENERO,PT,100,36
2020,4,ENERO,PT,200,75
2020,5,ENERO,CO,10,4
2020,5,ENERO,CO,30,9
2020,5,ENERO,CO,50,14
2020,5,ENERO,CO,100,33
2020,5,ENERO,CO,200,66
2020,5,ENERO,PE,10,1
2020,5,ENERO,PE,30,8
2020,5,ENERO,PE,50,14
2020,5,ENERO,PE,100,29
2020,5,ENERO,PE,200,58
2020,5,ENERO,EC,10,2
2020,5,ENERO,EC,30,9
2020,5,ENERO,EC,50,12
2020,5,ENERO,EC,100,30
2020,5,ENERO,EC,200,66
2020,5,ENERO,PN,10,1
2020,5,ENERO,PN,30,7
2020,5,ENERO,PN,50,9
2020,5,ENERO,PN,100,23
2020,5,ENERO,PN,200,51
2020,5,ENERO,CR,10,2
2020,5,ENERO,CR,30,9
2020,5,ENERO,CR,50,14
2020,5,ENERO,CR,100,32
2020,5,ENERO,CR,200,75
2020,5,ENERO,GT,10,3
2020,5,ENERO,GT,30,9
2020,5,ENERO,GT,50,13
2020,5,ENERO,GT,100,31
2020,5,ENERO,GT,200,66
2020,5,ENERO,SV,10,3
2020,5,ENERO,SV,30,8
2020,5,ENERO,SV,50,13
2020,5,ENERO,SV,100,30
2020,5,ENERO,SV,200,66
2020,5,ENERO,HN,10,2
2020,5,ENERO,HN,30,9
2020,5,ENERO,HN,50,13
2020,5,ENERO,HN,100,29
2020,5,ENERO,HN,200,62
2020,5,ENERO,NI,10,3
2020,5,ENERO,NI,30,8
2020,5,ENERO,NI,50,13
2020,5,ENERO,NI,100,28
2020,5,ENERO,NI,200,60
2020,5,ENERO,DO,10,1
2020,5,ENERO,DO,30,5
2020,5,ENERO,DO,50,8
2020,5,ENERO,DO,100,14
2020,5,ENERO,DO,200,39
2020,5,ENERO,MX,10,4
2020,5,ENERO,MX,30,13
2020,5,ENERO,MX,50,21
2020,5,ENERO,MX,100,37
2020,5,ENERO,MX,200,70
2020,5,ENERO,SP,10,6
2020,5,ENERO,SP,30,10
2020,5,ENERO,SP,50,14
2020,5,ENERO,SP,100,35
2020,5,ENERO,SP,200,59
2020,5,ENERO,CL,10,1
2020,5,ENERO,CL,30,7
2020,5,ENERO,CL,50,11
2020,5,ENERO,CL,100,21
2020,5,ENERO,CL,200,47
2020,5,ENERO,AR,10,2
2020,5,ENERO,AR,30,9
2020,5,ENERO,AR,50,15
2020,5,ENERO,AR,100,22
2020,5,ENERO,AR,200,45
2020,5,ENERO,BR,10,0
2020,5,ENERO,BR,30,1
2020,5,ENERO,BR,50,3
2020,5,ENERO,BR,100,20
2020,5,ENERO,BR,200,43
2020,5,ENERO,PT,10,0
2020,5,ENERO,PT,30,8
2020,5,ENERO,PT,50,14
2020,5,ENERO,PT,100,32
2020,5,ENERO,PT,200,68
2020,6,FEBRERO,CO,10,3
2020,6,FEBRERO,CO,30,8
2020,6,FEBRERO,CO,50,16
2020,6,FEBRERO,CO,100,28
2020,6,FEBRERO,CO,200,66
2020,6,FEBRERO,PE,10,1
2020,6,FEBRERO,PE,30,8
2020,6,FEBRERO,PE,50,13
2020,6,FEBRERO,PE,100,29
2020,6,FEBRERO,PE,200,54
2020,6,FEBRERO,EC,10,2
2020,6,FEBRERO,EC,30,9
2020,6,FEBRERO,EC,50,12
2020,6,FEBRERO,EC,100,28
2020,6,FEBRERO,EC,200,66
2020,6,FEBRERO,PN,10,2
2020,6,FEBRERO,PN,30,8
2020,6,FEBRERO,PN,50,11
2020,6,FEBRERO,PN,100,24
2020,6,FEBRERO,PN,200,54
2020,6,FEBRERO,CR,10,2
2020,6,FEBRERO,CR,30,9
2020,6,FEBRERO,CR,50,15
2020,6,FEBRERO,CR,100,32
2020,6,FEBRERO,CR,200,73
2020,6,FEBRERO,GT,10,3
2020,6,FEBRERO,GT,30,9
2020,6,FEBRERO,GT,50,13
2020,6,FEBRERO,GT,100,33
2020,6,FEBRERO,GT,200,63
2020,6,FEBRERO,SV,10,3
2020,6,FEBRERO,SV,30,8
2020,6,FEBRERO,SV,50,13
2020,6,FEBRERO,SV,100,29
2020,6,FEBRERO,SV,200,65
2020,6,FEBRERO,HN,10,2
2020,6,FEBRERO,HN,30,10
2020,6,FEBRERO,HN,50,12
2020,6,FEBRERO,HN,100,32
2020,6,FEBRERO,HN,200,64
2020,6,FEBRERO,NI,10,3
2020,6,FEBRERO,NI,30,8
2020,6,FEBRERO,NI,50,13
2020,6,FEBRERO,NI,100,29
2020,6,FEBRERO,NI,200,63
2020,6,FEBRERO,DO,10,2
2020,6,FEBRERO,DO,30,5
2020,6,FEBRERO,DO,50,8
2020,6,FEBRERO,DO,100,17
2020,6,FEBRERO,DO,200,42
2020,6,FEBRERO,MX,10,4
2020,6,FEBRERO,MX,30,13
2020,6,FEBRERO,MX,50,22
2020,6,FEBRERO,MX,100,35
2020,6,FEBRERO,MX,200,66
2020,6,FEBRERO,SP,10,6
2020,6,FEBRERO,SP,30,10
2020,6,FEBRERO,SP,50,14
2020,6,FEBRERO,SP,100,35
2020,6,FEBRERO,SP,200,60
2020,6,FEBRERO,CL,10,1
2020,6,FEBRERO,CL,30,7
2020,6,FEBRERO,CL,50,12
2020,6,FEBRERO,CL,100,23
2020,6,FEBRERO,CL,200,49
2020,6,FEBRERO,AR,10,2
2020,6,FEBRERO,AR,30,8
2020,6,FEBRERO,AR,50,15
2020,6,FEBRERO,AR,100,25
2020,6,FEBRERO,AR,200,46
2020,6,FEBRERO,BR,10,0
2020,6,FEBRERO,BR,30,1
2020,6,FEBRERO,BR,50,4
2020,6,FEBRERO,BR,100,21
2020,6,FEBRERO,BR,200,43
2020,6,FEBRERO,PT,10,1
2020,6,FEBRERO,PT,30,7
2020,6,FEBRERO,PT,50,13
2020,6,FEBRERO,PT,100,33
2020,6,FEBRERO,PT,200,69
2020,7,FEBRERO,CO,10,3
2020,7,FEBRERO,CO,30,9
2020,7,FEBRERO,CO,50,17
2020,7,FEBRERO,CO,100,27
2020,7,FEBRERO,CO,200,62
2020,7,FEBRERO,PE,10,1
2020,7,FEBRERO,PE,30,7
2020,7,FEBRERO,PE,50,13
2020,7,FEBRERO,PE,100,29
2020,7,FEBRERO,PE,200,55
2020,7,FEBRERO,EC,10,2
2020,7,FEBRERO,EC,30,10
2020,7,FEBRERO,EC,50,12
2020,7,FEBRERO,EC,100,27
2020,7,FEBRERO,EC,200,66
2020,7,FEBRERO,PN,10,2
2020,7,FEBRERO,PN,30,8
2020,7,FEBRERO,PN,50,12
2020,7,FEBRERO,PN,100,23
2020,7,FEBRERO,PN,200,53
2020,7,FEBRERO,CR,10,1
2020,7,FEBRERO,CR,30,10
2020,7,FEBRERO,CR,50,15
2020,7,FEBRERO,CR,100,31
2020,7,FEBRERO,CR,200,72
2020,7,FEBRERO,GT,10,3
2020,7,FEBRERO,GT,30,9
2020,7,FEBRERO,GT,50,14
2020,7,FEBRERO,GT,100,32
2020,7,FEBRERO,GT,200,63
2020,7,FEBRERO,SV,10,3
2020,7,FEBRERO,SV,30,8
2020,7,FEBRERO,SV,50,14
2020,7,FEBRERO,SV,100,31
2020,7,FEBRERO,SV,200,66
2020,7,FEBRERO,HN,10,2
2020,7,FEBRERO,HN,30,11
2020,7,FEBRERO,HN,50,13
2020,7,FEBRERO,HN,100,31
2020,7,FEBRERO,HN,200,61
2020,7,FEBRERO,NI,10,3
2020,7,FEBRERO,NI,30,9
2020,7,FEBRERO,NI,50,14
2020,7,FEBRERO,NI,100,29
2020,7,FEBRERO,NI,200,63
2020,7,FEBRERO,DO,10,2
2020,7,FEBRERO,DO,30,5
2020,7,FEBRERO,DO,50,9
2020,7,FEBRERO,DO,100,18
2020,7,FEBRERO,DO,200,40
2020,7,FEBRERO,MX,10,3
2020,7,FEBRERO,MX,30,14
2020,7,FEBRERO,MX,50,20
2020,7,FEBRERO,MX,100,37
2020,7,FEBRERO,MX,200,70
2020,7,FEBRERO,SP,10,5
2020,7,FEBRERO,SP,30,11
2020,7,FEBRERO,SP,50,16
2020,7,FEBRERO,SP,100,34
2020,7,FEBRERO,SP,200,64
2020,7,FEBRERO,CL,10,1
2020,7,FEBRERO,CL,30,8
2020,7,FEBRERO,CL,50,13
2020,7,FEBRERO,CL,100,22
2020,7,FEBRERO,CL,200,47
2020,7,FEBRERO,AR,10,1
2020,7,FEBRERO,AR,30,7
2020,7,FEBRERO,AR,50,14
2020,7,FEBRERO,AR,100,26
2020,7,FEBRERO,AR,200,47
2020,7,FEBRERO,BR,10,0
2020,7,FEBRERO,BR,30,1
2020,7,FEBRERO,BR,50,5
2020,7,FEBRERO,BR,100,22
2020,7,FEBRERO,BR,200,43
2020,7,FEBRERO,PT,10,1
2020,7,FEBRERO,PT,30,7
2020,7,FEBRERO,PT,50,14
2020,7,FEBRERO,PT,100,33
2020,7,FEBRERO,PT,200,70
2020,8,FEBRERO,CO,10,2
2020,8,FEBRERO,CO,30,10
2020,8,FEBRERO,CO,50,18
2020,8,FEBRERO,CO,100,27
2020,8,FEBRERO,CO,200,62
2020,8,FEBRERO,PE,10,1
2020,8,FEBRERO,PE,30,7
2020,8,FEBRERO,PE,50,13
2020,8,FEBRERO,PE,100,29
2020,8,FEBRERO,PE,200,57
2020,8,FEBRERO,EC,10,2
2020,8,FEBRERO,EC,30,8
2020,8,FEBRERO,EC,50,10
2020,8,FEBRERO,EC,100,27
2020,8,FEBRERO,EC,200,64
2020,8,FEBRERO,PN,10,2
2020,8,FEBRERO,PN,30,7
2020,8,FEBRERO,PN,50,10
2020,8,FEBRERO,PN,100,23
2020,8,FEBRERO,PN,200,53
2020,8,FEBRERO,CR,10,1
2020,8,FEBRERO,CR,30,10
2020,8,FEBRERO,CR,50,14
2020,8,FEBRERO,CR,100,30
2020,8,FEBRERO,CR,200,72
2020,8,FEBRERO,GT,10,3
2020,8,FEBRERO,GT,30,9
2020,8,FEBRERO,GT,50,15
2020,8,FEBRERO,GT,100,32
2020,8,FEBRERO,GT,200,65
2020,8,FEBRERO,SV,10,3
2020,8,FEBRERO,SV,30,9
2020,8,FEBRERO,SV,50,14
2020,8,FEBRERO,SV,100,30
2020,8,FEBRERO,SV,200,69
2020,8,FEBRERO,HN,10,2
2020,8,FEBRERO,HN,30,10
2020,8,FEBRERO,HN,50,12
2020,8,FEBRERO,HN,100,29
2020,8,FEBRERO,HN,200,61
2020,8,FEBRERO,NI,10,3
2020,8,FEBRERO,NI,30,9
2020,8,FEBRERO,NI,50,13
2020,8,FEBRERO,NI,100,28
2020,8,FEBRERO,NI,200,59
2020,8,FEBRERO,DO,10,2
2020,8,FEBRERO,DO,30,6
2020,8,FEBRERO,DO,50,9
2020,8,FEBRERO,DO,100,19
2020,8,FEBRERO,DO,200,41
2020,8,FEBRERO,MX,10,3
2020,8,FEBRERO,MX,30,12
2020,8,FEBRERO,MX,50,21
2020,8,FEBRERO,MX,100,36
2020,8,FEBRERO,MX,200,70
2020,8,FEBRERO,SP,10,4
2020,8,FEBRERO,SP,30,11
2020,8,FEBRERO,SP,50,15
2020,8,FEBRERO,SP,100,31
2020,8,FEBRERO,SP,200,65
2020,8,FEBRERO,CL,10,1
2020,8,FEBRERO,CL,30,8
2020,8,FEBRERO,CL,50,10
2020,8,FEBRERO,CL,100,22
2020,8,FEBRERO,CL,200,49
2020,8,FEBRERO,AR,10,2
2020,8,FEBRERO,AR,30,7
2020,8,FEBRERO,AR,50,15
2020,8,FEBRERO,AR,100,25
2020,8,FEBRERO,AR,200,47
2020,8,FEBRERO,BR,10,0
2020,8,FEBRERO,BR,30,1
2020,8,FEBRERO,BR,50,5
2020,8,FEBRERO,BR,100,19
2020,8,FEBRERO,BR,200,41
2020,8,FEBRERO,PT,10,3
2020,8,FEBRERO,PT,30,9
2020,8,FEBRERO,PT,50,15
2020,8,FEBRERO,PT,100,34
2020,8,FEBRERO,PT,200,79
2020,9,FEBRERO,CO,10,3
2020,9,FEBRERO,CO,30,10
2020,9,FEBRERO,CO,50,17
2020,9,FEBRERO,CO,100,29
2020,9,FEBRERO,CO,200,58
2020,9,FEBRERO,PE,10,2
2020,9,FEBRERO,PE,30,7
2020,9,FEBRERO,PE,50,13
2020,9,FEBRERO,PE,100,27
2020,9,FEBRERO,PE,200,52
2020,9,FEBRERO,EC,10,2
2020,9,FEBRERO,EC,30,9
2020,9,FEBRERO,EC,50,10
2020,9,FEBRERO,EC,100,27
2020,9,FEBRERO,EC,200,68
2020,9,FEBRERO,PN,10,2
2020,9,FEBRERO,PN,30,6
2020,9,FEBRERO,PN,50,10
2020,9,FEBRERO,PN,100,22
2020,9,FEBRERO,PN,200,46
2020,9,FEBRERO,CR,10,2
2020,9,FEBRERO,CR,30,9
2020,9,FEBRERO,CR,50,13
2020,9,FEBRERO,CR,100,32
2020,9,FEBRERO,CR,200,71
2020,9,FEBRERO,GT,10,3
2020,9,FEBRERO,GT,30,8
2020,9,FEBRERO,GT,50,15
2020,9,FEBRERO,GT,100,32
2020,9,FEBRERO,GT,200,62
2020,9,FEBRERO,SV,10,3
2020,9,FEBRERO,SV,30,9
2020,9,FEBRERO,SV,50,14
2020,9,FEBRERO,SV,100,29
2020,9,FEBRERO,SV,200,62
2020,9,FEBRERO,HN,10,2
2020,9,FEBRERO,HN,30,9
2020,9,FEBRERO,HN,50,13
2020,9,FEBRERO,HN,100,31
2020,9,FEBRERO,HN,200,59
2020,9,FEBRERO,NI,10,3
2020,9,FEBRERO,NI,30,9
2020,9,FEBRERO,NI,50,14
2020,9,FEBRERO,NI,100,24
2020,9,FEBRERO,NI,200,58
2020,9,FEBRERO,DO,10,2
2020,9,FEBRERO,DO,30,6
2020,9,FEBRERO,DO,50,9
2020,9,FEBRERO,DO,100,19
2020,9,FEBRERO,DO,200,44
2020,9,FEBRERO,MX,10,3
2020,9,FEBRERO,MX,30,12
2020,9,FEBRERO,MX,50,21
2020,9,FEBRERO,MX,100,35
2020,9,FEBRERO,MX,200,69
2020,9,FEBRERO,SP,10,3
2020,9,FEBRERO,SP,30,12
2020,9,FEBRERO,SP,50,15
2020,9,FEBRERO,SP,100,32
2020,9,FEBRERO,SP,200,65
2020,9,FEBRERO,CL,10,1
2020,9,FEBRERO,CL,30,8
2020,9,FEBRERO,CL,50,10
2020,9,FEBRERO,CL,100,23
2020,9,FEBRERO,CL,200,53
2020,9,FEBRERO,AR,10,3
2020,9,FEBRERO,AR,30,8
2020,9,FEBRERO,AR,50,15
2020,9,FEBRERO,AR,100,25
2020,9,FEBRERO,AR,200,41
2020,9,FEBRERO,BR,10,0
2020,9,FEBRERO,BR,30,2
2020,9,FEBRERO,BR,50,3
2020,9,FEBRERO,BR,100,16
2020,9,FEBRERO,BR,200,40
2020,9,FEBRERO,PT,10,2
2020,9,FEBRERO,PT,30,9
2020,9,FEBRERO,PT,50,16
2020,9,FEBRERO,PT,100,33
2020,9,FEBRERO,PT,200,68
2020,10,MARZO,CO,10,3
2020,10,MARZO,CO,30,8
2020,10,MARZO,CO,50,11
2020,10,MARZO,CO,100,27
2020,10,MARZO,CO,200,54
2020,10,MARZO,PE,10,2
2020,10,MARZO,PE,30,5
2020,10,MARZO,PE,50,10
2020,10,MARZO,PE,100,23
2020,10,MARZO,PE,200,53
2020,10,MARZO,EC,10,2
2020,10,MARZO,EC,30,5
2020,10,MARZO,EC,50,5
2020,10,MARZO,EC,100,22
2020,10,MARZO,EC,200,63
2020,10,MARZO,PN,10,1
2020,10,MARZO,PN,30,3
2020,10,MARZO,PN,50,7
2020,10,MARZO,PN,100,19
2020,10,MARZO,PN,200,44
2020,10,MARZO,CR,10,2
2020,10,MARZO,CR,30,5
2020,10,MARZO,CR,50,10
2020,10,MARZO,CR,100,23
2020,10,MARZO,CR,200,61
2020,10,MARZO,GT,10,2
2020,10,MARZO,GT,30,5
2020,10,MARZO,GT,50,9
2020,10,MARZO,GT,100,24
2020,10,MARZO,GT,200,59
2020,10,MARZO,SV,10,1
2020,10,MARZO,SV,30,6
2020,10,MARZO,SV,50,10
2020,10,MARZO,SV,100,25
2020,10,MARZO,SV,200,60
2020,10,MARZO,HN,10,0
2020,10,MARZO,HN,30,4
2020,10,MARZO,HN,50,10
2020,10,MARZO,HN,100,25
2020,10,MARZO,HN,200,61
2020,10,MARZO,NI,10,0
2020,10,MARZO,NI,30,4
2020,10,MARZO,NI,50,10
2020,10,MARZO,NI,100,21
2020,10,MARZO,NI,200,57
2020,10,MARZO,DO,10,0
2020,10,MARZO,DO,30,2
2020,10,MARZO,DO,50,9
2020,10,MARZO,DO,100,16
2020,10,MARZO,DO,200,39
2020,10,MARZO,MX,10,1
2020,10,MARZO,MX,30,6
2020,10,MARZO,MX,50,13
2020,10,MARZO,MX,100,31
2020,10,MARZO,MX,200,64
2020,10,MARZO,SP,10,4
2020,10,MARZO,SP,30,9
2020,10,MARZO,SP,50,12
2020,10,MARZO,SP,100,26
2020,10,MARZO,SP,200,59
2020,10,MARZO,CL,10,1
2020,10,MARZO,CL,30,1
2020,10,MARZO,CL,50,7
2020,10,MARZO,CL,100,23
2020,10,MARZO,CL,200,52
2020,10,MARZO,AR,10,2
2020,10,MARZO,AR,30,7
2020,10,MARZO,AR,50,12
2020,10,MARZO,AR,100,26
2020,10,MARZO,AR,200,41
2020,10,MARZO,BR,10,1
2020,10,MARZO,BR,30,2
2020,10,MARZO,BR,50,7
2020,10,MARZO,BR,100,23
2020,10,MARZO,BR,200,44
2020,10,MARZO,PT,10,2
2020,10,MARZO,PT,30,8
2020,10,MARZO,PT,50,15
2020,10,MARZO,PT,100,31
2020,10,MARZO,PT,200,68
2020,11,MARZO,CO,10,3
2020,11,MARZO,CO,30,8
2020,11,MARZO,CO,50,13
2020,11,MARZO,CO,100,26
2020,11,MARZO,CO,200,56
2020,11,MARZO,PE,10,1
2020,11,MARZO,PE,30,5
2020,11,MARZO,PE,50,10
2020,11,MARZO,PE,100,22
2020,11,MARZO,PE,200,53
2020,11,MARZO,EC,10,2
2020,11,MARZO,EC,30,7
2020,11,MARZO,EC,50,7
2020,11,MARZO,EC,100,23
2020,11,MARZO,EC,200,61
2020,11,MARZO,PN,10,1
2020,11,MARZO,PN,30,5
2020,11,MARZO,PN,50,7
2020,11,MARZO,PN,100,19
2020,11,MARZO,PN,200,50
2020,11,MARZO,CR,10,2
2020,11,MARZO,CR,30,7
2020,11,MARZO,CR,50,11
2020,11,MARZO,CR,100,24
2020,11,MARZO,CR,200,67
2020,11,MARZO,GT,10,3
2020,11,MARZO,GT,30,7
2020,11,MARZO,GT,50,10
2020,11,MARZO,GT,100,23
2020,11,MARZO,GT,200,60
2020,11,MARZO,SV,10,1
2020,11,MARZO,SV,30,6
2020,11,MARZO,SV,50,10
2020,11,MARZO,SV,100,24
2020,11,MARZO,SV,200,60
2020,11,MARZO,HN,10,0
2020,11,MARZO,HN,30,6
2020,11,MARZO,HN,50,12
2020,11,MARZO,HN,100,27
2020,11,MARZO,HN,200,64
2020,11,MARZO,NI,10,1
2020,11,MARZO,NI,30,4
2020,11,MARZO,NI,50,12
2020,11,MARZO,NI,100,22
2020,11,MARZO,NI,200,63
2020,11,MARZO,DO,10,0
2020,11,MARZO,DO,30,3
2020,11,MARZO,DO,50,8
2020,11,MARZO,DO,100,16
2020,11,MARZO,DO,200,40
2020,11,MARZO,MX,10,2
2020,11,MARZO,MX,30,8
2020,11,MARZO,MX,50,12
2020,11,MARZO,MX,100,32
2020,11,MARZO,MX,200,63
2020,11,MARZO,SP,10,4
2020,11,MARZO,SP,30,9
2020,11,MARZO,SP,50,12
2020,11,MARZO,SP,100,25
2020,11,MARZO,SP,200,62
2020,11,MARZO,CL,10,1
2020,11,MARZO,CL,30,2
2020,11,MARZO,CL,50,8
2020,11,MARZO,CL,100,21
2020,11,MARZO,CL,200,48
2020,11,MARZO,AR,10,2
2020,11,MARZO,AR,30,5
2020,11,MARZO,AR,50,11
2020,11,MARZO,AR,100,25
2020,11,MARZO,AR,200,39
2020,11,MARZO,BR,10,1
2020,11,MARZO,BR,30,1
2020,11,MARZO,BR,50,5
2020,11,MARZO,BR,100,21
2020,11,MARZO,BR,200,42
2020,11,MARZO,PT,10,2
2020,11,MARZO,PT,30,6
2020,11,MARZO,PT,50,14
2020,11,MARZO,PT,100,27
2020,11,MARZO,PT,200,64
2020,12,MARZO,CO,10,3
2020,12,MARZO,CO,30,8
2020,12,MARZO,CO,50,12
2020,12,MARZO,CO,100,26
2020,12,MARZO,CO,200,53
2020,12,MARZO,PE,10,1
2020,12,MARZO,PE,30,4
2020,12,MARZO,PE,50,11
2020,12,MARZO,PE,100,22
2020,12,MARZO,PE,200,52
2020,12,MARZO,EC,10,2
2020,12,MARZO,EC,30,8
2020,12,MARZO,EC,50,8
2020,12,MARZO,EC,100,23
2020,12,MARZO,EC,200,58
2020,12,MARZO,PN,10,1
2020,12,MARZO,PN,30,5
2020,12,MARZO,PN,50,8
2020,12,MARZO,PN,100,19
2020,12,MARZO,PN,200,47
2020,12,MARZO,CR,10,2
2020,12,MARZO,CR,30,6
2020,12,MARZO,CR,50,12
2020,12,MARZO,CR,100,25
2020,12,MARZO,CR,200,65
2020,12,MARZO,GT,10,2
2020,12,MARZO,GT,30,7
2020,12,MARZO,GT,50,10
2020,12,MARZO,GT,100,23
2020,12,MARZO,GT,200,56
2020,12,MARZO,SV,10,2
2020,12,MARZO,SV,30,6
2020,12,MARZO,SV,50,9
2020,12,MARZO,SV,100,23
2020,12,MARZO,SV,200,61
2020,12,MARZO,HN,10,2
2020,12,MARZO,HN,30,6
2020,12,MARZO,HN,50,11
2020,12,MARZO,HN,100,26
2020,12,MARZO,HN,200,63
2020,12,MARZO,NI,10,1
2020,12,MARZO,NI,30,5
2020,12,MARZO,NI,50,12
2020,12,MARZO,NI,100,22
2020,12,MARZO,NI,200,61
2020,12,MARZO,DO,10,0
2020,12,MARZO,DO,30,3
2020,12,MARZO,DO,50,8
2020,12,MARZO,DO,100,15
2020,12,MARZO,DO,200,41
2020,12,MARZO,MX,10,2
2020,12,MARZO,MX,30,8
2020,12,MARZO,MX,50,12
2020,12,MARZO,MX,100,30
2020,12,MARZO,MX,200,65
2020,12,MARZO,SP,10,4
2020,12,MARZO,SP,30,9
2020,12,MARZO,SP,50,14
2020,12,MARZO,SP,100,27
2020,12,MARZO,SP,200,55
2020,12,MARZO,CL,10,1
2020,12,MARZO,CL,30,3
2020,12,MARZO,CL,50,8
2020,12,MARZO,CL,100,21
2020,12,MARZO,CL,200,41
2020,12,MARZO,AR,10,1
2020,12,MARZO,AR,30,5
2020,12,MARZO,AR,50,10
2020,12,MARZO,AR,100,25
2020,12,MARZO,AR,200,39
2020,12,MARZO,BR,10,1
2020,12,MARZO,BR,30,3
2020,12,MARZO,BR,50,6
2020,12,MARZO,BR,100,20
2020,12,MARZO,BR,200,44
2020,12,MARZO,PT,10,2
2020,12,MARZO,PT,30,7
2020,12,MARZO,PT,50,13
2020,12,MARZO,PT,100,28
2020,12,MARZO,PT,200,63
2020,13,MARZO,CO,10,9
2020,13,MARZO,CO,30,15
2020,13,MARZO,CO,50,18
2020,13,MARZO,CO,100,33
2020,13,MARZO,CO,200,71
2020,13,MARZO,PE,10,3
2020,13,MARZO,PE,30,7
2020,13,MARZO,PE,50,14
2020,13,MARZO,PE,100,31
2020,13,MARZO,PE,200,61
2020,13,MARZO,EC,10,6
2020,13,MARZO,EC,30,12
2020,13,MARZO,EC,50,12
2020,13,MARZO,EC,100,33
2020,13,MARZO,EC,200,73
2020,13,MARZO,PN,10,3
2020,13,MARZO,PN,30,8
2020,13,MARZO,PN,50,14
2020,13,MARZO,PN,100,25
2020,13,MARZO,PN,200,57
2020,13,MARZO,CR,10,5
2020,13,MARZO,CR,30,12
2020,13,MARZO,CR,50,17
2020,13,MARZO,CR,100,35
2020,13,MARZO,CR,200,78
2020,13,MARZO,GT,10,4
2020,13,MARZO,GT,30,11
2020,13,MARZO,GT,50,18
2020,13,MARZO,GT,100,35
2020,13,MARZO,GT,200,74
2020,13,MARZO,SV,10,3
2020,13,MARZO,SV,30,10
2020,13,MARZO,SV,50,17
2020,13,MARZO,SV,100,35
2020,13,MARZO,SV,200,77
2020,13,MARZO,HN,10,4
2020,13,MARZO,HN,30,9
2020,13,MARZO,HN,50,18
2020,13,MARZO,HN,100,38
2020,13,MARZO,HN,200,80
2020,13,MARZO,NI,10,2
2020,13,MARZO,NI,30,7
2020,13,MARZO,NI,50,16
2020,13,MARZO,NI,100,33
2020,13,MARZO,NI,200,77
2020,13,MARZO,DO,10,1
2020,13,MARZO,DO,30,7
2020,13,MARZO,DO,50,13
2020,13,MARZO,DO,100,29
2020,13,MARZO,DO,200,52
2020,13,MARZO,MX,10,6
2020,13,MARZO,MX,30,12
2020,13,MARZO,MX,50,20
2020,13,MARZO,MX,100,40
2020,13,MARZO,MX,200,77
2020,13,MARZO,SP,10,6
2020,13,MARZO,SP,30,15
2020,13,MARZO,SP,50,18
2020,13,MARZO,SP,100,32
2020,13,MARZO,SP,200,63
2020,13,MARZO,CL,10,1
2020,13,MARZO,CL,30,4
2020,13,MARZO,CL,50,10
2020,13,MARZO,CL,100,24
2020,13,MARZO,CL,200,50
2020,13,MARZO,AR,10,3
2020,13,MARZO,AR,30,8
2020,13,MARZO,AR,50,11
2020,13,MARZO,AR,100,27
2020,13,MARZO,AR,200,53
2020,13,MARZO,BR,10,2
2020,13,MARZO,BR,30,4
2020,13,MARZO,BR,50,7
2020,13,MARZO,BR,100,21
2020,13,MARZO,BR,200,47
2020,13,MARZO,PT,10,3
2020,13,MARZO,PT,30,10
2020,13,MARZO,PT,50,18
2020,13,MARZO,PT,100,39
2020,13,MARZO,PT,200,75
2020,14,ABRIL,CO,10,5
2020,14,ABRIL,CO,30,14
2020,14,ABRIL,CO,50,18
2020,14,ABRIL,CO,100,32
2020,14,ABRIL,CO,200,66
2020,14,ABRIL,PE,10,1
2020,14,ABRIL,PE,30,6
2020,14,ABRIL,PE,50,12
2020,14,ABRIL,PE,100,27
2020,14,ABRIL,PE,200,59
2020,14,ABRIL,EC,10,4
2020,14,ABRIL,EC,30,10
2020,14,ABRIL,EC,50,10
2020,14,ABRIL,EC,100,32
2020,14,ABRIL,EC,200,66
2020,14,ABRIL,PN,10,2
2020,14,ABRIL,PN,30,7
2020,14,ABRIL,PN,50,11
2020,14,ABRIL,PN,100,21
2020,14,ABRIL,PN,200,48
2020,14,ABRIL,CR,10,4
2020,14,ABRIL,CR,30,10
2020,14,ABRIL,CR,50,16
2020,14,ABRIL,CR,100,32
2020,14,ABRIL,CR,200,66
2020,14,ABRIL,GT,10,3
2020,14,ABRIL,GT,30,9
2020,14,ABRIL,GT,50,13
2020,14,ABRIL,GT,100,28
2020,14,ABRIL,GT,200,67
2020,14,ABRIL,SV,10,2
2020,14,ABRIL,SV,30,7
2020,14,ABRIL,SV,50,11
2020,14,ABRIL,SV,100,28
2020,14,ABRIL,SV,200,67
2020,14,ABRIL,HN,10,2
2020,14,ABRIL,HN,30,8
2020,14,ABRIL,HN,50,13
2020,14,ABRIL,HN,100,29
2020,14,ABRIL,HN,200,67
2020,14,ABRIL,NI,10,2
2020,14,ABRIL,NI,30,7
2020,14,ABRIL,NI,50,13
2020,14,ABRIL,NI,100,27
2020,14,ABRIL,NI,200,67
2020,14,ABRIL,DO,10,1
2020,14,ABRIL,DO,30,6
2020,14,ABRIL,DO,50,10
2020,14,ABRIL,DO,100,21
2020,14,ABRIL,DO,200,45
2020,14,ABRIL,MX,10,4
2020,14,ABRIL,MX,30,10
2020,14,ABRIL,MX,50,17
2020,14,ABRIL,MX,100,34
2020,14,ABRIL,MX,200,70
2020,14,ABRIL,SP,10,5
2020,14,ABRIL,SP,30,12
2020,14,ABRIL,SP,50,18
2020,14,ABRIL,SP,100,32
2020,14,ABRIL,SP,200,61
2020,14,ABRIL,CL,10,1
2020,14,ABRIL,CL,30,5
2020,14,ABRIL,CL,50,10
2020,14,ABRIL,CL,100,19
2020,14,ABRIL,CL,200,47
2020,14,ABRIL,AR,10,2
2020,14,ABRIL,AR,30,7
2020,14,ABRIL,AR,50,11
2020,14,ABRIL,AR,100,23
2020,14,ABRIL,AR,200,49
2020,14,ABRIL,BR,10,2
2020,14,ABRIL,BR,30,2
2020,14,ABRIL,BR,50,5
2020,14,ABRIL,BR,100,20
2020,14,ABRIL,BR,200,40
2020,14,ABRIL,PT,10,2
2020,14,ABRIL,PT,30,8
2020,14,ABRIL,PT,50,13
2020,14,ABRIL,PT,100,32
2020,14,ABRIL,PT,200,63
2020,15,ABRIL,CO,10,5
2020,15,ABRIL,CO,30,13
2020,15,ABRIL,CO,50,20
2020,15,ABRIL,CO,100,33
2020,15,ABRIL,CO,200,68
2020,15,ABRIL,PE,10,1
2020,15,ABRIL,PE,30,7
2020,15,ABRIL,PE,50,13
2020,15,ABRIL,PE,100,30
2020,15,ABRIL,PE,200,64
2020,15,ABRIL,EC,10,3
2020,15,ABRIL,EC,30,10
2020,15,ABRIL,EC,50,10
2020,15,ABRIL,EC,100,33
2020,15,ABRIL,EC,200,69
2020,15,ABRIL,PN,10,2
2020,15,ABRIL,PN,30,8
2020,15,ABRIL,PN,50,13
2020,15,ABRIL,PN,100,23
2020,15,ABRIL,PN,200,49
2020,15,ABRIL,CR,10,3
2020,15,ABRIL,CR,30,10
2020,15,ABRIL,CR,50,15
2020,15,ABRIL,CR,100,31
2020,15,ABRIL,CR,200,70
2020,15,ABRIL,GT,10,2
2020,15,ABRIL,GT,30,9
2020,15,ABRIL,GT,50,14
2020,15,ABRIL,GT,100,30
2020,15,ABRIL,GT,200,64
2020,15,ABRIL,SV,10,2
2020,15,ABRIL,SV,30,7
2020,15,ABRIL,SV,50,12
2020,15,ABRIL,SV,100,27
2020,15,ABRIL,SV,200,67
2020,15,ABRIL,HN,10,2
2020,15,ABRIL,HN,30,9
2020,15,ABRIL,HN,50,15
2020,15,ABRIL,HN,100,28
2020,15,ABRIL,HN,200,69
2020,15,ABRIL,NI,10,2
2020,15,ABRIL,NI,30,7
2020,15,ABRIL,NI,50,14
2020,15,ABRIL,NI,100,26
2020,15,ABRIL,NI,200,70
2020,15,ABRIL,DO,10,1
2020,15,ABRIL,DO,30,6
2020,15,ABRIL,DO,50,12
2020,15,ABRIL,DO,100,21
2020,15,ABRIL,DO,200,44
2020,15,ABRIL,MX,10,4
2020,15,ABRIL,MX,30,10
2020,15,ABRIL,MX,50,14
2020,15,ABRIL,MX,100,36
2020,15,ABRIL,MX,200,71
2020,15,ABRIL,SP,10,5
2020,15,ABRIL,SP,30,13
2020,15,ABRIL,SP,50,18
2020,15,ABRIL,SP,100,33
2020,15,ABRIL,SP,200,68
2020,15,ABRIL,CL,10,1
2020,15,ABRIL,CL,30,7
2020,15,ABRIL,CL,50,12
2020,15,ABRIL,CL,100,18
2020,15,ABRIL,CL,200,52
2020,15,ABRIL,AR,10,2
2020,15,ABRIL,AR,30,7
2020,15,ABRIL,AR,50,10
2020,15,ABRIL,AR,100,23
2020,15,ABRIL,AR,200,49
2020,15,ABRIL,BR,10,2
2020,15,ABRIL,BR,30,4
2020,15,ABRIL,BR,50,6
2020,15,ABRIL,BR,100,21
2020,15,ABRIL,BR,200,43
2020,15,ABRIL,PT,10,4
2020,15,ABRIL,PT,30,8
2020,15,ABRIL,PT,50,13
2020,15,ABRIL,PT,100,32
2020,15,ABRIL,PT,200,64
2020,16,ABRIL,CO,10,5
2020,16,ABRIL,CO,30,13
2020,16,ABRIL,CO,50,18
2020,16,ABRIL,CO,100,31
2020,16,ABRIL,CO,200,66
2020,16,ABRIL,PE,10,1
2020,16,ABRIL,PE,30,6
2020,16,ABRIL,PE,50,11
2020,16,ABRIL,PE,100,28
2020,16,ABRIL,PE,200,63
2020,16,ABRIL,EC,10,3
2020,16,ABRIL,EC,30,9
2020,16,ABRIL,EC,50,9
2020,16,ABRIL,EC,100,30
2020,16,ABRIL,EC,200,65
2020,16,ABRIL,PN,10,1
2020,16,ABRIL,PN,30,9
2020,16,ABRIL,PN,50,13
2020,16,ABRIL,PN,100,22
2020,16,ABRIL,PN,200,48
2020,16,ABRIL,CR,10,3
2020,16,ABRIL,CR,30,9
2020,16,ABRIL,CR,50,16
2020,16,ABRIL,CR,100,30
2020,16,ABRIL,CR,200,68
2020,16,ABRIL,GT,10,2
2020,16,ABRIL,GT,30,8
2020,16,ABRIL,GT,50,15
2020,16,ABRIL,GT,100,29
2020,16,ABRIL,GT,200,64
2020,16,ABRIL,SV,10,2
2020,16,ABRIL,SV,30,8
2020,16,ABRIL,SV,50,13
2020,16,ABRIL,SV,100,27
2020,16,ABRIL,SV,200,68
2020,16,ABRIL,HN,10,1
2020,16,ABRIL,HN,30,8
2020,16,ABRIL,HN,50,15
2020,16,ABRIL,HN,100,27
2020,16,ABRIL,HN,200,68
2020,16,ABRIL,NI,10,1
2020,16,ABRIL,NI,30,7
2020,16,ABRIL,NI,50,13
2020,16,ABRIL,NI,100,25
2020,16,ABRIL,NI,200,67
2020,16,ABRIL,DO,10,0
2020,16,ABRIL,DO,30,6
2020,16,ABRIL,DO,50,13
2020,16,ABRIL,DO,100,20
2020,16,ABRIL,DO,200,44
2020,16,ABRIL,MX,10,3
2020,16,ABRIL,MX,30,9
2020,16,ABRIL,MX,50,15
2020,16,ABRIL,MX,100,34
2020,16,ABRIL,MX,200,67
2020,16,ABRIL,SP,10,4
2020,16,ABRIL,SP,30,15
2020,16,ABRIL,SP,50,19
2020,16,ABRIL,SP,100,35
2020,16,ABRIL,SP,200,66
2020,16,ABRIL,CL,10,0
2020,16,ABRIL,CL,30,7
2020,16,ABRIL,CL,50,11
2020,16,ABRIL,CL,100,17
2020,16,ABRIL,CL,200,48
2020,16,ABRIL,AR,10,3
2020,16,ABRIL,AR,30,8
2020,16,ABRIL,AR,50,9
2020,16,ABRIL,AR,100,22
2020,16,ABRIL,AR,200,48
2020,16,ABRIL,BR,10,2
2020,16,ABRIL,BR,30,4
2020,16,ABRIL,BR,50,6
2020,16,ABRIL,BR,100,22
2020,16,ABRIL,BR,200,45
2020,16,ABRIL,PT,10,4
2020,16,ABRIL,PT,30,9
2020,16,ABRIL,PT,50,13
2020,16,ABRIL,PT,100,31
2020,16,ABRIL,PT,200,60
2020,17,ABRIL,CO,10,5
2020,17,ABRIL,CO,30,12
2020,17,ABRIL,CO,50,18
2020,17,ABRIL,CO,100,30
2020,17,ABRIL,CO,200,67
2020,17,ABRIL,PE,10,2
2020,17,ABRIL,PE,30,6
2020,17,ABRIL,PE,50,11
2020,17,ABRIL,PE,100,27
2020,17,ABRIL,PE,200,63
2020,17,ABRIL,EC,10,4
2020,17,ABRIL,EC,30,7
2020,17,ABRIL,EC,50,7
2020,17,ABRIL,EC,100,29
2020,17,ABRIL,EC,200,62
2020,17,ABRIL,PN,10,1
2020,17,ABRIL,PN,30,8
2020,17,ABRIL,PN,50,12
2020,17,ABRIL,PN,100,19
2020,17,ABRIL,PN,200,44
2020,17,ABRIL,CR,10,4
2020,17,ABRIL,CR,30,8
2020,17,ABRIL,CR,50,14
2020,17,ABRIL,CR,100,28
2020,17,ABRIL,CR,200,66
2020,17,ABRIL,GT,10,3
2020,17,ABRIL,GT,30,8
2020,17,ABRIL,GT,50,13
2020,17,ABRIL,GT,100,28
2020,17,ABRIL,GT,200,64
2020,17,ABRIL,SV,10,2
2020,17,ABRIL,SV,30,7
2020,17,ABRIL,SV,50,10
2020,17,ABRIL,SV,100,25
2020,17,ABRIL,SV,200,67
2020,17,ABRIL,HN,10,2
2020,17,ABRIL,HN,30,7
2020,17,ABRIL,HN,50,14
2020,17,ABRIL,HN,100,24
2020,17,ABRIL,HN,200,65
2020,17,ABRIL,NI,10,1
2020,17,ABRIL,NI,30,7
2020,17,ABRIL,NI,50,13
2020,17,ABRIL,NI,100,25
2020,17,ABRIL,NI,200,65
2020,17,ABRIL,DO,10,1
2020,17,ABRIL,DO,30,6
2020,17,ABRIL,DO,50,12
2020,17,ABRIL,DO,100,17
2020,17,ABRIL,DO,200,40
2020,17,ABRIL,MX,10,4
2020,17,ABRIL,MX,30,9
2020,17,ABRIL,MX,50,16
2020,17,ABRIL,MX,100,32
2020,17,ABRIL,MX,200,64
2020,17,ABRIL,SP,10,5
2020,17,ABRIL,SP,30,13
2020,17,ABRIL,SP,50,18
2020,17,ABRIL,SP,100,35
2020,17,ABRIL,SP,200,62
2020,17,ABRIL,CL,10,1
2020,17,ABRIL,CL,30,6
2020,17,ABRIL,CL,50,11
2020,17,ABRIL,CL,100,16
2020,17,ABRIL,CL,200,47
2020,17,ABRIL,AR,10,3
2020,17,ABRIL,AR,30,7
2020,17,ABRIL,AR,50,9
2020,17,ABRIL,AR,100,21
2020,17,ABRIL,AR,200,47
2020,17,ABRIL,BR,10,2
2020,17,ABRIL,BR,30,4
2020,17,ABRIL,BR,50,7
2020,17,ABRIL,BR,100,23
2020,17,ABRIL,BR,200,49
2020,17,ABRIL,PT,10,3
2020,17,ABRIL,PT,30,7
2020,17,ABRIL,PT,50,15
2020,17,ABRIL,PT,100,35
2020,17,ABRIL,PT,200,66
2020,18,ABRIL,CO,10,6
2020,18,ABRIL,CO,30,13
2020,18,ABRIL,CO,50,18
2020,18,ABRIL,CO,100,37
2020,18,ABRIL,CO,200,74
2020,18,ABRIL,PE,10,3
2020,18,ABRIL,PE,30,6
2020,18,ABRIL,PE,50,11
2020,18,ABRIL,PE,100,26
2020,18,ABRIL,PE,200,62
2020,18,ABRIL,EC,10,5
2020,18,ABRIL,EC,30,9
2020,18,ABRIL,EC,50,9
2020,18,ABRIL,EC,100,28
2020,18,ABRIL,EC,200,61
2020,18,ABRIL,PN,10,1
2020,18,ABRIL,PN,30,8
2020,18,ABRIL,PN,50,13
2020,18,ABRIL,PN,100,20
2020,18,ABRIL,PN,200,45
2020,18,ABRIL,CR,10,4
2020,18,ABRIL,CR,30,7
2020,18,ABRIL,CR,50,12
2020,18,ABRIL,CR,100,26
2020,18,ABRIL,CR,200,67
2020,18,ABRIL,GT,10,3
2020,18,ABRIL,GT,30,8
2020,18,ABRIL,GT,50,14
2020,18,ABRIL,GT,100,26
2020,18,ABRIL,GT,200,65
2020,18,ABRIL,SV,10,2
2020,18,ABRIL,SV,30,7
2020,18,ABRIL,SV,50,11
2020,18,ABRIL,SV,100,23
2020,18,ABRIL,SV,200,65
2020,18,ABRIL,HN,10,2
2020,18,ABRIL,HN,30,8
2020,18,ABRIL,HN,50,13
2020,18,ABRIL,HN,100,24
2020,18,ABRIL,HN,200,62
2020,18,ABRIL,NI,10,1
2020,18,ABRIL,NI,30,7
2020,18,ABRIL,NI,50,12
2020,18,ABRIL,NI,100,24
2020,18,ABRIL,NI,200,62
2020,18,ABRIL,DO,10,1
2020,18,ABRIL,DO,30,8
2020,18,ABRIL,DO,50,13
2020,18,ABRIL,DO,100,16
2020,18,ABRIL,DO,200,42
2020,18,ABRIL,MX,10,4
2020,18,ABRIL,MX,30,9
2020,18,ABRIL,MX,50,15
2020,18,ABRIL,MX,100,30
2020,18,ABRIL,MX,200,65
2020,18,ABRIL,SP,10,5
2020,18,ABRIL,SP,30,12
2020,18,ABRIL,SP,50,16
2020,18,ABRIL,SP,100,29
2020,18,ABRIL,SP,200,57
2020,18,ABRIL,CL,10,2
2020,18,ABRIL,CL,30,6
2020,18,ABRIL,CL,50,11
2020,18,ABRIL,CL,100,16
2020,18,ABRIL,CL,200,47
2020,18,ABRIL,AR,10,3
2020,18,ABRIL,AR,30,6
2020,18,ABRIL,AR,50,9
2020,18,ABRIL,AR,100,23
2020,18,ABRIL,AR,200,45
2020,18,ABRIL,BR,10,2
2020,18,ABRIL,BR,30,4
2020,18,ABRIL,BR,50,7
2020,18,ABRIL,BR,100,20
2020,18,ABRIL,BR,200,49
2020,18,ABRIL,PT,10,2
2020,18,ABRIL,PT,30,5
2020,18,ABRIL,PT,50,14
2020,18,ABRIL,PT,100,32
2020,18,ABRIL,PT,200,62
2020,19,MAYO,CO,10,6
2020,19,MAYO,CO,30,14
2020,19,MAYO,CO,50,18
2020,19,MAYO,CO,100,31
2020,19,MAYO,CO,200,64
2020,19,MAYO,PE,10,3
2020,19,MAYO,PE,30,6
2020,19,MAYO,PE,50,10
2020,19,MAYO,PE,100,25
2020,19,MAYO,PE,200,58
2020,19,MAYO,EC,10,5
2020,19,MAYO,EC,30,9
2020,19,MAYO,EC,50,9
2020,19,MAYO,EC,100,27
2020,19,MAYO,EC,200,58
2020,19,MAYO,PN,10,2
2020,19,MAYO,PN,30,8
2020,19,MAYO,PN,50,13
2020,19,MAYO,PN,100,19
2020,19,MAYO,PN,200,50
2020,19,MAYO,CR,10,4
2020,19,MAYO,CR,30,8
2020,19,MAYO,CR,50,12
2020,19,MAYO,CR,100,26
2020,19,MAYO,CR,200,67
2020,19,MAYO,GT,10,2
2020,19,MAYO,GT,30,8
2020,19,MAYO,GT,50,14
2020,19,MAYO,GT,100,28
2020,19,MAYO,GT,200,60
2020,19,MAYO,SV,10,2
2020,19,MAYO,SV,30,8
2020,19,MAYO,SV,50,12
2020,19,MAYO,SV,100,23
2020,19,MAYO,SV,200,65
2020,19,MAYO,HN,10,1
2020,19,MAYO,HN,30,9
2020,19,MAYO,HN,50,12
2020,19,MAYO,HN,100,25
2020,19,MAYO,HN,200,64
2020,19,MAYO,NI,10,1
2020,19,MAYO,NI,30,7
2020,19,MAYO,NI,50,13
2020,19,MAYO,NI,100,24
2020,19,MAYO,NI,200,60
2020,19,MAYO,DO,10,0
2020,19,MAYO,DO,30,8
2020,19,MAYO,DO,50,13
2020,19,MAYO,DO,100,16
2020,19,MAYO,DO,200,42
2020,19,MAYO,MX,10,3
2020,19,MAYO,MX,30,8
2020,19,MAYO,MX,50,15
2020,19,MAYO,MX,100,32
2020,19,MAYO,MX,200,65
2020,19,MAYO,SP,10,5
2020,19,MAYO,SP,30,11
2020,19,MAYO,SP,50,16
2020,19,MAYO,SP,100,29
2020,19,MAYO,SP,200,59
2020,19,MAYO,CL,10,2
2020,19,MAYO,CL,30,6
2020,19,MAYO,CL,50,11
2020,19,MAYO,CL,100,16
2020,19,MAYO,CL,200,45
2020,19,MAYO,AR,10,3
2020,19,MAYO,AR,30,6
2020,19,MAYO,AR,50,10
2020,19,MAYO,AR,100,24
2020,19,MAYO,AR,200,46
2020,19,MAYO,BR,10,2
2020,19,MAYO,BR,30,4
2020,19,MAYO,BR,50,8
2020,19,MAYO,BR,100,22
2020,19,MAYO,BR,200,48
2020,19,MAYO,PT,10,3
2020,19,MAYO,PT,30,5
2020,19,MAYO,PT,50,13
2020,19,MAYO,PT,100,34
2020,19,MAYO,PT,200,69
2020,20,MAYO,CO,10,4
2020,20,MAYO,CO,30,11
2020,20,MAYO,CO,50,16
2020,20,MAYO,CO,100,30
2020,20,MAYO,CO,200,60
2020,20,MAYO,PE,10,3
2020,20,MAYO,PE,30,5
2020,20,MAYO,PE,50,12
2020,20,MAYO,PE,100,25
2020,20,MAYO,PE,200,58
2020,20,MAYO,EC,10,3
2020,20,MAYO,EC,30,8
2020,20,MAYO,EC,50,8
2020,20,MAYO,EC,100,28
2020,20,MAYO,EC,200,55
2020,20,MAYO,PN,10,2
2020,20,MAYO,PN,30,6
2020,20,MAYO,PN,50,14
2020,20,MAYO,PN,100,20
2020,20,MAYO,PN,200,47
2020,20,MAYO,CR,10,2
2020,20,MAYO,CR,30,7
2020,20,MAYO,CR,50,14
2020,20,MAYO,CR,100,24
2020,20,MAYO,CR,200,61
2020,20,MAYO,GT,10,1
2020,20,MAYO,GT,30,7
2020,20,MAYO,GT,50,12
2020,20,MAYO,GT,100,26
2020,20,MAYO,GT,200,59
2020,20,MAYO,SV,10,2
2020,20,MAYO,SV,30,7
2020,20,MAYO,SV,50,12
2020,20,MAYO,SV,100,22
2020,20,MAYO,SV,200,63
2020,20,MAYO,HN,10,2
2020,20,MAYO,HN,30,7
2020,20,MAYO,HN,50,12
2020,20,MAYO,HN,100,24
2020,20,MAYO,HN,200,58
2020,20,MAYO,NI,10,2
2020,20,MAYO,NI,30,6
2020,20,MAYO,NI,50,10
2020,20,MAYO,NI,100,23
2020,20,MAYO,NI,200,55
2020,20,MAYO,DO,10,1
2020,20,MAYO,DO,30,5
2020,20,MAYO,DO,50,11
2020,20,MAYO,DO,100,17
2020,20,MAYO,DO,200,37
2020,20,MAYO,MX,10,2
2020,20,MAYO,MX,30,8
2020,20,MAYO,MX,50,14
2020,20,MAYO,MX,100,29
2020,20,MAYO,MX,200,64
2020,20,MAYO,SP,10,3
2020,20,MAYO,SP,30,7
2020,20,MAYO,SP,50,14
2020,20,MAYO,SP,100,26
2020,20,MAYO,SP,200,60
2020,20,MAYO,CL,10,2
2020,20,MAYO,CL,30,4
2020,20,MAYO,CL,50,10
2020,20,MAYO,CL,100,19
2020,20,MAYO,CL,200,45
2020,20,MAYO,AR,10,3
2020,20,MAYO,AR,30,6
2020,20,MAYO,AR,50,11
2020,20,MAYO,AR,100,23
2020,20,MAYO,AR,200,46
2020,20,MAYO,BR,10,2
2020,20,MAYO,BR,30,5
2020,20,MAYO,BR,50,9
2020,20,MAYO,BR,100,20
2020,20,MAYO,BR,200,54
2020,20,MAYO,PT,10,3
2020,20,MAYO,PT,30,7
2020,20,MAYO,PT,50,14
2020,20,MAYO,PT,100,34
2020,20,MAYO,PT,200,60
2020,21,MAYO,CO,10,5
2020,21,MAYO,CO,30,12
2020,21,MAYO,CO,50,16
2020,21,MAYO,CO,100,31
2020,21,MAYO,CO,200,61
2020,21,MAYO,PE,10,2
2020,21,MAYO,PE,30,6
2020,21,MAYO,PE,50,10
2020,21,MAYO,PE,100,26
2020,21,MAYO,PE,200,57
2020,21,MAYO,EC,10,5
2020,21,MAYO,EC,30,10
2020,21,MAYO,EC,50,10
2020,21,MAYO,EC,100,27
2020,21,MAYO,EC,200,58
2020,21,MAYO,PN,10,2
2020,21,MAYO,PN,30,8
2020,21,MAYO,PN,50,13
2020,21,MAYO,PN,100,21
2020,21,MAYO,PN,200,43
2020,21,MAYO,CR,10,4
2020,21,MAYO,CR,30,9
2020,21,MAYO,CR,50,13
2020,21,MAYO,CR,100,24
2020,21,MAYO,CR,200,62
2020,21,MAYO,GT,10,2
2020,21,MAYO,GT,30,8
2020,21,MAYO,GT,50,13
2020,21,MAYO,GT,100,27
2020,21,MAYO,GT,200,56
2020,21,MAYO,SV,10,3
2020,21,MAYO,SV,30,8
2020,21,MAYO,SV,50,12
2020,21,MAYO,SV,100,22
2020,21,MAYO,SV,200,59
2020,21,MAYO,HN,10,2
2020,21,MAYO,HN,30,8
2020,21,MAYO,HN,50,13
2020,21,MAYO,HN,100,23
2020,21,MAYO,HN,200,57
2020,21,MAYO,NI,10,1
2020,21,MAYO,NI,30,8
2020,21,MAYO,NI,50,9
2020,21,MAYO,NI,100,21
2020,21,MAYO,NI,200,52
2020,21,MAYO,DO,10,1
2020,21,MAYO,DO,30,2
2020,21,MAYO,DO,50,10
2020,21,MAYO,DO,100,14
2020,21,MAYO,DO,200,32
2020,21,MAYO,MX,10,3
2020,21,MAYO,MX,30,7
2020,21,MAYO,MX,50,16
2020,21,MAYO,MX,100,29
2020,21,MAYO,MX,200,65
2020,21,MAYO,SP,10,3
2020,21,MAYO,SP,30,8
2020,21,MAYO,SP,50,17
2020,21,MAYO,SP,100,28
2020,21,MAYO,SP,200,64
2020,21,MAYO,CL,10,2
2020,21,MAYO,CL,30,5
2020,21,MAYO,CL,50,10
2020,21,MAYO,CL,100,18
2020,21,MAYO,CL,200,44
2020,21,MAYO,AR,10,3
2020,21,MAYO,AR,30,6
2020,21,MAYO,AR,50,9
2020,21,MAYO,AR,100,24
2020,21,MAYO,AR,200,44
2020,21,MAYO,BR,10,2
2020,21,MAYO,BR,30,5
2020,21,MAYO,BR,50,8
2020,21,MAYO,BR,100,20
2020,21,MAYO,BR,200,49
2020,21,MAYO,PT,10,4
2020,21,MAYO,PT,30,7
2020,21,MAYO,PT,50,15
2020,21,MAYO,PT,100,32
2020,21,MAYO,PT,200,60
2020,22,MAYO,CO,10,5
2020,22,MAYO,CO,30,13
2020,22,MAYO,CO,50,18
2020,22,MAYO,CO,100,32
2020,22,MAYO,CO,200,62
2020,22,MAYO,PE,10,2
2020,22,MAYO,PE,30,8
2020,22,MAYO,PE,50,11
2020,22,MAYO,PE,100,29
2020,22,MAYO,PE,200,61
2020,22,MAYO,EC,10,4
2020,22,MAYO,EC,30,11
2020,22,MAYO,EC,50,12
2020,22,MAYO,EC,100,29
2020,22,MAYO,EC,200,61
2020,22,MAYO,PN,10,2
2020,22,MAYO,PN,30,8
2020,22,MAYO,PN,50,13
2020,22,MAYO,PN,100,21
2020,22,MAYO,PN,200,43
2020,22,MAYO,CR,10,5
2020,22,MAYO,CR,30,8
2020,22,MAYO,CR,50,15
2020,22,MAYO,CR,100,26
2020,22,MAYO,CR,200,67
2020,22,MAYO,GT,10,2
2020,22,MAYO,GT,30,10
2020,22,MAYO,GT,50,14
2020,22,MAYO,GT,100,28
2020,22,MAYO,GT,200,58
2020,22,MAYO,SV,10,2
2020,22,MAYO,SV,30,9
2020,22,MAYO,SV,50,13
2020,22,MAYO,SV,100,24
2020,22,MAYO,SV,200,59
2020,22,MAYO,HN,10,3
2020,22,MAYO,HN,30,8
2020,22,MAYO,HN,50,14
2020,22,MAYO,HN,100,24
2020,22,MAYO,HN,200,57
2020,22,MAYO,NI,10,2
2020,22,MAYO,NI,30,9
2020,22,MAYO,NI,50,13
2020,22,MAYO,NI,100,24
2020,22,MAYO,NI,200,53
2020,22,MAYO,DO,10,1
2020,22,MAYO,DO,30,4
2020,22,MAYO,DO,50,12
2020,22,MAYO,DO,100,16
2020,22,MAYO,DO,200,35
2020,22,MAYO,MX,10,5
2020,22,MAYO,MX,30,8
2020,22,MAYO,MX,50,17
2020,22,MAYO,MX,100,33
2020,22,MAYO,MX,200,66
2020,22,MAYO,SP,10,2
2020,22,MAYO,SP,30,8
2020,22,MAYO,SP,50,18
2020,22,MAYO,SP,100,30
2020,22,MAYO,SP,200,63
2020,22,MAYO,CL,10,2
2020,22,MAYO,CL,30,6
2020,22,MAYO,CL,50,11
2020,22,MAYO,CL,100,19
2020,22,MAYO,CL,200,42
2020,22,MAYO,AR,10,2
2020,22,MAYO,AR,30,7
2020,22,MAYO,AR,50,11
2020,22,MAYO,AR,100,23
2020,22,MAYO,AR,200,45
2020,22,MAYO,BR,10,2
2020,22,MAYO,BR,30,6
2020,22,MAYO,BR,50,9
2020,22,MAYO,BR,100,22
2020,22,MAYO,BR,200,51
2020,22,MAYO,PT,10,5
2020,22,MAYO,PT,30,9
2020,22,MAYO,PT,50,15
2020,22,MAYO,PT,100,32
2020,22,MAYO,PT,200,61
2020,23,JUNIO,CO,10,4
2020,23,JUNIO,CO,30,12
2020,23,JUNIO,CO,50,18
2020,23,JUNIO,CO,100,31
2020,23,JUNIO,CO,200,65
2020,23,JUNIO,PE,10,2
2020,23,JUNIO,PE,30,7
2020,23,JUNIO,PE,50,11
2020,23,JUNIO,PE,100,25
2020,23,JUNIO,PE,200,59
2020,23,JUNIO,EC,10,3
2020,23,JUNIO,EC,30,10
2020,23,JUNIO,EC,50,10
2020,23,JUNIO,EC,100,27
2020,23,JUNIO,EC,200,59
2020,23,JUNIO,PN,10,1
2020,23,JUNIO,PN,30,8
2020,23,JUNIO,PN,50,12
2020,23,JUNIO,PN,100,20
2020,23,JUNIO,PN,200,44
2020,23,JUNIO,CR,10,2
2020,23,JUNIO,CR,30,9
2020,23,JUNIO,CR,50,14
2020,23,JUNIO,CR,100,30
2020,23,JUNIO,CR,200,69
2020,23,JUNIO,GT,10,2
2020,23,JUNIO,GT,30,9
2020,23,JUNIO,GT,50,15
2020,23,JUNIO,GT,100,26
2020,23,JUNIO,GT,200,57
2020,23,JUNIO,SV,10,2
2020,23,JUNIO,SV,30,9
2020,23,JUNIO,SV,50,14
2020,23,JUNIO,SV,100,22
2020,23,JUNIO,SV,200,59
2020,23,JUNIO,HN,10,3
2020,23,JUNIO,HN,30,7
2020,23,JUNIO,HN,50,15
2020,23,JUNIO,HN,100,25
2020,23,JUNIO,HN,200,56
2020,23,JUNIO,NI,10,2
2020,23,JUNIO,NI,30,10
2020,23,JUNIO,NI,50,13
2020,23,JUNIO,NI,100,25
2020,23,JUNIO,NI,200,54
2020,23,JUNIO,DO,10,1
2020,23,JUNIO,DO,30,3
2020,23,JUNIO,DO,50,7
2020,23,JUNIO,DO,100,18
2020,23,JUNIO,DO,200,31
2020,23,JUNIO,MX,10,5
2020,23,JUNIO,MX,30,10
2020,23,JUNIO,MX,50,16
2020,23,JUNIO,MX,100,36
2020,23,JUNIO,MX,200,72
2020,23,JUNIO,SP,10,1
2020,23,JUNIO,SP,30,7
2020,23,JUNIO,SP,50,13
2020,23,JUNIO,SP,100,31
2020,23,JUNIO,SP,200,59
2020,23,JUNIO,CL,10,2
2020,23,JUNIO,CL,30,5
2020,23,JUNIO,CL,50,9
2020,23,JUNIO,CL,100,19
2020,23,JUNIO,CL,200,43
2020,23,JUNIO,AR,10,2
2020,23,JUNIO,AR,30,7
2020,23,JUNIO,AR,50,12
2020,23,JUNIO,AR,100,24
2020,23,JUNIO,AR,200,51
2020,23,JUNIO,BR,10,5
2020,23,JUNIO,BR,30,9
2020,23,JUNIO,BR,50,16
2020,23,JUNIO,BR,100,28
2020,23,JUNIO,BR,200,60
2020,23,JUNIO,PT,10,4
2020,23,JUNIO,PT,30,10
2020,23,JUNIO,PT,50,16
2020,23,JUNIO,PT,100,35
2020,23,JUNIO,PT,200,70
2020,24,JUNIO,CO,10,3
2020,24,JUNIO,CO,30,12
2020,24,JUNIO,CO,50,17
2020,24,JUNIO,CO,100,32
2020,24,JUNIO,CO,200,63
2020,24,JUNIO,PE,10,2
2020,24,JUNIO,PE,30,7
2020,24,JUNIO,PE,50,10
2020,24,JUNIO,PE,100,25
2020,24,JUNIO,PE,200,60
2020,24,JUNIO,EC,10,3
2020,24,JUNIO,EC,30,10
2020,24,JUNIO,EC,50,10
2020,24,JUNIO,EC,100,27
2020,24,JUNIO,EC,200,63
2020,24,JUNIO,PN,10,1
2020,24,JUNIO,PN,30,7
2020,24,JUNIO,PN,50,14
2020,24,JUNIO,PN,100,22
2020,24,JUNIO,PN,200,44
2020,24,JUNIO,CR,10,2
2020,24,JUNIO,CR,30,9
2020,24,JUNIO,CR,50,14
2020,24,JUNIO,CR,100,26
2020,24,JUNIO,CR,200,65
2020,24,JUNIO,GT,10,2
2020,24,JUNIO,GT,30,9
2020,24,JUNIO,GT,50,13
2020,24,JUNIO,GT,100,27
2020,24,JUNIO,GT,200,60
2020,24,JUNIO,SV,10,2
2020,24,JUNIO,SV,30,8
2020,24,JUNIO,SV,50,12
2020,24,JUNIO,SV,100,24
2020,24,JUNIO,SV,200,59
2020,24,JUNIO,HN,10,3
2020,24,JUNIO,HN,30,8
2020,24,JUNIO,HN,50,13
2020,24,JUNIO,HN,100,24
2020,24,JUNIO,HN,200,55
2020,24,JUNIO,NI,10,2
2020,24,JUNIO,NI,30,8
2020,24,JUNIO,NI,50,14
2020,24,JUNIO,NI,100,24
2020,24,JUNIO,NI,200,56
2020,24,JUNIO,DO,10,1
2020,24,JUNIO,DO,30,3
2020,24,JUNIO,DO,50,10
2020,24,JUNIO,DO,100,17
2020,24,JUNIO,DO,200,30
2020,24,JUNIO,MX,10,3
2020,24,JUNIO,MX,30,9
2020,24,JUNIO,MX,50,15
2020,24,JUNIO,MX,100,33
2020,24,JUNIO,MX,200,67
2020,24,JUNIO,SP,10,1
2020,24,JUNIO,SP,30,7
2020,24,JUNIO,SP,50,11
2020,24,JUNIO,SP,100,30
2020,24,JUNIO,SP,200,61
2020,24,JUNIO,CL,10,2
2020,24,JUNIO,CL,30,5
2020,24,JUNIO,CL,50,10
2020,24,JUNIO,CL,100,19
2020,24,JUNIO,CL,200,44
2020,24,JUNIO,AR,10,2
2020,24,JUNIO,AR,30,6
2020,24,JUNIO,AR,50,10
2020,24,JUNIO,AR,100,23
2020,24,JUNIO,AR,200,50
2020,24,JUNIO,BR,10,3
2020,24,JUNIO,BR,30,6
2020,24,JUNIO,BR,50,10
2020,24,JUNIO,BR,100,19
2020,24,JUNIO,BR,200,50
2020,24,JUNIO,PT,10,4
2020,24,JUNIO,PT,30,8
2020,24,JUNIO,PT,50,14
2020,24,JUNIO,PT,100,32
2020,24,JUNIO,PT,200,61
2020,25,JUNIO,CO,10,5
2020,25,JUNIO,CO,30,12
2020,25,JUNIO,CO,50,17
2020,25,JUNIO,CO,100,32
2020,25,JUNIO,CO,200,59
2020,25,JUNIO,PE,10,2
2020,25,JUNIO,PE,30,7
2020,25,JUNIO,PE,50,11
2020,25,JUNIO,PE,100,23
2020,25,JUNIO,PE,200,56
2020,25,JUNIO,EC,10,3
2020,25,JUNIO,EC,30,10
2020,25,JUNIO,EC,50,10
2020,25,JUNIO,EC,100,26
2020,25,JUNIO,EC,200,59
2020,25,JUNIO,PN,10,1
2020,25,JUNIO,PN,30,7
2020,25,JUNIO,PN,50,13
2020,25,JUNIO,PN,100,22
2020,25,JUNIO,PN,200,43
2020,25,JUNIO,CR,10,2
2020,25,JUNIO,CR,30,9
2020,25,JUNIO,CR,50,14
2020,25,JUNIO,CR,100,25
2020,25,JUNIO,CR,200,61
2020,25,JUNIO,GT,10,2
2020,25,JUNIO,GT,30,9
2020,25,JUNIO,GT,50,12
2020,25,JUNIO,GT,100,26
2020,25,JUNIO,GT,200,60
2020,25,JUNIO,SV,10,2
2020,25,JUNIO,SV,30,9
2020,25,JUNIO,SV,50,11
2020,25,JUNIO,SV,100,23
2020,25,JUNIO,SV,200,60
2020,25,JUNIO,HN,10,3
2020,25,JUNIO,HN,30,8
2020,25,JUNIO,HN,50,12
2020,25,JUNIO,HN,100,22
2020,25,JUNIO,HN,200,52
2020,25,JUNIO,NI,10,2
2020,25,JUNIO,NI,30,8
2020,25,JUNIO,NI,50,13
2020,25,JUNIO,NI,100,24
2020,25,JUNIO,NI,200,53
2020,25,JUNIO,DO,10,1
2020,25,JUNIO,DO,30,5
2020,25,JUNIO,DO,50,11
2020,25,JUNIO,DO,100,16
2020,25,JUNIO,DO,200,30
2020,25,JUNIO,MX,10,3
2020,25,JUNIO,MX,30,9
2020,25,JUNIO,MX,50,15
2020,25,JUNIO,MX,100,30
2020,25,JUNIO,MX,200,69
2020,25,JUNIO,SP,10,1
2020,25,JUNIO,SP,30,6
2020,25,JUNIO,SP,50,10
2020,25,JUNIO,SP,100,27
2020,25,JUNIO,SP,200,61
2020,25,JUNIO,CL,10,2
2020,25,JUNIO,CL,30,5
2020,25,JUNIO,CL,50,10
2020,25,JUNIO,CL,100,17
2020,25,JUNIO,CL,200,39
2020,25,JUNIO,AR,10,2
2020,25,JUNIO,AR,30,6
2020,25,JUNIO,AR,50,11
2020,25,JUNIO,AR,100,22
2020,25,JUNIO,AR,200,48
2020,25,JUNIO,BR,10,4
2020,25,JUNIO,BR,30,7
2020,25,JUNIO,BR,50,10
2020,25,JUNIO,BR,100,20
2020,25,JUNIO,BR,200,54
2020,25,JUNIO,PT,10,4
2020,25,JUNIO,PT,30,9
2020,25,JUNIO,PT,50,14
2020,25,JUNIO,PT,100,34
2020,25,JUNIO,PT,200,61
2020,26,JUNIO,CO,10,5
2020,26,JUNIO,CO,30,13
2020,26,JUNIO,CO,50,17
2020,26,JUNIO,CO,100,33
2020,26,JUNIO,CO,200,61
2020,26,JUNIO,PE,10,2
2020,26,JUNIO,PE,30,8
2020,26,JUNIO,PE,50,11
2020,26,JUNIO,PE,100,23
2020,26,JUNIO,PE,200,57
2020,26,JUNIO,EC,10,3
2020,26,JUNIO,EC,30,10
2020,26,JUNIO,EC,50,10
2020,26,JUNIO,EC,100,25
2020,26,JUNIO,EC,200,60
2020,26,JUNIO,PN,10,1
2020,26,JUNIO,PN,30,8
2020,26,JUNIO,PN,50,14
2020,26,JUNIO,PN,100,21
2020,26,JUNIO,PN,200,43
2020,26,JUNIO,CR,10,2
2020,26,JUNIO,CR,30,9
2020,26,JUNIO,CR,50,13
2020,26,JUNIO,CR,100,25
2020,26,JUNIO,CR,200,60
2020,26,JUNIO,GT,10,2
2020,26,JUNIO,GT,30,9
2020,26,JUNIO,GT,50,12
2020,26,JUNIO,GT,100,25
2020,26,JUNIO,GT,200,59
2020,26,JUNIO,SV,10,2
2020,26,JUNIO,SV,30,9
2020,26,JUNIO,SV,50,11
2020,26,JUNIO,SV,100,24
2020,26,JUNIO,SV,200,62
2020,26,JUNIO,HN,10,3
2020,26,JUNIO,HN,30,8
2020,26,JUNIO,HN,50,12
2020,26,JUNIO,HN,100,23
2020,26,JUNIO,HN,200,54
2020,26,JUNIO,NI,10,2
2020,26,JUNIO,NI,30,9
2020,26,JUNIO,NI,50,13
2020,26,JUNIO,NI,100,23
2020,26,JUNIO,NI,200,54
2020,26,JUNIO,DO,10,1
2020,26,JUNIO,DO,30,5
2020,26,JUNIO,DO,50,11
2020,26,JUNIO,DO,100,17
2020,26,JUNIO,DO,200,33
2020,26,JUNIO,MX,10,3
2020,26,JUNIO,MX,30,8
2020,26,JUNIO,MX,50,15
2020,26,JUNIO,MX,100,30
2020,26,JUNIO,MX,200,66
2020,26,JUNIO,SP,10,1
2020,26,JUNIO,SP,30,7
2020,26,JUNIO,SP,50,10
2020,26,JUNIO,SP,100,27
2020,26,JUNIO,SP,200,60
2020,26,JUNIO,CL,10,2
2020,26,JUNIO,CL,30,5
2020,26,JUNIO,CL,50,10
2020,26,JUNIO,CL,100,17
2020,26,JUNIO,CL,200,43
2020,26,JUNIO,AR,10,2
2020,26,JUNIO,AR,30,6
2020,26,JUNIO,AR,50,9
2020,26,JUNIO,AR,100,21
2020,26,JUNIO,AR,200,46
2020,26,JUNIO,BR,10,4
2020,26,JUNIO,BR,30,6
2020,26,JUNIO,BR,50,10
2020,26,JUNIO,BR,100,18
2020,26,JUNIO,BR,200,51
2020,26,JUNIO,PT,10,4
2020,26,JUNIO,PT,30,8
2020,26,JUNIO,PT,50,13
2020,26,JUNIO,PT,100,35
2020,26,JUNIO,PT,200,60
2020,27,JULIO,CO,10,5
2020,27,JULIO,CO,30,12
2020,27,JULIO,CO,50,18
2020,27,JULIO,CO,100,33
2020,27,JULIO,CO,200,62
2020,27,JULIO,PE,10,2
2020,27,JULIO,PE,30,8
2020,27,JULIO,PE,50,11
2020,27,JULIO,PE,100,22
2020,27,JULIO,PE,200,61
2020,27,JULIO,EC,10,3
2020,27,JULIO,EC,30,9
2020,27,JULIO,EC,50,9
2020,27,JULIO,EC,100,26
2020,27,JULIO,EC,200,61
2020,27,JULIO,PN,10,1
2020,27,JULIO,PN,30,8
2020,27,JULIO,PN,50,16
2020,27,JULIO,PN,100,23
2020,27,JULIO,PN,200,45
2020,27,JULIO,CR,10,2
2020,27,JULIO,CR,30,9
2020,27,JULIO,CR,50,13
2020,27,JULIO,CR,100,25
2020,27,JULIO,CR,200,59
2020,27,JULIO,GT,10,3
2020,27,JULIO,GT,30,9
2020,27,JULIO,GT,50,12
2020,27,JULIO,GT,100,25
2020,27,JULIO,GT,200,56
2020,27,JULIO,SV,10,2
2020,27,JULIO,SV,30,9
2020,27,JULIO,SV,50,12
2020,27,JULIO,SV,100,25
2020,27,JULIO,SV,200,61
2020,27,JULIO,HN,10,3
2020,27,JULIO,HN,30,8
2020,27,JULIO,HN,50,13
2020,27,JULIO,HN,100,24
2020,27,JULIO,HN,200,55
2020,27,JULIO,NI,10,2
2020,27,JULIO,NI,30,9
2020,27,JULIO,NI,50,14
2020,27,JULIO,NI,100,23
2020,27,JULIO,NI,200,56
2020,27,JULIO,DO,10,1
2020,27,JULIO,DO,30,4
2020,27,JULIO,DO,50,11
2020,27,JULIO,DO,100,18
2020,27,JULIO,DO,200,34
2020,27,JULIO,MX,10,3
2020,27,JULIO,MX,30,8
2020,27,JULIO,MX,50,15
2020,27,JULIO,MX,100,30
2020,27,JULIO,MX,200,65
2020,27,JULIO,SP,10,0
2020,27,JULIO,SP,30,7
2020,27,JULIO,SP,50,11
2020,27,JULIO,SP,100,28
2020,27,JULIO,SP,200,59
2020,27,JULIO,CL,10,2
2020,27,JULIO,CL,30,6
2020,27,JULIO,CL,50,11
2020,27,JULIO,CL,100,19
2020,27,JULIO,CL,200,43
2020,27,JULIO,AR,10,2
2020,27,JULIO,AR,30,7
2020,27,JULIO,AR,50,10
2020,27,JULIO,AR,100,22
2020,27,JULIO,AR,200,48
2020,27,JULIO,BR,10,4
2020,27,JULIO,BR,30,8
2020,27,JULIO,BR,50,12
2020,27,JULIO,BR,100,19
2020,27,JULIO,BR,200,52
2020,27,JULIO,PT,10,4
2020,27,JULIO,PT,30,7
2020,27,JULIO,PT,50,14
2020,27,JULIO,PT,100,32
2020,27,JULIO,PT,200,60
2020,28,JULIO,CO,10,5
2020,28,JULIO,CO,30,12
2020,28,JULIO,CO,50,18
2020,28,JULIO,CO,100,34
2020,28,JULIO,CO,200,63
2020,28,JULIO,PE,10,1
2020,28,JULIO,PE,30,9
2020,28,JULIO,PE,50,12
2020,28,JULIO,PE,100,22
2020,28,JULIO,PE,200,56
2020,28,JULIO,EC,10,2
2020,28,JULIO,EC,30,11
2020,28,JULIO,EC,50,11
2020,28,JULIO,EC,100,25
2020,28,JULIO,EC,200,60
2020,28,JULIO,PN,10,1
2020,28,JULIO,PN,30,7
2020,28,JULIO,PN,50,15
2020,28,JULIO,PN,100,24
2020,28,JULIO,PN,200,45
2020,28,JULIO,CR,10,2
2020,28,JULIO,CR,30,8
2020,28,JULIO,CR,50,13
2020,28,JULIO,CR,100,26
2020,28,JULIO,CR,200,63
2020,28,JULIO,GT,10,3
2020,28,JULIO,GT,30,9
2020,28,JULIO,GT,50,13
2020,28,JULIO,GT,100,24
2020,28,JULIO,GT,200,58
2020,28,JULIO,SV,10,2
2020,28,JULIO,SV,30,9
2020,28,JULIO,SV,50,12
2020,28,JULIO,SV,100,24
2020,28,JULIO,SV,200,56
2020,28,JULIO,HN,10,3
2020,28,JULIO,HN,30,7
2020,28,JULIO,HN,50,13
2020,28,JULIO,HN,100,24
2020,28,JULIO,HN,200,56
2020,28,JULIO,NI,10,2
2020,28,JULIO,NI,30,8
2020,28,JULIO,NI,50,12
2020,28,JULIO,NI,100,24
2020,28,JULIO,NI,200,54
2020,28,JULIO,DO,10,1
2020,28,JULIO,DO,30,3
2020,28,JULIO,DO,50,11
2020,28,JULIO,DO,100,18
2020,28,JULIO,DO,200,35
2020,28,JULIO,MX,10,3
2020,28,JULIO,MX,30,8
2020,28,JULIO,MX,50,13
2020,28,JULIO,MX,100,31
2020,28,JULIO,MX,200,64
2020,28,JULIO,SP,10,0
2020,28,JULIO,SP,30,7
2020,28,JULIO,SP,50,10
2020,28,JULIO,SP,100,27
2020,28,JULIO,SP,200,60
2020,28,JULIO,CL,10,2
2020,28,JULIO,CL,30,6
2020,28,JULIO,CL,50,11
2020,28,JULIO,CL,100,20
2020,28,JULIO,CL,200,45
2020,28,JULIO,AR,10,2
2020,28,JULIO,AR,30,8
2020,28,JULIO,AR,50,9
2020,28,JULIO,AR,100,22
2020,28,JULIO,AR,200,47
2020,28,JULIO,BR,10,4
2020,28,JULIO,BR,30,9
2020,28,JULIO,BR,50,11
2020,28,JULIO,BR,100,19
2020,28,JULIO,BR,200,47
2020,28,JULIO,PT,10,4
2020,28,JULIO,PT,30,8
2020,28,JULIO,PT,50,17
2020,28,JULIO,PT,100,37
2020,28,JULIO,PT,200,70
2020,29,JULIO,CO,10,5
2020,29,JULIO,CO,30,13
2020,29,JULIO,CO,50,20
2020,29,JULIO,CO,100,31
2020,29,JULIO,CO,200,62
2020,29,JULIO,PE,10,1
2020,29,JULIO,PE,30,8
2020,29,JULIO,PE,50,12
2020,29,JULIO,PE,100,25
2020,29,JULIO,PE,200,54
2020,29,JULIO,EC,10,3
2020,29,JULIO,EC,30,12
2020,29,JULIO,EC,50,12
2020,29,JULIO,EC,100,26
2020,29,JULIO,EC,200,63
2020,29,JULIO,PN,10,1
2020,29,JULIO,PN,30,9
2020,29,JULIO,PN,50,16
2020,29,JULIO,PN,100,25
2020,29,JULIO,PN,200,48
2020,29,JULIO,CR,10,2
2020,29,JULIO,CR,30,6
2020,29,JULIO,CR,50,15
2020,29,JULIO,CR,100,27
2020,29,JULIO,CR,200,67
2020,29,JULIO,GT,10,2
2020,29,JULIO,GT,30,9
2020,29,JULIO,GT,50,15
2020,29,JULIO,GT,100,26
2020,29,JULIO,GT,200,59
2020,29,JULIO,SV,10,2
2020,29,JULIO,SV,30,8
2020,29,JULIO,SV,50,14
2020,29,JULIO,SV,100,24
2020,29,JULIO,SV,200,58
2020,29,JULIO,HN,10,3
2020,29,JULIO,HN,30,7
2020,29,JULIO,HN,50,14
2020,29,JULIO,HN,100,24
2020,29,JULIO,HN,200,59
2020,29,JULIO,NI,10,2
2020,29,JULIO,NI,30,9
2020,29,JULIO,NI,50,10
2020,29,JULIO,NI,100,24
2020,29,JULIO,NI,200,55
2020,29,JULIO,DO,10,1
2020,29,JULIO,DO,30,3
2020,29,JULIO,DO,50,11
2020,29,JULIO,DO,100,19
2020,29,JULIO,DO,200,36
2020,29,JULIO,MX,10,3
2020,29,JULIO,MX,30,8
2020,29,JULIO,MX,50,15
2020,29,JULIO,MX,100,31
2020,29,JULIO,MX,200,66
2020,29,JULIO,SP,10,0
2020,29,JULIO,SP,30,8
2020,29,JULIO,SP,50,11
2020,29,JULIO,SP,100,27
2020,29,JULIO,SP,200,59
2020,29,JULIO,CL,10,2
2020,29,JULIO,CL,30,6
2020,29,JULIO,CL,50,11
2020,29,JULIO,CL,100,21
2020,29,JULIO,CL,200,43
2020,29,JULIO,AR,10,1
2020,29,JULIO,AR,30,6
2020,29,JULIO,AR,50,8
2020,29,JULIO,AR,100,23
2020,29,JULIO,AR,200,47
2020,29,JULIO,BR,10,3
2020,29,JULIO,BR,30,7
2020,29,JULIO,BR,50,10
2020,29,JULIO,BR,100,18
2020,29,JULIO,BR,200,46
2020,29,JULIO,PT,10,4
2020,29,JULIO,PT,30,10
2020,29,JULIO,PT,50,16
2020,29,JULIO,PT,100,39
2020,29,JULIO,PT,200,71
2020,30,JULIO,CO,10,5
2020,30,JULIO,CO,30,13
2020,30,JULIO,CO,50,19
2020,30,JULIO,CO,100,31
2020,30,JULIO,CO,200,61
2020,30,JULIO,PE,10,2
2020,30,JULIO,PE,30,9
2020,30,JULIO,PE,50,13
2020,30,JULIO,PE,100,27
2020,30,JULIO,PE,200,52
2020,30,JULIO,EC,10,3
2020,30,JULIO,EC,30,13
2020,30,JULIO,EC,50,13
2020,30,JULIO,EC,100,25
2020,30,JULIO,EC,200,60
2020,30,JULIO,PN,10,2
2020,30,JULIO,PN,30,9
2020,30,JULIO,PN,50,16
2020,30,JULIO,PN,100,24
2020,30,JULIO,PN,200,45
2020,30,JULIO,CR,10,2
2020,30,JULIO,CR,30,7
2020,30,JULIO,CR,50,15
2020,30,JULIO,CR,100,28
2020,30,JULIO,CR,200,65
2020,30,JULIO,GT,10,3
2020,30,JULIO,GT,30,9
2020,30,JULIO,GT,50,15
2020,30,JULIO,GT,100,26
2020,30,JULIO,GT,200,61
2020,30,JULIO,SV,10,2
2020,30,JULIO,SV,30,9
2020,30,JULIO,SV,50,14
2020,30,JULIO,SV,100,24
2020,30,JULIO,SV,200,60
2020,30,JULIO,HN,10,3
2020,30,JULIO,HN,30,8
2020,30,JULIO,HN,50,14
2020,30,JULIO,HN,100,25
2020,30,JULIO,HN,200,58
2020,30,JULIO,NI,10,2
2020,30,JULIO,NI,30,9
2020,30,JULIO,NI,50,11
2020,30,JULIO,NI,100,22
2020,30,JULIO,NI,200,54
2020,30,JULIO,DO,10,1
2020,30,JULIO,DO,30,5
2020,30,JULIO,DO,50,11
2020,30,JULIO,DO,100,19
2020,30,JULIO,DO,200,35
2020,30,JULIO,MX,10,3
2020,30,JULIO,MX,30,8
2020,30,JULIO,MX,50,16
2020,30,JULIO,MX,100,32
2020,30,JULIO,MX,200,67
2020,30,JULIO,SP,10,1
2020,30,JULIO,SP,30,8
2020,30,JULIO,SP,50,12
2020,30,JULIO,SP,100,27
2020,30,JULIO,SP,200,57
2020,30,JULIO,CL,10,1
2020,30,JULIO,CL,30,7
2020,30,JULIO,CL,50,10
2020,30,JULIO,CL,100,21
2020,30,JULIO,CL,200,47
2020,30,JULIO,AR,10,2
2020,30,JULIO,AR,30,7
2020,30,JULIO,AR,50,11
2020,30,JULIO,AR,100,24
2020,30,JULIO,AR,200,46
2020,30,JULIO,BR,10,2
2020,30,JULIO,BR,30,8
2020,30,JULIO,BR,50,9
2020,30,JULIO,BR,100,17
2020,30,JULIO,BR,200,44
2020,30,JULIO,PT,10,5
2020,30,JULIO,PT,30,10
2020,30,JULIO,PT,50,15
2020,30,JULIO,PT,100,36
2020,30,JULIO,PT,200,63
2020,31,JULIO,CO,10,6
2020,31,JULIO,CO,30,13
2020,31,JULIO,CO,50,19
2020,31,JULIO,CO,100,29
2020,31,JULIO,CO,200,64
2020,31,JULIO,PE,10,2
2020,31,JULIO,PE,30,9
2020,31,JULIO,PE,50,14
2020,31,JULIO,PE,100,26
2020,31,JULIO,PE,200,51
2020,31,JULIO,EC,10,4
2020,31,JULIO,EC,30,12
2020,31,JULIO,EC,50,12
2020,31,JULIO,EC,100,26
2020,31,JULIO,EC,200,58
2020,31,JULIO,PN,10,3
2020,31,JULIO,PN,30,9
2020,31,JULIO,PN,50,15
2020,31,JULIO,PN,100,25
2020,31,JULIO,PN,200,49
2020,31,JULIO,CR,10,3
2020,31,JULIO,CR,30,9
2020,31,JULIO,CR,50,16
2020,31,JULIO,CR,100,29
2020,31,JULIO,CR,200,66
2020,31,JULIO,GT,10,3
2020,31,JULIO,GT,30,10
2020,31,JULIO,GT,50,16
2020,31,JULIO,GT,100,26
2020,31,JULIO,GT,200,64
2020,31,JULIO,SV,10,3
2020,31,JULIO,SV,30,11
2020,31,JULIO,SV,50,15
2020,31,JULIO,SV,100,25
2020,31,JULIO,SV,200,62
2020,31,JULIO,HN,10,4
2020,31,JULIO,HN,30,8
2020,31,JULIO,HN,50,15
2020,31,JULIO,HN,100,26
2020,31,JULIO,HN,200,63
2020,31,JULIO,NI,10,3
2020,31,JULIO,NI,30,8
2020,31,JULIO,NI,50,13
2020,31,JULIO,NI,100,26
2020,31,JULIO,NI,200,60
2020,31,JULIO,DO,10,3
2020,31,JULIO,DO,30,6
2020,31,JULIO,DO,50,12
2020,31,JULIO,DO,100,21
2020,31,JULIO,DO,200,36
2020,31,JULIO,MX,10,4
2020,31,JULIO,MX,30,9
2020,31,JULIO,MX,50,16
2020,31,JULIO,MX,100,31
2020,31,JULIO,MX,200,69
2020,31,JULIO,SP,10,1
2020,31,JULIO,SP,30,9
2020,31,JULIO,SP,50,13
2020,31,JULIO,SP,100,25
2020,31,JULIO,SP,200,54
2020,31,JULIO,CL,10,2
2020,31,JULIO,CL,30,9
2020,31,JULIO,CL,50,11
2020,31,JULIO,CL,100,20
2020,31,JULIO,CL,200,43
2020,31,JULIO,AR,10,1
2020,31,JULIO,AR,30,8
2020,31,JULIO,AR,50,11
2020,31,JULIO,AR,100,23
2020,31,JULIO,AR,200,50
2020,31,JULIO,BR,10,2
2020,31,JULIO,BR,30,8
2020,31,JULIO,BR,50,11
2020,31,JULIO,BR,100,24
2020,31,JULIO,BR,200,58
2020,31,JULIO,PT,10,4
2020,31,JULIO,PT,30,9
2020,31,JULIO,PT,50,16
2020,31,JULIO,PT,100,38
2020,31,JULIO,PT,200,74
2020,32,AGOSTO,CO,10,5
2020,32,AGOSTO,CO,30,12
2020,32,AGOSTO,CO,50,19
2020,32,AGOSTO,CO,100,31
2020,32,AGOSTO,CO,200,62
2020,32,AGOSTO,PE,10,3
2020,32,AGOSTO,PE,30,9
2020,32,AGOSTO,PE,50,14
2020,32,AGOSTO,PE,100,24
2020,32,AGOSTO,PE,200,54
2020,32,AGOSTO,EC,10,3
2020,32,AGOSTO,EC,30,10
2020,32,AGOSTO,EC,50,10
2020,32,AGOSTO,EC,100,25
2020,32,AGOSTO,EC,200,58
2020,32,AGOSTO,PN,10,3
2020,32,AGOSTO,PN,30,6
2020,32,AGOSTO,PN,50,10
2020,32,AGOSTO,PN,100,24
2020,32,AGOSTO,PN,200,45
2020,32,AGOSTO,CR,10,3
2020,32,AGOSTO,CR,30,9
2020,32,AGOSTO,CR,50,15
2020,32,AGOSTO,CR,100,26
2020,32,AGOSTO,CR,200,67
2020,32,AGOSTO,GT,10,4
2020,32,AGOSTO,GT,30,9
2020,32,AGOSTO,GT,50,15
2020,32,AGOSTO,GT,100,25
2020,32,AGOSTO,GT,200,59
2020,32,AGOSTO,SV,10,4
2020,32,AGOSTO,SV,30,9
2020,32,AGOSTO,SV,50,14
2020,32,AGOSTO,SV,100,20
2020,32,AGOSTO,SV,200,59
2020,32,AGOSTO,HN,10,4
2020,32,AGOSTO,HN,30,8
2020,32,AGOSTO,HN,50,14
2020,32,AGOSTO,HN,100,25
2020,32,AGOSTO,HN,200,59
2020,32,AGOSTO,NI,10,3
2020,32,AGOSTO,NI,30,9
2020,32,AGOSTO,NI,50,12
2020,32,AGOSTO,NI,100,23
2020,32,AGOSTO,NI,200,54
2020,32,AGOSTO,DO,10,4
2020,32,AGOSTO,DO,30,6
2020,32,AGOSTO,DO,50,12
2020,32,AGOSTO,DO,100,20
2020,32,AGOSTO,DO,200,37
2020,32,AGOSTO,MX,10,4
2020,32,AGOSTO,MX,30,9
2020,32,AGOSTO,MX,50,16
2020,32,AGOSTO,MX,100,30
2020,32,AGOSTO,MX,200,68
2020,32,AGOSTO,SP,10,2
2020,32,AGOSTO,SP,30,10
2020,32,AGOSTO,SP,50,16
2020,32,AGOSTO,SP,100,27
2020,32,AGOSTO,SP,200,53
2020,32,AGOSTO,CL,10,3
2020,32,AGOSTO,CL,30,9
2020,32,AGOSTO,CL,50,11
2020,32,AGOSTO,CL,100,19
2020,32,AGOSTO,CL,200,44
2020,32,AGOSTO,AR,10,2
2020,32,AGOSTO,AR,30,9
2020,32,AGOSTO,AR,50,12
2020,32,AGOSTO,AR,100,23
2020,32,AGOSTO,AR,200,42
2020,32,AGOSTO,BR,10,2
2020,32,AGOSTO,BR,30,7
2020,32,AGOSTO,BR,50,10
2020,32,AGOSTO,BR,100,20
2020,32,AGOSTO,BR,200,50
2020,32,AGOSTO,PT,10,4
2020,32,AGOSTO,PT,30,10
2020,32,AGOSTO,PT,50,17
2020,32,AGOSTO,PT,100,37
2020,32,AGOSTO,PT,200,68
2020,33,AGOSTO,CO,10,5
2020,33,AGOSTO,CO,30,12
2020,33,AGOSTO,CO,50,19
2020,33,AGOSTO,CO,100,28
2020,33,AGOSTO,CO,200,64
2020,33,AGOSTO,PE,10,2
2020,33,AGOSTO,PE,30,9
2020,33,AGOSTO,PE,50,13
2020,33,AGOSTO,PE,100,25
2020,33,AGOSTO,PE,200,53
2020,33,AGOSTO,EC,10,3
2020,33,AGOSTO,EC,30,10
2020,33,AGOSTO,EC,50,10
2020,33,AGOSTO,EC,100,25
2020,33,AGOSTO,EC,200,59
2020,33,AGOSTO,PN,10,3
2020,33,AGOSTO,PN,30,7
2020,33,AGOSTO,PN,50,11
2020,33,AGOSTO,PN,100,23
2020,33,AGOSTO,PN,200,43
2020,33,AGOSTO,CR,10,3
2020,33,AGOSTO,CR,30,7
2020,33,AGOSTO,CR,50,15
2020,33,AGOSTO,CR,100,26
2020,33,AGOSTO,CR,200,68
2020,33,AGOSTO,GT,10,4
2020,33,AGOSTO,GT,30,10
2020,33,AGOSTO,GT,50,16
2020,33,AGOSTO,GT,100,26
2020,33,AGOSTO,GT,200,60
2020,33,AGOSTO,SV,10,4
2020,33,AGOSTO,SV,30,9
2020,33,AGOSTO,SV,50,14
2020,33,AGOSTO,SV,100,22
2020,33,AGOSTO,SV,200,60
2020,33,AGOSTO,HN,10,4
2020,33,AGOSTO,HN,30,8
2020,33,AGOSTO,HN,50,14
2020,33,AGOSTO,HN,100,25
2020,33,AGOSTO,HN,200,59
2020,33,AGOSTO,NI,10,4
2020,33,AGOSTO,NI,30,9
2020,33,AGOSTO,NI,50,13
2020,33,AGOSTO,NI,100,25
2020,33,AGOSTO,NI,200,55
2020,33,AGOSTO,DO,10,4
2020,33,AGOSTO,DO,30,6
2020,33,AGOSTO,DO,50,12
2020,33,AGOSTO,DO,100,19
2020,33,AGOSTO,DO,200,35
2020,33,AGOSTO,MX,10,4
2020,33,AGOSTO,MX,30,9
2020,33,AGOSTO,MX,50,18
2020,33,AGOSTO,MX,100,33
2020,33,AGOSTO,MX,200,69
2020,33,AGOSTO,SP,10,2
2020,33,AGOSTO,SP,30,8
2020,33,AGOSTO,SP,50,15
2020,33,AGOSTO,SP,100,27
2020,33,AGOSTO,SP,200,51
2020,33,AGOSTO,CL,10,4
2020,33,AGOSTO,CL,30,8
2020,33,AGOSTO,CL,50,11
2020,33,AGOSTO,CL,100,18
2020,33,AGOSTO,CL,200,44
2020,33,AGOSTO,AR,10,2
2020,33,AGOSTO,AR,30,9
2020,33,AGOSTO,AR,50,12
2020,33,AGOSTO,AR,100,22
2020,33,AGOSTO,AR,200,45
2020,33,AGOSTO,BR,10,1
2020,33,AGOSTO,BR,30,7
2020,33,AGOSTO,BR,50,10
2020,33,AGOSTO,BR,100,19
2020,33,AGOSTO,BR,200,46
2020,33,AGOSTO,PT,10,5
2020,33,AGOSTO,PT,30,10
2020,33,AGOSTO,PT,50,15
2020,33,AGOSTO,PT,100,37
2020,33,AGOSTO,PT,200,67
2020,34,AGOSTO,CO,10,4
2020,34,AGOSTO,CO,30,12
2020,34,AGOSTO,CO,50,18
2020,34,AGOSTO,CO,100,29
2020,34,AGOSTO,CO,200,62
2020,34,AGOSTO,PE,10,2
2020,34,AGOSTO,PE,30,10
2020,34,AGOSTO,PE,50,14
2020,34,AGOSTO,PE,100,25
2020,34,AGOSTO,PE,200,55
2020,34,AGOSTO,EC,10,3
2020,34,AGOSTO,EC,30,10
2020,34,AGOSTO,EC,50,10
2020,34,AGOSTO,EC,100,24
2020,34,AGOSTO,EC,200,60
2020,34,AGOSTO,PN,10,3
2020,34,AGOSTO,PN,30,8
2020,34,AGOSTO,PN,50,11
2020,34,AGOSTO,PN,100,24
2020,34,AGOSTO,PN,200,45
2020,34,AGOSTO,CR,10,3
2020,34,AGOSTO,CR,30,8
2020,34,AGOSTO,CR,50,18
2020,34,AGOSTO,CR,100,32
2020,34,AGOSTO,CR,200,68
2020,34,AGOSTO,GT,10,3
2020,34,AGOSTO,GT,30,11
2020,34,AGOSTO,GT,50,19
2020,34,AGOSTO,GT,100,30
2020,34,AGOSTO,GT,200,60
2020,34,AGOSTO,SV,10,4
2020,34,AGOSTO,SV,30,9
2020,34,AGOSTO,SV,50,16
2020,34,AGOSTO,SV,100,23
2020,34,AGOSTO,SV,200,61
2020,34,AGOSTO,HN,10,4
2020,34,AGOSTO,HN,30,9
2020,34,AGOSTO,HN,50,15
2020,34,AGOSTO,HN,100,27
2020,34,AGOSTO,HN,200,60
2020,34,AGOSTO,NI,10,4
2020,34,AGOSTO,NI,30,10
2020,34,AGOSTO,NI,50,12
2020,34,AGOSTO,NI,100,25
2020,34,AGOSTO,NI,200,58
2020,34,AGOSTO,DO,10,4
2020,34,AGOSTO,DO,30,5
2020,34,AGOSTO,DO,50,13
2020,34,AGOSTO,DO,100,20
2020,34,AGOSTO,DO,200,37
2020,34,AGOSTO,MX,10,4
2020,34,AGOSTO,MX,30,11
2020,34,AGOSTO,MX,50,18
2020,34,AGOSTO,MX,100,33
2020,34,AGOSTO,MX,200,67
2020,34,AGOSTO,SP,10,2
2020,34,AGOSTO,SP,30,7
2020,34,AGOSTO,SP,50,14
2020,34,AGOSTO,SP,100,26
2020,34,AGOSTO,SP,200,51
2020,34,AGOSTO,CL,10,4
2020,34,AGOSTO,CL,30,8
2020,34,AGOSTO,CL,50,12
2020,34,AGOSTO,CL,100,19
2020,34,AGOSTO,CL,200,44
2020,34,AGOSTO,AR,10,3
2020,34,AGOSTO,AR,30,9
2020,34,AGOSTO,AR,50,12
2020,34,AGOSTO,AR,100,21
2020,34,AGOSTO,AR,200,41
2020,34,AGOSTO,BR,10,1
2020,34,AGOSTO,BR,30,8
2020,34,AGOSTO,BR,50,10
2020,34,AGOSTO,BR,100,18
2020,34,AGOSTO,BR,200,46
2020,34,AGOSTO,PT,10,6
2020,34,AGOSTO,PT,30,11
2020,34,AGOSTO,PT,50,16
2020,34,AGOSTO,PT,100,36
2020,34,AGOSTO,PT,200,67
2020,35,AGOSTO,CO,10,3
2020,35,AGOSTO,CO,30,10
2020,35,AGOSTO,CO,50,16
2020,35,AGOSTO,CO,100,27
2020,35,AGOSTO,CO,200,50
2020,35,AGOSTO,PE,10,2
2020,35,AGOSTO,PE,30,11
2020,35,AGOSTO,PE,50,15
2020,35,AGOSTO,PE,100,24
2020,35,AGOSTO,PE,200,46
2020,35,AGOSTO,EC,10,3
2020,35,AGOSTO,EC,30,10
2020,35,AGOSTO,EC,50,10
2020,35,AGOSTO,EC,100,22
2020,35,AGOSTO,EC,200,55
2020,35,AGOSTO,PN,10,3
2020,35,AGOSTO,PN,30,6
2020,35,AGOSTO,PN,50,10
2020,35,AGOSTO,PN,100,24
2020,35,AGOSTO,PN,200,43
2020,35,AGOSTO,CR,10,3
2020,35,AGOSTO,CR,30,8
2020,35,AGOSTO,CR,50,16
2020,35,AGOSTO,CR,100,30
2020,35,AGOSTO,CR,200,65
2020,35,AGOSTO,GT,10,3
2020,35,AGOSTO,GT,30,12
2020,35,AGOSTO,GT,50,17
2020,35,AGOSTO,GT,100,27
2020,35,AGOSTO,GT,200,55
2020,35,AGOSTO,SV,10,3
2020,35,AGOSTO,SV,30,9
2020,35,AGOSTO,SV,50,14
2020,35,AGOSTO,SV,100,24
2020,35,AGOSTO,SV,200,54
2020,35,AGOSTO,HN,10,4
2020,35,AGOSTO,HN,30,8
2020,35,AGOSTO,HN,50,12
2020,35,AGOSTO,HN,100,25
2020,35,AGOSTO,HN,200,57
2020,35,AGOSTO,NI,10,3
2020,35,AGOSTO,NI,30,9
2020,35,AGOSTO,NI,50,13
2020,35,AGOSTO,NI,100,25
2020,35,AGOSTO,NI,200,58
2020,35,AGOSTO,DO,10,3
2020,35,AGOSTO,DO,30,5
2020,35,AGOSTO,DO,50,10
2020,35,AGOSTO,DO,100,19
2020,35,AGOSTO,DO,200,34
2020,35,AGOSTO,MX,10,4
2020,35,AGOSTO,MX,30,9
2020,35,AGOSTO,MX,50,18
2020,35,AGOSTO,MX,100,31
2020,35,AGOSTO,MX,200,65
2020,35,AGOSTO,SP,10,3
2020,35,AGOSTO,SP,30,7
2020,35,AGOSTO,SP,50,14
2020,35,AGOSTO,SP,100,25
2020,35,AGOSTO,SP,200,50
2020,35,AGOSTO,CL,10,4
2020,35,AGOSTO,CL,30,9
2020,35,AGOSTO,CL,50,12
2020,35,AGOSTO,CL,100,19
2020,35,AGOSTO,CL,200,39
2020,35,AGOSTO,AR,10,3
2020,35,AGOSTO,AR,30,8
2020,35,AGOSTO,AR,50,12
2020,35,AGOSTO,AR,100,21
2020,35,AGOSTO,AR,200,39
2020,35,AGOSTO,BR,10,2
2020,35,AGOSTO,BR,30,8
2020,35,AGOSTO,BR,50,10
2020,35,AGOSTO,BR,100,18
2020,35,AGOSTO,BR,200,45
2020,35,AGOSTO,PT,10,6
2020,35,AGOSTO,PT,30,11
2020,35,AGOSTO,PT,50,15
2020,35,AGOSTO,PT,100,35
2020,35,AGOSTO,PT,200,66
2020,36,SEPTIEMBRE,CO,10,3
2020,36,SEPTIEMBRE,CO,30,10
2020,36,SEPTIEMBRE,CO,50,16
2020,36,SEPTIEMBRE,CO,100,30
2020,36,SEPTIEMBRE,CO,200,57
2020,36,SEPTIEMBRE,PE,10,2
2020,36,SEPTIEMBRE,PE,30,10
2020,36,SEPTIEMBRE,PE,50,16
2020,36,SEPTIEMBRE,PE,100,25
2020,36,SEPTIEMBRE,PE,200,51
2020,36,SEPTIEMBRE,EC,10,3
2020,36,SEPTIEMBRE,EC,30,9
2020,36,SEPTIEMBRE,EC,50,9
2020,36,SEPTIEMBRE,EC,100,24
2020,36,SEPTIEMBRE,EC,200,57
2020,36,SEPTIEMBRE,PN,10,3
2020,36,SEPTIEMBRE,PN,30,7
2020,36,SEPTIEMBRE,PN,50,12
2020,36,SEPTIEMBRE,PN,100,24
2020,36,SEPTIEMBRE,PN,200,46
2020,36,SEPTIEMBRE,CR,10,3
2020,36,SEPTIEMBRE,CR,30,9
2020,36,SEPTIEMBRE,CR,50,17
2020,36,SEPTIEMBRE,CR,100,32
2020,36,SEPTIEMBRE,CR,200,68
2020,36,SEPTIEMBRE,GT,10,3
2020,36,SEPTIEMBRE,GT,30,12
2020,36,SEPTIEMBRE,GT,50,18
2020,36,SEPTIEMBRE,GT,100,27
2020,36,SEPTIEMBRE,GT,200,58
2020,36,SEPTIEMBRE,SV,10,3
2020,36,SEPTIEMBRE,SV,30,10
2020,36,SEPTIEMBRE,SV,50,15
2020,36,SEPTIEMBRE,SV,100,24
2020,36,SEPTIEMBRE,SV,200,60
2020,36,SEPTIEMBRE,HN,10,3
2020,36,SEPTIEMBRE,HN,30,9
2020,36,SEPTIEMBRE,HN,50,13
2020,36,SEPTIEMBRE,HN,100,26
2020,36,SEPTIEMBRE,HN,200,60
2020,36,SEPTIEMBRE,NI,10,3
2020,36,SEPTIEMBRE,NI,30,11
2020,36,SEPTIEMBRE,NI,50,14
2020,36,SEPTIEMBRE,NI,100,27
2020,36,SEPTIEMBRE,NI,200,58
2020,36,SEPTIEMBRE,DO,10,3
2020,36,SEPTIEMBRE,DO,30,5
2020,36,SEPTIEMBRE,DO,50,10
2020,36,SEPTIEMBRE,DO,100,20
2020,36,SEPTIEMBRE,DO,200,37
2020,36,SEPTIEMBRE,MX,10,4
2020,36,SEPTIEMBRE,MX,30,10
2020,36,SEPTIEMBRE,MX,50,18
2020,36,SEPTIEMBRE,MX,100,32
2020,36,SEPTIEMBRE,MX,200,65
2020,36,SEPTIEMBRE,SP,10,3
2020,36,SEPTIEMBRE,SP,30,8
2020,36,SEPTIEMBRE,SP,50,15
2020,36,SEPTIEMBRE,SP,100,25
2020,36,SEPTIEMBRE,SP,200,52
2020,36,SEPTIEMBRE,CL,10,4
2020,36,SEPTIEMBRE,CL,30,8
2020,36,SEPTIEMBRE,CL,50,12
2020,36,SEPTIEMBRE,CL,100,22
2020,36,SEPTIEMBRE,CL,200,41
2020,36,SEPTIEMBRE,AR,10,3
2020,36,SEPTIEMBRE,AR,30,9
2020,36,SEPTIEMBRE,AR,50,13
2020,36,SEPTIEMBRE,AR,100,22
2020,36,SEPTIEMBRE,AR,200,43
2020,36,SEPTIEMBRE,BR,10,2
2020,36,SEPTIEMBRE,BR,30,8
2020,36,SEPTIEMBRE,BR,50,11
2020,36,SEPTIEMBRE,BR,100,17
2020,36,SEPTIEMBRE,BR,200,44
2020,36,SEPTIEMBRE,PT,10,5
2020,36,SEPTIEMBRE,PT,30,11
2020,36,SEPTIEMBRE,PT,50,17
2020,36,SEPTIEMBRE,PT,100,36
2020,36,SEPTIEMBRE,PT,200,66
2020,37,SEPTIEMBRE,CO,10,3
2020,37,SEPTIEMBRE,CO,30,9
2020,37,SEPTIEMBRE,CO,50,16
2020,37,SEPTIEMBRE,CO,100,29
2020,37,SEPTIEMBRE,CO,200,66
2020,37,SEPTIEMBRE,PE,10,3
2020,37,SEPTIEMBRE,PE,30,10
2020,37,SEPTIEMBRE,PE,50,14
2020,37,SEPTIEMBRE,PE,100,31
2020,37,SEPTIEMBRE,PE,200,57
2020,37,SEPTIEMBRE,EC,10,3
2020,37,SEPTIEMBRE,EC,30,9
2020,37,SEPTIEMBRE,EC,50,9
2020,37,SEPTIEMBRE,EC,100,27
2020,37,SEPTIEMBRE,EC,200,67
2020,37,SEPTIEMBRE,PN,10,2
2020,37,SEPTIEMBRE,PN,30,7
2020,37,SEPTIEMBRE,PN,50,11
2020,37,SEPTIEMBRE,PN,100,22
2020,37,SEPTIEMBRE,PN,200,44
2020,37,SEPTIEMBRE,CR,10,3
2020,37,SEPTIEMBRE,CR,30,9
2020,37,SEPTIEMBRE,CR,50,15
2020,37,SEPTIEMBRE,CR,100,30
2020,37,SEPTIEMBRE,CR,200,64
2020,37,SEPTIEMBRE,GT,10,3
2020,37,SEPTIEMBRE,GT,30,10
2020,37,SEPTIEMBRE,GT,50,18
2020,37,SEPTIEMBRE,GT,100,27
2020,37,SEPTIEMBRE,GT,200,57
2020,37,SEPTIEMBRE,SV,10,4
2020,37,SEPTIEMBRE,SV,30,8
2020,37,SEPTIEMBRE,SV,50,14
2020,37,SEPTIEMBRE,SV,100,23
2020,37,SEPTIEMBRE,SV,200,64
2020,37,SEPTIEMBRE,HN,10,3
2020,37,SEPTIEMBRE,HN,30,8
2020,37,SEPTIEMBRE,HN,50,13
2020,37,SEPTIEMBRE,HN,100,25
2020,37,SEPTIEMBRE,HN,200,58
2020,37,SEPTIEMBRE,NI,10,4
2020,37,SEPTIEMBRE,NI,30,10
2020,37,SEPTIEMBRE,NI,50,12
2020,37,SEPTIEMBRE,NI,100,25
2020,37,SEPTIEMBRE,NI,200,64
2020,37,SEPTIEMBRE,DO,10,2
2020,37,SEPTIEMBRE,DO,30,4
2020,37,SEPTIEMBRE,DO,50,7
2020,37,SEPTIEMBRE,DO,100,16
2020,37,SEPTIEMBRE,DO,200,35
2020,37,SEPTIEMBRE,MX,10,3
2020,37,SEPTIEMBRE,MX,30,10
2020,37,SEPTIEMBRE,MX,50,16
2020,37,SEPTIEMBRE,MX,100,37
2020,37,SEPTIEMBRE,MX,200,72
2020,37,SEPTIEMBRE,SP,10,2
2020,37,SEPTIEMBRE,SP,30,7
2020,37,SEPTIEMBRE,SP,50,13
2020,37,SEPTIEMBRE,SP,100,23
2020,37,SEPTIEMBRE,SP,200,48
2020,37,SEPTIEMBRE,CL,10,3
2020,37,SEPTIEMBRE,CL,30,7
2020,37,SEPTIEMBRE,CL,50,11
2020,37,SEPTIEMBRE,CL,100,20
2020,37,SEPTIEMBRE,CL,200,40
2020,37,SEPTIEMBRE,AR,10,2
2020,37,SEPTIEMBRE,AR,30,8
2020,37,SEPTIEMBRE,AR,50,13
2020,37,SEPTIEMBRE,AR,100,19
2020,37,SEPTIEMBRE,AR,200,41
2020,37,SEPTIEMBRE,BR,10,1
2020,37,SEPTIEMBRE,BR,30,7
2020,37,SEPTIEMBRE,BR,50,11
2020,37,SEPTIEMBRE,BR,100,19
2020,37,SEPTIEMBRE,BR,200,51
2020,37,SEPTIEMBRE,PT,10,4
2020,37,SEPTIEMBRE,PT,30,12
2020,37,SEPTIEMBRE,PT,50,18
2020,37,SEPTIEMBRE,PT,100,34
2020,37,SEPTIEMBRE,PT,200,63
2020,38,SEPTIEMBRE,CO,10,3
2020,38,SEPTIEMBRE,CO,30,9
2020,38,SEPTIEMBRE,CO,50,17
2020,38,SEPTIEMBRE,CO,100,32
2020,38,SEPTIEMBRE,CO,200,68
2020,38,SEPTIEMBRE,PE,10,3
2020,38,SEPTIEMBRE,PE,30,9
2020,38,SEPTIEMBRE,PE,50,14
2020,38,SEPTIEMBRE,PE,100,27
2020,38,SEPTIEMBRE,PE,200,47
2020,38,SEPTIEMBRE,EC,10,3
2020,38,SEPTIEMBRE,EC,30,8
2020,38,SEPTIEMBRE,EC,50,8
2020,38,SEPTIEMBRE,EC,100,26
2020,38,SEPTIEMBRE,EC,200,58
2020,38,SEPTIEMBRE,PN,10,1
2020,38,SEPTIEMBRE,PN,30,7
2020,38,SEPTIEMBRE,PN,50,12
2020,38,SEPTIEMBRE,PN,100,22
2020,38,SEPTIEMBRE,PN,200,48
2020,38,SEPTIEMBRE,CR,10,3
2020,38,SEPTIEMBRE,CR,30,9
2020,38,SEPTIEMBRE,CR,50,19
2020,38,SEPTIEMBRE,CR,100,33
2020,38,SEPTIEMBRE,CR,200,71
2020,38,SEPTIEMBRE,GT,10,3
2020,38,SEPTIEMBRE,GT,30,12
2020,38,SEPTIEMBRE,GT,50,20
2020,38,SEPTIEMBRE,GT,100,32
2020,38,SEPTIEMBRE,GT,200,63
2020,38,SEPTIEMBRE,SV,10,3
2020,38,SEPTIEMBRE,SV,30,8
2020,38,SEPTIEMBRE,SV,50,14
2020,38,SEPTIEMBRE,SV,100,28
2020,38,SEPTIEMBRE,SV,200,62
2020,38,SEPTIEMBRE,HN,10,3
2020,38,SEPTIEMBRE,HN,30,9
2020,38,SEPTIEMBRE,HN,50,16
2020,38,SEPTIEMBRE,HN,100,29
2020,38,SEPTIEMBRE,HN,200,63
2020,38,SEPTIEMBRE,NI,10,4
2020,38,SEPTIEMBRE,NI,30,9
2020,38,SEPTIEMBRE,NI,50,15
2020,38,SEPTIEMBRE,NI,100,27
2020,38,SEPTIEMBRE,NI,200,60
2020,38,SEPTIEMBRE,DO,10,3
2020,38,SEPTIEMBRE,DO,30,5
2020,38,SEPTIEMBRE,DO,50,9
2020,38,SEPTIEMBRE,DO,100,18
2020,38,SEPTIEMBRE,DO,200,38
2020,38,SEPTIEMBRE,MX,10,4
2020,38,SEPTIEMBRE,MX,30,14
2020,38,SEPTIEMBRE,MX,50,17
2020,38,SEPTIEMBRE,MX,100,37
2020,38,SEPTIEMBRE,MX,200,74
2020,38,SEPTIEMBRE,SP,10,2
2020,38,SEPTIEMBRE,SP,30,9
2020,38,SEPTIEMBRE,SP,50,15
2020,38,SEPTIEMBRE,SP,100,26
2020,38,SEPTIEMBRE,SP,200,53
2020,38,SEPTIEMBRE,CL,10,3
2020,38,SEPTIEMBRE,CL,30,7
2020,38,SEPTIEMBRE,CL,50,14
2020,38,SEPTIEMBRE,CL,100,19
2020,38,SEPTIEMBRE,CL,200,38
2020,38,SEPTIEMBRE,AR,10,2
2020,38,SEPTIEMBRE,AR,30,7
2020,38,SEPTIEMBRE,AR,50,13
2020,38,SEPTIEMBRE,AR,100,19
2020,38,SEPTIEMBRE,AR,200,39
2020,38,SEPTIEMBRE,BR,10,1
2020,38,SEPTIEMBRE,BR,30,6
2020,38,SEPTIEMBRE,BR,50,10
2020,38,SEPTIEMBRE,BR,100,16
2020,38,SEPTIEMBRE,BR,200,41
2020,38,SEPTIEMBRE,PT,10,4
2020,38,SEPTIEMBRE,PT,30,11
2020,38,SEPTIEMBRE,PT,50,19
2020,38,SEPTIEMBRE,PT,100,33
2020,38,SEPTIEMBRE,PT,200,67
2020,39,SEPTIEMBRE,CO,10,2
2020,39,SEPTIEMBRE,CO,30,9
2020,39,SEPTIEMBRE,CO,50,14
2020,39,SEPTIEMBRE,CO,100,29
2020,39,SEPTIEMBRE,CO,200,67
2020,39,SEPTIEMBRE,PE,10,2
2020,39,SEPTIEMBRE,PE,30,8
2020,39,SEPTIEMBRE,PE,50,14
2020,39,SEPTIEMBRE,PE,100,27
2020,39,SEPTIEMBRE,PE,200,49
2020,39,SEPTIEMBRE,EC,10,3
2020,39,SEPTIEMBRE,EC,30,8
2020,39,SEPTIEMBRE,EC,50,8
2020,39,SEPTIEMBRE,EC,100,25
2020,39,SEPTIEMBRE,EC,200,57
2020,39,SEPTIEMBRE,PN,10,2
2020,39,SEPTIEMBRE,PN,30,6
2020,39,SEPTIEMBRE,PN,50,12
2020,39,SEPTIEMBRE,PN,100,21
2020,39,SEPTIEMBRE,PN,200,45
2020,39,SEPTIEMBRE,CR,10,3
2020,39,SEPTIEMBRE,CR,30,9
2020,39,SEPTIEMBRE,CR,50,16
2020,39,SEPTIEMBRE,CR,100,33
2020,39,SEPTIEMBRE,CR,200,67
2020,39,SEPTIEMBRE,GT,10,3
2020,39,SEPTIEMBRE,GT,30,10
2020,39,SEPTIEMBRE,GT,50,19
2020,39,SEPTIEMBRE,GT,100,29
2020,39,SEPTIEMBRE,GT,200,56
2020,39,SEPTIEMBRE,SV,10,3
2020,39,SEPTIEMBRE,SV,30,8
2020,39,SEPTIEMBRE,SV,50,13
2020,39,SEPTIEMBRE,SV,100,25
2020,39,SEPTIEMBRE,SV,200,61
2020,39,SEPTIEMBRE,HN,10,2
2020,39,SEPTIEMBRE,HN,30,8
2020,39,SEPTIEMBRE,HN,50,13
2020,39,SEPTIEMBRE,HN,100,29
2020,39,SEPTIEMBRE,HN,200,58
2020,39,SEPTIEMBRE,NI,10,3
2020,39,SEPTIEMBRE,NI,30,10
2020,39,SEPTIEMBRE,NI,50,12
2020,39,SEPTIEMBRE,NI,100,28
2020,39,SEPTIEMBRE,NI,200,58
2020,39,SEPTIEMBRE,DO,10,2
2020,39,SEPTIEMBRE,DO,30,6
2020,39,SEPTIEMBRE,DO,50,8
2020,39,SEPTIEMBRE,DO,100,19
2020,39,SEPTIEMBRE,DO,200,35
2020,39,SEPTIEMBRE,MX,10,4
2020,39,SEPTIEMBRE,MX,30,11
2020,39,SEPTIEMBRE,MX,50,17
2020,39,SEPTIEMBRE,MX,100,34
2020,39,SEPTIEMBRE,MX,200,67
2020,39,SEPTIEMBRE,SP,10,1
2020,39,SEPTIEMBRE,SP,30,6
2020,39,SEPTIEMBRE,SP,50,14
2020,39,SEPTIEMBRE,SP,100,25
2020,39,SEPTIEMBRE,SP,200,53
2020,39,SEPTIEMBRE,CL,10,2
2020,39,SEPTIEMBRE,CL,30,6
2020,39,SEPTIEMBRE,CL,50,12
2020,39,SEPTIEMBRE,CL,100,19
2020,39,SEPTIEMBRE,CL,200,34
2020,39,SEPTIEMBRE,AR,10,2
2020,39,SEPTIEMBRE,AR,30,7
2020,39,SEPTIEMBRE,AR,50,14
2020,39,SEPTIEMBRE,AR,100,20
2020,39,SEPTIEMBRE,AR,200,39
2020,39,SEPTIEMBRE,BR,10,1
2020,39,SEPTIEMBRE,BR,30,6
2020,39,SEPTIEMBRE,BR,50,10
2020,39,SEPTIEMBRE,BR,100,16
2020,39,SEPTIEMBRE,BR,200,43
2020,39,SEPTIEMBRE,PT,10,3
2020,39,SEPTIEMBRE,PT,30,11
2020,39,SEPTIEMBRE,PT,50,18
2020,39,SEPTIEMBRE,PT,100,34
2020,39,SEPTIEMBRE,PT,200,66
2020,40,OCTUBRE,CO,10,1
2020,40,OCTUBRE,CO,30,8
2020,40,OCTUBRE,CO,50,15
2020,40,OCTUBRE,CO,100,29
2020,40,OCTUBRE,CO,200,64
2020,40,OCTUBRE,PE,10,2
2020,40,OCTUBRE,PE,30,9
2020,40,OCTUBRE,PE,50,15
2020,40,OCTUBRE,PE,100,26
2020,40,OCTUBRE,PE,200,48
2020,40,OCTUBRE,EC,10,2
2020,40,OCTUBRE,EC,30,7
2020,40,OCTUBRE,EC,50,7
2020,40,OCTUBRE,EC,100,24
2020,40,OCTUBRE,EC,200,54
2020,40,OCTUBRE,PN,10,1
2020,40,OCTUBRE,PN,30,6
2020,40,OCTUBRE,PN,50,12
2020,40,OCTUBRE,PN,100,22
2020,40,OCTUBRE,PN,200,47
2020,40,OCTUBRE,CR,10,2
2020,40,OCTUBRE,CR,30,7
2020,40,OCTUBRE,CR,50,14
2020,40,OCTUBRE,CR,100,33
2020,40,OCTUBRE,CR,200,64
2020,40,OCTUBRE,GT,10,2
2020,40,OCTUBRE,GT,30,9
2020,40,OCTUBRE,GT,50,17
2020,40,OCTUBRE,GT,100,29
2020,40,OCTUBRE,GT,200,56
2020,40,OCTUBRE,SV,10,3
2020,40,OCTUBRE,SV,30,9
2020,40,OCTUBRE,SV,50,13
2020,40,OCTUBRE,SV,100,25
2020,40,OCTUBRE,SV,200,61
2020,40,OCTUBRE,HN,10,3
2020,40,OCTUBRE,HN,30,8
2020,40,OCTUBRE,HN,50,12
2020,40,OCTUBRE,HN,100,28
2020,40,OCTUBRE,HN,200,56
2020,40,OCTUBRE,NI,10,4
2020,40,OCTUBRE,NI,30,9
2020,40,OCTUBRE,NI,50,13
2020,40,OCTUBRE,NI,100,27
2020,40,OCTUBRE,NI,200,60
2020,40,OCTUBRE,DO,10,2
2020,40,OCTUBRE,DO,30,6
2020,40,OCTUBRE,DO,50,7
2020,40,OCTUBRE,DO,100,19
2020,40,OCTUBRE,DO,200,36
2020,40,OCTUBRE,MX,10,4
2020,40,OCTUBRE,MX,30,11
2020,40,OCTUBRE,MX,50,16
2020,40,OCTUBRE,MX,100,32
2020,40,OCTUBRE,MX,200,67
2020,40,OCTUBRE,SP,10,1
2020,40,OCTUBRE,SP,30,6
2020,40,OCTUBRE,SP,50,15
2020,40,OCTUBRE,SP,100,24
2020,40,OCTUBRE,SP,200,53
2020,40,OCTUBRE,CL,10,2
2020,40,OCTUBRE,CL,30,7
2020,40,OCTUBRE,CL,50,13
2020,40,OCTUBRE,CL,100,19
2020,40,OCTUBRE,CL,200,41
2020,40,OCTUBRE,AR,10,2
2020,40,OCTUBRE,AR,30,7
2020,40,OCTUBRE,AR,50,14
2020,40,OCTUBRE,AR,100,20
2020,40,OCTUBRE,AR,200,39
2020,40,OCTUBRE,BR,10,1
2020,40,OCTUBRE,BR,30,5
2020,40,OCTUBRE,BR,50,10
2020,40,OCTUBRE,BR,100,16
2020,40,OCTUBRE,BR,200,41
2020,40,OCTUBRE,PT,10,3
2020,40,OCTUBRE,PT,30,11
2020,40,OCTUBRE,PT,50,17
2020,40,OCTUBRE,PT,100,33
2020,40,OCTUBRE,PT,200,66
2020,41,OCTUBRE,CO,10,1
2020,41,OCTUBRE,CO,30,9
2020,41,OCTUBRE,CO,50,18
2020,41,OCTUBRE,CO,100,33
2020,41,OCTUBRE,CO,200,65
2020,41,OCTUBRE,PE,10,2
2020,41,OCTUBRE,PE,30,9
2020,41,OCTUBRE,PE,50,16
2020,41,OCTUBRE,PE,100,30
2020,41,OCTUBRE,PE,200,53
2020,41,OCTUBRE,EC,10,2
2020,41,OCTUBRE,EC,30,8
2020,41,OCTUBRE,EC,50,8
2020,41,OCTUBRE,EC,100,25
2020,41,OCTUBRE,EC,200,57
2020,41,OCTUBRE,PN,10,1
2020,41,OCTUBRE,PN,30,6
2020,41,OCTUBRE,PN,50,12
2020,41,OCTUBRE,PN,100,26
2020,41,OCTUBRE,PN,200,52
2020,41,OCTUBRE,CR,10,2
2020,41,OCTUBRE,CR,30,9
2020,41,OCTUBRE,CR,50,14
2020,41,OCTUBRE,CR,100,36
2020,41,OCTUBRE,CR,200,68
2020,41,OCTUBRE,GT,10,3
2020,41,OCTUBRE,GT,30,9
2020,41,OCTUBRE,GT,50,17
2020,41,OCTUBRE,GT,100,30
2020,41,OCTUBRE,GT,200,60
2020,41,OCTUBRE,SV,10,2
2020,41,OCTUBRE,SV,30,10
2020,41,OCTUBRE,SV,50,15
2020,41,OCTUBRE,SV,100,27
2020,41,OCTUBRE,SV,200,63
2020,41,OCTUBRE,HN,10,2
2020,41,OCTUBRE,HN,30,10
2020,41,OCTUBRE,HN,50,14
2020,41,OCTUBRE,HN,100,30
2020,41,OCTUBRE,HN,200,63
2020,41,OCTUBRE,NI,10,3
2020,41,OCTUBRE,NI,30,12
2020,41,OCTUBRE,NI,50,16
2020,41,OCTUBRE,NI,100,30
2020,41,OCTUBRE,NI,200,61
2020,41,OCTUBRE,DO,10,2
2020,41,OCTUBRE,DO,30,5
2020,41,OCTUBRE,DO,50,7
2020,41,OCTUBRE,DO,100,19
2020,41,OCTUBRE,DO,200,42
2020,41,OCTUBRE,MX,10,5
2020,41,OCTUBRE,MX,30,11
2020,41,OCTUBRE,MX,50,17
2020,41,OCTUBRE,MX,100,32
2020,41,OCTUBRE,MX,200,68
2020,41,OCTUBRE,SP,10,2
2020,41,OCTUBRE,SP,30,8
2020,41,OCTUBRE,SP,50,12
2020,41,OCTUBRE,SP,100,24
2020,41,OCTUBRE,SP,200,55
2020,41,OCTUBRE,CL,10,1
2020,41,OCTUBRE,CL,30,8
2020,41,OCTUBRE,CL,50,13
2020,41,OCTUBRE,CL,100,21
2020,41,OCTUBRE,CL,200,46
2020,41,OCTUBRE,AR,10,2
2020,41,OCTUBRE,AR,30,9
2020,41,OCTUBRE,AR,50,13
2020,41,OCTUBRE,AR,100,21
2020,41,OCTUBRE,AR,200,46
2020,41,OCTUBRE,BR,10,0
2020,41,OCTUBRE,BR,30,3
2020,41,OCTUBRE,BR,50,10
2020,41,OCTUBRE,BR,100,21
2020,41,OCTUBRE,BR,200,45
2020,41,OCTUBRE,PT,10,5
2020,41,OCTUBRE,PT,30,12
2020,41,OCTUBRE,PT,50,18
2020,41,OCTUBRE,PT,100,37
2020,41,OCTUBRE,PT,200,75
2020,42,OCTUBRE,CO,10,1
2020,42,OCTUBRE,CO,30,9
2020,42,OCTUBRE,CO,50,16
2020,42,OCTUBRE,CO,100,27
2020,42,OCTUBRE,CO,200,60
2020,42,OCTUBRE,PE,10,1
2020,42,OCTUBRE,PE,30,9
2020,42,OCTUBRE,PE,50,16
2020,42,OCTUBRE,PE,100,25
2020,42,OCTUBRE,PE,200,50
2020,42,OCTUBRE,EC,10,2
2020,42,OCTUBRE,EC,30,8
2020,42,OCTUBRE,EC,50,8
2020,42,OCTUBRE,EC,100,23
2020,42,OCTUBRE,EC,200,56
2020,42,OCTUBRE,PN,10,1
2020,42,OCTUBRE,PN,30,6
2020,42,OCTUBRE,PN,50,12
2020,42,OCTUBRE,PN,100,24
2020,42,OCTUBRE,PN,200,49
2020,42,OCTUBRE,CR,10,2
2020,42,OCTUBRE,CR,30,8
2020,42,OCTUBRE,CR,50,13
2020,42,OCTUBRE,CR,100,33
2020,42,OCTUBRE,CR,200,67
2020,42,OCTUBRE,GT,10,3
2020,42,OCTUBRE,GT,30,9
2020,42,OCTUBRE,GT,50,18
2020,42,OCTUBRE,GT,100,27
2020,42,OCTUBRE,GT,200,58
2020,42,OCTUBRE,SV,10,3
2020,42,OCTUBRE,SV,30,9
2020,42,OCTUBRE,SV,50,14
2020,42,OCTUBRE,SV,100,25
2020,42,OCTUBRE,SV,200,60
2020,42,OCTUBRE,HN,10,2
2020,42,OCTUBRE,HN,30,10
2020,42,OCTUBRE,HN,50,13
2020,42,OCTUBRE,HN,100,26
2020,42,OCTUBRE,HN,200,61
2020,42,OCTUBRE,NI,10,3
2020,42,OCTUBRE,NI,30,10
2020,42,OCTUBRE,NI,50,13
2020,42,OCTUBRE,NI,100,26
2020,42,OCTUBRE,NI,200,57
2020,42,OCTUBRE,DO,10,2
2020,42,OCTUBRE,DO,30,6
2020,42,OCTUBRE,DO,50,7
2020,42,OCTUBRE,DO,100,18
2020,42,OCTUBRE,DO,200,40
2020,42,OCTUBRE,MX,10,4
2020,42,OCTUBRE,MX,30,12
2020,42,OCTUBRE,MX,50,16
2020,42,OCTUBRE,MX,100,31
2020,42,OCTUBRE,MX,200,64
2020,42,OCTUBRE,SP,10,1
2020,42,OCTUBRE,SP,30,7
2020,42,OCTUBRE,SP,50,11
2020,42,OCTUBRE,SP,100,23
2020,42,OCTUBRE,SP,200,55
2020,42,OCTUBRE,CL,10,1
2020,42,OCTUBRE,CL,30,8
2020,42,OCTUBRE,CL,50,13
2020,42,OCTUBRE,CL,100,19
2020,42,OCTUBRE,CL,200,43
2020,42,OCTUBRE,AR,10,1
2020,42,OCTUBRE,AR,30,9
2020,42,OCTUBRE,AR,50,14
2020,42,OCTUBRE,AR,100,18
2020,42,OCTUBRE,AR,200,42
2020,42,OCTUBRE,BR,10,0
2020,42,OCTUBRE,BR,30,4
2020,42,OCTUBRE,BR,50,8
2020,42,OCTUBRE,BR,100,14
2020,42,OCTUBRE,BR,200,42
2020,42,OCTUBRE,PT,10,5
2020,42,OCTUBRE,PT,30,10
2020,42,OCTUBRE,PT,50,17
2020,42,OCTUBRE,PT,100,32
2020,42,OCTUBRE,PT,200,68
2020,43,OCTUBRE,CO,10,1
2020,43,OCTUBRE,CO,30,9
2020,43,OCTUBRE,CO,50,14
2020,43,OCTUBRE,CO,100,26
2020,43,OCTUBRE,CO,200,63
2020,43,OCTUBRE,PE,10,1
2020,43,OCTUBRE,PE,30,9
2020,43,OCTUBRE,PE,50,14
2020,43,OCTUBRE,PE,100,27
2020,43,OCTUBRE,PE,200,52
2020,43,OCTUBRE,EC,10,2
2020,43,OCTUBRE,EC,30,9
2020,43,OCTUBRE,EC,50,9
2020,43,OCTUBRE,EC,100,24
2020,43,OCTUBRE,EC,200,56
2020,43,OCTUBRE,PN,10,1
2020,43,OCTUBRE,PN,30,6
2020,43,OCTUBRE,PN,50,12
2020,43,OCTUBRE,PN,100,23
2020,43,OCTUBRE,PN,200,51
2020,43,OCTUBRE,CR,10,2
2020,43,OCTUBRE,CR,30,8
2020,43,OCTUBRE,CR,50,13
2020,43,OCTUBRE,CR,100,34
2020,43,OCTUBRE,CR,200,67
2020,43,OCTUBRE,GT,10,3
2020,43,OCTUBRE,GT,30,9
2020,43,OCTUBRE,GT,50,17
2020,43,OCTUBRE,GT,100,28
2020,43,OCTUBRE,GT,200,60
2020,43,OCTUBRE,SV,10,3
2020,43,OCTUBRE,SV,30,8
2020,43,OCTUBRE,SV,50,13
2020,43,OCTUBRE,SV,100,25
2020,43,OCTUBRE,SV,200,58
2020,43,OCTUBRE,HN,10,2
2020,43,OCTUBRE,HN,30,9
2020,43,OCTUBRE,HN,50,13
2020,43,OCTUBRE,HN,100,25
2020,43,OCTUBRE,HN,200,60
2020,43,OCTUBRE,NI,10,3
2020,43,OCTUBRE,NI,30,11
2020,43,OCTUBRE,NI,50,14
2020,43,OCTUBRE,NI,100,26
2020,43,OCTUBRE,NI,200,59
2020,43,OCTUBRE,DO,10,2
2020,43,OCTUBRE,DO,30,6
2020,43,OCTUBRE,DO,50,7
2020,43,OCTUBRE,DO,100,16
2020,43,OCTUBRE,DO,200,36
2020,43,OCTUBRE,MX,10,4
2020,43,OCTUBRE,MX,30,12
2020,43,OCTUBRE,MX,50,16
2020,43,OCTUBRE,MX,100,30
2020,43,OCTUBRE,MX,200,62
2020,43,OCTUBRE,SP,10,0
2020,43,OCTUBRE,SP,30,7
2020,43,OCTUBRE,SP,50,11
2020,43,OCTUBRE,SP,100,24
2020,43,OCTUBRE,SP,200,55
2020,43,OCTUBRE,CL,10,1
2020,43,OCTUBRE,CL,30,7
2020,43,OCTUBRE,CL,50,12
2020,43,OCTUBRE,CL,100,19
2020,43,OCTUBRE,CL,200,40
2020,43,OCTUBRE,AR,10,1
2020,43,OCTUBRE,AR,30,8
2020,43,OCTUBRE,AR,50,13
2020,43,OCTUBRE,AR,100,19
2020,43,OCTUBRE,AR,200,40
2020,43,OCTUBRE,BR,10,0
2020,43,OCTUBRE,BR,30,3
2020,43,OCTUBRE,BR,50,9
2020,43,OCTUBRE,BR,100,15
2020,43,OCTUBRE,BR,200,43
2020,43,OCTUBRE,PT,10,5
2020,43,OCTUBRE,PT,30,11
2020,43,OCTUBRE,PT,50,18
2020,43,OCTUBRE,PT,100,34
2020,43,OCTUBRE,PT,200,67
2020,44,OCTUBRE,CO,10,1
2020,44,OCTUBRE,CO,30,10
2020,44,OCTUBRE,CO,50,16
2020,44,OCTUBRE,CO,100,27
2020,44,OCTUBRE,CO,200,66
2020,44,OCTUBRE,PE,10,1
2020,44,OCTUBRE,PE,30,10
2020,44,OCTUBRE,PE,50,16
2020,44,OCTUBRE,PE,100,29
2020,44,OCTUBRE,PE,200,50
2020,44,OCTUBRE,EC,10,3
2020,44,OCTUBRE,EC,30,10
2020,44,OCTUBRE,EC,50,10
2020,44,OCTUBRE,EC,100,26
2020,44,OCTUBRE,EC,200,59
2020,44,OCTUBRE,PN,10,1
2020,44,OCTUBRE,PN,30,8
2020,44,OCTUBRE,PN,50,14
2020,44,OCTUBRE,PN,100,25
2020,44,OCTUBRE,PN,200,50
2020,44,OCTUBRE,CR,10,2
2020,44,OCTUBRE,CR,30,9
2020,44,OCTUBRE,CR,50,16
2020,44,OCTUBRE,CR,100,34
2020,44,OCTUBRE,CR,200,67
2020,44,OCTUBRE,GT,10,3
2020,44,OCTUBRE,GT,30,9
2020,44,OCTUBRE,GT,50,18
2020,44,OCTUBRE,GT,100,30
2020,44,OCTUBRE,GT,200,58
2020,44,OCTUBRE,SV,10,3
2020,44,OCTUBRE,SV,30,9
2020,44,OCTUBRE,SV,50,15
2020,44,OCTUBRE,SV,100,26
2020,44,OCTUBRE,SV,200,59
2020,44,OCTUBRE,HN,10,2
2020,44,OCTUBRE,HN,30,10
2020,44,OCTUBRE,HN,50,15
2020,44,OCTUBRE,HN,100,27
2020,44,OCTUBRE,HN,200,63
2020,44,OCTUBRE,NI,10,3
2020,44,OCTUBRE,NI,30,11
2020,44,OCTUBRE,NI,50,14
2020,44,OCTUBRE,NI,100,28
2020,44,OCTUBRE,NI,200,62
2020,44,OCTUBRE,DO,10,2
2020,44,OCTUBRE,DO,30,5
2020,44,OCTUBRE,DO,50,9
2020,44,OCTUBRE,DO,100,18
2020,44,OCTUBRE,DO,200,42
2020,44,OCTUBRE,MX,10,3
2020,44,OCTUBRE,MX,30,12
2020,44,OCTUBRE,MX,50,16
2020,44,OCTUBRE,MX,100,33
2020,44,OCTUBRE,MX,200,66
2020,44,OCTUBRE,SP,10,0
2020,44,OCTUBRE,SP,30,5
2020,44,OCTUBRE,SP,50,12
2020,44,OCTUBRE,SP,100,29
2020,44,OCTUBRE,SP,200,57
2020,44,OCTUBRE,CL,10,1
2020,44,OCTUBRE,CL,30,9
2020,44,OCTUBRE,CL,50,13
2020,44,OCTUBRE,CL,100,21
2020,44,OCTUBRE,CL,200,40
2020,44,OCTUBRE,AR,10,0
2020,44,OCTUBRE,AR,30,8
2020,44,OCTUBRE,AR,50,15
2020,44,OCTUBRE,AR,100,21
2020,44,OCTUBRE,AR,200,41
2020,44,OCTUBRE,BR,10,0
2020,44,OCTUBRE,BR,30,3
2020,44,OCTUBRE,BR,50,8
2020,44,OCTUBRE,BR,100,16
2020,44,OCTUBRE,BR,200,41
2020,44,OCTUBRE,PT,10,5
2020,44,OCTUBRE,PT,30,13
2020,44,OCTUBRE,PT,50,19
2020,44,OCTUBRE,PT,100,34
2020,44,OCTUBRE,PT,200,62
2020,45,NOVIEMBRE,CO,10,1
2020,45,NOVIEMBRE,CO,30,9
2020,45,NOVIEMBRE,CO,50,14
2020,45,NOVIEMBRE,CO,100,26
2020,45,NOVIEMBRE,CO,200,64
2020,45,NOVIEMBRE,PE,10,1
2020,45,NOVIEMBRE,PE,30,10
2020,45,NOVIEMBRE,PE,50,16
2020,45,NOVIEMBRE,PE,100,28
2020,45,NOVIEMBRE,PE,200,55
2020,45,NOVIEMBRE,EC,10,2
2020,45,NOVIEMBRE,EC,30,9
2020,45,NOVIEMBRE,EC,50,10
2020,45,NOVIEMBRE,EC,100,26
2020,45,NOVIEMBRE,EC,200,54
2020,45,NOVIEMBRE,PN,10,1
2020,45,NOVIEMBRE,PN,30,7
2020,45,NOVIEMBRE,PN,50,14
2020,45,NOVIEMBRE,PN,100,23
2020,45,NOVIEMBRE,PN,200,52
2020,45,NOVIEMBRE,CR,10,2
2020,45,NOVIEMBRE,CR,30,11
2020,45,NOVIEMBRE,CR,50,16
2020,45,NOVIEMBRE,CR,100,33
2020,45,NOVIEMBRE,CR,200,70
2020,45,NOVIEMBRE,GT,10,3
2020,45,NOVIEMBRE,GT,30,10
2020,45,NOVIEMBRE,GT,50,17
2020,45,NOVIEMBRE,GT,100,30
2020,45,NOVIEMBRE,GT,200,57
2020,45,NOVIEMBRE,SV,10,3
2020,45,NOVIEMBRE,SV,30,9
2020,45,NOVIEMBRE,SV,50,15
2020,45,NOVIEMBRE,SV,100,27
2020,45,NOVIEMBRE,SV,200,60
2020,45,NOVIEMBRE,HN,10,2
2020,45,NOVIEMBRE,HN,30,11
2020,45,NOVIEMBRE,HN,50,15
2020,45,NOVIEMBRE,HN,100,27
2020,45,NOVIEMBRE,HN,200,64
2020,45,NOVIEMBRE,NI,10,2
2020,45,NOVIEMBRE,NI,30,10
2020,45,NOVIEMBRE,NI,50,14
2020,45,NOVIEMBRE,NI,100,27
2020,45,NOVIEMBRE,NI,200,63
2020,45,NOVIEMBRE,DO,10,1
2020,45,NOVIEMBRE,DO,30,6
2020,45,NOVIEMBRE,DO,50,8
2020,45,NOVIEMBRE,DO,100,19
2020,45,NOVIEMBRE,DO,200,43
2020,45,NOVIEMBRE,MX,10,2
2020,45,NOVIEMBRE,MX,30,9
2020,45,NOVIEMBRE,MX,50,19
2020,45,NOVIEMBRE,MX,100,31
2020,45,NOVIEMBRE,MX,200,70
2020,45,NOVIEMBRE,SP,10,0
2020,45,NOVIEMBRE,SP,30,5
2020,45,NOVIEMBRE,SP,50,12
2020,45,NOVIEMBRE,SP,100,30
2020,45,NOVIEMBRE,SP,200,60
2020,45,NOVIEMBRE,CL,10,1
2020,45,NOVIEMBRE,CL,30,10
2020,45,NOVIEMBRE,CL,50,13
2020,45,NOVIEMBRE,CL,100,21
2020,45,NOVIEMBRE,CL,200,42
2020,45,NOVIEMBRE,AR,10,0
2020,45,NOVIEMBRE,AR,30,6
2020,45,NOVIEMBRE,AR,50,17
2020,45,NOVIEMBRE,AR,100,23
2020,45,NOVIEMBRE,AR,200,42
2020,45,NOVIEMBRE,BR,10,0
2020,45,NOVIEMBRE,BR,30,2
2020,45,NOVIEMBRE,BR,50,7
2020,45,NOVIEMBRE,BR,100,18
2020,45,NOVIEMBRE,BR,200,46
2020,45,NOVIEMBRE,PT,10,6
2020,45,NOVIEMBRE,PT,30,13
2020,45,NOVIEMBRE,PT,50,20
2020,45,NOVIEMBRE,PT,100,39
2020,45,NOVIEMBRE,PT,200,72
2020,46,NOVIEMBRE,CO,10,0
2020,46,NOVIEMBRE,CO,30,9
2020,46,NOVIEMBRE,CO,50,14
2020,46,NOVIEMBRE,CO,100,27
2020,46,NOVIEMBRE,CO,200,63
2020,46,NOVIEMBRE,PE,10,2
2020,46,NOVIEMBRE,PE,30,9
2020,46,NOVIEMBRE,PE,50,15
2020,46,NOVIEMBRE,PE,100,28
2020,46,NOVIEMBRE,PE,200,56
2020,46,NOVIEMBRE,EC,10,3
2020,46,NOVIEMBRE,EC,30,9
2020,46,NOVIEMBRE,EC,50,10
2020,46,NOVIEMBRE,EC,100,27
2020,46,NOVIEMBRE,EC,200,58
2020,46,NOVIEMBRE,PN,10,1
2020,46,NOVIEMBRE,PN,30,8
2020,46,NOVIEMBRE,PN,50,14
2020,46,NOVIEMBRE,PN,100,28
2020,46,NOVIEMBRE,PN,200,51
2020,46,NOVIEMBRE,CR,10,2
2020,46,NOVIEMBRE,CR,30,11
2020,46,NOVIEMBRE,CR,50,16
2020,46,NOVIEMBRE,CR,100,32
2020,46,NOVIEMBRE,CR,200,68
2020,46,NOVIEMBRE,GT,10,3
2020,46,NOVIEMBRE,GT,30,10
2020,46,NOVIEMBRE,GT,50,18
2020,46,NOVIEMBRE,GT,100,29
2020,46,NOVIEMBRE,GT,200,58
2020,46,NOVIEMBRE,SV,10,3
2020,46,NOVIEMBRE,SV,30,10
2020,46,NOVIEMBRE,SV,50,13
2020,46,NOVIEMBRE,SV,100,27
2020,46,NOVIEMBRE,SV,200,60
2020,46,NOVIEMBRE,HN,10,2
2020,46,NOVIEMBRE,HN,30,11
2020,46,NOVIEMBRE,HN,50,14
2020,46,NOVIEMBRE,HN,100,29
2020,46,NOVIEMBRE,HN,200,62
2020,46,NOVIEMBRE,NI,10,2
2020,46,NOVIEMBRE,NI,30,11
2020,46,NOVIEMBRE,NI,50,15
2020,46,NOVIEMBRE,NI,100,26
2020,46,NOVIEMBRE,NI,200,63
2020,46,NOVIEMBRE,DO,10,1
2020,46,NOVIEMBRE,DO,30,6
2020,46,NOVIEMBRE,DO,50,7
2020,46,NOVIEMBRE,DO,100,19
2020,46,NOVIEMBRE,DO,200,42
2020,46,NOVIEMBRE,MX,10,3
2020,46,NOVIEMBRE,MX,30,10
2020,46,NOVIEMBRE,MX,50,18
2020,46,NOVIEMBRE,MX,100,30
2020,46,NOVIEMBRE,MX,200,70
2020,46,NOVIEMBRE,SP,10,0
2020,46,NOVIEMBRE,SP,30,5
2020,46,NOVIEMBRE,SP,50,11
2020,46,NOVIEMBRE,SP,100,30
2020,46,NOVIEMBRE,SP,200,54
2020,46,NOVIEMBRE,CL,10,1
2020,46,NOVIEMBRE,CL,30,9
2020,46,NOVIEMBRE,CL,50,12
2020,46,NOVIEMBRE,CL,100,22
2020,46,NOVIEMBRE,CL,200,42
2020,46,NOVIEMBRE,AR,10,0
2020,46,NOVIEMBRE,AR,30,8
2020,46,NOVIEMBRE,AR,50,16
2020,46,NOVIEMBRE,AR,100,24
2020,46,NOVIEMBRE,AR,200,41
2020,46,NOVIEMBRE,BR,10,0
2020,46,NOVIEMBRE,BR,30,3
2020,46,NOVIEMBRE,BR,50,7
2020,46,NOVIEMBRE,BR,100,16
2020,46,NOVIEMBRE,BR,200,40
2020,46,NOVIEMBRE,PT,10,6
2020,46,NOVIEMBRE,PT,30,12
2020,46,NOVIEMBRE,PT,50,19
2020,46,NOVIEMBRE,PT,100,35
2020,46,NOVIEMBRE,PT,200,65
2020,47,NOVIEMBRE,CO,10,2
2020,47,NOVIEMBRE,CO,30,10
2020,47,NOVIEMBRE,CO,50,14
2020,47,NOVIEMBRE,CO,100,28
2020,47,NOVIEMBRE,CO,200,64
2020,47,NOVIEMBRE,PE,10,2
2020,47,NOVIEMBRE,PE,30,9
2020,47,NOVIEMBRE,PE,50,14
2020,47,NOVIEMBRE,PE,100,27
2020,47,NOVIEMBRE,PE,200,56
2020,47,NOVIEMBRE,EC,10,3
2020,47,NOVIEMBRE,EC,30,10
2020,47,NOVIEMBRE,EC,50,10
2020,47,NOVIEMBRE,EC,100,26
2020,47,NOVIEMBRE,EC,200,58
2020,47,NOVIEMBRE,PN,10,1
2020,47,NOVIEMBRE,PN,30,8
2020,47,NOVIEMBRE,PN,50,13
2020,47,NOVIEMBRE,PN,100,28
2020,47,NOVIEMBRE,PN,200,52
2020,47,NOVIEMBRE,CR,10,3
2020,47,NOVIEMBRE,CR,30,12
2020,47,NOVIEMBRE,CR,50,16
2020,47,NOVIEMBRE,CR,100,34
2020,47,NOVIEMBRE,CR,200,69
2020,47,NOVIEMBRE,GT,10,3
2020,47,NOVIEMBRE,GT,30,12
2020,47,NOVIEMBRE,GT,50,19
2020,47,NOVIEMBRE,GT,100,31
2020,47,NOVIEMBRE,GT,200,58
2020,47,NOVIEMBRE,SV,10,4
2020,47,NOVIEMBRE,SV,30,10
2020,47,NOVIEMBRE,SV,50,15
2020,47,NOVIEMBRE,SV,100,27
2020,47,NOVIEMBRE,SV,200,62
2020,47,NOVIEMBRE,HN,10,3
2020,47,NOVIEMBRE,HN,30,12
2020,47,NOVIEMBRE,HN,50,14
2020,47,NOVIEMBRE,HN,100,29
2020,47,NOVIEMBRE,HN,200,65
2020,47,NOVIEMBRE,NI,10,4
2020,47,NOVIEMBRE,NI,30,13
2020,47,NOVIEMBRE,NI,50,16
2020,47,NOVIEMBRE,NI,100,28
2020,47,NOVIEMBRE,NI,200,66
2020,47,NOVIEMBRE,DO,10,1
2020,47,NOVIEMBRE,DO,30,6
2020,47,NOVIEMBRE,DO,50,8
2020,47,NOVIEMBRE,DO,100,20
2020,47,NOVIEMBRE,DO,200,40
2020,47,NOVIEMBRE,MX,10,4
2020,47,NOVIEMBRE,MX,30,13
2020,47,NOVIEMBRE,MX,50,18
2020,47,NOVIEMBRE,MX,100,31
2020,47,NOVIEMBRE,MX,200,72
2020,47,NOVIEMBRE,SP,10,0
2020,47,NOVIEMBRE,SP,30,3
2020,47,NOVIEMBRE,SP,50,11
2020,47,NOVIEMBRE,SP,100,31
2020,47,NOVIEMBRE,SP,200,56
2020,47,NOVIEMBRE,CL,10,2
2020,47,NOVIEMBRE,CL,30,9
2020,47,NOVIEMBRE,CL,50,12
2020,47,NOVIEMBRE,CL,100,22
2020,47,NOVIEMBRE,CL,200,42
2020,47,NOVIEMBRE,AR,10,1
2020,47,NOVIEMBRE,AR,30,7
2020,47,NOVIEMBRE,AR,50,14
2020,47,NOVIEMBRE,AR,100,24
2020,47,NOVIEMBRE,AR,200,42
2020,47,NOVIEMBRE,BR,10,0
2020,47,NOVIEMBRE,BR,30,2
2020,47,NOVIEMBRE,BR,50,7
2020,47,NOVIEMBRE,BR,100,17
2020,47,NOVIEMBRE,BR,200,40
2020,47,NOVIEMBRE,PT,10,6
2020,47,NOVIEMBRE,PT,30,12
2020,47,NOVIEMBRE,PT,50,18
2020,47,NOVIEMBRE,PT,100,34
2020,47,NOVIEMBRE,PT,200,67
2020,48,NOVIEMBRE,CO,10,2
2020,48,NOVIEMBRE,CO,30,10
2020,48,NOVIEMBRE,CO,50,15
2020,48,NOVIEMBRE,CO,100,30
2020,48,NOVIEMBRE,CO,200,65
2020,48,NOVIEMBRE,PE,10,2
2020,48,NOVIEMBRE,PE,30,8
2020,48,NOVIEMBRE,PE,50,17
2020,48,NOVIEMBRE,PE,100,31
2020,48,NOVIEMBRE,PE,200,59
2020,48,NOVIEMBRE,EC,10,3
2020,48,NOVIEMBRE,EC,30,9
2020,48,NOVIEMBRE,EC,50,15
2020,48,NOVIEMBRE,EC,100,29
2020,48,NOVIEMBRE,EC,200,59
2020,48,NOVIEMBRE,PN,10,1
2020,48,NOVIEMBRE,PN,30,9
2020,48,NOVIEMBRE,PN,50,14
2020,48,NOVIEMBRE,PN,100,27
2020,48,NOVIEMBRE,PN,200,58
2020,48,NOVIEMBRE,CR,10,3
2020,48,NOVIEMBRE,CR,30,12
2020,48,NOVIEMBRE,CR,50,18
2020,48,NOVIEMBRE,CR,100,30
2020,48,NOVIEMBRE,CR,200,69
2020,48,NOVIEMBRE,GT,10,4
2020,48,NOVIEMBRE,GT,30,11
2020,48,NOVIEMBRE,GT,50,19
2020,48,NOVIEMBRE,GT,100,29
2020,48,NOVIEMBRE,GT,200,61
2020,48,NOVIEMBRE,SV,10,3
2020,48,NOVIEMBRE,SV,30,11
2020,48,NOVIEMBRE,SV,50,18
2020,48,NOVIEMBRE,SV,100,30
2020,48,NOVIEMBRE,SV,200,61
2020,48,NOVIEMBRE,HN,10,3
2020,48,NOVIEMBRE,HN,30,11
2020,48,NOVIEMBRE,HN,50,17
2020,48,NOVIEMBRE,HN,100,31
2020,48,NOVIEMBRE,HN,200,65
2020,48,NOVIEMBRE,NI,10,4
2020,48,NOVIEMBRE,NI,30,13
2020,48,NOVIEMBRE,NI,50,18
2020,48,NOVIEMBRE,NI,100,30
2020,48,NOVIEMBRE,NI,200,64
2020,48,NOVIEMBRE,DO,10,1
2020,48,NOVIEMBRE,DO,30,7
2020,48,NOVIEMBRE,DO,50,10
2020,48,NOVIEMBRE,DO,100,22
2020,48,NOVIEMBRE,DO,200,45
2020,48,NOVIEMBRE,MX,10,4
2020,48,NOVIEMBRE,MX,30,12
2020,48,NOVIEMBRE,MX,50,19
2020,48,NOVIEMBRE,MX,100,31
2020,48,NOVIEMBRE,MX,200,70
2020,48,NOVIEMBRE,SP,10,2
2020,48,NOVIEMBRE,SP,30,4
2020,48,NOVIEMBRE,SP,50,10
2020,48,NOVIEMBRE,SP,100,29
2020,48,NOVIEMBRE,SP,200,59
2020,48,NOVIEMBRE,CL,10,2
2020,48,NOVIEMBRE,CL,30,9
2020,48,NOVIEMBRE,CL,50,11
2020,48,NOVIEMBRE,CL,100,24
2020,48,NOVIEMBRE,CL,200,46
2020,48,NOVIEMBRE,AR,10,2
2020,48,NOVIEMBRE,AR,30,6
2020,48,NOVIEMBRE,AR,50,14
2020,48,NOVIEMBRE,AR,100,24
2020,48,NOVIEMBRE,AR,200,40
2020,48,NOVIEMBRE,BR,10,0
2020,48,NOVIEMBRE,BR,30,3
2020,48,NOVIEMBRE,BR,50,9
2020,48,NOVIEMBRE,BR,100,15
2020,48,NOVIEMBRE,BR,200,44
2020,48,NOVIEMBRE,PT,10,6
2020,48,NOVIEMBRE,PT,30,13
2020,48,NOVIEMBRE,PT,50,20
2020,48,NOVIEMBRE,PT,100,34
2020,48,NOVIEMBRE,PT,200,66
2020,49,DICIEMBRE,CO,10,1
2020,49,DICIEMBRE,CO,30,4
2020,49,DICIEMBRE,CO,50,11
2020,49,DICIEMBRE,CO,100,24
2020,49,DICIEMBRE,CO,200,58
2020,49,DICIEMBRE,PE,10,2
2020,49,DICIEMBRE,PE,30,6
2020,49,DICIEMBRE,PE,50,11
2020,49,DICIEMBRE,PE,100,27
2020,49,DICIEMBRE,PE,200,53
2020,49,DICIEMBRE,EC,10,2
2020,49,DICIEMBRE,EC,30,4
2020,49,DICIEMBRE,EC,50,13
2020,49,DICIEMBRE,EC,100,23
2020,49,DICIEMBRE,EC,200,54
2020,49,DICIEMBRE,PN,10,1
2020,49,DICIEMBRE,PN,30,3
2020,49,DICIEMBRE,PN,50,10
2020,49,DICIEMBRE,PN,100,22
2020,49,DICIEMBRE,PN,200,48
2020,49,DICIEMBRE,CR,10,2
2020,49,DICIEMBRE,CR,30,4
2020,49,DICIEMBRE,CR,50,15
2020,49,DICIEMBRE,CR,100,27
2020,49,DICIEMBRE,CR,200,62
2020,49,DICIEMBRE,GT,10,1
2020,49,DICIEMBRE,GT,30,7
2020,49,DICIEMBRE,GT,50,15
2020,49,DICIEMBRE,GT,100,25
2020,49,DICIEMBRE,GT,200,54
2020,49,DICIEMBRE,SV,10,1
2020,49,DICIEMBRE,SV,30,5
2020,49,DICIEMBRE,SV,50,12
2020,49,DICIEMBRE,SV,100,23
2020,49,DICIEMBRE,SV,200,57
2020,49,DICIEMBRE,HN,10,1
2020,49,DICIEMBRE,HN,30,6
2020,49,DICIEMBRE,HN,50,13
2020,49,DICIEMBRE,HN,100,22
2020,49,DICIEMBRE,HN,200,55
2020,49,DICIEMBRE,NI,10,1
2020,49,DICIEMBRE,NI,30,6
2020,49,DICIEMBRE,NI,50,14
2020,49,DICIEMBRE,NI,100,22
2020,49,DICIEMBRE,NI,200,56
2020,49,DICIEMBRE,DO,10,0
2020,49,DICIEMBRE,DO,30,4
2020,49,DICIEMBRE,DO,50,7
2020,49,DICIEMBRE,DO,100,17
2020,49,DICIEMBRE,DO,200,35
2020,49,DICIEMBRE,MX,10,2
2020,49,DICIEMBRE,MX,30,6
2020,49,DICIEMBRE,MX,50,15
2020,49,DICIEMBRE,MX,100,26
2020,49,DICIEMBRE,MX,200,63
2020,49,DICIEMBRE,SP,10,1
2020,49,DICIEMBRE,SP,30,3
2020,49,DICIEMBRE,SP,50,5
2020,49,DICIEMBRE,SP,100,23
2020,49,DICIEMBRE,SP,200,53
2020,49,DICIEMBRE,CL,10,1
2020,49,DICIEMBRE,CL,30,4
2020,49,DICIEMBRE,CL,50,9
2020,49,DICIEMBRE,CL,100,19
2020,49,DICIEMBRE,CL,200,39
2020,49,DICIEMBRE,AR,10,2
2020,49,DICIEMBRE,AR,30,6
2020,49,DICIEMBRE,AR,50,9
2020,49,DICIEMBRE,AR,100,21
2020,49,DICIEMBRE,AR,200,34
2020,49,DICIEMBRE,BR,10,0
2020,49,DICIEMBRE,BR,30,1
2020,49,DICIEMBRE,BR,50,6
2020,49,DICIEMBRE,BR,100,17
2020,49,DICIEMBRE,BR,200,40
2020,49,DICIEMBRE,PT,10,5
2020,49,DICIEMBRE,PT,30,12
2020,49,DICIEMBRE,PT,50,19
2020,49,DICIEMBRE,PT,100,36
2020,49,DICIEMBRE,PT,200,63
2020,50,DICIEMBRE,CO,10,1
2020,50,DICIEMBRE,CO,30,8
2020,50,DICIEMBRE,CO,50,12
2020,50,DICIEMBRE,CO,100,26
2020,50,DICIEMBRE,CO,200,51
2020,50,DICIEMBRE,PE,10,2
2020,50,DICIEMBRE,PE,30,8
2020,50,DICIEMBRE,PE,50,14
2020,50,DICIEMBRE,PE,100,27
2020,50,DICIEMBRE,PE,200,54
2020,50,DICIEMBRE,EC,10,2
2020,50,DICIEMBRE,EC,30,7
2020,50,DICIEMBRE,EC,50,13
2020,50,DICIEMBRE,EC,100,23
2020,50,DICIEMBRE,EC,200,54
2020,50,DICIEMBRE,PN,10,1
2020,50,DICIEMBRE,PN,30,4
2020,50,DICIEMBRE,PN,50,12
2020,50,DICIEMBRE,PN,100,21
2020,50,DICIEMBRE,PN,200,51
2020,50,DICIEMBRE,CR,10,2
2020,50,DICIEMBRE,CR,30,9
2020,50,DICIEMBRE,CR,50,17
2020,50,DICIEMBRE,CR,100,26
2020,50,DICIEMBRE,CR,200,66
2020,50,DICIEMBRE,GT,10,3
2020,50,DICIEMBRE,GT,30,9
2020,50,DICIEMBRE,GT,50,16
2020,50,DICIEMBRE,GT,100,24
2020,50,DICIEMBRE,GT,200,57
2020,50,DICIEMBRE,SV,10,2
2020,50,DICIEMBRE,SV,30,7
2020,50,DICIEMBRE,SV,50,13
2020,50,DICIEMBRE,SV,100,23
2020,50,DICIEMBRE,SV,200,55
2020,50,DICIEMBRE,HN,10,1
2020,50,DICIEMBRE,HN,30,6
2020,50,DICIEMBRE,HN,50,13
2020,50,DICIEMBRE,HN,100,24
2020,50,DICIEMBRE,HN,200,56
2020,50,DICIEMBRE,NI,10,2
2020,50,DICIEMBRE,NI,30,8
2020,50,DICIEMBRE,NI,50,16
2020,50,DICIEMBRE,NI,100,23
2020,50,DICIEMBRE,NI,200,58
2020,50,DICIEMBRE,DO,10,1
2020,50,DICIEMBRE,DO,30,4
2020,50,DICIEMBRE,DO,50,6
2020,50,DICIEMBRE,DO,100,17
2020,50,DICIEMBRE,DO,200,40
2020,50,DICIEMBRE,MX,10,3
2020,50,DICIEMBRE,MX,30,11
2020,50,DICIEMBRE,MX,50,15
2020,50,DICIEMBRE,MX,100,27
2020,50,DICIEMBRE,MX,200,66
2020,50,DICIEMBRE,SP,10,2
2020,50,DICIEMBRE,SP,30,3
2020,50,DICIEMBRE,SP,50,8
2020,50,DICIEMBRE,SP,100,22
2020,50,DICIEMBRE,SP,200,56
2020,50,DICIEMBRE,CL,10,1
2020,50,DICIEMBRE,CL,30,7
2020,50,DICIEMBRE,CL,50,11
2020,50,DICIEMBRE,CL,100,19
2020,50,DICIEMBRE,CL,200,39
2020,50,DICIEMBRE,AR,10,2
2020,50,DICIEMBRE,AR,30,5
2020,50,DICIEMBRE,AR,50,13
2020,50,DICIEMBRE,AR,100,24
2020,50,DICIEMBRE,AR,200,41
2020,50,DICIEMBRE,BR,10,0
2020,50,DICIEMBRE,BR,30,1
2020,50,DICIEMBRE,BR,50,5
2020,50,DICIEMBRE,BR,100,14
2020,50,DICIEMBRE,BR,200,40
2020,50,DICIEMBRE,PT,10,5
2020,50,DICIEMBRE,PT,30,12
2020,50,DICIEMBRE,PT,50,20
2020,50,DICIEMBRE,PT,100,34
2020,50,DICIEMBRE,PT,200,66
2020,51,DICIEMBRE,CO,10,1
2020,51,DICIEMBRE,CO,30,8
2020,51,DICIEMBRE,CO,50,14
2020,51,DICIEMBRE,CO,100,27
2020,51,DICIEMBRE,CO,200,57
2020,51,DICIEMBRE,PE,10,2
2020,51,DICIEMBRE,PE,30,7
2020,51,DICIEMBRE,PE,50,13
2020,51,DICIEMBRE,PE,100,26
2020,51,DICIEMBRE,PE,200,48
2020,51,DICIEMBRE,EC,10,2
2020,51,DICIEMBRE,EC,30,7
2020,51,DICIEMBRE,EC,50,13
2020,51,DICIEMBRE,EC,100,23
2020,51,DICIEMBRE,EC,200,53
2020,51,DICIEMBRE,PN,10,1
2020,51,DICIEMBRE,PN,30,6
2020,51,DICIEMBRE,PN,50,12
2020,51,DICIEMBRE,PN,100,22
2020,51,DICIEMBRE,PN,200,49
2020,51,DICIEMBRE,CR,10,2
2020,51,DICIEMBRE,CR,30,9
2020,51,DICIEMBRE,CR,50,17
2020,51,DICIEMBRE,CR,100,27
2020,51,DICIEMBRE,CR,200,62
2020,51,DICIEMBRE,GT,10,3
2020,51,DICIEMBRE,GT,30,9
2020,51,DICIEMBRE,GT,50,18
2020,51,DICIEMBRE,GT,100,24
2020,51,DICIEMBRE,GT,200,56
2020,51,DICIEMBRE,SV,10,2
2020,51,DICIEMBRE,SV,30,7
2020,51,DICIEMBRE,SV,50,16
2020,51,DICIEMBRE,SV,100,23
2020,51,DICIEMBRE,SV,200,55
2020,51,DICIEMBRE,HN,10,1
2020,51,DICIEMBRE,HN,30,7
2020,51,DICIEMBRE,HN,50,13
2020,51,DICIEMBRE,HN,100,24
2020,51,DICIEMBRE,HN,200,53
2020,51,DICIEMBRE,NI,10,3
2020,51,DICIEMBRE,NI,30,8
2020,51,DICIEMBRE,NI,50,16
2020,51,DICIEMBRE,NI,100,22
2020,51,DICIEMBRE,NI,200,56
2020,51,DICIEMBRE,DO,10,1
2020,51,DICIEMBRE,DO,30,4
2020,51,DICIEMBRE,DO,50,6
2020,51,DICIEMBRE,DO,100,18
2020,51,DICIEMBRE,DO,200,39
2020,51,DICIEMBRE,MX,10,3
2020,51,DICIEMBRE,MX,30,11
2020,51,DICIEMBRE,MX,50,15
2020,51,DICIEMBRE,MX,100,29
2020,51,DICIEMBRE,MX,200,67
2020,51,DICIEMBRE,SP,10,2
2020,51,DICIEMBRE,SP,30,5
2020,51,DICIEMBRE,SP,50,11
2020,51,DICIEMBRE,SP,100,30
2020,51,DICIEMBRE,SP,200,63
2020,51,DICIEMBRE,CL,10,1
2020,51,DICIEMBRE,CL,30,6
2020,51,DICIEMBRE,CL,50,13
2020,51,DICIEMBRE,CL,100,19
2020,51,DICIEMBRE,CL,200,41
2020,51,DICIEMBRE,AR,10,2
2020,51,DICIEMBRE,AR,30,5
2020,51,DICIEMBRE,AR,50,10
2020,51,DICIEMBRE,AR,100,22
2020,51,DICIEMBRE,AR,200,41
2020,51,DICIEMBRE,BR,10,0
2020,51,DICIEMBRE,BR,30,1
2020,51,DICIEMBRE,BR,50,4
2020,51,DICIEMBRE,BR,100,13
2020,51,DICIEMBRE,BR,200,40
2020,51,DICIEMBRE,PT,10,5
2020,51,DICIEMBRE,PT,30,12
2020,51,DICIEMBRE,PT,50,21
2020,51,DICIEMBRE,PT,100,37
2020,51,DICIEMBRE,PT,200,71
2020,52,DICIEMBRE,CO,10,1
2020,52,DICIEMBRE,CO,30,8
2020,52,DICIEMBRE,CO,50,14
2020,52,DICIEMBRE,CO,100,28
2020,52,DICIEMBRE,CO,200,53
2020,52,DICIEMBRE,PE,10,2
2020,52,DICIEMBRE,PE,30,7
2020,52,DICIEMBRE,PE,50,12
2020,52,DICIEMBRE,PE,100,25
2020,52,DICIEMBRE,PE,200,45
2020,52,DICIEMBRE,EC,10,2
2020,52,DICIEMBRE,EC,30,8
2020,52,DICIEMBRE,EC,50,14
2020,52,DICIEMBRE,EC,100,22
2020,52,DICIEMBRE,EC,200,50
2020,52,DICIEMBRE,PN,10,1
2020,52,DICIEMBRE,PN,30,5
2020,52,DICIEMBRE,PN,50,13
2020,52,DICIEMBRE,PN,100,23
2020,52,DICIEMBRE,PN,200,48
2020,52,DICIEMBRE,CR,10,2
2020,52,DICIEMBRE,CR,30,9
2020,52,DICIEMBRE,CR,50,17
2020,52,DICIEMBRE,CR,100,29
2020,52,DICIEMBRE,CR,200,62
2020,52,DICIEMBRE,GT,10,2
2020,52,DICIEMBRE,GT,30,10
2020,52,DICIEMBRE,GT,50,18
2020,52,DICIEMBRE,GT,100,27
2020,52,DICIEMBRE,GT,200,61
2020,52,DICIEMBRE,SV,10,2
2020,52,DICIEMBRE,SV,30,7
2020,52,DICIEMBRE,SV,50,16
2020,52,DICIEMBRE,SV,100,21
2020,52,DICIEMBRE,SV,200,50
2020,52,DICIEMBRE,HN,10,1
2020,52,DICIEMBRE,HN,30,9
2020,52,DICIEMBRE,HN,50,14
2020,52,DICIEMBRE,HN,100,24
2020,52,DICIEMBRE,HN,200,54
2020,52,DICIEMBRE,NI,10,3
2020,52,DICIEMBRE,NI,30,8
2020,52,DICIEMBRE,NI,50,16
2020,52,DICIEMBRE,NI,100,22
2020,52,DICIEMBRE,NI,200,56
2020,52,DICIEMBRE,DO,10,1
2020,52,DICIEMBRE,DO,30,4
2020,52,DICIEMBRE,DO,50,5
2020,52,DICIEMBRE,DO,100,17
2020,52,DICIEMBRE,DO,200,37
2020,52,DICIEMBRE,MX,10,3
2020,52,DICIEMBRE,MX,30,10
2020,52,DICIEMBRE,MX,50,16
2020,52,DICIEMBRE,MX,100,31
2020,52,DICIEMBRE,MX,200,65
2020,52,DICIEMBRE,SP,10,2
2020,52,DICIEMBRE,SP,30,3
2020,52,DICIEMBRE,SP,50,9
2020,52,DICIEMBRE,SP,100,28
2020,52,DICIEMBRE,SP,200,59
2020,52,DICIEMBRE,CL,10,1
2020,52,DICIEMBRE,CL,30,5
2020,52,DICIEMBRE,CL,50,13
2020,52,DICIEMBRE,CL,100,18
2020,52,DICIEMBRE,CL,200,39
2020,52,DICIEMBRE,AR,10,2
2020,52,DICIEMBRE,AR,30,4
2020,52,DICIEMBRE,AR,50,10
2020,52,DICIEMBRE,AR,100,22
2020,52,DICIEMBRE,AR,200,38
2020,52,DICIEMBRE,BR,10,1
2020,52,DICIEMBRE,BR,30,2
2020,52,DICIEMBRE,BR,50,6
2020,52,DICIEMBRE,BR,100,13
2020,52,DICIEMBRE,BR,200,34
2020,52,DICIEMBRE,PT,10,4
2020,52,DICIEMBRE,PT,30,13
2020,52,DICIEMBRE,PT,50,19
2020,52,DICIEMBRE,PT,100,35
2020,52,DICIEMBRE,PT,200,77
2020,53,DICIEMBRE,CO,10,1
2020,53,DICIEMBRE,CO,30,8
2020,53,DICIEMBRE,CO,50,15
2020,53,DICIEMBRE,CO,100,29
2020,53,DICIEMBRE,CO,200,47
2020,53,DICIEMBRE,PE,10,2
2020,53,DICIEMBRE,PE,30,7
2020,53,DICIEMBRE,PE,50,13
2020,53,DICIEMBRE,PE,100,26
2020,53,DICIEMBRE,PE,200,45
2020,53,DICIEMBRE,EC,10,2
2020,53,DICIEMBRE,EC,30,8
2020,53,DICIEMBRE,EC,50,14
2020,53,DICIEMBRE,EC,100,22
2020,53,DICIEMBRE,EC,200,51
2020,53,DICIEMBRE,PN,10,1
2020,53,DICIEMBRE,PN,30,5
2020,53,DICIEMBRE,PN,50,12
2020,53,DICIEMBRE,PN,100,21
2020,53,DICIEMBRE,PN,200,46
2020,53,DICIEMBRE,CR,10,2
2020,53,DICIEMBRE,CR,30,9
2020,53,DICIEMBRE,CR,50,17
2020,53,DICIEMBRE,CR,100,30
2020,53,DICIEMBRE,CR,200,62
2020,53,DICIEMBRE,GT,10,2
2020,53,DICIEMBRE,GT,30,9
2020,53,DICIEMBRE,GT,50,17
2020,53,DICIEMBRE,GT,100,27
2020,53,DICIEMBRE,GT,200,59
2020,53,DICIEMBRE,SV,10,2
2020,53,DICIEMBRE,SV,30,7
2020,53,DICIEMBRE,SV,50,16
2020,53,DICIEMBRE,SV,100,21
2020,53,DICIEMBRE,SV,200,48
2020,53,DICIEMBRE,HN,10,1
2020,53,DICIEMBRE,HN,30,8
2020,53,DICIEMBRE,HN,50,14
2020,53,DICIEMBRE,HN,100,22
2020,53,DICIEMBRE,HN,200,52
2020,53,DICIEMBRE,NI,10,3
2020,53,DICIEMBRE,NI,30,9
2020,53,DICIEMBRE,NI,50,16
2020,53,DICIEMBRE,NI,100,22
2020,53,DICIEMBRE,NI,200,57
2020,53,DICIEMBRE,DO,10,1
2020,53,DICIEMBRE,DO,30,4
2020,53,DICIEMBRE,DO,50,5
2020,53,DICIEMBRE,DO,100,16
2020,53,DICIEMBRE,DO,200,39
2020,53,DICIEMBRE,MX,10,3
2020,53,DICIEMBRE,MX,30,11
2020,53,DICIEMBRE,MX,50,16
2020,53,DICIEMBRE,MX,100,33
2020,53,DICIEMBRE,MX,200,65
2020,53,DICIEMBRE,SP,10,2
2020,53,DICIEMBRE,SP,30,3
2020,53,DICIEMBRE,SP,50,8
2020,53,DICIEMBRE,SP,100,26
2020,53,DICIEMBRE,SP,200,54
2020,53,DICIEMBRE,CL,10,1
2020,53,DICIEMBRE,CL,30,6
2020,53,DICIEMBRE,CL,50,13
2020,53,DICIEMBRE,CL,100,17
2020,53,DICIEMBRE,CL,200,37
2020,53,DICIEMBRE,AR,10,2
2020,53,DICIEMBRE,AR,30,4
2020,53,DICIEMBRE,AR,50,9
2020,53,DICIEMBRE,AR,100,19
2020,53,DICIEMBRE,AR,200,31
2020,53,DICIEMBRE,BR,10,1
2020,53,DICIEMBRE,BR,30,2
2020,53,DICIEMBRE,BR,50,5
2020,53,DICIEMBRE,BR,100,13
2020,53,DICIEMBRE,BR,200,28
2020,53,DICIEMBRE,PT,10,5
2020,53,DICIEMBRE,PT,30,11
2020,53,DICIEMBRE,PT,50,17
2020,53,DICIEMBRE,PT,100,35
2020,53,DICIEMBRE,PT,200,67
2021,1,Enero,CO,10,1
2021,1,Enero,CO,30,9
2021,1,Enero,CO,50,15
2021,1,Enero,CO,100,30
2021,1,Enero,CO,200,52
2021,1,Enero,PE,10,2
2021,1,Enero,PE,30,6
2021,1,Enero,PE,50,13
2021,1,Enero,PE,100,26
2021,1,Enero,PE,200,46
2021,1,Enero,EC,10,2
2021,1,Enero,EC,30,7
2021,1,Enero,EC,50,13
2021,1,Enero,EC,100,21
2021,1,Enero,EC,200,53
2021,1,Enero,PN,10,1
2021,1,Enero,PN,30,5
2021,1,Enero,PN,50,14
2021,1,Enero,PN,100,21
2021,1,Enero,PN,200,46
2021,1,Enero,CR,10,2
2021,1,Enero,CR,30,9
2021,1,Enero,CR,50,17
2021,1,Enero,CR,100,31
2021,1,Enero,CR,200,60
2021,1,Enero,GT,10,2
2021,1,Enero,GT,30,8
2021,1,Enero,GT,50,16
2021,1,Enero,GT,100,26
2021,1,Enero,GT,200,56
2021,1,Enero,SV,10,1
2021,1,Enero,SV,30,7
2021,1,Enero,SV,50,16
2021,1,Enero,SV,100,22
2021,1,Enero,SV,200,51
2021,1,Enero,HN,10,1
2021,1,Enero,HN,30,8
2021,1,Enero,HN,50,15
2021,1,Enero,HN,100,24
2021,1,Enero,HN,200,51
2021,1,Enero,NI,10,3
2021,1,Enero,NI,30,9
2021,1,Enero,NI,50,16
2021,1,Enero,NI,100,23
2021,1,Enero,NI,200,54
2021,1,Enero,DO,10,1
2021,1,Enero,DO,30,3
2021,1,Enero,DO,50,5
2021,1,Enero,DO,100,17
2021,1,Enero,DO,200,40
2021,1,Enero,MX,10,3
2021,1,Enero,MX,30,11
2021,1,Enero,MX,50,17
2021,1,Enero,MX,100,31
2021,1,Enero,MX,200,64
2021,1,Enero,SP,10,2
2021,1,Enero,SP,30,3
2021,1,Enero,SP,50,8
2021,1,Enero,SP,100,26
2021,1,Enero,SP,200,55
2021,1,Enero,CL,10,1
2021,1,Enero,CL,30,6
2021,1,Enero,CL,50,13
2021,1,Enero,CL,100,18
2021,1,Enero,CL,200,37
2021,1,Enero,AR,10,1
2021,1,Enero,AR,30,4
2021,1,Enero,AR,50,9
2021,1,Enero,AR,100,18
2021,1,Enero,AR,200,35
2021,1,Enero,BR,10,1
2021,1,Enero,BR,30,2
2021,1,Enero,BR,50,5
2021,1,Enero,BR,100,12
2021,1,Enero,BR,200,31
2021,1,Enero,PT,10,5
2021,1,Enero,PT,30,11
2021,1,Enero,PT,50,19
2021,1,Enero,PT,100,34
2021,1,Enero,PT,200,63
2021,2,Enero,CO,10,3
2021,2,Enero,CO,30,9
2021,2,Enero,CO,50,17
2021,2,Enero,CO,100,31
2021,2,Enero,CO,200,60
2021,2,Enero,PE,10,2
2021,2,Enero,PE,30,6
2021,2,Enero,PE,50,14
2021,2,Enero,PE,100,25
2021,2,Enero,PE,200,48
2021,2,Enero,EC,10,2
2021,2,Enero,EC,30,7
2021,2,Enero,EC,50,14
2021,2,Enero,EC,100,23
2021,2,Enero,EC,200,53
2021,2,Enero,PN,10,1
2021,2,Enero,PN,30,6
2021,2,Enero,PN,50,15
2021,2,Enero,PN,100,23
2021,2,Enero,PN,200,43
2021,2,Enero,CR,10,2
2021,2,Enero,CR,30,9
2021,2,Enero,CR,50,18
2021,2,Enero,CR,100,30
2021,2,Enero,CR,200,60
2021,2,Enero,GT,10,1
2021,2,Enero,GT,30,8
2021,2,Enero,GT,50,17
2021,2,Enero,GT,100,26
2021,2,Enero,GT,200,54
2021,2,Enero,SV,10,1
2021,2,Enero,SV,30,6
2021,2,Enero,SV,50,16
2021,2,Enero,SV,100,23
2021,2,Enero,SV,200,52
2021,2,Enero,HN,10,1
2021,2,Enero,HN,30,9
2021,2,Enero,HN,50,15
2021,2,Enero,HN,100,25
2021,2,Enero,HN,200,53
2021,2,Enero,NI,10,2
2021,2,Enero,NI,30,8
2021,2,Enero,NI,50,17
2021,2,Enero,NI,100,26
2021,2,Enero,NI,200,53
2021,2,Enero,DO,10,1
2021,2,Enero,DO,30,4
2021,2,Enero,DO,50,7
2021,2,Enero,DO,100,17
2021,2,Enero,DO,200,39
2021,2,Enero,MX,10,2
2021,2,Enero,MX,30,10
2021,2,Enero,MX,50,17
2021,2,Enero,MX,100,31
2021,2,Enero,MX,200,61
2021,2,Enero,SP,10,2
2021,2,Enero,SP,30,4
2021,2,Enero,SP,50,10
2021,2,Enero,SP,100,27
2021,2,Enero,SP,200,55
2021,2,Enero,CL,10,1
2021,2,Enero,CL,30,5
2021,2,Enero,CL,50,12
2021,2,Enero,CL,100,20
2021,2,Enero,CL,200,39
2021,2,Enero,AR,10,1
2021,2,Enero,AR,30,4
2021,2,Enero,AR,50,9
2021,2,Enero,AR,100,18
2021,2,Enero,AR,200,38
2021,2,Enero,BR,10,1
2021,2,Enero,BR,30,1
2021,2,Enero,BR,50,5
2021,2,Enero,BR,100,13
2021,2,Enero,BR,200,34
2021,2,Enero,PT,10,5
2021,2,Enero,PT,30,11
2021,2,Enero,PT,50,21
2021,2,Enero,PT,100,34
2021,2,Enero,PT,200,63
2021,3,Enero,CO,10,2
2021,3,Enero,CO,30,9
2021,3,Enero,CO,50,16
2021,3,Enero,CO,100,30
2021,3,Enero,CO,200,60
2021,3,Enero,PE,10,2
2021,3,Enero,PE,30,6
2021,3,Enero,PE,50,14
2021,3,Enero,PE,100,25
2021,3,Enero,PE,200,49
2021,3,Enero,EC,10,2
2021,3,Enero,EC,30,8
2021,3,Enero,EC,50,14
2021,3,Enero,EC,100,24
2021,3,Enero,EC,200,52
2021,3,Enero,PN,10,2
2021,3,Enero,PN,30,6
2021,3,Enero,PN,50,14
2021,3,Enero,PN,100,25
2021,3,Enero,PN,200,46
2021,3,Enero,CR,10,3
2021,3,Enero,CR,30,8
2021,3,Enero,CR,50,19
2021,3,Enero,CR,100,32
2021,3,Enero,CR,200,61
2021,3,Enero,GT,10,2
2021,3,Enero,GT,30,10
2021,3,Enero,GT,50,18
2021,3,Enero,GT,100,28
2021,3,Enero,GT,200,53
2021,3,Enero,SV,10,1
2021,3,Enero,SV,30,8
2021,3,Enero,SV,50,17
2021,3,Enero,SV,100,23
2021,3,Enero,SV,200,51
2021,3,Enero,HN,10,2
2021,3,Enero,HN,30,8
2021,3,Enero,HN,50,17
2021,3,Enero,HN,100,26
2021,3,Enero,HN,200,54
2021,3,Enero,NI,10,2
2021,3,Enero,NI,30,9
2021,3,Enero,NI,50,18
2021,3,Enero,NI,100,26
2021,3,Enero,NI,200,53
2021,3,Enero,DO,10,1
2021,3,Enero,DO,30,4
2021,3,Enero,DO,50,6
2021,3,Enero,DO,100,19
2021,3,Enero,DO,200,37
2021,3,Enero,MX,10,2
2021,3,Enero,MX,30,11
2021,3,Enero,MX,50,20
2021,3,Enero,MX,100,33
2021,3,Enero,MX,200,64
2021,3,Enero,SP,10,2
2021,3,Enero,SP,30,4
2021,3,Enero,SP,50,6
2021,3,Enero,SP,100,26
2021,3,Enero,SP,200,56
2021,3,Enero,CL,10,1
2021,3,Enero,CL,30,6
2021,3,Enero,CL,50,12
2021,3,Enero,CL,100,20
2021,3,Enero,CL,200,39
2021,3,Enero,AR,10,1
2021,3,Enero,AR,30,4
2021,3,Enero,AR,50,9
2021,3,Enero,AR,100,18
2021,3,Enero,AR,200,38
2021,3,Enero,BR,10,1
2021,3,Enero,BR,30,3
2021,3,Enero,BR,50,6
2021,3,Enero,BR,100,12
2021,3,Enero,BR,200,35
2021,3,Enero,PT,10,3
2021,3,Enero,PT,30,12
2021,3,Enero,PT,50,21
2021,3,Enero,PT,100,37
2021,3,Enero,PT,200,67
2021,4,Enero,CO,10,2
2021,4,Enero,CO,30,8
2021,4,Enero,CO,50,15
2021,4,Enero,CO,100,31
2021,4,Enero,CO,200,56
2021,4,Enero,PE,10,2
2021,4,Enero,PE,30,7
2021,4,Enero,PE,50,12
2021,4,Enero,PE,100,25
2021,4,Enero,PE,200,49
2021,4,Enero,EC,10,2
2021,4,Enero,EC,30,6
2021,4,Enero,EC,50,12
2021,4,Enero,EC,100,25
2021,4,Enero,EC,200,48
2021,4,Enero,PN,10,1
2021,4,Enero,PN,30,6
2021,4,Enero,PN,50,12
2021,4,Enero,PN,100,22
2021,4,Enero,PN,200,47
2021,4,Enero,CR,10,2
2021,4,Enero,CR,30,6
2021,4,Enero,CR,50,18
2021,4,Enero,CR,100,29
2021,4,Enero,CR,200,54
2021,4,Enero,GT,10,2
2021,4,Enero,GT,30,9
2021,4,Enero,GT,50,17
2021,4,Enero,GT,100,27
2021,4,Enero,GT,200,52
2021,4,Enero,SV,10,1
2021,4,Enero,SV,30,8
2021,4,Enero,SV,50,15
2021,4,Enero,SV,100,23
2021,4,Enero,SV,200,49
2021,4,Enero,HN,10,1
2021,4,Enero,HN,30,8
2021,4,Enero,HN,50,15
2021,4,Enero,HN,100,24
2021,4,Enero,HN,200,48
2021,4,Enero,NI,10,1
2021,4,Enero,NI,30,8
2021,4,Enero,NI,50,16
2021,4,Enero,NI,100,24
2021,4,Enero,NI,200,51
2021,4,Enero,DO,10,1
2021,4,Enero,DO,30,2
2021,4,Enero,DO,50,5
2021,4,Enero,DO,100,16
2021,4,Enero,DO,200,32
2021,4,Enero,MX,10,2
2021,4,Enero,MX,30,11
2021,4,Enero,MX,50,20
2021,4,Enero,MX,100,30
2021,4,Enero,MX,200,63
2021,4,Enero,SP,10,1
2021,4,Enero,SP,30,5
2021,4,Enero,SP,50,7
2021,4,Enero,SP,100,22
2021,4,Enero,SP,200,52
2021,4,Enero,CL,10,1
2021,4,Enero,CL,30,5
2021,4,Enero,CL,50,12
2021,4,Enero,CL,100,17
2021,4,Enero,CL,200,36
2021,4,Enero,AR,10,1
2021,4,Enero,AR,30,3
2021,4,Enero,AR,50,9
2021,4,Enero,AR,100,19
2021,4,Enero,AR,200,36
2021,4,Enero,BR,10,1
2021,4,Enero,BR,30,2
2021,4,Enero,BR,50,6
2021,4,Enero,BR,100,11
2021,4,Enero,BR,200,34
2021,4,Enero,PT,10,2
2021,4,Enero,PT,30,14
2021,4,Enero,PT,50,21
2021,4,Enero,PT,100,38
2021,4,Enero,PT,200,68
2021,5,Febrero,CO,10,2
2021,5,Febrero,CO,30,7
2021,5,Febrero,CO,50,16
2021,5,Febrero,CO,100,30
2021,5,Febrero,CO,200,55
2021,5,Febrero,PE,10,2
2021,5,Febrero,PE,30,6
2021,5,Febrero,PE,50,12
2021,5,Febrero,PE,100,25
2021,5,Febrero,PE,200,48
2021,5,Febrero,EC,10,2
2021,5,Febrero,EC,30,7
2021,5,Febrero,EC,50,14
2021,5,Febrero,EC,100,23
2021,5,Febrero,EC,200,51
2021,5,Febrero,PN,10,1
2021,5,Febrero,PN,30,6
2021,5,Febrero,PN,50,14
2021,5,Febrero,PN,100,22
2021,5,Febrero,PN,200,46
2021,5,Febrero,CR,10,2
2021,5,Febrero,CR,30,8
2021,5,Febrero,CR,50,17
2021,5,Febrero,CR,100,28
2021,5,Febrero,CR,200,57
2021,5,Febrero,GT,10,1
2021,5,Febrero,GT,30,9
2021,5,Febrero,GT,50,18
2021,5,Febrero,GT,100,27
2021,5,Febrero,GT,200,52
2021,5,Febrero,SV,10,1
2021,5,Febrero,SV,30,8
2021,5,Febrero,SV,50,15
2021,5,Febrero,SV,100,23
2021,5,Febrero,SV,200,51
2021,5,Febrero,HN,10,1
2021,5,Febrero,HN,30,8
2021,5,Febrero,HN,50,16
2021,5,Febrero,HN,100,23
2021,5,Febrero,HN,200,48
2021,5,Febrero,NI,10,1
2021,5,Febrero,NI,30,9
2021,5,Febrero,NI,50,17
2021,5,Febrero,NI,100,24
2021,5,Febrero,NI,200,51
2021,5,Febrero,DO,10,1
2021,5,Febrero,DO,30,4
2021,5,Febrero,DO,50,7
2021,5,Febrero,DO,100,17
2021,5,Febrero,DO,200,31
2021,5,Febrero,MX,10,2
2021,5,Febrero,MX,30,12
2021,5,Febrero,MX,50,20
2021,5,Febrero,MX,100,30
2021,5,Febrero,MX,200,61
2021,5,Febrero,SP,10,1
2021,5,Febrero,SP,30,5
2021,5,Febrero,SP,50,8
2021,5,Febrero,SP,100,21
2021,5,Febrero,SP,200,50
2021,5,Febrero,CL,10,1
2021,5,Febrero,CL,30,6
2021,5,Febrero,CL,50,11
2021,5,Febrero,CL,100,19
2021,5,Febrero,CL,200,36
2021,5,Febrero,AR,10,1
2021,5,Febrero,AR,30,3
2021,5,Febrero,AR,50,10
2021,5,Febrero,AR,100,19
2021,5,Febrero,AR,200,37
2021,5,Febrero,BR,10,1
2021,5,Febrero,BR,30,2
2021,5,Febrero,BR,50,6
2021,5,Febrero,BR,100,10
2021,5,Febrero,BR,200,36
2021,5,Febrero,PT,10,2
2021,5,Febrero,PT,30,12
2021,5,Febrero,PT,50,19
2021,5,Febrero,PT,100,35
2021,5,Febrero,PT,200,68
2021,6,Febrero,CO,10,2
2021,6,Febrero,CO,30,9
2021,6,Febrero,CO,50,17
2021,6,Febrero,CO,100,30
2021,6,Febrero,CO,200,59
2021,6,Febrero,PE,10,2
2021,6,Febrero,PE,30,5
2021,6,Febrero,PE,50,12
2021,6,Febrero,PE,100,24
2021,6,Febrero,PE,200,49
2021,6,Febrero,EC,10,2
2021,6,Febrero,EC,30,7
2021,6,Febrero,EC,50,14
2021,6,Febrero,EC,100,24
2021,6,Febrero,EC,200,53
2021,6,Febrero,PN,10,1
2021,6,Febrero,PN,30,6
2021,6,Febrero,PN,50,12
2021,6,Febrero,PN,100,22
2021,6,Febrero,PN,200,47
2021,6,Febrero,CR,10,2
2021,6,Febrero,CR,30,8
2021,6,Febrero,CR,50,17
2021,6,Febrero,CR,100,28
2021,6,Febrero,CR,200,58
2021,6,Febrero,GT,10,2
2021,6,Febrero,GT,30,10
2021,6,Febrero,GT,50,18
2021,6,Febrero,GT,100,27
2021,6,Febrero,GT,200,52
2021,6,Febrero,SV,10,1
2021,6,Febrero,SV,30,9
2021,6,Febrero,SV,50,15
2021,6,Febrero,SV,100,22
2021,6,Febrero,SV,200,52
2021,6,Febrero,HN,10,1
2021,6,Febrero,HN,30,9
2021,6,Febrero,HN,50,16
2021,6,Febrero,HN,100,23
2021,6,Febrero,HN,200,48
2021,6,Febrero,NI,10,1
2021,6,Febrero,NI,30,8
2021,6,Febrero,NI,50,18
2021,6,Febrero,NI,100,24
2021,6,Febrero,NI,200,52
2021,6,Febrero,DO,10,1
2021,6,Febrero,DO,30,3
2021,6,Febrero,DO,50,9
2021,6,Febrero,DO,100,17
2021,6,Febrero,DO,200,30
2021,6,Febrero,MX,10,3
2021,6,Febrero,MX,30,12
2021,6,Febrero,MX,50,19
2021,6,Febrero,MX,100,31
2021,6,Febrero,MX,200,64
2021,6,Febrero,SP,10,1
2021,6,Febrero,SP,30,7
2021,6,Febrero,SP,50,8
2021,6,Febrero,SP,100,21
2021,6,Febrero,SP,200,50
2021,6,Febrero,CL,10,1
2021,6,Febrero,CL,30,6
2021,6,Febrero,CL,50,10
2021,6,Febrero,CL,100,19
2021,6,Febrero,CL,200,38
2021,6,Febrero,AR,10,1
2021,6,Febrero,AR,30,3
2021,6,Febrero,AR,50,10
2021,6,Febrero,AR,100,19
2021,6,Febrero,AR,200,36
2021,6,Febrero,BR,10,0
2021,6,Febrero,BR,30,2
2021,6,Febrero,BR,50,5
2021,6,Febrero,BR,100,11
2021,6,Febrero,BR,200,31
2021,6,Febrero,PT,10,4
2021,6,Febrero,PT,30,12
2021,6,Febrero,PT,50,20
2021,6,Febrero,PT,100,38
2021,6,Febrero,PT,200,74
2021,7,Febrero,CO,10,2
2021,7,Febrero,CO,30,10
2021,7,Febrero,CO,50,18
2021,7,Febrero,CO,100,30
2021,7,Febrero,CO,200,62
2021,7,Febrero,PE,10,3
2021,7,Febrero,PE,30,5
2021,7,Febrero,PE,50,14
2021,7,Febrero,PE,100,26
2021,7,Febrero,PE,200,47
2021,7,Febrero,EC,10,2
2021,7,Febrero,EC,30,8
2021,7,Febrero,EC,50,15
2021,7,Febrero,EC,100,26
2021,7,Febrero,EC,200,48
2021,7,Febrero,PN,10,1
2021,7,Febrero,PN,30,7
2021,7,Febrero,PN,50,12
2021,7,Febrero,PN,100,22
2021,7,Febrero,PN,200,46
2021,7,Febrero,CR,10,2
2021,7,Febrero,CR,30,9
2021,7,Febrero,CR,50,17
2021,7,Febrero,CR,100,29
2021,7,Febrero,CR,200,59
2021,7,Febrero,GT,10,2
2021,7,Febrero,GT,30,10
2021,7,Febrero,GT,50,18
2021,7,Febrero,GT,100,26
2021,7,Febrero,GT,200,52
2021,7,Febrero,SV,10,2
2021,7,Febrero,SV,30,9
2021,7,Febrero,SV,50,16
2021,7,Febrero,SV,100,23
2021,7,Febrero,SV,200,52
2021,7,Febrero,HN,10,1
2021,7,Febrero,HN,30,11
2021,7,Febrero,HN,50,17
2021,7,Febrero,HN,100,23
2021,7,Febrero,HN,200,50
2021,7,Febrero,NI,10,2
2021,7,Febrero,NI,30,10
2021,7,Febrero,NI,50,19
2021,7,Febrero,NI,100,25
2021,7,Febrero,NI,200,50
2021,7,Febrero,DO,10,1
2021,7,Febrero,DO,30,5
2021,7,Febrero,DO,50,9
2021,7,Febrero,DO,100,17
2021,7,Febrero,DO,200,30
2021,7,Febrero,MX,10,4
2021,7,Febrero,MX,30,11
2021,7,Febrero,MX,50,19
2021,7,Febrero,MX,100,34
2021,7,Febrero,MX,200,64
2021,7,Febrero,SP,10,1
2021,7,Febrero,SP,30,7
2021,7,Febrero,SP,50,9
2021,7,Febrero,SP,100,20
2021,7,Febrero,SP,200,49
2021,7,Febrero,CL,10,1
2021,7,Febrero,CL,30,5
2021,7,Febrero,CL,50,11
2021,7,Febrero,CL,100,21
2021,7,Febrero,CL,200,40
2021,7,Febrero,AR,10,1
2021,7,Febrero,AR,30,3
2021,7,Febrero,AR,50,9
2021,7,Febrero,AR,100,19
2021,7,Febrero,AR,200,36
2021,7,Febrero,BR,10,0
2021,7,Febrero,BR,30,2
2021,7,Febrero,BR,50,5
2021,7,Febrero,BR,100,11
2021,7,Febrero,BR,200,29
2021,7,Febrero,PT,10,3
2021,7,Febrero,PT,30,10
2021,7,Febrero,PT,50,17
2021,7,Febrero,PT,100,37
2021,7,Febrero,PT,200,70
2021,8,Febrero,CO,10,3
2021,8,Febrero,CO,30,9
2021,8,Febrero,CO,50,18
2021,8,Febrero,CO,100,31
2021,8,Febrero,CO,200,61
2021,8,Febrero,PE,10,2
2021,8,Febrero,PE,30,6
2021,8,Febrero,PE,50,15
2021,8,Febrero,PE,100,26
2021,8,Febrero,PE,200,46
2021,8,Febrero,EC,10,3
2021,8,Febrero,EC,30,8
2021,8,Febrero,EC,50,14
2021,8,Febrero,EC,100,24
2021,8,Febrero,EC,200,51
2021,8,Febrero,PN,10,1
2021,8,Febrero,PN,30,7
2021,8,Febrero,PN,50,13
2021,8,Febrero,PN,100,23
2021,8,Febrero,PN,200,43
2021,8,Febrero,CR,10,2
2021,8,Febrero,CR,30,9
2021,8,Febrero,CR,50,17
2021,8,Febrero,CR,100,29
2021,8,Febrero,CR,200,60
2021,8,Febrero,GT,10,2
2021,8,Febrero,GT,30,11
2021,8,Febrero,GT,50,17
2021,8,Febrero,GT,100,25
2021,8,Febrero,GT,200,54
2021,8,Febrero,SV,10,2
2021,8,Febrero,SV,30,10
2021,8,Febrero,SV,50,17
2021,8,Febrero,SV,100,22
2021,8,Febrero,SV,200,50
2021,8,Febrero,HN,10,2
2021,8,Febrero,HN,30,12
2021,8,Febrero,HN,50,16
2021,8,Febrero,HN,100,23
2021,8,Febrero,HN,200,50
2021,8,Febrero,NI,10,1
2021,8,Febrero,NI,30,11
2021,8,Febrero,NI,50,17
2021,8,Febrero,NI,100,26
2021,8,Febrero,NI,200,50
2021,8,Febrero,DO,10,1
2021,8,Febrero,DO,30,4
2021,8,Febrero,DO,50,10
2021,8,Febrero,DO,100,17
2021,8,Febrero,DO,200,33
2021,8,Febrero,MX,10,4
2021,8,Febrero,MX,30,12
2021,8,Febrero,MX,50,20
2021,8,Febrero,MX,100,30
2021,8,Febrero,MX,200,63
2021,8,Febrero,SP,10,1
2021,8,Febrero,SP,30,6
2021,8,Febrero,SP,50,9
2021,8,Febrero,SP,100,20
2021,8,Febrero,SP,200,48
2021,8,Febrero,CL,10,1
2021,8,Febrero,CL,30,4
2021,8,Febrero,CL,50,10
2021,8,Febrero,CL,100,22
2021,8,Febrero,CL,200,41
2021,8,Febrero,AR,10,1
2021,8,Febrero,AR,30,3
2021,8,Febrero,AR,50,8
2021,8,Febrero,AR,100,19
2021,8,Febrero,AR,200,34
2021,8,Febrero,BR,10,0
2021,8,Febrero,BR,30,3
2021,8,Febrero,BR,50,5
2021,8,Febrero,BR,100,10
2021,8,Febrero,BR,200,32
2021,8,Febrero,PT,10,2
2021,8,Febrero,PT,30,9
2021,8,Febrero,PT,50,17
2021,8,Febrero,PT,100,31
2021,8,Febrero,PT,200,69
2021,9,Marzo,CO,10,3
2021,9,Marzo,CO,30,9
2021,9,Marzo,CO,50,17
2021,9,Marzo,CO,100,28
2021,9,Marzo,CO,200,58
2021,9,Marzo,PE,10,3
2021,9,Marzo,PE,30,6
2021,9,Marzo,PE,50,13
2021,9,Marzo,PE,100,26
2021,9,Marzo,PE,200,46
2021,9,Marzo,EC,10,3
2021,9,Marzo,EC,30,8
2021,9,Marzo,EC,50,13
2021,9,Marzo,EC,100,23
2021,9,Marzo,EC,200,48
2021,9,Marzo,PN,10,1
2021,9,Marzo,PN,30,7
2021,9,Marzo,PN,50,13
2021,9,Marzo,PN,100,21
2021,9,Marzo,PN,200,39
2021,9,Marzo,CR,10,2
2021,9,Marzo,CR,30,8
2021,9,Marzo,CR,50,17
2021,9,Marzo,CR,100,28
2021,9,Marzo,CR,200,57
2021,9,Marzo,GT,10,3
2021,9,Marzo,GT,30,10
2021,9,Marzo,GT,50,17
2021,9,Marzo,GT,100,25
2021,9,Marzo,GT,200,55
2021,9,Marzo,SV,10,3
2021,9,Marzo,SV,30,9
2021,9,Marzo,SV,50,16
2021,9,Marzo,SV,100,22
2021,9,Marzo,SV,200,48
2021,9,Marzo,HN,10,3
2021,9,Marzo,HN,30,11
2021,9,Marzo,HN,50,16
2021,9,Marzo,HN,100,23
2021,9,Marzo,HN,200,50
2021,9,Marzo,NI,10,2
2021,9,Marzo,NI,30,11
2021,9,Marzo,NI,50,17
2021,9,Marzo,NI,100,25
2021,9,Marzo,NI,200,49
2021,9,Marzo,DO,10,1
2021,9,Marzo,DO,30,5
2021,9,Marzo,DO,50,10
2021,9,Marzo,DO,100,17
2021,9,Marzo,DO,200,30
2021,9,Marzo,MX,10,4
2021,9,Marzo,MX,30,11
2021,9,Marzo,MX,50,19
2021,9,Marzo,MX,100,29
2021,9,Marzo,MX,200,62
2021,9,Marzo,SP,10,0
2021,9,Marzo,SP,30,2
2021,9,Marzo,SP,50,7
2021,9,Marzo,SP,100,18
2021,9,Marzo,SP,200,46
2021,9,Marzo,CL,10,1
2021,9,Marzo,CL,30,5
2021,9,Marzo,CL,50,11
2021,9,Marzo,CL,100,20
2021,9,Marzo,CL,200,39
2021,9,Marzo,AR,10,1
2021,9,Marzo,AR,30,3
2021,9,Marzo,AR,50,8
2021,9,Marzo,AR,100,20
2021,9,Marzo,AR,200,32
2021,9,Marzo,BR,10,0
2021,9,Marzo,BR,30,3
2021,9,Marzo,BR,50,5
2021,9,Marzo,BR,100,11
2021,9,Marzo,BR,200,33
2021,9,Marzo,PT,10,2
2021,9,Marzo,PT,30,8
2021,9,Marzo,PT,50,17
2021,9,Marzo,PT,100,29
2021,9,Marzo,PT,200,66
2021,10,Marzo,CO,10,3
2021,10,Marzo,CO,30,8
2021,10,Marzo,CO,50,15
2021,10,Marzo,CO,100,26
2021,10,Marzo,CO,200,57
2021,10,Marzo,PE,10,2
2021,10,Marzo,PE,30,6
2021,10,Marzo,PE,50,12
2021,10,Marzo,PE,100,24
2021,10,Marzo,PE,200,45
2021,10,Marzo,EC,10,2
2021,10,Marzo,EC,30,7
2021,10,Marzo,EC,50,13
2021,10,Marzo,EC,100,24
2021,10,Marzo,EC,200,51
2021,10,Marzo,PN,10,2
2021,10,Marzo,PN,30,6
2021,10,Marzo,PN,50,13
2021,10,Marzo,PN,100,23
2021,10,Marzo,PN,200,41
2021,10,Marzo,CR,10,2
2021,10,Marzo,CR,30,7
2021,10,Marzo,CR,50,17
2021,10,Marzo,CR,100,29
2021,10,Marzo,CR,200,56
2021,10,Marzo,GT,10,3
2021,10,Marzo,GT,30,9
2021,10,Marzo,GT,50,17
2021,10,Marzo,GT,100,26
2021,10,Marzo,GT,200,52
2021,10,Marzo,SV,10,3
2021,10,Marzo,SV,30,8
2021,10,Marzo,SV,50,16
2021,10,Marzo,SV,100,23
2021,10,Marzo,SV,200,46
2021,10,Marzo,HN,10,3
2021,10,Marzo,HN,30,11
2021,10,Marzo,HN,50,16
2021,10,Marzo,HN,100,23
2021,10,Marzo,HN,200,50
2021,10,Marzo,NI,10,2
2021,10,Marzo,NI,30,12
2021,10,Marzo,NI,50,16
2021,10,Marzo,NI,100,24
2021,10,Marzo,NI,200,47
2021,10,Marzo,DO,10,2
2021,10,Marzo,DO,30,5
2021,10,Marzo,DO,50,9
2021,10,Marzo,DO,100,19
2021,10,Marzo,DO,200,32
2021,10,Marzo,MX,10,4
2021,10,Marzo,MX,30,9
2021,10,Marzo,MX,50,19
2021,10,Marzo,MX,100,29
2021,10,Marzo,MX,200,64
2021,10,Marzo,SP,10,0
2021,10,Marzo,SP,30,4
2021,10,Marzo,SP,50,7
2021,10,Marzo,SP,100,18
2021,10,Marzo,SP,200,45
2021,10,Marzo,CL,10,1
2021,10,Marzo,CL,30,5
2021,10,Marzo,CL,50,9
2021,10,Marzo,CL,100,19
2021,10,Marzo,CL,200,38
2021,10,Marzo,AR,10,1
2021,10,Marzo,AR,30,4
2021,10,Marzo,AR,50,6
2021,10,Marzo,AR,100,19
2021,10,Marzo,AR,200,31
2021,10,Marzo,BR,10,0
2021,10,Marzo,BR,30,3
2021,10,Marzo,BR,50,5
2021,10,Marzo,BR,100,12
2021,10,Marzo,BR,200,32
2021,10,Marzo,PT,10,2
2021,10,Marzo,PT,30,9
2021,10,Marzo,PT,50,20
2021,10,Marzo,PT,100,33
2021,10,Marzo,PT,200,69
2021,11,Marzo,CO,10,3
2021,11,Marzo,CO,30,9
2021,11,Marzo,CO,50,15
2021,11,Marzo,CO,100,28
2021,11,Marzo,CO,200,62
2021,11,Marzo,PE,10,2
2021,11,Marzo,PE,30,7
2021,11,Marzo,PE,50,11
2021,11,Marzo,PE,100,28
2021,11,Marzo,PE,200,46
2021,11,Marzo,EC,10,2
2021,11,Marzo,EC,30,8
2021,11,Marzo,EC,50,14
2021,11,Marzo,EC,100,25
2021,11,Marzo,EC,200,52
2021,11,Marzo,PN,10,2
2021,11,Marzo,PN,30,7
2021,11,Marzo,PN,50,14
2021,11,Marzo,PN,100,22
2021,11,Marzo,PN,200,44
2021,11,Marzo,CR,10,2
2021,11,Marzo,CR,30,8
2021,11,Marzo,CR,50,18
2021,11,Marzo,CR,100,31
2021,11,Marzo,CR,200,58
2021,11,Marzo,GT,10,3
2021,11,Marzo,GT,30,9
2021,11,Marzo,GT,50,18
2021,11,Marzo,GT,100,30
2021,11,Marzo,GT,200,54
2021,11,Marzo,SV,10,3
2021,11,Marzo,SV,30,9
2021,11,Marzo,SV,50,17
2021,11,Marzo,SV,100,26
2021,11,Marzo,SV,200,47
2021,11,Marzo,HN,10,2
2021,11,Marzo,HN,30,12
2021,11,Marzo,HN,50,17
2021,11,Marzo,HN,100,26
2021,11,Marzo,HN,200,52
2021,11,Marzo,NI,10,2
2021,11,Marzo,NI,30,13
2021,11,Marzo,NI,50,17
2021,11,Marzo,NI,100,24
2021,11,Marzo,NI,200,55
2021,11,Marzo,DO,10,1
2021,11,Marzo,DO,30,6
2021,11,Marzo,DO,50,10
2021,11,Marzo,DO,100,19
2021,11,Marzo,DO,200,33
2021,11,Marzo,MX,10,4
2021,11,Marzo,MX,30,10
2021,11,Marzo,MX,50,19
2021,11,Marzo,MX,100,32
2021,11,Marzo,MX,200,60
2021,11,Marzo,SP,10,0
2021,11,Marzo,SP,30,3
2021,11,Marzo,SP,50,9
2021,11,Marzo,SP,100,18
2021,11,Marzo,SP,200,47
2021,11,Marzo,CL,10,1
2021,11,Marzo,CL,30,7
2021,11,Marzo,CL,50,10
2021,11,Marzo,CL,100,22
2021,11,Marzo,CL,200,44
2021,11,Marzo,AR,10,1
2021,11,Marzo,AR,30,4
2021,11,Marzo,AR,50,5
2021,11,Marzo,AR,100,21
2021,11,Marzo,AR,200,37
2021,11,Marzo,BR,10,0
2021,11,Marzo,BR,30,3
2021,11,Marzo,BR,50,5
2021,11,Marzo,BR,100,12
2021,11,Marzo,BR,200,26
2021,11,Marzo,PT,10,3
2021,11,Marzo,PT,30,8
2021,11,Marzo,PT,50,16
2021,11,Marzo,PT,100,30
2021,11,Marzo,PT,200,70
2021,12,Marzo,CO,10,3
2021,12,Marzo,CO,30,9
2021,12,Marzo,CO,50,16
2021,12,Marzo,CO,100,32
2021,12,Marzo,CO,200,63
2021,12,Marzo,PE,10,2
2021,12,Marzo,PE,30,7
2021,12,Marzo,PE,50,11
2021,12,Marzo,PE,100,27
2021,12,Marzo,PE,200,48
2021,12,Marzo,EC,10,2
2021,12,Marzo,EC,30,8
2021,12,Marzo,EC,50,14
2021,12,Marzo,EC,100,26
2021,12,Marzo,EC,200,55
2021,12,Marzo,PN,10,2
2021,12,Marzo,PN,30,7
2021,12,Marzo,PN,50,14
2021,12,Marzo,PN,100,23
2021,12,Marzo,PN,200,49
2021,12,Marzo,CR,10,2
2021,12,Marzo,CR,30,9
2021,12,Marzo,CR,50,19
2021,12,Marzo,CR,100,34
2021,12,Marzo,CR,200,62
2021,12,Marzo,GT,10,2
2021,12,Marzo,GT,30,10
2021,12,Marzo,GT,50,20
2021,12,Marzo,GT,100,31
2021,12,Marzo,GT,200,55
2021,12,Marzo,SV,10,3
2021,12,Marzo,SV,30,10
2021,12,Marzo,SV,50,19
2021,12,Marzo,SV,100,27
2021,12,Marzo,SV,200,47
2021,12,Marzo,HN,10,2
2021,12,Marzo,HN,30,12
2021,12,Marzo,HN,50,18
2021,12,Marzo,HN,100,28
2021,12,Marzo,HN,200,56
2021,12,Marzo,NI,10,2
2021,12,Marzo,NI,30,12
2021,12,Marzo,NI,50,18
2021,12,Marzo,NI,100,26
2021,12,Marzo,NI,200,52
2021,12,Marzo,DO,10,1
2021,12,Marzo,DO,30,7
2021,12,Marzo,DO,50,9
2021,12,Marzo,DO,100,21
2021,12,Marzo,DO,200,35
2021,12,Marzo,MX,10,4
2021,12,Marzo,MX,30,9
2021,12,Marzo,MX,50,19
2021,12,Marzo,MX,100,34
2021,12,Marzo,MX,200,63
2021,12,Marzo,SP,10,0
2021,12,Marzo,SP,30,5
2021,12,Marzo,SP,50,12
2021,12,Marzo,SP,100,23
2021,12,Marzo,SP,200,51
2021,12,Marzo,CL,10,1
2021,12,Marzo,CL,30,6
2021,12,Marzo,CL,50,11
2021,12,Marzo,CL,100,23
2021,12,Marzo,CL,200,41
2021,12,Marzo,AR,10,1
2021,12,Marzo,AR,30,4
2021,12,Marzo,AR,50,5
2021,12,Marzo,AR,100,22
2021,12,Marzo,AR,200,40
2021,12,Marzo,BR,10,0
2021,12,Marzo,BR,30,2
2021,12,Marzo,BR,50,5
2021,12,Marzo,BR,100,13
2021,12,Marzo,BR,200,27
2021,12,Marzo,PT,10,4
2021,12,Marzo,PT,30,8
2021,12,Marzo,PT,50,17
2021,12,Marzo,PT,100,34
2021,12,Marzo,PT,200,77
2021,13,Marzo,CO,10,3
2021,13,Marzo,CO,30,12
2021,13,Marzo,CO,50,17
2021,13,Marzo,CO,100,35
2021,13,Marzo,CO,200,68
2021,13,Marzo,PE,10,2
2021,13,Marzo,PE,30,9
2021,13,Marzo,PE,50,12
2021,13,Marzo,PE,100,29
2021,13,Marzo,PE,200,49
2021,13,Marzo,EC,10,2
2021,13,Marzo,EC,30,10
2021,13,Marzo,EC,50,16
2021,13,Marzo,EC,100,28
2021,13,Marzo,EC,200,55
2021,13,Marzo,PN,10,3
2021,13,Marzo,PN,30,9
2021,13,Marzo,PN,50,16
2021,13,Marzo,PN,100,27
2021,13,Marzo,PN,200,51
2021,13,Marzo,CR,10,2
2021,13,Marzo,CR,30,10
2021,13,Marzo,CR,50,19
2021,13,Marzo,CR,100,34
2021,13,Marzo,CR,200,65
2021,13,Marzo,GT,10,3
2021,13,Marzo,GT,30,11
2021,13,Marzo,GT,50,21
2021,13,Marzo,GT,100,32
2021,13,Marzo,GT,200,57
2021,13,Marzo,SV,10,3
2021,13,Marzo,SV,30,10
2021,13,Marzo,SV,50,20
2021,13,Marzo,SV,100,28
2021,13,Marzo,SV,200,51
2021,13,Marzo,HN,10,2
2021,13,Marzo,HN,30,12
2021,13,Marzo,HN,50,19
2021,13,Marzo,HN,100,28
2021,13,Marzo,HN,200,53
2021,13,Marzo,NI,10,2
2021,13,Marzo,NI,30,12
2021,13,Marzo,NI,50,20
2021,13,Marzo,NI,100,27
2021,13,Marzo,NI,200,51
2021,13,Marzo,DO,10,1
2021,13,Marzo,DO,30,7
2021,13,Marzo,DO,50,11
2021,13,Marzo,DO,100,22
2021,13,Marzo,DO,200,35
2021,13,Marzo,MX,10,4
2021,13,Marzo,MX,30,10
2021,13,Marzo,MX,50,18
2021,13,Marzo,MX,100,35
2021,13,Marzo,MX,200,64
2021,13,Marzo,SP,10,0
2021,13,Marzo,SP,30,5
2021,13,Marzo,SP,50,11
2021,13,Marzo,SP,100,21
2021,13,Marzo,SP,200,46
2021,13,Marzo,CL,10,0
2021,13,Marzo,CL,30,7
2021,13,Marzo,CL,50,14
2021,13,Marzo,CL,100,27
2021,13,Marzo,CL,200,44
2021,13,Marzo,AR,10,1
2021,13,Marzo,AR,30,5
2021,13,Marzo,AR,50,7
2021,13,Marzo,AR,100,21
2021,13,Marzo,AR,200,40
2021,13,Marzo,BR,10,0
2021,13,Marzo,BR,30,2
2021,13,Marzo,BR,50,5
2021,13,Marzo,BR,100,12
2021,13,Marzo,BR,200,25
2021,13,Marzo,PT,10,2
2021,13,Marzo,PT,30,8
2021,13,Marzo,PT,50,16
2021,13,Marzo,PT,100,31
2021,13,Marzo,PT,200,68
2021,14,ABRIL,CO,10,4
2021,14,ABRIL,CO,30,12
2021,14,ABRIL,CO,50,16
2021,14,ABRIL,CO,100,32
2021,14,ABRIL,CO,200,68
2021,14,ABRIL,PE,10,1
2021,14,ABRIL,PE,30,9
2021,14,ABRIL,PE,50,11
2021,14,ABRIL,PE,100,31
2021,14,ABRIL,PE,200,49
2021,14,ABRIL,EC,10,2
2021,14,ABRIL,EC,30,10
2021,14,ABRIL,EC,50,15
2021,14,ABRIL,EC,100,29
2021,14,ABRIL,EC,200,57
2021,14,ABRIL,PN,10,3
2021,14,ABRIL,PN,30,7
2021,14,ABRIL,PN,50,15
2021,14,ABRIL,PN,100,27
2021,14,ABRIL,PN,200,51
2021,14,ABRIL,CR,10,2
2021,14,ABRIL,CR,30,11
2021,14,ABRIL,CR,50,18
2021,14,ABRIL,CR,100,35
2021,14,ABRIL,CR,200,60
2021,14,ABRIL,GT,10,2
2021,14,ABRIL,GT,30,10
2021,14,ABRIL,GT,50,19
2021,14,ABRIL,GT,100,33
2021,14,ABRIL,GT,200,57
2021,14,ABRIL,SV,10,3
2021,14,ABRIL,SV,30,9
2021,14,ABRIL,SV,50,19
2021,14,ABRIL,SV,100,29
2021,14,ABRIL,SV,200,50
2021,14,ABRIL,HN,10,2
2021,14,ABRIL,HN,30,11
2021,14,ABRIL,HN,50,18
2021,14,ABRIL,HN,100,30
2021,14,ABRIL,HN,200,56
2021,14,ABRIL,NI,10,2
2021,14,ABRIL,NI,30,12
2021,14,ABRIL,NI,50,20
2021,14,ABRIL,NI,100,25
2021,14,ABRIL,NI,200,54
2021,14,ABRIL,DO,10,1
2021,14,ABRIL,DO,30,5
2021,14,ABRIL,DO,50,10
2021,14,ABRIL,DO,100,22
2021,14,ABRIL,DO,200,35
2021,14,ABRIL,MX,10,4
2021,14,ABRIL,MX,30,10
2021,14,ABRIL,MX,50,17
2021,14,ABRIL,MX,100,34
2021,14,ABRIL,MX,200,61
2021,14,ABRIL,SP,10,0
2021,14,ABRIL,SP,30,5
2021,14,ABRIL,SP,50,9
2021,14,ABRIL,SP,100,24
2021,14,ABRIL,SP,200,47
2021,14,ABRIL,CL,10,0
2021,14,ABRIL,CL,30,7
2021,14,ABRIL,CL,50,15
2021,14,ABRIL,CL,100,27
2021,14,ABRIL,CL,200,47
2021,14,ABRIL,AR,10,2
2021,14,ABRIL,AR,30,6
2021,14,ABRIL,AR,50,8
2021,14,ABRIL,AR,100,22
2021,14,ABRIL,AR,200,41
2021,14,ABRIL,BR,10,0
2021,14,ABRIL,BR,30,2
2021,14,ABRIL,BR,50,4
2021,14,ABRIL,BR,100,12
2021,14,ABRIL,BR,200,26
2021,14,ABRIL,PT,10,2
2021,14,ABRIL,PT,30,9
2021,14,ABRIL,PT,50,17
2021,14,ABRIL,PT,100,30
2021,14,ABRIL,PT,200,70
2021,15,ABRIL,CO,10,5
2021,15,ABRIL,CO,30,12
2021,15,ABRIL,CO,50,16
2021,15,ABRIL,CO,100,32
2021,15,ABRIL,CO,200,67
2021,15,ABRIL,PE,10,1
2021,15,ABRIL,PE,30,9
2021,15,ABRIL,PE,50,11
2021,15,ABRIL,PE,100,31
2021,15,ABRIL,PE,200,51
2021,15,ABRIL,EC,10,3
2021,15,ABRIL,EC,30,8
2021,15,ABRIL,EC,50,16
2021,15,ABRIL,EC,100,28
2021,15,ABRIL,EC,200,56
2021,15,ABRIL,PN,10,2
2021,15,ABRIL,PN,30,7
2021,15,ABRIL,PN,50,15
2021,15,ABRIL,PN,100,26
2021,15,ABRIL,PN,200,46
2021,15,ABRIL,CR,10,2
2021,15,ABRIL,CR,30,11
2021,15,ABRIL,CR,50,16
2021,15,ABRIL,CR,100,37
2021,15,ABRIL,CR,200,58
2021,15,ABRIL,GT,10,3
2021,15,ABRIL,GT,30,10
2021,15,ABRIL,GT,50,19
2021,15,ABRIL,GT,100,32
2021,15,ABRIL,GT,200,56
2021,15,ABRIL,SV,10,3
2021,15,ABRIL,SV,30,9
2021,15,ABRIL,SV,50,17
2021,15,ABRIL,SV,100,28
2021,15,ABRIL,SV,200,55
2021,15,ABRIL,HN,10,2
2021,15,ABRIL,HN,30,10
2021,15,ABRIL,HN,50,17
2021,15,ABRIL,HN,100,28
2021,15,ABRIL,HN,200,55
2021,15,ABRIL,NI,10,2
2021,15,ABRIL,NI,30,12
2021,15,ABRIL,NI,50,19
2021,15,ABRIL,NI,100,25
2021,15,ABRIL,NI,200,55
2021,15,ABRIL,DO,10,1
2021,15,ABRIL,DO,30,5
2021,15,ABRIL,DO,50,10
2021,15,ABRIL,DO,100,22
2021,15,ABRIL,DO,200,35
2021,15,ABRIL,MX,10,4
2021,15,ABRIL,MX,30,10
2021,15,ABRIL,MX,50,16
2021,15,ABRIL,MX,100,34
2021,15,ABRIL,MX,200,57
2021,15,ABRIL,SP,10,0
2021,15,ABRIL,SP,30,5
2021,15,ABRIL,SP,50,9
2021,15,ABRIL,SP,100,23
2021,15,ABRIL,SP,200,50
2021,15,ABRIL,CL,10,0
2021,15,ABRIL,CL,30,7
2021,15,ABRIL,CL,50,14
2021,15,ABRIL,CL,100,31
2021,15,ABRIL,CL,200,44
2021,15,ABRIL,AR,10,2
2021,15,ABRIL,AR,30,5
2021,15,ABRIL,AR,50,10
2021,15,ABRIL,AR,100,22
2021,15,ABRIL,AR,200,42
2021,15,ABRIL,BR,10,0
2021,15,ABRIL,BR,30,2
2021,15,ABRIL,BR,50,4
2021,15,ABRIL,BR,100,10
2021,15,ABRIL,BR,200,25
2021,15,ABRIL,PT,10,3
2021,15,ABRIL,PT,30,7
2021,15,ABRIL,PT,50,14
2021,15,ABRIL,PT,100,28
2021,15,ABRIL,PT,200,70
2021,16,ABRIL,CO,10,4
2021,16,ABRIL,CO,30,11
2021,16,ABRIL,CO,50,17
2021,16,ABRIL,CO,100,32
2021,16,ABRIL,CO,200,60
2021,16,ABRIL,PE,10,3
2021,16,ABRIL,PE,30,9
2021,16,ABRIL,PE,50,12
2021,16,ABRIL,PE,100,32
2021,16,ABRIL,PE,200,51
2021,16,ABRIL,EC,10,3
2021,16,ABRIL,EC,30,9
2021,16,ABRIL,EC,50,17
2021,16,ABRIL,EC,100,28
2021,16,ABRIL,EC,200,54
2021,16,ABRIL,PN,10,1
2021,16,ABRIL,PN,30,3
2021,16,ABRIL,PN,50,9
2021,16,ABRIL,PN,100,26
2021,16,ABRIL,PN,200,43
2021,16,ABRIL,CR,10,2
2021,16,ABRIL,CR,30,10
2021,16,ABRIL,CR,50,16
2021,16,ABRIL,CR,100,36
2021,16,ABRIL,CR,200,55
2021,16,ABRIL,GT,10,2
2021,16,ABRIL,GT,30,11
2021,16,ABRIL,GT,50,20
2021,16,ABRIL,GT,100,33
2021,16,ABRIL,GT,200,56
2021,16,ABRIL,SV,10,3
2021,16,ABRIL,SV,30,11
2021,16,ABRIL,SV,50,18
2021,16,ABRIL,SV,100,28
2021,16,ABRIL,SV,200,53
2021,16,ABRIL,HN,10,3
2021,16,ABRIL,HN,30,10
2021,16,ABRIL,HN,50,18
2021,16,ABRIL,HN,100,29
2021,16,ABRIL,HN,200,52
2021,16,ABRIL,NI,10,2
2021,16,ABRIL,NI,30,12
2021,16,ABRIL,NI,50,18
2021,16,ABRIL,NI,100,27
2021,16,ABRIL,NI,200,53
2021,16,ABRIL,DO,10,2
2021,16,ABRIL,DO,30,5
2021,16,ABRIL,DO,50,11
2021,16,ABRIL,DO,100,21
2021,16,ABRIL,DO,200,37
2021,16,ABRIL,MX,10,4
2021,16,ABRIL,MX,30,9
2021,16,ABRIL,MX,50,15
2021,16,ABRIL,MX,100,32
2021,16,ABRIL,MX,200,58
2021,16,ABRIL,SP,10,1
2021,16,ABRIL,SP,30,5
2021,16,ABRIL,SP,50,8
2021,16,ABRIL,SP,100,21
2021,16,ABRIL,SP,200,47
2021,16,ABRIL,CL,10,1
2021,16,ABRIL,CL,30,6
2021,16,ABRIL,CL,50,14
2021,16,ABRIL,CL,100,29
2021,16,ABRIL,CL,200,43
2021,16,ABRIL,AR,10,2
2021,16,ABRIL,AR,30,6
2021,16,ABRIL,AR,50,11
2021,16,ABRIL,AR,100,22
2021,16,ABRIL,AR,200,41
2021,16,ABRIL,BR,10,0
2021,16,ABRIL,BR,30,2
2021,16,ABRIL,BR,50,4
2021,16,ABRIL,BR,100,10
2021,16,ABRIL,BR,200,25
2021,16,ABRIL,PT,10,2
2021,16,ABRIL,PT,30,6
2021,16,ABRIL,PT,50,13
2021,16,ABRIL,PT,100,27
2021,16,ABRIL,PT,200,65
2021,17,ABRIL,CO,10,3
2021,17,ABRIL,CO,30,12
2021,17,ABRIL,CO,50,19
2021,17,ABRIL,CO,100,34
2021,17,ABRIL,CO,200,61
2021,17,ABRIL,PE,10,3
2021,17,ABRIL,PE,30,10
2021,17,ABRIL,PE,50,13
2021,17,ABRIL,PE,100,32
2021,17,ABRIL,PE,200,51
2021,17,ABRIL,EC,10,3
2021,17,ABRIL,EC,30,9
2021,17,ABRIL,EC,50,18
2021,17,ABRIL,EC,100,31
2021,17,ABRIL,EC,200,55
2021,17,ABRIL,PN,10,2
2021,17,ABRIL,PN,30,7
2021,17,ABRIL,PN,50,11
2021,17,ABRIL,PN,100,25
2021,17,ABRIL,PN,200,41
2021,17,ABRIL,CR,10,3
2021,17,ABRIL,CR,30,10
2021,17,ABRIL,CR,50,18
2021,17,ABRIL,CR,100,35
2021,17,ABRIL,CR,200,58
2021,17,ABRIL,GT,10,4
2021,17,ABRIL,GT,30,12
2021,17,ABRIL,GT,50,23
2021,17,ABRIL,GT,100,35
2021,17,ABRIL,GT,200,62
2021,17,ABRIL,SV,10,3
2021,17,ABRIL,SV,30,11
2021,17,ABRIL,SV,50,20
2021,17,ABRIL,SV,100,30
2021,17,ABRIL,SV,200,54
2021,17,ABRIL,HN,10,4
2021,17,ABRIL,HN,30,10
2021,17,ABRIL,HN,50,18
2021,17,ABRIL,HN,100,31
2021,17,ABRIL,HN,200,56
2021,17,ABRIL,NI,10,4
2021,17,ABRIL,NI,30,11
2021,17,ABRIL,NI,50,18
2021,17,ABRIL,NI,100,30
2021,17,ABRIL,NI,200,54
2021,17,ABRIL,DO,10,2
2021,17,ABRIL,DO,30,5
2021,17,ABRIL,DO,50,9
2021,17,ABRIL,DO,100,20
2021,17,ABRIL,DO,200,36
2021,17,ABRIL,MX,10,4
2021,17,ABRIL,MX,30,10
2021,17,ABRIL,MX,50,19
2021,17,ABRIL,MX,100,32
2021,17,ABRIL,MX,200,58
2021,17,ABRIL,SP,10,2
2021,17,ABRIL,SP,30,4
2021,17,ABRIL,SP,50,7
2021,17,ABRIL,SP,100,18
2021,17,ABRIL,SP,200,42
2021,17,ABRIL,CL,10,2
2021,17,ABRIL,CL,30,7
2021,17,ABRIL,CL,50,15
2021,17,ABRIL,CL,100,28
2021,17,ABRIL,CL,200,44
2021,17,ABRIL,AR,10,2
2021,17,ABRIL,AR,30,7
2021,17,ABRIL,AR,50,11
2021,17,ABRIL,AR,100,18
2021,17,ABRIL,AR,200,38
2021,17,ABRIL,BR,10,0
2021,17,ABRIL,BR,30,2
2021,17,ABRIL,BR,50,4
2021,17,ABRIL,BR,100,10
2021,17,ABRIL,BR,200,23
2021,17,ABRIL,PT,10,2
2021,17,ABRIL,PT,30,7
2021,17,ABRIL,PT,50,11
2021,17,ABRIL,PT,100,26
2021,17,ABRIL,PT,200,62
2021,18,MAYO,CO,10,3
2021,18,MAYO,CO,30,13
2021,18,MAYO,CO,50,18
2021,18,MAYO,CO,100,32
2021,18,MAYO,CO,200,61
2021,18,MAYO,PE,10,3
2021,18,MAYO,PE,30,10
2021,18,MAYO,PE,50,12
2021,18,MAYO,PE,100,28
2021,18,MAYO,PE,200,51
2021,18,MAYO,EC,10,3
2021,18,MAYO,EC,30,8
2021,18,MAYO,EC,50,16
2021,18,MAYO,EC,100,29
2021,18,MAYO,EC,200,53
2021,18,MAYO,PN,10,2
2021,18,MAYO,PN,30,6
2021,18,MAYO,PN,50,12
2021,18,MAYO,PN,100,27
2021,18,MAYO,PN,200,44
2021,18,MAYO,CR,10,3
2021,18,MAYO,CR,30,10
2021,18,MAYO,CR,50,18
2021,18,MAYO,CR,100,34
2021,18,MAYO,CR,200,57
2021,18,MAYO,GT,10,3
2021,18,MAYO,GT,30,11
2021,18,MAYO,GT,50,20
2021,18,MAYO,GT,100,31
2021,18,MAYO,GT,200,57
2021,18,MAYO,SV,10,3
2021,18,MAYO,SV,30,11
2021,18,MAYO,SV,50,18
2021,18,MAYO,SV,100,29
2021,18,MAYO,SV,200,54
2021,18,MAYO,HN,10,4
2021,18,MAYO,HN,30,11
2021,18,MAYO,HN,50,17
2021,18,MAYO,HN,100,28
2021,18,MAYO,HN,200,56
2021,18,MAYO,NI,10,4
2021,18,MAYO,NI,30,12
2021,18,MAYO,NI,50,17
2021,18,MAYO,NI,100,29
2021,18,MAYO,NI,200,52
2021,18,MAYO,DO,10,3
2021,18,MAYO,DO,30,5
2021,18,MAYO,DO,50,9
2021,18,MAYO,DO,100,22
2021,18,MAYO,DO,200,38
2021,18,MAYO,MX,10,4
2021,18,MAYO,MX,30,10
2021,18,MAYO,MX,50,16
2021,18,MAYO,MX,100,32
2021,18,MAYO,MX,200,55
2021,18,MAYO,SP,10,2
2021,18,MAYO,SP,30,3
2021,18,MAYO,SP,50,7
2021,18,MAYO,SP,100,17
2021,18,MAYO,SP,200,45
2021,18,MAYO,CL,10,2
2021,18,MAYO,CL,30,6
2021,18,MAYO,CL,50,15
2021,18,MAYO,CL,100,25
2021,18,MAYO,CL,200,42
2021,18,MAYO,AR,10,2
2021,18,MAYO,AR,30,6
2021,18,MAYO,AR,50,10
2021,18,MAYO,AR,100,20
2021,18,MAYO,AR,200,40
2021,18,MAYO,BR,10,0
2021,18,MAYO,BR,30,2
2021,18,MAYO,BR,50,4
2021,18,MAYO,BR,100,10
2021,18,MAYO,BR,200,25
2021,18,MAYO,PT,10,3
2021,18,MAYO,PT,30,6
2021,18,MAYO,PT,50,11
2021,18,MAYO,PT,100,27
2021,18,MAYO,PT,200,60
2021,19,MAYO,CO,10,3
2021,19,MAYO,CO,30,11
2021,19,MAYO,CO,50,19
2021,19,MAYO,CO,100,34
2021,19,MAYO,CO,200,64
2021,19,MAYO,PE,10,3
2021,19,MAYO,PE,30,9
2021,19,MAYO,PE,50,12
2021,19,MAYO,PE,100,26
2021,19,MAYO,PE,200,50
2021,19,MAYO,EC,10,4
2021,19,MAYO,EC,30,8
2021,19,MAYO,EC,50,15
2021,19,MAYO,EC,100,29
2021,19,MAYO,EC,200,53
2021,19,MAYO,PN,10,2
2021,19,MAYO,PN,30,5
2021,19,MAYO,PN,50,13
2021,19,MAYO,PN,100,28
2021,19,MAYO,PN,200,40
2021,19,MAYO,CR,10,3
2021,19,MAYO,CR,30,10
2021,19,MAYO,CR,50,15
2021,19,MAYO,CR,100,34
2021,19,MAYO,CR,200,58
2021,19,MAYO,GT,10,3
2021,19,MAYO,GT,30,10
2021,19,MAYO,GT,50,18
2021,19,MAYO,GT,100,31
2021,19,MAYO,GT,200,56
2021,19,MAYO,SV,10,3
2021,19,MAYO,SV,30,11
2021,19,MAYO,SV,50,17
2021,19,MAYO,SV,100,28
2021,19,MAYO,SV,200,53
2021,19,MAYO,HN,10,4
2021,19,MAYO,HN,30,10
2021,19,MAYO,HN,50,17
2021,19,MAYO,HN,100,29
2021,19,MAYO,HN,200,56
2021,19,MAYO,NI,10,4
2021,19,MAYO,NI,30,11
2021,19,MAYO,NI,50,15
2021,19,MAYO,NI,100,29
2021,19,MAYO,NI,200,51
2021,19,MAYO,DO,10,2
2021,19,MAYO,DO,30,4
2021,19,MAYO,DO,50,8
2021,19,MAYO,DO,100,23
2021,19,MAYO,DO,200,39
2021,19,MAYO,MX,10,5
2021,19,MAYO,MX,30,10
2021,19,MAYO,MX,50,15
2021,19,MAYO,MX,100,32
2021,19,MAYO,MX,200,53
2021,19,MAYO,SP,10,2
2021,19,MAYO,SP,30,2
2021,19,MAYO,SP,50,6
2021,19,MAYO,SP,100,16
2021,19,MAYO,SP,200,46
2021,19,MAYO,CL,10,3
2021,19,MAYO,CL,30,5
2021,19,MAYO,CL,50,13
2021,19,MAYO,CL,100,25
2021,19,MAYO,CL,200,42
2021,19,MAYO,AR,10,2
2021,19,MAYO,AR,30,6
2021,19,MAYO,AR,50,10
2021,19,MAYO,AR,100,21
2021,19,MAYO,AR,200,42
2021,19,MAYO,BR,10,0
2021,19,MAYO,BR,30,2
2021,19,MAYO,BR,50,4
2021,19,MAYO,BR,100,11
2021,19,MAYO,BR,200,26
2021,19,MAYO,PT,10,2
2021,19,MAYO,PT,30,5
2021,19,MAYO,PT,50,12
2021,19,MAYO,PT,100,28
2021,19,MAYO,PT,200,61
2021,20,MAYO,CO,10,3
2021,20,MAYO,CO,30,10
2021,20,MAYO,CO,50,17
2021,20,MAYO,CO,100,33
2021,20,MAYO,CO,200,61
2021,20,MAYO,PE,10,3
2021,20,MAYO,PE,30,8
2021,20,MAYO,PE,50,12
2021,20,MAYO,PE,100,28
2021,20,MAYO,PE,200,51
2021,20,MAYO,EC,10,3
2021,20,MAYO,EC,30,8
2021,20,MAYO,EC,50,14
2021,20,MAYO,EC,100,27
2021,20,MAYO,EC,200,50
2021,20,MAYO,PN,10,2
2021,20,MAYO,PN,30,4
2021,20,MAYO,PN,50,13
2021,20,MAYO,PN,100,29
2021,20,MAYO,PN,200,44
2021,20,MAYO,CR,10,3
2021,20,MAYO,CR,30,9
2021,20,MAYO,CR,50,17
2021,20,MAYO,CR,100,33
2021,20,MAYO,CR,200,59
2021,20,MAYO,GT,10,3
2021,20,MAYO,GT,30,11
2021,20,MAYO,GT,50,17
2021,20,MAYO,GT,100,30
2021,20,MAYO,GT,200,54
2021,20,MAYO,SV,10,3
2021,20,MAYO,SV,30,9
2021,20,MAYO,SV,50,17
2021,20,MAYO,SV,100,29
2021,20,MAYO,SV,200,52
2021,20,MAYO,HN,10,3
2021,20,MAYO,HN,30,10
2021,20,MAYO,HN,50,16
2021,20,MAYO,HN,100,28
2021,20,MAYO,HN,200,55
2021,20,MAYO,NI,10,3
2021,20,MAYO,NI,30,10
2021,20,MAYO,NI,50,16
2021,20,MAYO,NI,100,29
2021,20,MAYO,NI,200,48
2021,20,MAYO,DO,10,2
2021,20,MAYO,DO,30,4
2021,20,MAYO,DO,50,8
2021,20,MAYO,DO,100,22
2021,20,MAYO,DO,200,43
2021,20,MAYO,MX,10,4
2021,20,MAYO,MX,30,10
2021,20,MAYO,MX,50,14
2021,20,MAYO,MX,100,32
2021,20,MAYO,MX,200,54
2021,20,MAYO,SP,10,2
2021,20,MAYO,SP,30,2
2021,20,MAYO,SP,50,7
2021,20,MAYO,SP,100,16
2021,20,MAYO,SP,200,46
2021,20,MAYO,CL,10,2
2021,20,MAYO,CL,30,4
2021,20,MAYO,CL,50,12
2021,20,MAYO,CL,100,28
2021,20,MAYO,CL,200,43
2021,20,MAYO,AR,10,3
2021,20,MAYO,AR,30,7
2021,20,MAYO,AR,50,10
2021,20,MAYO,AR,100,22
2021,20,MAYO,AR,200,41
2021,20,MAYO,BR,10,0
2021,20,MAYO,BR,30,2
2021,20,MAYO,BR,50,4
2021,20,MAYO,BR,100,11
2021,20,MAYO,BR,200,26
2021,20,MAYO,PT,10,3
2021,20,MAYO,PT,30,10
2021,20,MAYO,PT,50,16
2021,20,MAYO,PT,100,37
2021,20,MAYO,PT,200,69
2021,21,MAYO,CO,10,2
2021,21,MAYO,CO,30,8
2021,21,MAYO,CO,50,18
2021,21,MAYO,CO,100,36
2021,21,MAYO,CO,200,69
2021,21,MAYO,PE,10,2
2021,21,MAYO,PE,30,7
2021,21,MAYO,PE,50,13
2021,21,MAYO,PE,100,28
2021,21,MAYO,PE,200,53
2021,21,MAYO,EC,10,3
2021,21,MAYO,EC,30,7
2021,21,MAYO,EC,50,12
2021,21,MAYO,EC,100,28
2021,21,MAYO,EC,200,53
2021,21,MAYO,PN,10,2
2021,21,MAYO,PN,30,5
2021,21,MAYO,PN,50,12
2021,21,MAYO,PN,100,30
2021,21,MAYO,PN,200,47
2021,21,MAYO,CR,10,4
2021,21,MAYO,CR,30,10
2021,21,MAYO,CR,50,19
2021,21,MAYO,CR,100,37
2021,21,MAYO,CR,200,62
2021,21,MAYO,GT,10,3
2021,21,MAYO,GT,30,8
2021,21,MAYO,GT,50,18
2021,21,MAYO,GT,100,31
2021,21,MAYO,GT,200,57
2021,21,MAYO,SV,10,3
2021,21,MAYO,SV,30,8
2021,21,MAYO,SV,50,17
2021,21,MAYO,SV,100,29
2021,21,MAYO,SV,200,59
2021,21,MAYO,HN,10,3
2021,21,MAYO,HN,30,10
2021,21,MAYO,HN,50,17
2021,21,MAYO,HN,100,31
2021,21,MAYO,HN,200,63
2021,21,MAYO,NI,10,3
2021,21,MAYO,NI,30,6
2021,21,MAYO,NI,50,18
2021,21,MAYO,NI,100,30
2021,21,MAYO,NI,200,58
2021,21,MAYO,DO,10,2
2021,21,MAYO,DO,30,5
2021,21,MAYO,DO,50,9
2021,21,MAYO,DO,100,27
2021,21,MAYO,DO,200,45
2021,21,MAYO,MX,10,3
2021,21,MAYO,MX,30,10
2021,21,MAYO,MX,50,15
2021,21,MAYO,MX,100,34
2021,21,MAYO,MX,200,57
2021,21,MAYO,SP,10,1
2021,21,MAYO,SP,30,3
2021,21,MAYO,SP,50,5
2021,21,MAYO,SP,100,21
2021,21,MAYO,SP,200,49
2021,21,MAYO,CL,10,3
2021,21,MAYO,CL,30,5
2021,21,MAYO,CL,50,12
2021,21,MAYO,CL,100,31
2021,21,MAYO,CL,200,46
2021,21,MAYO,AR,10,1
2021,21,MAYO,AR,30,5
2021,21,MAYO,AR,50,11
2021,21,MAYO,AR,100,24
2021,21,MAYO,AR,200,44
2021,21,MAYO,BR,10,1
2021,21,MAYO,BR,30,3
2021,21,MAYO,BR,50,7
2021,21,MAYO,BR,100,18
2021,21,MAYO,BR,200,32
2021,21,MAYO,PT,10,3
2021,21,MAYO,PT,30,12
2021,21,MAYO,PT,50,16
2021,21,MAYO,PT,100,36
2021,21,MAYO,PT,200,69
2021,22,JUNIO,CO,10,2
2021,22,JUNIO,CO,30,9
2021,22,JUNIO,CO,50,19
2021,22,JUNIO,CO,100,34
2021,22,JUNIO,CO,200,70
2021,22,JUNIO,PE,10,2
2021,22,JUNIO,PE,30,8
2021,22,JUNIO,PE,50,15
2021,22,JUNIO,PE,100,28
2021,22,JUNIO,PE,200,54
2021,22,JUNIO,EC,10,3
2021,22,JUNIO,EC,30,5
2021,22,JUNIO,EC,50,12
2021,22,JUNIO,EC,100,29
2021,22,JUNIO,EC,200,51
2021,22,JUNIO,PN,10,2
2021,22,JUNIO,PN,30,6
2021,22,JUNIO,PN,50,11
2021,22,JUNIO,PN,100,30
2021,22,JUNIO,PN,200,48
2021,22,JUNIO,CR,10,4
2021,22,JUNIO,CR,30,9
2021,22,JUNIO,CR,50,17
2021,22,JUNIO,CR,100,38
2021,22,JUNIO,CR,200,64
2021,22,JUNIO,GT,10,3
2021,22,JUNIO,GT,30,8
2021,22,JUNIO,GT,50,17
2021,22,JUNIO,GT,100,33
2021,22,JUNIO,GT,200,56
2021,22,JUNIO,SV,10,3
2021,22,JUNIO,SV,30,9
2021,22,JUNIO,SV,50,16
2021,22,JUNIO,SV,100,29
2021,22,JUNIO,SV,200,54
2021,22,JUNIO,HN,10,3
2021,22,JUNIO,HN,30,10
2021,22,JUNIO,HN,50,18
2021,22,JUNIO,HN,100,29
2021,22,JUNIO,HN,200,65
2021,22,JUNIO,NI,10,3
2021,22,JUNIO,NI,30,7
2021,22,JUNIO,NI,50,18
2021,22,JUNIO,NI,100,29
2021,22,JUNIO,NI,200,55
2021,22,JUNIO,DO,10,2
2021,22,JUNIO,DO,30,5
2021,22,JUNIO,DO,50,9
2021,22,JUNIO,DO,100,25
2021,22,JUNIO,DO,200,46
2021,22,JUNIO,MX,10,3
2021,22,JUNIO,MX,30,9
2021,22,JUNIO,MX,50,14
2021,22,JUNIO,MX,100,31
2021,22,JUNIO,MX,200,56
2021,22,JUNIO,SP,10,1
2021,22,JUNIO,SP,30,4
2021,22,JUNIO,SP,50,5
2021,22,JUNIO,SP,100,19
2021,22,JUNIO,SP,200,47
2021,22,JUNIO,CL,10,3
2021,22,JUNIO,CL,30,5
2021,22,JUNIO,CL,50,12
2021,22,JUNIO,CL,100,27
2021,22,JUNIO,CL,200,49
2021,22,JUNIO,AR,10,2
2021,22,JUNIO,AR,30,6
2021,22,JUNIO,AR,50,11
2021,22,JUNIO,AR,100,23
2021,22,JUNIO,AR,200,45
2021,22,JUNIO,BR,10,1
2021,22,JUNIO,BR,30,4
2021,22,JUNIO,BR,50,6
2021,22,JUNIO,BR,100,14
2021,22,JUNIO,BR,200,31
2021,22,JUNIO,PT,10,3
2021,22,JUNIO,PT,30,9
2021,22,JUNIO,PT,50,15
2021,22,JUNIO,PT,100,35
2021,22,JUNIO,PT,200,66
2021,23,JUNIO,CO,10,3
2021,23,JUNIO,CO,30,7
2021,23,JUNIO,CO,50,19
2021,23,JUNIO,CO,100,31
2021,23,JUNIO,CO,200,68
2021,23,JUNIO,PE,10,2
2021,23,JUNIO,PE,30,8
2021,23,JUNIO,PE,50,14
2021,23,JUNIO,PE,100,27
2021,23,JUNIO,PE,200,53
2021,23,JUNIO,EC,10,3
2021,23,JUNIO,EC,30,6
2021,23,JUNIO,EC,50,12
2021,23,JUNIO,EC,100,28
2021,23,JUNIO,EC,200,54
2021,23,JUNIO,PN,10,2
2021,23,JUNIO,PN,30,6
2021,23,JUNIO,PN,50,11
2021,23,JUNIO,PN,100,29
2021,23,JUNIO,PN,200,48
2021,23,JUNIO,CR,10,3
2021,23,JUNIO,CR,30,8
2021,23,JUNIO,CR,50,18
2021,23,JUNIO,CR,100,34
2021,23,JUNIO,CR,200,65
2021,23,JUNIO,GT,10,3
2021,23,JUNIO,GT,30,8
2021,23,JUNIO,GT,50,17
2021,23,JUNIO,GT,100,33
2021,23,JUNIO,GT,200,58
2021,23,JUNIO,SV,10,3
2021,23,JUNIO,SV,30,7
2021,23,JUNIO,SV,50,17
2021,23,JUNIO,SV,100,27
2021,23,JUNIO,SV,200,53
2021,23,JUNIO,HN,10,3
2021,23,JUNIO,HN,30,11
2021,23,JUNIO,HN,50,17
2021,23,JUNIO,HN,100,29
2021,23,JUNIO,HN,200,59
2021,23,JUNIO,NI,10,3
2021,23,JUNIO,NI,30,8
2021,23,JUNIO,NI,50,18
2021,23,JUNIO,NI,100,28
2021,23,JUNIO,NI,200,55
2021,23,JUNIO,DO,10,1
2021,23,JUNIO,DO,30,5
2021,23,JUNIO,DO,50,10
2021,23,JUNIO,DO,100,25
2021,23,JUNIO,DO,200,45
2021,23,JUNIO,MX,10,3
2021,23,JUNIO,MX,30,9
2021,23,JUNIO,MX,50,17
2021,23,JUNIO,MX,100,29
2021,23,JUNIO,MX,200,58
2021,23,JUNIO,SP,10,2
2021,23,JUNIO,SP,30,5
2021,23,JUNIO,SP,50,6
2021,23,JUNIO,SP,100,21
2021,23,JUNIO,SP,200,46
2021,23,JUNIO,CL,10,2
2021,23,JUNIO,CL,30,6
2021,23,JUNIO,CL,50,10
2021,23,JUNIO,CL,100,29
2021,23,JUNIO,CL,200,48
2021,23,JUNIO,AR,10,2
2021,23,JUNIO,AR,30,6
2021,23,JUNIO,AR,50,9
2021,23,JUNIO,AR,100,23
2021,23,JUNIO,AR,200,43
2021,23,JUNIO,BR,10,1
2021,23,JUNIO,BR,30,3
2021,23,JUNIO,BR,50,7
2021,23,JUNIO,BR,100,15
2021,23,JUNIO,BR,200,31
2021,23,JUNIO,PT,10,3
2021,23,JUNIO,PT,30,8
2021,23,JUNIO,PT,50,16
2021,23,JUNIO,PT,100,33
2021,23,JUNIO,PT,200,65
2021,24,JUNIO,CO,10,3
2021,24,JUNIO,CO,30,8
2021,24,JUNIO,CO,50,18
2021,24,JUNIO,CO,100,32
2021,24,JUNIO,CO,200,69
2021,24,JUNIO,PE,10,2
2021,24,JUNIO,PE,30,7
2021,24,JUNIO,PE,50,13
2021,24,JUNIO,PE,100,26
2021,24,JUNIO,PE,200,51
2021,24,JUNIO,EC,10,3
2021,24,JUNIO,EC,30,6
2021,24,JUNIO,EC,50,11
2021,24,JUNIO,EC,100,28
2021,24,JUNIO,EC,200,55
2021,24,JUNIO,PN,10,2
2021,24,JUNIO,PN,30,7
2021,24,JUNIO,PN,50,11
2021,24,JUNIO,PN,100,29
2021,24,JUNIO,PN,200,48
2021,24,JUNIO,CR,10,3
2021,24,JUNIO,CR,30,7
2021,24,JUNIO,CR,50,17
2021,24,JUNIO,CR,100,34
2021,24,JUNIO,CR,200,65
2021,24,JUNIO,GT,10,3
2021,24,JUNIO,GT,30,8
2021,24,JUNIO,GT,50,16
2021,24,JUNIO,GT,100,31
2021,24,JUNIO,GT,200,59
2021,24,JUNIO,SV,10,3
2021,24,JUNIO,SV,30,7
2021,24,JUNIO,SV,50,16
2021,24,JUNIO,SV,100,27
2021,24,JUNIO,SV,200,51
2021,24,JUNIO,HN,10,3
2021,24,JUNIO,HN,30,11
2021,24,JUNIO,HN,50,17
2021,24,JUNIO,HN,100,29
2021,24,JUNIO,HN,200,60
2021,24,JUNIO,NI,10,3
2021,24,JUNIO,NI,30,9
2021,24,JUNIO,NI,50,17
2021,24,JUNIO,NI,100,29
2021,24,JUNIO,NI,200,56
2021,24,JUNIO,DO,10,1
2021,24,JUNIO,DO,30,4
2021,24,JUNIO,DO,50,9
2021,24,JUNIO,DO,100,24
2021,24,JUNIO,DO,200,44
2021,24,JUNIO,MX,10,4
2021,24,JUNIO,MX,30,9
2021,24,JUNIO,MX,50,16
2021,24,JUNIO,MX,100,30
2021,24,JUNIO,MX,200,61
2021,24,JUNIO,SP,10,2
2021,24,JUNIO,SP,30,4
2021,24,JUNIO,SP,50,6
2021,24,JUNIO,SP,100,21
2021,24,JUNIO,SP,200,50
2021,24,JUNIO,CL,10,3
2021,24,JUNIO,CL,30,6
2021,24,JUNIO,CL,50,10
2021,24,JUNIO,CL,100,28
2021,24,JUNIO,CL,200,48
2021,24,JUNIO,AR,10,2
2021,24,JUNIO,AR,30,6
2021,24,JUNIO,AR,50,9
2021,24,JUNIO,AR,100,22
2021,24,JUNIO,AR,200,40
2021,24,JUNIO,BR,10,1
2021,24,JUNIO,BR,30,2
2021,24,JUNIO,BR,50,7
2021,24,JUNIO,BR,100,15
2021,24,JUNIO,BR,200,32
2021,24,JUNIO,PT,10,2
2021,24,JUNIO,PT,30,8
2021,24,JUNIO,PT,50,14
2021,24,JUNIO,PT,100,29
2021,24,JUNIO,PT,200,66
2021,25,JUNIO,CO,10,4
2021,25,JUNIO,CO,30,8
2021,25,JUNIO,CO,50,17
2021,25,JUNIO,CO,100,31
2021,25,JUNIO,CO,200,70
2021,25,JUNIO,PE,10,2
2021,25,JUNIO,PE,30,8
2021,25,JUNIO,PE,50,13
2021,25,JUNIO,PE,100,26
2021,25,JUNIO,PE,200,53
2021,25,JUNIO,EC,10,3
2021,25,JUNIO,EC,30,7
2021,25,JUNIO,EC,50,12
2021,25,JUNIO,EC,100,29
2021,25,JUNIO,EC,200,57
2021,25,JUNIO,PN,10,3
2021,25,JUNIO,PN,30,7
2021,25,JUNIO,PN,50,10
2021,25,JUNIO,PN,100,28
2021,25,JUNIO,PN,200,48
2021,25,JUNIO,CR,10,3
2021,25,JUNIO,CR,30,8
2021,25,JUNIO,CR,50,17
2021,25,JUNIO,CR,100,35
2021,25,JUNIO,CR,200,66
2021,25,JUNIO,GT,10,3
2021,25,JUNIO,GT,30,9
2021,25,JUNIO,GT,50,16
2021,25,JUNIO,GT,100,31
2021,25,JUNIO,GT,200,59
2021,25,JUNIO,SV,10,3
2021,25,JUNIO,SV,30,7
2021,25,JUNIO,SV,50,17
2021,25,JUNIO,SV,100,27
2021,25,JUNIO,SV,200,53
2021,25,JUNIO,HN,10,3
2021,25,JUNIO,HN,30,9
2021,25,JUNIO,HN,50,18
2021,25,JUNIO,HN,100,28
2021,25,JUNIO,HN,200,61
2021,25,JUNIO,NI,10,4
2021,25,JUNIO,NI,30,9
2021,25,JUNIO,NI,50,15
2021,25,JUNIO,NI,100,28
2021,25,JUNIO,NI,200,56
2021,25,JUNIO,DO,10,2
2021,25,JUNIO,DO,30,4
2021,25,JUNIO,DO,50,9
2021,25,JUNIO,DO,100,21
2021,25,JUNIO,DO,200,42
2021,25,JUNIO,MX,10,3
2021,25,JUNIO,MX,30,8
2021,25,JUNIO,MX,50,15
2021,25,JUNIO,MX,100,34
2021,25,JUNIO,MX,200,62
2021,25,JUNIO,SP,10,2
2021,25,JUNIO,SP,30,5
2021,25,JUNIO,SP,50,8
2021,25,JUNIO,SP,100,19
2021,25,JUNIO,SP,200,46
2021,25,JUNIO,CL,10,3
2021,25,JUNIO,CL,30,7
2021,25,JUNIO,CL,50,10
2021,25,JUNIO,CL,100,28
2021,25,JUNIO,CL,200,48
2021,25,JUNIO,AR,10,2
2021,25,JUNIO,AR,30,6
2021,25,JUNIO,AR,50,8
2021,25,JUNIO,AR,100,24
2021,25,JUNIO,AR,200,41
2021,25,JUNIO,BR,10,0
2021,25,JUNIO,BR,30,2
2021,25,JUNIO,BR,50,7
2021,25,JUNIO,BR,100,13
2021,25,JUNIO,BR,200,28
2021,25,JUNIO,PT,10,1
2021,25,JUNIO,PT,30,9
2021,25,JUNIO,PT,50,14
2021,25,JUNIO,PT,100,30
2021,25,JUNIO,PT,200,67
2021,26,JULIO,CO,10,4
2021,26,JULIO,CO,30,7
2021,26,JULIO,CO,50,17
2021,26,JULIO,CO,100,31
2021,26,JULIO,CO,200,63
2021,26,JULIO,PE,10,3
2021,26,JULIO,PE,30,8
2021,26,JULIO,PE,50,13
2021,26,JULIO,PE,100,23
2021,26,JULIO,PE,200,53
2021,26,JULIO,EC,10,4
2021,26,JULIO,EC,30,7
2021,26,JULIO,EC,50,13
2021,26,JULIO,EC,100,25
2021,26,JULIO,EC,200,57
2021,26,JULIO,PN,10,2
2021,26,JULIO,PN,30,5
2021,26,JULIO,PN,50,8
2021,26,JULIO,PN,100,26
2021,26,JULIO,PN,200,48
2021,26,JULIO,CR,10,3
2021,26,JULIO,CR,30,8
2021,26,JULIO,CR,50,16
2021,26,JULIO,CR,100,32
2021,26,JULIO,CR,200,61
2021,26,JULIO,GT,10,3
2021,26,JULIO,GT,30,9
2021,26,JULIO,GT,50,15
2021,26,JULIO,GT,100,28
2021,26,JULIO,GT,200,56
2021,26,JULIO,SV,10,3
2021,26,JULIO,SV,30,8
2021,26,JULIO,SV,50,16
2021,26,JULIO,SV,100,26
2021,26,JULIO,SV,200,50
2021,26,JULIO,HN,10,3
2021,26,JULIO,HN,30,10
2021,26,JULIO,HN,50,18
2021,26,JULIO,HN,100,27
2021,26,JULIO,HN,200,57
2021,26,JULIO,NI,10,4
2021,26,JULIO,NI,30,9
2021,26,JULIO,NI,50,14
2021,26,JULIO,NI,100,28
2021,26,JULIO,NI,200,54
2021,26,JULIO,DO,10,2
2021,26,JULIO,DO,30,4
2021,26,JULIO,DO,50,7
2021,26,JULIO,DO,100,18
2021,26,JULIO,DO,200,40
2021,26,JULIO,MX,10,3
2021,26,JULIO,MX,30,9
2021,26,JULIO,MX,50,16
2021,26,JULIO,MX,100,31
2021,26,JULIO,MX,200,59
2021,26,JULIO,SP,10,2
2021,26,JULIO,SP,30,5
2021,26,JULIO,SP,50,9
2021,26,JULIO,SP,100,18
2021,26,JULIO,SP,200,45
2021,26,JULIO,CL,10,4
2021,26,JULIO,CL,30,6
2021,26,JULIO,CL,50,9
2021,26,JULIO,CL,100,27
2021,26,JULIO,CL,200,45
2021,26,JULIO,AR,10,2
2021,26,JULIO,AR,30,5
2021,26,JULIO,AR,50,8
2021,26,JULIO,AR,100,24
2021,26,JULIO,AR,200,38
2021,26,JULIO,BR,10,0
2021,26,JULIO,BR,30,1
2021,26,JULIO,BR,50,4
2021,26,JULIO,BR,100,11
2021,26,JULIO,BR,200,21
2021,26,JULIO,PT,10,1
2021,26,JULIO,PT,30,10
2021,26,JULIO,PT,50,13
2021,26,JULIO,PT,100,26
2021,26,JULIO,PT,200,59
2021,27,JULIO,CO,10,4
2021,27,JULIO,CO,30,7
2021,27,JULIO,CO,50,16
2021,27,JULIO,CO,100,32
2021,27,JULIO,CO,200,64
2021,27,JULIO,PE,10,3
2021,27,JULIO,PE,30,7
2021,27,JULIO,PE,50,14
2021,27,JULIO,PE,100,27
2021,27,JULIO,PE,200,50
2021,27,JULIO,EC,10,3
2021,27,JULIO,EC,30,7
2021,27,JULIO,EC,50,11
2021,27,JULIO,EC,100,24
2021,27,JULIO,EC,200,55
2021,27,JULIO,PN,10,2
2021,27,JULIO,PN,30,5
2021,27,JULIO,PN,50,7
2021,27,JULIO,PN,100,24
2021,27,JULIO,PN,200,45
2021,27,JULIO,CR,10,3
2021,27,JULIO,CR,30,8
2021,27,JULIO,CR,50,14
2021,27,JULIO,CR,100,32
2021,27,JULIO,CR,200,63
2021,27,JULIO,GT,10,4
2021,27,JULIO,GT,30,8
2021,27,JULIO,GT,50,16
2021,27,JULIO,GT,100,29
2021,27,JULIO,GT,200,56
2021,27,JULIO,SV,10,3
2021,27,JULIO,SV,30,7
2021,27,JULIO,SV,50,16
2021,27,JULIO,SV,100,24
2021,27,JULIO,SV,200,51
2021,27,JULIO,HN,10,3
2021,27,JULIO,HN,30,8
2021,27,JULIO,HN,50,18
2021,27,JULIO,HN,100,29
2021,27,JULIO,HN,200,56
2021,27,JULIO,NI,10,3
2021,27,JULIO,NI,30,8
2021,27,JULIO,NI,50,13
2021,27,JULIO,NI,100,27
2021,27,JULIO,NI,200,54
2021,27,JULIO,DO,10,2
2021,27,JULIO,DO,30,4
2021,27,JULIO,DO,50,7
2021,27,JULIO,DO,100,19
2021,27,JULIO,DO,200,41
2021,27,JULIO,MX,10,3
2021,27,JULIO,MX,30,8
2021,27,JULIO,MX,50,15
2021,27,JULIO,MX,100,28
2021,27,JULIO,MX,200,56
2021,27,JULIO,SP,10,2
2021,27,JULIO,SP,30,6
2021,27,JULIO,SP,50,9
2021,27,JULIO,SP,100,18
2021,27,JULIO,SP,200,47
2021,27,JULIO,CL,10,3
2021,27,JULIO,CL,30,5
2021,27,JULIO,CL,50,8
2021,27,JULIO,CL,100,25
2021,27,JULIO,CL,200,45
2021,27,JULIO,AR,10,1
2021,27,JULIO,AR,30,6
2021,27,JULIO,AR,50,7
2021,27,JULIO,AR,100,23
2021,27,JULIO,AR,200,39
2021,27,JULIO,BR,10,0
2021,27,JULIO,BR,30,2
2021,27,JULIO,BR,50,4
2021,27,JULIO,BR,100,12
2021,27,JULIO,BR,200,22
2021,27,JULIO,PT,10,2
2021,27,JULIO,PT,30,9
2021,27,JULIO,PT,50,14
2021,27,JULIO,PT,100,30
2021,27,JULIO,PT,200,63
2021,28,JULIO,CO,10,3
2021,28,JULIO,CO,30,6
2021,28,JULIO,CO,50,12
2021,28,JULIO,CO,100,30
2021,28,JULIO,CO,200,65
2021,28,JULIO,PE,10,2
2021,28,JULIO,PE,30,6
2021,28,JULIO,PE,50,9
2021,28,JULIO,PE,100,25
2021,28,JULIO,PE,200,46
2021,28,JULIO,EC,10,3
2021,28,JULIO,EC,30,6
2021,28,JULIO,EC,50,11
2021,28,JULIO,EC,100,23
2021,28,JULIO,EC,200,53
2021,28,JULIO,PN,10,3
2021,28,JULIO,PN,30,5
2021,28,JULIO,PN,50,6
2021,28,JULIO,PN,100,23
2021,28,JULIO,PN,200,45
2021,28,JULIO,CR,10,3
2021,28,JULIO,CR,30,6
2021,28,JULIO,CR,50,12
2021,28,JULIO,CR,100,30
2021,28,JULIO,CR,200,58
2021,28,JULIO,GT,10,3
2021,28,JULIO,GT,30,6
2021,28,JULIO,GT,50,14
2021,28,JULIO,GT,100,25
2021,28,JULIO,GT,200,51
2021,28,JULIO,SV,10,3
2021,28,JULIO,SV,30,5
2021,28,JULIO,SV,50,14
2021,28,JULIO,SV,100,24
2021,28,JULIO,SV,200,49
2021,28,JULIO,HN,10,2
2021,28,JULIO,HN,30,8
2021,28,JULIO,HN,50,13
2021,28,JULIO,HN,100,26
2021,28,JULIO,HN,200,53
2021,28,JULIO,NI,10,3
2021,28,JULIO,NI,30,7
2021,28,JULIO,NI,50,12
2021,28,JULIO,NI,100,28
2021,28,JULIO,NI,200,52
2021,28,JULIO,DO,10,2
2021,28,JULIO,DO,30,4
2021,28,JULIO,DO,50,7
2021,28,JULIO,DO,100,17
2021,28,JULIO,DO,200,38
2021,28,JULIO,MX,10,3
2021,28,JULIO,MX,30,7
2021,28,JULIO,MX,50,13
2021,28,JULIO,MX,100,28
2021,28,JULIO,MX,200,56
2021,28,JULIO,SP,10,2
2021,28,JULIO,SP,30,5
2021,28,JULIO,SP,50,8
2021,28,JULIO,SP,100,15
2021,28,JULIO,SP,200,44
2021,28,JULIO,CL,10,3
2021,28,JULIO,CL,30,5
2021,28,JULIO,CL,50,7
2021,28,JULIO,CL,100,23
2021,28,JULIO,CL,200,45
2021,28,JULIO,AR,10,1
2021,28,JULIO,AR,30,4
2021,28,JULIO,AR,50,7
2021,28,JULIO,AR,100,19
2021,28,JULIO,AR,200,36
2021,28,JULIO,BR,10,0
2021,28,JULIO,BR,30,2
2021,28,JULIO,BR,50,4
2021,28,JULIO,BR,100,13
2021,28,JULIO,BR,200,27
2021,28,JULIO,PT,10,2
2021,28,JULIO,PT,30,6
2021,28,JULIO,PT,50,14
2021,28,JULIO,PT,100,30
2021,28,JULIO,PT,200,63
2021,29,JULIO,CO,10,3
2021,29,JULIO,CO,30,7
2021,29,JULIO,CO,50,12
2021,29,JULIO,CO,100,32
2021,29,JULIO,CO,200,67
2021,29,JULIO,PE,10,3
2021,29,JULIO,PE,30,7
2021,29,JULIO,PE,50,8
2021,29,JULIO,PE,100,26
2021,29,JULIO,PE,200,47
2021,29,JULIO,EC,10,3
2021,29,JULIO,EC,30,6
2021,29,JULIO,EC,50,10
2021,29,JULIO,EC,100,23
2021,29,JULIO,EC,200,55
2021,29,JULIO,PN,10,1
2021,29,JULIO,PN,30,4
2021,29,JULIO,PN,50,6
2021,29,JULIO,PN,100,22
2021,29,JULIO,PN,200,44
2021,29,JULIO,CR,10,3
2021,29,JULIO,CR,30,7
2021,29,JULIO,CR,50,11
2021,29,JULIO,CR,100,30
2021,29,JULIO,CR,200,57
2021,29,JULIO,GT,10,4
2021,29,JULIO,GT,30,7
2021,29,JULIO,GT,50,14
2021,29,JULIO,GT,100,26
2021,29,JULIO,GT,200,54
2021,29,JULIO,SV,10,3
2021,29,JULIO,SV,30,6
2021,29,JULIO,SV,50,13
2021,29,JULIO,SV,100,23
2021,29,JULIO,SV,200,52
2021,29,JULIO,HN,10,3
2021,29,JULIO,HN,30,8
2021,29,JULIO,HN,50,12
2021,29,JULIO,HN,100,26
2021,29,JULIO,HN,200,52
2021,29,JULIO,NI,10,3
2021,29,JULIO,NI,30,8
2021,29,JULIO,NI,50,11
2021,29,JULIO,NI,100,25
2021,29,JULIO,NI,200,54
2021,29,JULIO,DO,10,2
2021,29,JULIO,DO,30,4
2021,29,JULIO,DO,50,8
2021,29,JULIO,DO,100,16
2021,29,JULIO,DO,200,40
2021,29,JULIO,MX,10,3
2021,29,JULIO,MX,30,6
2021,29,JULIO,MX,50,13
2021,29,JULIO,MX,100,29
2021,29,JULIO,MX,200,58
2021,29,JULIO,SP,10,1
2021,29,JULIO,SP,30,5
2021,29,JULIO,SP,50,8
2021,29,JULIO,SP,100,15
2021,29,JULIO,SP,200,41
2021,29,JULIO,CL,10,2
2021,29,JULIO,CL,30,5
2021,29,JULIO,CL,50,8
2021,29,JULIO,CL,100,21
2021,29,JULIO,CL,200,44
2021,29,JULIO,AR,10,1
2021,29,JULIO,AR,30,3
2021,29,JULIO,AR,50,7
2021,29,JULIO,AR,100,17
2021,29,JULIO,AR,200,34
2021,29,JULIO,BR,10,0
2021,29,JULIO,BR,30,3
2021,29,JULIO,BR,50,7
2021,29,JULIO,BR,100,20
2021,29,JULIO,BR,200,36
2021,29,JULIO,PT,10,2
2021,29,JULIO,PT,30,6
2021,29,JULIO,PT,50,15
2021,29,JULIO,PT,100,31
2021,29,JULIO,PT,200,67
2021,30,JULIO,CO,10,4
2021,30,JULIO,CO,30,8
2021,30,JULIO,CO,50,11
2021,30,JULIO,CO,100,31
2021,30,JULIO,CO,200,60
2021,30,JULIO,PE,10,2
2021,30,JULIO,PE,30,5
2021,30,JULIO,PE,50,8
2021,30,JULIO,PE,100,24
2021,30,JULIO,PE,200,45
2021,30,JULIO,EC,10,2
2021,30,JULIO,EC,30,6
2021,30,JULIO,EC,50,9
2021,30,JULIO,EC,100,24
2021,30,JULIO,EC,200,51
2021,30,JULIO,PN,10,1
2021,30,JULIO,PN,30,4
2021,30,JULIO,PN,50,6
2021,30,JULIO,PN,100,21
2021,30,JULIO,PN,200,44
2021,30,JULIO,CR,10,3
2021,30,JULIO,CR,30,6
2021,30,JULIO,CR,50,12
2021,30,JULIO,CR,100,27
2021,30,JULIO,CR,200,58
2021,30,JULIO,GT,10,4
2021,30,JULIO,GT,30,7
2021,30,JULIO,GT,50,13
2021,30,JULIO,GT,100,26
2021,30,JULIO,GT,200,53
2021,30,JULIO,SV,10,4
2021,30,JULIO,SV,30,5
2021,30,JULIO,SV,50,13
2021,30,JULIO,SV,100,24
2021,30,JULIO,SV,200,49
2021,30,JULIO,HN,10,3
2021,30,JULIO,HN,30,7
2021,30,JULIO,HN,50,12
2021,30,JULIO,HN,100,25
2021,30,JULIO,HN,200,50
2021,30,JULIO,NI,10,3
2021,30,JULIO,NI,30,6
2021,30,JULIO,NI,50,12
2021,30,JULIO,NI,100,25
2021,30,JULIO,NI,200,52
2021,30,JULIO,DO,10,1
2021,30,JULIO,DO,30,5
2021,30,JULIO,DO,50,8
2021,30,JULIO,DO,100,15
2021,30,JULIO,DO,200,37
2021,30,JULIO,MX,10,3
2021,30,JULIO,MX,30,7
2021,30,JULIO,MX,50,13
2021,30,JULIO,MX,100,26
2021,30,JULIO,MX,200,57
2021,30,JULIO,SP,10,1
2021,30,JULIO,SP,30,5
2021,30,JULIO,SP,50,8
2021,30,JULIO,SP,100,15
2021,30,JULIO,SP,200,40
2021,30,JULIO,CL,10,2
2021,30,JULIO,CL,30,5
2021,30,JULIO,CL,50,6
2021,30,JULIO,CL,100,19
2021,30,JULIO,CL,200,44
2021,30,JULIO,AR,10,1
2021,30,JULIO,AR,30,3
2021,30,JULIO,AR,50,7
2021,30,JULIO,AR,100,14
2021,30,JULIO,AR,200,32
2021,30,JULIO,BR,10,1
2021,30,JULIO,BR,30,3
2021,30,JULIO,BR,50,5
2021,30,JULIO,BR,100,18
2021,30,JULIO,BR,200,34
2021,30,JULIO,PT,10,2
2021,30,JULIO,PT,30,5
2021,30,JULIO,PT,50,15
2021,30,JULIO,PT,100,30
2021,30,JULIO,PT,200,66
2021,31,AGOSTO,CO,10,3
2021,31,AGOSTO,CO,30,8
2021,31,AGOSTO,CO,50,11
2021,31,AGOSTO,CO,100,30
2021,31,AGOSTO,CO,200,60
2021,31,AGOSTO,PE,10,1
2021,31,AGOSTO,PE,30,6
2021,31,AGOSTO,PE,50,9
2021,31,AGOSTO,PE,100,22
2021,31,AGOSTO,PE,200,45
2021,31,AGOSTO,EC,10,2
2021,31,AGOSTO,EC,30,6
2021,31,AGOSTO,EC,50,10
2021,31,AGOSTO,EC,100,24
2021,31,AGOSTO,EC,200,50
2021,31,AGOSTO,PN,10,1
2021,31,AGOSTO,PN,30,4
2021,31,AGOSTO,PN,50,8
2021,31,AGOSTO,PN,100,20
2021,31,AGOSTO,PN,200,47
2021,31,AGOSTO,CR,10,1
2021,31,AGOSTO,CR,30,6
2021,31,AGOSTO,CR,50,11
2021,31,AGOSTO,CR,100,28
2021,31,AGOSTO,CR,200,58
2021,31,AGOSTO,GT,10,2
2021,31,AGOSTO,GT,30,6
2021,31,AGOSTO,GT,50,14
2021,31,AGOSTO,GT,100,25
2021,31,AGOSTO,GT,200,52
2021,31,AGOSTO,SV,10,2
2021,31,AGOSTO,SV,30,5
2021,31,AGOSTO,SV,50,13
2021,31,AGOSTO,SV,100,24
2021,31,AGOSTO,SV,200,51
2021,31,AGOSTO,HN,10,1
2021,31,AGOSTO,HN,30,6
2021,31,AGOSTO,HN,50,12
2021,31,AGOSTO,HN,100,27
2021,31,AGOSTO,HN,200,53
2021,31,AGOSTO,NI,10,2
2021,31,AGOSTO,NI,30,6
2021,31,AGOSTO,NI,50,13
2021,31,AGOSTO,NI,100,26
2021,31,AGOSTO,NI,200,53
2021,31,AGOSTO,DO,10,1
2021,31,AGOSTO,DO,30,6
2021,31,AGOSTO,DO,50,7
2021,31,AGOSTO,DO,100,14
2021,31,AGOSTO,DO,200,40
2021,31,AGOSTO,MX,10,3
2021,31,AGOSTO,MX,30,6
2021,31,AGOSTO,MX,50,14
2021,31,AGOSTO,MX,100,24
2021,31,AGOSTO,MX,200,56
2021,31,AGOSTO,SP,10,1
2021,31,AGOSTO,SP,30,4
2021,31,AGOSTO,SP,50,7
2021,31,AGOSTO,SP,100,16
2021,31,AGOSTO,SP,200,38
2021,31,AGOSTO,CL,10,1
2021,31,AGOSTO,CL,30,4
2021,31,AGOSTO,CL,50,7
2021,31,AGOSTO,CL,100,17
2021,31,AGOSTO,CL,200,43
2021,31,AGOSTO,AR,10,1
2021,31,AGOSTO,AR,30,3
2021,31,AGOSTO,AR,50,6
2021,31,AGOSTO,AR,100,13
2021,31,AGOSTO,AR,200,35
2021,31,AGOSTO,BR,10,1
2021,31,AGOSTO,BR,30,3
2021,31,AGOSTO,BR,50,6
2021,31,AGOSTO,BR,100,18
2021,31,AGOSTO,BR,200,40
2021,31,AGOSTO,PT,10,2
2021,31,AGOSTO,PT,30,5
2021,31,AGOSTO,PT,50,16
2021,31,AGOSTO,PT,100,37
2021,31,AGOSTO,PT,200,69
2021,32,AGOSTO,CO,10,2
2021,32,AGOSTO,CO,30,8
2021,32,AGOSTO,CO,50,11
2021,32,AGOSTO,CO,100,29
2021,32,AGOSTO,CO,200,63
2021,32,AGOSTO,PE,10,1
2021,32,AGOSTO,PE,30,6
2021,32,AGOSTO,PE,50,9
2021,32,AGOSTO,PE,100,23
2021,32,AGOSTO,PE,200,47
2021,32,AGOSTO,EC,10,1
2021,32,AGOSTO,EC,30,6
2021,32,AGOSTO,EC,50,10
2021,32,AGOSTO,EC,100,25
2021,32,AGOSTO,EC,200,53
2021,32,AGOSTO,PN,10,1
2021,32,AGOSTO,PN,30,4
2021,32,AGOSTO,PN,50,8
2021,32,AGOSTO,PN,100,22
2021,32,AGOSTO,PN,200,46
2021,32,AGOSTO,CR,10,1
2021,32,AGOSTO,CR,30,5
2021,32,AGOSTO,CR,50,11
2021,32,AGOSTO,CR,100,29
2021,32,AGOSTO,CR,200,59
2021,32,AGOSTO,GT,10,1
2021,32,AGOSTO,GT,30,6
2021,32,AGOSTO,GT,50,13
2021,32,AGOSTO,GT,100,27
2021,32,AGOSTO,GT,200,49
2021,32,AGOSTO,SV,10,1
2021,32,AGOSTO,SV,30,5
2021,32,AGOSTO,SV,50,11
2021,32,AGOSTO,SV,100,26
2021,32,AGOSTO,SV,200,51
2021,32,AGOSTO,HN,10,1
2021,32,AGOSTO,HN,30,6
2021,32,AGOSTO,HN,50,12
2021,32,AGOSTO,HN,100,27
2021,32,AGOSTO,HN,200,52
2021,32,AGOSTO,NI,10,1
2021,32,AGOSTO,NI,30,7
2021,32,AGOSTO,NI,50,11
2021,32,AGOSTO,NI,100,28
2021,32,AGOSTO,NI,200,55
2021,32,AGOSTO,DO,10,1
2021,32,AGOSTO,DO,30,5
2021,32,AGOSTO,DO,50,6
2021,32,AGOSTO,DO,100,15
2021,32,AGOSTO,DO,200,36
2021,32,AGOSTO,MX,10,3
2021,32,AGOSTO,MX,30,7
2021,32,AGOSTO,MX,50,12
2021,32,AGOSTO,MX,100,24
2021,32,AGOSTO,MX,200,56
2021,32,AGOSTO,SP,10,1
2021,32,AGOSTO,SP,30,4
2021,32,AGOSTO,SP,50,8
2021,32,AGOSTO,SP,100,14
2021,32,AGOSTO,SP,200,38
2021,32,AGOSTO,CL,10,1
2021,32,AGOSTO,CL,30,4
2021,32,AGOSTO,CL,50,8
2021,32,AGOSTO,CL,100,18
2021,32,AGOSTO,CL,200,43
2021,32,AGOSTO,AR,10,1
2021,32,AGOSTO,AR,30,3
2021,32,AGOSTO,AR,50,6
2021,32,AGOSTO,AR,100,13
2021,32,AGOSTO,AR,200,34
2021,32,AGOSTO,BR,10,0
2021,32,AGOSTO,BR,30,2
2021,32,AGOSTO,BR,50,6
2021,32,AGOSTO,BR,100,17
2021,32,AGOSTO,BR,200,37
2021,32,AGOSTO,PT,10,2
2021,32,AGOSTO,PT,30,5
2021,32,AGOSTO,PT,50,13
2021,32,AGOSTO,PT,100,30
2021,32,AGOSTO,PT,200,70
2021,33,AGOSTO,CO,10,2
2021,33,AGOSTO,CO,30,7
2021,33,AGOSTO,CO,50,11
2021,33,AGOSTO,CO,100,29
2021,33,AGOSTO,CO,200,63
2021,33,AGOSTO,PE,10,1
2021,33,AGOSTO,PE,30,5
2021,33,AGOSTO,PE,50,9
2021,33,AGOSTO,PE,100,25
2021,33,AGOSTO,PE,200,45
2021,33,AGOSTO,EC,10,1
2021,33,AGOSTO,EC,30,6
2021,33,AGOSTO,EC,50,9
2021,33,AGOSTO,EC,100,26
2021,33,AGOSTO,EC,200,51
2021,33,AGOSTO,PN,10,1
2021,33,AGOSTO,PN,30,4
2021,33,AGOSTO,PN,50,7
2021,33,AGOSTO,PN,100,23
2021,33,AGOSTO,PN,200,46
2021,33,AGOSTO,CR,10,1
2021,33,AGOSTO,CR,30,5
2021,33,AGOSTO,CR,50,13
2021,33,AGOSTO,CR,100,29
2021,33,AGOSTO,CR,200,57
2021,33,AGOSTO,GT,10,1
2021,33,AGOSTO,GT,30,7
2021,33,AGOSTO,GT,50,13
2021,33,AGOSTO,GT,100,25
2021,33,AGOSTO,GT,200,49
2021,33,AGOSTO,SV,10,1
2021,33,AGOSTO,SV,30,5
2021,33,AGOSTO,SV,50,11
2021,33,AGOSTO,SV,100,27
2021,33,AGOSTO,SV,200,52
2021,33,AGOSTO,HN,10,1
2021,33,AGOSTO,HN,30,6
2021,33,AGOSTO,HN,50,11
2021,33,AGOSTO,HN,100,28
2021,33,AGOSTO,HN,200,51
2021,33,AGOSTO,NI,10,1
2021,33,AGOSTO,NI,30,6
2021,33,AGOSTO,NI,50,11
2021,33,AGOSTO,NI,100,26
2021,33,AGOSTO,NI,200,56
2021,33,AGOSTO,DO,10,1
2021,33,AGOSTO,DO,30,6
2021,33,AGOSTO,DO,50,6
2021,33,AGOSTO,DO,100,14
2021,33,AGOSTO,DO,200,33
2021,33,AGOSTO,MX,10,3
2021,33,AGOSTO,MX,30,6
2021,33,AGOSTO,MX,50,10
2021,33,AGOSTO,MX,100,22
2021,33,AGOSTO,MX,200,53
2021,33,AGOSTO,SP,10,1
2021,33,AGOSTO,SP,30,4
2021,33,AGOSTO,SP,50,8
2021,33,AGOSTO,SP,100,15
2021,33,AGOSTO,SP,200,39
2021,33,AGOSTO,CL,10,1
2021,33,AGOSTO,CL,30,3
2021,33,AGOSTO,CL,50,7
2021,33,AGOSTO,CL,100,19
2021,33,AGOSTO,CL,200,43
2021,33,AGOSTO,AR,10,1
2021,33,AGOSTO,AR,30,3
2021,33,AGOSTO,AR,50,6
2021,33,AGOSTO,AR,100,13
2021,33,AGOSTO,AR,200,34
2021,33,AGOSTO,BR,10,0
2021,33,AGOSTO,BR,30,4
2021,33,AGOSTO,BR,50,5
2021,33,AGOSTO,BR,100,16
2021,33,AGOSTO,BR,200,36
2021,33,AGOSTO,PT,10,2
2021,33,AGOSTO,PT,30,4
2021,33,AGOSTO,PT,50,12
2021,33,AGOSTO,PT,100,26
2021,33,AGOSTO,PT,200,64
2021,34,AGOSTO,CO,10,4
2021,34,AGOSTO,CO,30,14
2021,34,AGOSTO,CO,50,22
2021,34,AGOSTO,CO,100,37
2021,34,AGOSTO,CO,200,71
2021,34,AGOSTO,PE,10,1
2021,34,AGOSTO,PE,30,5
2021,34,AGOSTO,PE,50,7
2021,34,AGOSTO,PE,100,26
2021,34,AGOSTO,PE,200,46
2021,34,AGOSTO,EC,10,1
2021,34,AGOSTO,EC,30,5
2021,34,AGOSTO,EC,50,10
2021,34,AGOSTO,EC,100,24
2021,34,AGOSTO,EC,200,51
2021,34,AGOSTO,PN,10,1
2021,34,AGOSTO,PN,30,4
2021,34,AGOSTO,PN,50,8
2021,34,AGOSTO,PN,100,23
2021,34,AGOSTO,PN,200,46
2021,34,AGOSTO,CR,10,1
2021,34,AGOSTO,CR,30,6
2021,34,AGOSTO,CR,50,13
2021,34,AGOSTO,CR,100,29
2021,34,AGOSTO,CR,200,58
2021,34,AGOSTO,GT,10,1
2021,34,AGOSTO,GT,30,7
2021,34,AGOSTO,GT,50,13
2021,34,AGOSTO,GT,100,24
2021,34,AGOSTO,GT,200,47
2021,34,AGOSTO,SV,10,1
2021,34,AGOSTO,SV,30,5
2021,34,AGOSTO,SV,50,11
2021,34,AGOSTO,SV,100,24
2021,34,AGOSTO,SV,200,50
2021,34,AGOSTO,HN,10,1
2021,34,AGOSTO,HN,30,7
2021,34,AGOSTO,HN,50,12
2021,34,AGOSTO,HN,100,27
2021,34,AGOSTO,HN,200,51
2021,34,AGOSTO,NI,10,1
2021,34,AGOSTO,NI,30,7
2021,34,AGOSTO,NI,50,11
2021,34,AGOSTO,NI,100,25
2021,34,AGOSTO,NI,200,54
2021,34,AGOSTO,DO,10,1
2021,34,AGOSTO,DO,30,5
2021,34,AGOSTO,DO,50,6
2021,34,AGOSTO,DO,100,14
2021,34,AGOSTO,DO,200,32
2021,34,AGOSTO,MX,10,2
2021,34,AGOSTO,MX,30,6
2021,34,AGOSTO,MX,50,9
2021,34,AGOSTO,MX,100,21
2021,34,AGOSTO,MX,200,54
2021,34,AGOSTO,SP,10,2
2021,34,AGOSTO,SP,30,5
2021,34,AGOSTO,SP,50,8
2021,34,AGOSTO,SP,100,14
2021,34,AGOSTO,SP,200,38
2021,34,AGOSTO,CL,10,1
2021,34,AGOSTO,CL,30,3
2021,34,AGOSTO,CL,50,7
2021,34,AGOSTO,CL,100,19
2021,34,AGOSTO,CL,200,39
2021,34,AGOSTO,AR,10,1
2021,34,AGOSTO,AR,30,2
2021,34,AGOSTO,AR,50,6
2021,34,AGOSTO,AR,100,11
2021,34,AGOSTO,AR,200,31
2021,34,AGOSTO,BR,10,2
2021,34,AGOSTO,BR,30,4
2021,34,AGOSTO,BR,50,5
2021,34,AGOSTO,BR,100,16
2021,34,AGOSTO,BR,200,35
2021,34,AGOSTO,PT,10,0
2021,34,AGOSTO,PT,30,4
2021,34,AGOSTO,PT,50,10
2021,34,AGOSTO,PT,100,26
2021,34,AGOSTO,PT,200,62
2021,35,SEPTIEMBRE,CO,10,3
2021,35,SEPTIEMBRE,CO,30,12
2021,35,SEPTIEMBRE,CO,50,15
2021,35,SEPTIEMBRE,CO,100,33
2021,35,SEPTIEMBRE,CO,200,68
2021,35,SEPTIEMBRE,PE,10,1
2021,35,SEPTIEMBRE,PE,30,5
2021,35,SEPTIEMBRE,PE,50,7
2021,35,SEPTIEMBRE,PE,100,22
2021,35,SEPTIEMBRE,PE,200,43
2021,35,SEPTIEMBRE,EC,10,1
2021,35,SEPTIEMBRE,EC,30,5
2021,35,SEPTIEMBRE,EC,50,9
2021,35,SEPTIEMBRE,EC,100,22
2021,35,SEPTIEMBRE,EC,200,52
2021,35,SEPTIEMBRE,PN,10,1
2021,35,SEPTIEMBRE,PN,30,5
2021,35,SEPTIEMBRE,PN,50,8
2021,35,SEPTIEMBRE,PN,100,23
2021,35,SEPTIEMBRE,PN,200,45
2021,35,SEPTIEMBRE,CR,10,1
2021,35,SEPTIEMBRE,CR,30,6
2021,35,SEPTIEMBRE,CR,50,13
2021,35,SEPTIEMBRE,CR,100,31
2021,35,SEPTIEMBRE,CR,200,59
2021,35,SEPTIEMBRE,GT,10,1
2021,35,SEPTIEMBRE,GT,30,8
2021,35,SEPTIEMBRE,GT,50,12
2021,35,SEPTIEMBRE,GT,100,24
2021,35,SEPTIEMBRE,GT,200,47
2021,35,SEPTIEMBRE,SV,10,1
2021,35,SEPTIEMBRE,SV,30,6
2021,35,SEPTIEMBRE,SV,50,10
2021,35,SEPTIEMBRE,SV,100,24
2021,35,SEPTIEMBRE,SV,200,53
2021,35,SEPTIEMBRE,HN,10,1
2021,35,SEPTIEMBRE,HN,30,7
2021,35,SEPTIEMBRE,HN,50,12
2021,35,SEPTIEMBRE,HN,100,28
2021,35,SEPTIEMBRE,HN,200,52
2021,35,SEPTIEMBRE,NI,10,1
2021,35,SEPTIEMBRE,NI,30,7
2021,35,SEPTIEMBRE,NI,50,12
2021,35,SEPTIEMBRE,NI,100,27
2021,35,SEPTIEMBRE,NI,200,53
2021,35,SEPTIEMBRE,DO,10,1
2021,35,SEPTIEMBRE,DO,30,7
2021,35,SEPTIEMBRE,DO,50,7
2021,35,SEPTIEMBRE,DO,100,18
2021,35,SEPTIEMBRE,DO,200,39
2021,35,SEPTIEMBRE,MX,10,3
2021,35,SEPTIEMBRE,MX,30,5
2021,35,SEPTIEMBRE,MX,50,9
2021,35,SEPTIEMBRE,MX,100,22
2021,35,SEPTIEMBRE,MX,200,54
2021,35,SEPTIEMBRE,SP,10,2
2021,35,SEPTIEMBRE,SP,30,5
2021,35,SEPTIEMBRE,SP,50,8
2021,35,SEPTIEMBRE,SP,100,11
2021,35,SEPTIEMBRE,SP,200,38
2021,35,SEPTIEMBRE,CL,10,1
2021,35,SEPTIEMBRE,CL,30,4
2021,35,SEPTIEMBRE,CL,50,7
2021,35,SEPTIEMBRE,CL,100,16
2021,35,SEPTIEMBRE,CL,200,39
2021,35,SEPTIEMBRE,AR,10,1
2021,35,SEPTIEMBRE,AR,30,2
2021,35,SEPTIEMBRE,AR,50,6
2021,35,SEPTIEMBRE,AR,100,12
2021,35,SEPTIEMBRE,AR,200,30
2021,35,SEPTIEMBRE,BR,10,2
2021,35,SEPTIEMBRE,BR,30,3
2021,35,SEPTIEMBRE,BR,50,5
2021,35,SEPTIEMBRE,BR,100,13
2021,35,SEPTIEMBRE,BR,200,35
2021,35,SEPTIEMBRE,PT,10,1
2021,35,SEPTIEMBRE,PT,30,5
2021,35,SEPTIEMBRE,PT,50,15
2021,35,SEPTIEMBRE,PT,100,37
2021,35,SEPTIEMBRE,PT,200,77
2021,36,SEPTIEMBRE,CO,10,2
2021,36,SEPTIEMBRE,CO,30,11
2021,36,SEPTIEMBRE,CO,50,16
2021,36,SEPTIEMBRE,CO,100,32
2021,36,SEPTIEMBRE,CO,200,69
2021,36,SEPTIEMBRE,PE,10,1
2021,36,SEPTIEMBRE,PE,30,5
2021,36,SEPTIEMBRE,PE,50,7
2021,36,SEPTIEMBRE,PE,100,22
2021,36,SEPTIEMBRE,PE,200,48
2021,36,SEPTIEMBRE,EC,10,1
2021,36,SEPTIEMBRE,EC,30,5
2021,36,SEPTIEMBRE,EC,50,10
2021,36,SEPTIEMBRE,EC,100,24
2021,36,SEPTIEMBRE,EC,200,50
2021,36,SEPTIEMBRE,PN,10,1
2021,36,SEPTIEMBRE,PN,30,6
2021,36,SEPTIEMBRE,PN,50,10
2021,36,SEPTIEMBRE,PN,100,27
2021,36,SEPTIEMBRE,PN,200,55
2021,36,SEPTIEMBRE,CR,10,1
2021,36,SEPTIEMBRE,CR,30,6
2021,36,SEPTIEMBRE,CR,50,14
2021,36,SEPTIEMBRE,CR,100,33
2021,36,SEPTIEMBRE,CR,200,68
2021,36,SEPTIEMBRE,GT,10,1
2021,36,SEPTIEMBRE,GT,30,9
2021,36,SEPTIEMBRE,GT,50,13
2021,36,SEPTIEMBRE,GT,100,23
2021,36,SEPTIEMBRE,GT,200,49
2021,36,SEPTIEMBRE,SV,10,1
2021,36,SEPTIEMBRE,SV,30,6
2021,36,SEPTIEMBRE,SV,50,11
2021,36,SEPTIEMBRE,SV,100,23
2021,36,SEPTIEMBRE,SV,200,52
2021,36,SEPTIEMBRE,HN,10,1
2021,36,SEPTIEMBRE,HN,30,8
2021,36,SEPTIEMBRE,HN,50,12
2021,36,SEPTIEMBRE,HN,100,31
2021,36,SEPTIEMBRE,HN,200,58
2021,36,SEPTIEMBRE,NI,10,1
2021,36,SEPTIEMBRE,NI,30,7
2021,36,SEPTIEMBRE,NI,50,12
2021,36,SEPTIEMBRE,NI,100,25
2021,36,SEPTIEMBRE,NI,200,51
2021,36,SEPTIEMBRE,DO,10,2
2021,36,SEPTIEMBRE,DO,30,7
2021,36,SEPTIEMBRE,DO,50,12
2021,36,SEPTIEMBRE,DO,100,28
2021,36,SEPTIEMBRE,DO,200,61
2021,36,SEPTIEMBRE,MX,10,3
2021,36,SEPTIEMBRE,MX,30,5
2021,36,SEPTIEMBRE,MX,50,9
2021,36,SEPTIEMBRE,MX,100,23
2021,36,SEPTIEMBRE,MX,200,54
2021,36,SEPTIEMBRE,SP,10,3
2021,36,SEPTIEMBRE,SP,30,6
2021,36,SEPTIEMBRE,SP,50,8
2021,36,SEPTIEMBRE,SP,100,13
2021,36,SEPTIEMBRE,SP,200,46
2021,36,SEPTIEMBRE,CL,10,2
2021,36,SEPTIEMBRE,CL,30,5
2021,36,SEPTIEMBRE,CL,50,7
2021,36,SEPTIEMBRE,CL,100,16
2021,36,SEPTIEMBRE,CL,200,42
2021,36,SEPTIEMBRE,AR,10,1
2021,36,SEPTIEMBRE,AR,30,1
2021,36,SEPTIEMBRE,AR,50,7
2021,36,SEPTIEMBRE,AR,100,13
2021,36,SEPTIEMBRE,AR,200,29
2021,36,SEPTIEMBRE,BR,10,2
2021,36,SEPTIEMBRE,BR,30,5
2021,36,SEPTIEMBRE,BR,50,8
2021,36,SEPTIEMBRE,BR,100,17
2021,36,SEPTIEMBRE,BR,200,42
2021,36,SEPTIEMBRE,PT,10,2
2021,36,SEPTIEMBRE,PT,30,9
2021,36,SEPTIEMBRE,PT,50,17
2021,36,SEPTIEMBRE,PT,100,40
2021,36,SEPTIEMBRE,PT,200,78
2021,37,SEPTIEMBRE,CO,10,3
2021,37,SEPTIEMBRE,CO,30,12
2021,37,SEPTIEMBRE,CO,50,18
2021,37,SEPTIEMBRE,CO,100,43
2021,37,SEPTIEMBRE,CO,200,79
2021,37,SEPTIEMBRE,PE,10,2
2021,37,SEPTIEMBRE,PE,30,6
2021,37,SEPTIEMBRE,PE,50,9
2021,37,SEPTIEMBRE,PE,100,24
2021,37,SEPTIEMBRE,PE,200,49
2021,37,SEPTIEMBRE,EC,10,1
2021,37,SEPTIEMBRE,EC,30,7
2021,37,SEPTIEMBRE,EC,50,11
2021,37,SEPTIEMBRE,EC,100,27
2021,37,SEPTIEMBRE,EC,200,56
2021,37,SEPTIEMBRE,PN,10,2
2021,37,SEPTIEMBRE,PN,30,7
2021,37,SEPTIEMBRE,PN,50,9
2021,37,SEPTIEMBRE,PN,100,26
2021,37,SEPTIEMBRE,PN,200,53
2021,37,SEPTIEMBRE,CR,10,1
2021,37,SEPTIEMBRE,CR,30,8
2021,37,SEPTIEMBRE,CR,50,13
2021,37,SEPTIEMBRE,CR,100,35
2021,37,SEPTIEMBRE,CR,200,71
2021,37,SEPTIEMBRE,GT,10,1
2021,37,SEPTIEMBRE,GT,30,10
2021,37,SEPTIEMBRE,GT,50,14
2021,37,SEPTIEMBRE,GT,100,25
2021,37,SEPTIEMBRE,GT,200,59
2021,37,SEPTIEMBRE,SV,10,1
2021,37,SEPTIEMBRE,SV,30,9
2021,37,SEPTIEMBRE,SV,50,12
2021,37,SEPTIEMBRE,SV,100,25
2021,37,SEPTIEMBRE,SV,200,59
2021,37,SEPTIEMBRE,HN,10,1
2021,37,SEPTIEMBRE,HN,30,9
2021,37,SEPTIEMBRE,HN,50,12
2021,37,SEPTIEMBRE,HN,100,31
2021,37,SEPTIEMBRE,HN,200,58
2021,37,SEPTIEMBRE,NI,10,1
2021,37,SEPTIEMBRE,NI,30,8
2021,37,SEPTIEMBRE,NI,50,14
2021,37,SEPTIEMBRE,NI,100,26
2021,37,SEPTIEMBRE,NI,200,53
2021,37,SEPTIEMBRE,DO,10,1
2021,37,SEPTIEMBRE,DO,30,7
2021,37,SEPTIEMBRE,DO,50,9
2021,37,SEPTIEMBRE,DO,100,24
2021,37,SEPTIEMBRE,DO,200,52
2021,37,SEPTIEMBRE,MX,10,3
2021,37,SEPTIEMBRE,MX,30,6
2021,37,SEPTIEMBRE,MX,50,12
2021,37,SEPTIEMBRE,MX,100,25
2021,37,SEPTIEMBRE,MX,200,56
2021,37,SEPTIEMBRE,SP,10,3
2021,37,SEPTIEMBRE,SP,30,5
2021,37,SEPTIEMBRE,SP,50,9
2021,37,SEPTIEMBRE,SP,100,14
2021,37,SEPTIEMBRE,SP,200,47
2021,37,SEPTIEMBRE,CL,10,2
2021,37,SEPTIEMBRE,CL,30,6
2021,37,SEPTIEMBRE,CL,50,7
2021,37,SEPTIEMBRE,CL,100,16
2021,37,SEPTIEMBRE,CL,200,46
2021,37,SEPTIEMBRE,AR,10,1
2021,37,SEPTIEMBRE,AR,30,1
2021,37,SEPTIEMBRE,AR,50,7
2021,37,SEPTIEMBRE,AR,100,12
2021,37,SEPTIEMBRE,AR,200,27
2021,37,SEPTIEMBRE,BR,10,2
2021,37,SEPTIEMBRE,BR,30,4
2021,37,SEPTIEMBRE,BR,50,6
2021,37,SEPTIEMBRE,BR,100,13
2021,37,SEPTIEMBRE,BR,200,42
2021,37,SEPTIEMBRE,PT,10,1
2021,37,SEPTIEMBRE,PT,30,7
2021,37,SEPTIEMBRE,PT,50,13
2021,37,SEPTIEMBRE,PT,100,28
2021,37,SEPTIEMBRE,PT,200,69
2021,38,SEPTIEMBRE,CO,10,2
2021,38,SEPTIEMBRE,CO,30,12
2021,38,SEPTIEMBRE,CO,50,16
2021,38,SEPTIEMBRE,CO,100,34
2021,38,SEPTIEMBRE,CO,200,68
2021,38,SEPTIEMBRE,PE,10,1
2021,38,SEPTIEMBRE,PE,30,6
2021,38,SEPTIEMBRE,PE,50,7
2021,38,SEPTIEMBRE,PE,100,25
2021,38,SEPTIEMBRE,PE,200,48
2021,38,SEPTIEMBRE,EC,10,1
2021,38,SEPTIEMBRE,EC,30,7
2021,38,SEPTIEMBRE,EC,50,11
2021,38,SEPTIEMBRE,EC,100,25
2021,38,SEPTIEMBRE,EC,200,49
2021,38,SEPTIEMBRE,PN,10,1
2021,38,SEPTIEMBRE,PN,30,7
2021,38,SEPTIEMBRE,PN,50,7
2021,38,SEPTIEMBRE,PN,100,23
2021,38,SEPTIEMBRE,PN,200,45
2021,38,SEPTIEMBRE,CR,10,1
2021,38,SEPTIEMBRE,CR,30,7
2021,38,SEPTIEMBRE,CR,50,11
2021,38,SEPTIEMBRE,CR,100,30
2021,38,SEPTIEMBRE,CR,200,59
2021,38,SEPTIEMBRE,GT,10,1
2021,38,SEPTIEMBRE,GT,30,9
2021,38,SEPTIEMBRE,GT,50,13
2021,38,SEPTIEMBRE,GT,100,22
2021,38,SEPTIEMBRE,GT,200,50
2021,38,SEPTIEMBRE,SV,10,1
2021,38,SEPTIEMBRE,SV,30,8
2021,38,SEPTIEMBRE,SV,50,11
2021,38,SEPTIEMBRE,SV,100,27
2021,38,SEPTIEMBRE,SV,200,53
2021,38,SEPTIEMBRE,HN,10,1
2021,38,SEPTIEMBRE,HN,30,7
2021,38,SEPTIEMBRE,HN,50,12
2021,38,SEPTIEMBRE,HN,100,28
2021,38,SEPTIEMBRE,HN,200,53
2021,38,SEPTIEMBRE,NI,10,1
2021,38,SEPTIEMBRE,NI,30,8
2021,38,SEPTIEMBRE,NI,50,12
2021,38,SEPTIEMBRE,NI,100,27
2021,38,SEPTIEMBRE,NI,200,52
2021,38,SEPTIEMBRE,DO,10,1
2021,38,SEPTIEMBRE,DO,30,6
2021,38,SEPTIEMBRE,DO,50,9
2021,38,SEPTIEMBRE,DO,100,20
2021,38,SEPTIEMBRE,DO,200,39
2021,38,SEPTIEMBRE,MX,10,3
2021,38,SEPTIEMBRE,MX,30,6
2021,38,SEPTIEMBRE,MX,50,10
2021,38,SEPTIEMBRE,MX,100,25
2021,38,SEPTIEMBRE,MX,200,55
2021,38,SEPTIEMBRE,SP,10,2
2021,38,SEPTIEMBRE,SP,30,7
2021,38,SEPTIEMBRE,SP,50,11
2021,38,SEPTIEMBRE,SP,100,14
2021,38,SEPTIEMBRE,SP,200,40
2021,38,SEPTIEMBRE,CL,10,2
2021,38,SEPTIEMBRE,CL,30,6
2021,38,SEPTIEMBRE,CL,50,7
2021,38,SEPTIEMBRE,CL,100,12
2021,38,SEPTIEMBRE,CL,200,37
2021,38,SEPTIEMBRE,AR,10,1
2021,38,SEPTIEMBRE,AR,30,2
2021,38,SEPTIEMBRE,AR,50,6
2021,38,SEPTIEMBRE,AR,100,12
2021,38,SEPTIEMBRE,AR,200,30
2021,38,SEPTIEMBRE,BR,10,2
2021,38,SEPTIEMBRE,BR,30,6
2021,38,SEPTIEMBRE,BR,50,7
2021,38,SEPTIEMBRE,BR,100,12
2021,38,SEPTIEMBRE,BR,200,37
2021,38,SEPTIEMBRE,PT,10,1
2021,38,SEPTIEMBRE,PT,30,6
2021,38,SEPTIEMBRE,PT,50,9
2021,38,SEPTIEMBRE,PT,100,21
2021,38,SEPTIEMBRE,PT,200,61
2021,39,SEPTIEMBRE,CO,10,3
2021,39,SEPTIEMBRE,CO,30,14
2021,39,SEPTIEMBRE,CO,50,18
2021,39,SEPTIEMBRE,CO,100,32
2021,39,SEPTIEMBRE,CO,200,68
2021,39,SEPTIEMBRE,PE,10,2
2021,39,SEPTIEMBRE,PE,30,7
2021,39,SEPTIEMBRE,PE,50,11
2021,39,SEPTIEMBRE,PE,100,25
2021,39,SEPTIEMBRE,PE,200,49
2021,39,SEPTIEMBRE,EC,10,1
2021,39,SEPTIEMBRE,EC,30,9
2021,39,SEPTIEMBRE,EC,50,13
2021,39,SEPTIEMBRE,EC,100,27
2021,39,SEPTIEMBRE,EC,200,49
2021,39,SEPTIEMBRE,PN,10,1
2021,39,SEPTIEMBRE,PN,30,8
2021,39,SEPTIEMBRE,PN,50,9
2021,39,SEPTIEMBRE,PN,100,25
2021,39,SEPTIEMBRE,PN,200,44
2021,39,SEPTIEMBRE,CR,10,1
2021,39,SEPTIEMBRE,CR,30,8
2021,39,SEPTIEMBRE,CR,50,13
2021,39,SEPTIEMBRE,CR,100,32
2021,39,SEPTIEMBRE,CR,200,61
2021,39,SEPTIEMBRE,GT,10,2
2021,39,SEPTIEMBRE,GT,30,10
2021,39,SEPTIEMBRE,GT,50,15
2021,39,SEPTIEMBRE,GT,100,26
2021,39,SEPTIEMBRE,GT,200,52
2021,39,SEPTIEMBRE,SV,10,2
2021,39,SEPTIEMBRE,SV,30,8
2021,39,SEPTIEMBRE,SV,50,13
2021,39,SEPTIEMBRE,SV,100,27
2021,39,SEPTIEMBRE,SV,200,52
2021,39,SEPTIEMBRE,HN,10,1
2021,39,SEPTIEMBRE,HN,30,8
2021,39,SEPTIEMBRE,HN,50,14
2021,39,SEPTIEMBRE,HN,100,27
2021,39,SEPTIEMBRE,HN,200,51
2021,39,SEPTIEMBRE,NI,10,1
2021,39,SEPTIEMBRE,NI,30,8
2021,39,SEPTIEMBRE,NI,50,12
2021,39,SEPTIEMBRE,NI,100,28
2021,39,SEPTIEMBRE,NI,200,51
2021,39,SEPTIEMBRE,DO,10,1
2021,39,SEPTIEMBRE,DO,30,5
2021,39,SEPTIEMBRE,DO,50,10
2021,39,SEPTIEMBRE,DO,100,21
2021,39,SEPTIEMBRE,DO,200,42
2021,39,SEPTIEMBRE,MX,10,2
2021,39,SEPTIEMBRE,MX,30,7
2021,39,SEPTIEMBRE,MX,50,13
2021,39,SEPTIEMBRE,MX,100,28
2021,39,SEPTIEMBRE,MX,200,53
2021,39,SEPTIEMBRE,SP,10,3
2021,39,SEPTIEMBRE,SP,30,7
2021,39,SEPTIEMBRE,SP,50,12
2021,39,SEPTIEMBRE,SP,100,18
2021,39,SEPTIEMBRE,SP,200,37
2021,39,SEPTIEMBRE,CL,10,2
2021,39,SEPTIEMBRE,CL,30,6
2021,39,SEPTIEMBRE,CL,50,9
2021,39,SEPTIEMBRE,CL,100,19
2021,39,SEPTIEMBRE,CL,200,40
2021,39,SEPTIEMBRE,AR,10,1
2021,39,SEPTIEMBRE,AR,30,2
2021,39,SEPTIEMBRE,AR,50,7
2021,39,SEPTIEMBRE,AR,100,14
2021,39,SEPTIEMBRE,AR,200,31
2021,39,SEPTIEMBRE,BR,10,2
2021,39,SEPTIEMBRE,BR,30,6
2021,39,SEPTIEMBRE,BR,50,6
2021,39,SEPTIEMBRE,BR,100,12
2021,39,SEPTIEMBRE,BR,200,34
2021,39,SEPTIEMBRE,PT,10,1
2021,39,SEPTIEMBRE,PT,30,6
2021,39,SEPTIEMBRE,PT,50,11
2021,39,SEPTIEMBRE,PT,100,25
2021,39,SEPTIEMBRE,PT,200,64
2021,40,OCTUBRE,CO,10,2
2021,40,OCTUBRE,CO,30,12
2021,40,OCTUBRE,CO,50,17
2021,40,OCTUBRE,CO,100,32
2021,40,OCTUBRE,CO,200,62
2021,40,OCTUBRE,PE,10,1
2021,40,OCTUBRE,PE,30,8
2021,40,OCTUBRE,PE,50,10
2021,40,OCTUBRE,PE,100,26
2021,40,OCTUBRE,PE,200,47
2021,40,OCTUBRE,EC,10,1
2021,40,OCTUBRE,EC,30,9
2021,40,OCTUBRE,EC,50,12
2021,40,OCTUBRE,EC,100,27
2021,40,OCTUBRE,EC,200,47
2021,40,OCTUBRE,PN,10,1
2021,40,OCTUBRE,PN,30,7
2021,40,OCTUBRE,PN,50,11
2021,40,OCTUBRE,PN,100,25
2021,40,OCTUBRE,PN,200,44
2021,40,OCTUBRE,CR,10,1
2021,40,OCTUBRE,CR,30,7
2021,40,OCTUBRE,CR,50,13
2021,40,OCTUBRE,CR,100,31
2021,40,OCTUBRE,CR,200,59
2021,40,OCTUBRE,GT,10,1
2021,40,OCTUBRE,GT,30,10
2021,40,OCTUBRE,GT,50,15
2021,40,OCTUBRE,GT,100,24
2021,40,OCTUBRE,GT,200,52
2021,40,OCTUBRE,SV,10,1
2021,40,OCTUBRE,SV,30,8
2021,40,OCTUBRE,SV,50,13
2021,40,OCTUBRE,SV,100,26
2021,40,OCTUBRE,SV,200,50
2021,40,OCTUBRE,HN,10,1
2021,40,OCTUBRE,HN,30,8
2021,40,OCTUBRE,HN,50,13
2021,40,OCTUBRE,HN,100,26
2021,40,OCTUBRE,HN,200,53
2021,40,OCTUBRE,NI,10,1
2021,40,OCTUBRE,NI,30,9
2021,40,OCTUBRE,NI,50,13
2021,40,OCTUBRE,NI,100,28
2021,40,OCTUBRE,NI,200,51
2021,40,OCTUBRE,DO,10,1
2021,40,OCTUBRE,DO,30,5
2021,40,OCTUBRE,DO,50,8
2021,40,OCTUBRE,DO,100,22
2021,40,OCTUBRE,DO,200,42
2021,40,OCTUBRE,MX,10,2
2021,40,OCTUBRE,MX,30,7
2021,40,OCTUBRE,MX,50,10
2021,40,OCTUBRE,MX,100,26
2021,40,OCTUBRE,MX,200,52
2021,40,OCTUBRE,SP,10,3
2021,40,OCTUBRE,SP,30,6
2021,40,OCTUBRE,SP,50,12
2021,40,OCTUBRE,SP,100,17
2021,40,OCTUBRE,SP,200,38
2021,40,OCTUBRE,CL,10,1
2021,40,OCTUBRE,CL,30,5
2021,40,OCTUBRE,CL,50,7
2021,40,OCTUBRE,CL,100,18
2021,40,OCTUBRE,CL,200,41
2021,40,OCTUBRE,AR,10,1
2021,40,OCTUBRE,AR,30,1
2021,40,OCTUBRE,AR,50,6
2021,40,OCTUBRE,AR,100,16
2021,40,OCTUBRE,AR,200,32
2021,40,OCTUBRE,BR,10,1
2021,40,OCTUBRE,BR,30,5
2021,40,OCTUBRE,BR,50,7
2021,40,OCTUBRE,BR,100,12
2021,40,OCTUBRE,BR,200,33
2021,40,OCTUBRE,PT,10,1
2021,40,OCTUBRE,PT,30,5
2021,40,OCTUBRE,PT,50,8
2021,40,OCTUBRE,PT,100,25
2021,40,OCTUBRE,PT,200,62
2021,41,OCTUBRE,CO,10,1
2021,41,OCTUBRE,CO,30,11
2021,41,OCTUBRE,CO,50,17
2021,41,OCTUBRE,CO,100,29
2021,41,OCTUBRE,CO,200,61
2021,41,OCTUBRE,PE,10,1
2021,41,OCTUBRE,PE,30,9
2021,41,OCTUBRE,PE,50,10
2021,41,OCTUBRE,PE,100,23
2021,41,OCTUBRE,PE,200,47
2021,41,OCTUBRE,EC,10,1
2021,41,OCTUBRE,EC,30,9
2021,41,OCTUBRE,EC,50,13
2021,41,OCTUBRE,EC,100,25
2021,41,OCTUBRE,EC,200,48
2021,41,OCTUBRE,PN,10,1
2021,41,OCTUBRE,PN,30,6
2021,41,OCTUBRE,PN,50,10
2021,41,OCTUBRE,PN,100,24
2021,41,OCTUBRE,PN,200,45
2021,41,OCTUBRE,CR,10,0
2021,41,OCTUBRE,CR,30,7
2021,41,OCTUBRE,CR,50,13
2021,41,OCTUBRE,CR,100,29
2021,41,OCTUBRE,CR,200,56
2021,41,OCTUBRE,GT,10,1
2021,41,OCTUBRE,GT,30,9
2021,41,OCTUBRE,GT,50,13
2021,41,OCTUBRE,GT,100,25
2021,41,OCTUBRE,GT,200,54
2021,41,OCTUBRE,SV,10,1
2021,41,OCTUBRE,SV,30,7
2021,41,OCTUBRE,SV,50,13
2021,41,OCTUBRE,SV,100,24
2021,41,OCTUBRE,SV,200,52
2021,41,OCTUBRE,HN,10,1
2021,41,OCTUBRE,HN,30,7
2021,41,OCTUBRE,HN,50,13
2021,41,OCTUBRE,HN,100,25
2021,41,OCTUBRE,HN,200,52
2021,41,OCTUBRE,NI,10,0
2021,41,OCTUBRE,NI,30,9
2021,41,OCTUBRE,NI,50,13
2021,41,OCTUBRE,NI,100,27
2021,41,OCTUBRE,NI,200,52
2021,41,OCTUBRE,DO,10,1
2021,41,OCTUBRE,DO,30,5
2021,41,OCTUBRE,DO,50,8
2021,41,OCTUBRE,DO,100,21
2021,41,OCTUBRE,DO,200,39
2021,41,OCTUBRE,MX,10,1
2021,41,OCTUBRE,MX,30,7
2021,41,OCTUBRE,MX,50,11
2021,41,OCTUBRE,MX,100,25
2021,41,OCTUBRE,MX,200,52
2021,41,OCTUBRE,SP,10,3
2021,41,OCTUBRE,SP,30,6
2021,41,OCTUBRE,SP,50,10
2021,41,OCTUBRE,SP,100,16
2021,41,OCTUBRE,SP,200,37
2021,41,OCTUBRE,CL,10,1
2021,41,OCTUBRE,CL,30,5
2021,41,OCTUBRE,CL,50,9
2021,41,OCTUBRE,CL,100,19
2021,41,OCTUBRE,CL,200,40
2021,41,OCTUBRE,AR,10,0
2021,41,OCTUBRE,AR,30,1
2021,41,OCTUBRE,AR,50,5
2021,41,OCTUBRE,AR,100,18
2021,41,OCTUBRE,AR,200,33
2021,41,OCTUBRE,BR,10,1
2021,41,OCTUBRE,BR,30,5
2021,41,OCTUBRE,BR,50,7
2021,41,OCTUBRE,BR,100,12
2021,41,OCTUBRE,BR,200,30
2021,41,OCTUBRE,PT,10,1
2021,41,OCTUBRE,PT,30,5
2021,41,OCTUBRE,PT,50,8
2021,41,OCTUBRE,PT,100,22
2021,41,OCTUBRE,PT,200,57
2021,42,OCTUBRE,CO,10,1
2021,42,OCTUBRE,CO,30,12
2021,42,OCTUBRE,CO,50,16
2021,42,OCTUBRE,CO,100,28
2021,42,OCTUBRE,CO,200,55
2021,42,OCTUBRE,PE,10,1
2021,42,OCTUBRE,PE,30,7
2021,42,OCTUBRE,PE,50,9
2021,42,OCTUBRE,PE,100,22
2021,42,OCTUBRE,PE,200,40
2021,42,OCTUBRE,EC,10,1
2021,42,OCTUBRE,EC,30,8
2021,42,OCTUBRE,EC,50,12
2021,42,OCTUBRE,EC,100,23
2021,42,OCTUBRE,EC,200,45
2021,42,OCTUBRE,PN,10,1
2021,42,OCTUBRE,PN,30,5
2021,42,OCTUBRE,PN,50,9
2021,42,OCTUBRE,PN,100,20
2021,42,OCTUBRE,PN,200,38
2021,42,OCTUBRE,CR,10,0
2021,42,OCTUBRE,CR,30,3
2021,42,OCTUBRE,CR,50,9
2021,42,OCTUBRE,CR,100,23
2021,42,OCTUBRE,CR,200,46
2021,42,OCTUBRE,GT,10,0
2021,42,OCTUBRE,GT,30,6
2021,42,OCTUBRE,GT,50,14
2021,42,OCTUBRE,GT,100,23
2021,42,OCTUBRE,GT,200,50
2021,42,OCTUBRE,SV,10,0
2021,42,OCTUBRE,SV,30,6
2021,42,OCTUBRE,SV,50,12
2021,42,OCTUBRE,SV,100,21
2021,42,OCTUBRE,SV,200,46
2021,42,OCTUBRE,HN,10,0
2021,42,OCTUBRE,HN,30,6
2021,42,OCTUBRE,HN,50,11
2021,42,OCTUBRE,HN,100,24
2021,42,OCTUBRE,HN,200,48
2021,42,OCTUBRE,NI,10,0
2021,42,OCTUBRE,NI,30,7
2021,42,OCTUBRE,NI,50,11
2021,42,OCTUBRE,NI,100,24
2021,42,OCTUBRE,NI,200,48
2021,42,OCTUBRE,DO,10,1
2021,42,OCTUBRE,DO,30,3
2021,42,OCTUBRE,DO,50,6
2021,42,OCTUBRE,DO,100,18
2021,42,OCTUBRE,DO,200,30
2021,42,OCTUBRE,MX,10,1
2021,42,OCTUBRE,MX,30,5
2021,42,OCTUBRE,MX,50,10
2021,42,OCTUBRE,MX,100,24
2021,42,OCTUBRE,MX,200,48
2021,42,OCTUBRE,SP,10,3
2021,42,OCTUBRE,SP,30,4
2021,42,OCTUBRE,SP,50,9
2021,42,OCTUBRE,SP,100,16
2021,42,OCTUBRE,SP,200,36
2021,42,OCTUBRE,CL,10,1
2021,42,OCTUBRE,CL,30,4
2021,42,OCTUBRE,CL,50,9
2021,42,OCTUBRE,CL,100,18
2021,42,OCTUBRE,CL,200,38
2021,42,OCTUBRE,AR,10,0
2021,42,OCTUBRE,AR,30,2
2021,42,OCTUBRE,AR,50,5
2021,42,OCTUBRE,AR,100,15
2021,42,OCTUBRE,AR,200,30
2021,42,OCTUBRE,BR,10,1
2021,42,OCTUBRE,BR,30,5
2021,42,OCTUBRE,BR,50,6
2021,42,OCTUBRE,BR,100,10
2021,42,OCTUBRE,BR,200,33
2021,42,OCTUBRE,PT,10,1
2021,42,OCTUBRE,PT,30,5
2021,42,OCTUBRE,PT,50,8
2021,42,OCTUBRE,PT,100,20
2021,42,OCTUBRE,PT,200,54
2021,43,OCTUBRE,CO,10,1
2021,43,OCTUBRE,CO,30,10
2021,43,OCTUBRE,CO,50,16
2021,43,OCTUBRE,CO,100,31
2021,43,OCTUBRE,CO,200,58
2021,43,OCTUBRE,PE,10,1
2021,43,OCTUBRE,PE,30,7
2021,43,OCTUBRE,PE,50,11
2021,43,OCTUBRE,PE,100,22
2021,43,OCTUBRE,PE,200,41
2021,43,OCTUBRE,EC,10,1
2021,43,OCTUBRE,EC,30,8
2021,43,OCTUBRE,EC,50,13
2021,43,OCTUBRE,EC,100,23
2021,43,OCTUBRE,EC,200,45
2021,43,OCTUBRE,PN,10,1
2021,43,OCTUBRE,PN,30,5
2021,43,OCTUBRE,PN,50,9
2021,43,OCTUBRE,PN,100,22
2021,43,OCTUBRE,PN,200,41
2021,43,OCTUBRE,CR,10,0
2021,43,OCTUBRE,CR,30,5
2021,43,OCTUBRE,CR,50,9
2021,43,OCTUBRE,CR,100,25
2021,43,OCTUBRE,CR,200,51
2021,43,OCTUBRE,GT,10,0
2021,43,OCTUBRE,GT,30,6
2021,43,OCTUBRE,GT,50,15
2021,43,OCTUBRE,GT,100,24
2021,43,OCTUBRE,GT,200,51
2021,43,OCTUBRE,SV,10,1
2021,43,OCTUBRE,SV,30,6
2021,43,OCTUBRE,SV,50,12
2021,43,OCTUBRE,SV,100,22
2021,43,OCTUBRE,SV,200,48
2021,43,OCTUBRE,HN,10,1
2021,43,OCTUBRE,HN,30,6
2021,43,OCTUBRE,HN,50,11
2021,43,OCTUBRE,HN,100,25
2021,43,OCTUBRE,HN,200,50
2021,43,OCTUBRE,NI,10,0
2021,43,OCTUBRE,NI,30,7
2021,43,OCTUBRE,NI,50,11
2021,43,OCTUBRE,NI,100,25
2021,43,OCTUBRE,NI,200,48
2021,43,OCTUBRE,DO,10,1
2021,43,OCTUBRE,DO,30,3
2021,43,OCTUBRE,DO,50,6
2021,43,OCTUBRE,DO,100,19
2021,43,OCTUBRE,DO,200,33
2021,43,OCTUBRE,MX,10,1
2021,43,OCTUBRE,MX,30,5
2021,43,OCTUBRE,MX,50,11
2021,43,OCTUBRE,MX,100,25
2021,43,OCTUBRE,MX,200,50
2021,43,OCTUBRE,SP,10,3
2021,43,OCTUBRE,SP,30,4
2021,43,OCTUBRE,SP,50,10
2021,43,OCTUBRE,SP,100,17
2021,43,OCTUBRE,SP,200,39
2021,43,OCTUBRE,CL,10,1
2021,43,OCTUBRE,CL,30,5
2021,43,OCTUBRE,CL,50,9
2021,43,OCTUBRE,CL,100,15
2021,43,OCTUBRE,CL,200,37
2021,43,OCTUBRE,AR,10,0
2021,43,OCTUBRE,AR,30,2
2021,43,OCTUBRE,AR,50,5
2021,43,OCTUBRE,AR,100,16
2021,43,OCTUBRE,AR,200,34
2021,43,OCTUBRE,BR,10,1
2021,43,OCTUBRE,BR,30,5
2021,43,OCTUBRE,BR,50,8
2021,43,OCTUBRE,BR,100,15
2021,43,OCTUBRE,BR,200,36
2021,43,OCTUBRE,PT,10,1
2021,43,OCTUBRE,PT,30,5
2021,43,OCTUBRE,PT,50,8
2021,43,OCTUBRE,PT,100,20
2021,43,OCTUBRE,PT,200,56
2021,44,NOVIEMBRE,CO,10,2
2021,44,NOVIEMBRE,CO,30,11
2021,44,NOVIEMBRE,CO,50,16
2021,44,NOVIEMBRE,CO,100,28
2021,44,NOVIEMBRE,CO,200,60
2021,44,NOVIEMBRE,PE,10,1
2021,44,NOVIEMBRE,PE,30,7
2021,44,NOVIEMBRE,PE,50,11
2021,44,NOVIEMBRE,PE,100,23
2021,44,NOVIEMBRE,PE,200,42
2021,44,NOVIEMBRE,EC,10,1
2021,44,NOVIEMBRE,EC,30,7
2021,44,NOVIEMBRE,EC,50,13
2021,44,NOVIEMBRE,EC,100,25
2021,44,NOVIEMBRE,EC,200,43
2021,44,NOVIEMBRE,PN,10,1
2021,44,NOVIEMBRE,PN,30,4
2021,44,NOVIEMBRE,PN,50,9
2021,44,NOVIEMBRE,PN,100,21
2021,44,NOVIEMBRE,PN,200,42
2021,44,NOVIEMBRE,CR,10,0
2021,44,NOVIEMBRE,CR,30,4
2021,44,NOVIEMBRE,CR,50,11
2021,44,NOVIEMBRE,CR,100,29
2021,44,NOVIEMBRE,CR,200,51
2021,44,NOVIEMBRE,GT,10,1
2021,44,NOVIEMBRE,GT,30,7
2021,44,NOVIEMBRE,GT,50,15
2021,44,NOVIEMBRE,GT,100,25
2021,44,NOVIEMBRE,GT,200,52
2021,44,NOVIEMBRE,SV,10,1
2021,44,NOVIEMBRE,SV,30,5
2021,44,NOVIEMBRE,SV,50,12
2021,44,NOVIEMBRE,SV,100,22
2021,44,NOVIEMBRE,SV,200,48
2021,44,NOVIEMBRE,HN,10,1
2021,44,NOVIEMBRE,HN,30,4
2021,44,NOVIEMBRE,HN,50,11
2021,44,NOVIEMBRE,HN,100,22
2021,44,NOVIEMBRE,HN,200,50
2021,44,NOVIEMBRE,NI,10,1
2021,44,NOVIEMBRE,NI,30,7
2021,44,NOVIEMBRE,NI,50,11
2021,44,NOVIEMBRE,NI,100,24
2021,44,NOVIEMBRE,NI,200,48
2021,44,NOVIEMBRE,DO,10,1
2021,44,NOVIEMBRE,DO,30,2
2021,44,NOVIEMBRE,DO,50,4
2021,44,NOVIEMBRE,DO,100,17
2021,44,NOVIEMBRE,DO,200,32
2021,44,NOVIEMBRE,MX,10,1
2021,44,NOVIEMBRE,MX,30,5
2021,44,NOVIEMBRE,MX,50,11
2021,44,NOVIEMBRE,MX,100,23
2021,44,NOVIEMBRE,MX,200,50
2021,44,NOVIEMBRE,SP,10,3
2021,44,NOVIEMBRE,SP,30,3
2021,44,NOVIEMBRE,SP,50,8
2021,44,NOVIEMBRE,SP,100,17
2021,44,NOVIEMBRE,SP,200,40
2021,44,NOVIEMBRE,CL,10,1
2021,44,NOVIEMBRE,CL,30,5
2021,44,NOVIEMBRE,CL,50,8
2021,44,NOVIEMBRE,CL,100,14
2021,44,NOVIEMBRE,CL,200,37
2021,44,NOVIEMBRE,AR,10,0
2021,44,NOVIEMBRE,AR,30,2
2021,44,NOVIEMBRE,AR,50,4
2021,44,NOVIEMBRE,AR,100,12
2021,44,NOVIEMBRE,AR,200,31
2021,44,NOVIEMBRE,BR,10,1
2021,44,NOVIEMBRE,BR,30,5
2021,44,NOVIEMBRE,BR,50,7
2021,44,NOVIEMBRE,BR,100,11
2021,44,NOVIEMBRE,BR,200,32
2021,44,NOVIEMBRE,PT,10,1
2021,44,NOVIEMBRE,PT,30,5
2021,44,NOVIEMBRE,PT,50,7
2021,44,NOVIEMBRE,PT,100,22
2021,44,NOVIEMBRE,PT,200,53
2021,45,NOVIEMBRE,CO,10,2
2021,45,NOVIEMBRE,CO,30,10
2021,45,NOVIEMBRE,CO,50,17
2021,45,NOVIEMBRE,CO,100,28
2021,45,NOVIEMBRE,CO,200,53
2021,45,NOVIEMBRE,PE,10,1
2021,45,NOVIEMBRE,PE,30,7
2021,45,NOVIEMBRE,PE,50,11
2021,45,NOVIEMBRE,PE,100,21
2021,45,NOVIEMBRE,PE,200,39
2021,45,NOVIEMBRE,EC,10,1
2021,45,NOVIEMBRE,EC,30,6
2021,45,NOVIEMBRE,EC,50,11
2021,45,NOVIEMBRE,EC,100,22
2021,45,NOVIEMBRE,EC,200,40
2021,45,NOVIEMBRE,PN,10,1
2021,45,NOVIEMBRE,PN,30,3
2021,45,NOVIEMBRE,PN,50,8
2021,45,NOVIEMBRE,PN,100,22
2021,45,NOVIEMBRE,PN,200,39
2021,45,NOVIEMBRE,CR,10,1
2021,45,NOVIEMBRE,CR,30,4
2021,45,NOVIEMBRE,CR,50,10
2021,45,NOVIEMBRE,CR,100,26
2021,45,NOVIEMBRE,CR,200,50
2021,45,NOVIEMBRE,GT,10,0
2021,45,NOVIEMBRE,GT,30,5
2021,45,NOVIEMBRE,GT,50,12
2021,45,NOVIEMBRE,GT,100,24
2021,45,NOVIEMBRE,GT,200,45
2021,45,NOVIEMBRE,SV,10,1
2021,45,NOVIEMBRE,SV,30,6
2021,45,NOVIEMBRE,SV,50,11
2021,45,NOVIEMBRE,SV,100,20
2021,45,NOVIEMBRE,SV,200,45
2021,45,NOVIEMBRE,HN,10,1
2021,45,NOVIEMBRE,HN,30,5
2021,45,NOVIEMBRE,HN,50,8
2021,45,NOVIEMBRE,HN,100,20
2021,45,NOVIEMBRE,HN,200,47
2021,45,NOVIEMBRE,NI,10,1
2021,45,NOVIEMBRE,NI,30,7
2021,45,NOVIEMBRE,NI,50,9
2021,45,NOVIEMBRE,NI,100,22
2021,45,NOVIEMBRE,NI,200,42
2021,45,NOVIEMBRE,DO,10,1
2021,45,NOVIEMBRE,DO,30,1
2021,45,NOVIEMBRE,DO,50,5
2021,45,NOVIEMBRE,DO,100,14
2021,45,NOVIEMBRE,DO,200,31
2021,45,NOVIEMBRE,MX,10,1
2021,45,NOVIEMBRE,MX,30,4
2021,45,NOVIEMBRE,MX,50,7
2021,45,NOVIEMBRE,MX,100,22
2021,45,NOVIEMBRE,MX,200,46
2021,45,NOVIEMBRE,SP,10,3
2021,45,NOVIEMBRE,SP,30,4
2021,45,NOVIEMBRE,SP,50,7
2021,45,NOVIEMBRE,SP,100,15
2021,45,NOVIEMBRE,SP,200,39
2021,45,NOVIEMBRE,CL,10,1
2021,45,NOVIEMBRE,CL,30,4
2021,45,NOVIEMBRE,CL,50,5
2021,45,NOVIEMBRE,CL,100,14
2021,45,NOVIEMBRE,CL,200,33
2021,45,NOVIEMBRE,AR,10,0
2021,45,NOVIEMBRE,AR,30,1
2021,45,NOVIEMBRE,AR,50,4
2021,45,NOVIEMBRE,AR,100,10
2021,45,NOVIEMBRE,AR,200,27
2021,45,NOVIEMBRE,BR,10,0
2021,45,NOVIEMBRE,BR,30,0
2021,45,NOVIEMBRE,BR,50,2
2021,45,NOVIEMBRE,BR,100,4
2021,45,NOVIEMBRE,BR,200,12
2021,45,NOVIEMBRE,PT,10,1
2021,45,NOVIEMBRE,PT,30,3
2021,45,NOVIEMBRE,PT,50,7
2021,45,NOVIEMBRE,PT,100,19
2021,45,NOVIEMBRE,PT,200,44
2021,46,NOVIEMBRE,CO,10,3
2021,46,NOVIEMBRE,CO,30,11
2021,46,NOVIEMBRE,CO,50,19
2021,46,NOVIEMBRE,CO,100,30
2021,46,NOVIEMBRE,CO,200,54
2021,46,NOVIEMBRE,PE,10,1
2021,46,NOVIEMBRE,PE,30,8
2021,46,NOVIEMBRE,PE,50,10
2021,46,NOVIEMBRE,PE,100,22
2021,46,NOVIEMBRE,PE,200,41
2021,46,NOVIEMBRE,EC,10,1
2021,46,NOVIEMBRE,EC,30,8
2021,46,NOVIEMBRE,EC,50,13
2021,46,NOVIEMBRE,EC,100,24
2021,46,NOVIEMBRE,EC,200,43
2021,46,NOVIEMBRE,PN,10,1
2021,46,NOVIEMBRE,PN,30,3
2021,46,NOVIEMBRE,PN,50,8
2021,46,NOVIEMBRE,PN,100,21
2021,46,NOVIEMBRE,PN,200,45
2021,46,NOVIEMBRE,CR,10,1
2021,46,NOVIEMBRE,CR,30,4
2021,46,NOVIEMBRE,CR,50,12
2021,46,NOVIEMBRE,CR,100,29
2021,46,NOVIEMBRE,CR,200,55
2021,46,NOVIEMBRE,GT,10,0
2021,46,NOVIEMBRE,GT,30,6
2021,46,NOVIEMBRE,GT,50,10
2021,46,NOVIEMBRE,GT,100,23
2021,46,NOVIEMBRE,GT,200,45
2021,46,NOVIEMBRE,SV,10,1
2021,46,NOVIEMBRE,SV,30,6
2021,46,NOVIEMBRE,SV,50,10
2021,46,NOVIEMBRE,SV,100,20
2021,46,NOVIEMBRE,SV,200,49
2021,46,NOVIEMBRE,HN,10,1
2021,46,NOVIEMBRE,HN,30,4
2021,46,NOVIEMBRE,HN,50,9
2021,46,NOVIEMBRE,HN,100,22
2021,46,NOVIEMBRE,HN,200,51
2021,46,NOVIEMBRE,NI,10,1
2021,46,NOVIEMBRE,NI,30,6
2021,46,NOVIEMBRE,NI,50,10
2021,46,NOVIEMBRE,NI,100,24
2021,46,NOVIEMBRE,NI,200,47
2021,46,NOVIEMBRE,DO,10,1
2021,46,NOVIEMBRE,DO,30,2
2021,46,NOVIEMBRE,DO,50,6
2021,46,NOVIEMBRE,DO,100,15
2021,46,NOVIEMBRE,DO,200,34
2021,46,NOVIEMBRE,MX,10,1
2021,46,NOVIEMBRE,MX,30,4
2021,46,NOVIEMBRE,MX,50,8
2021,46,NOVIEMBRE,MX,100,22
2021,46,NOVIEMBRE,MX,200,50
2021,46,NOVIEMBRE,SP,10,3
2021,46,NOVIEMBRE,SP,30,4
2021,46,NOVIEMBRE,SP,50,6
2021,46,NOVIEMBRE,SP,100,16
2021,46,NOVIEMBRE,SP,200,40
2021,46,NOVIEMBRE,CL,10,1
2021,46,NOVIEMBRE,CL,30,2
2021,46,NOVIEMBRE,CL,50,6
2021,46,NOVIEMBRE,CL,100,15
2021,46,NOVIEMBRE,CL,200,39
2021,46,NOVIEMBRE,AR,10,0
2021,46,NOVIEMBRE,AR,30,0
2021,46,NOVIEMBRE,AR,50,2
2021,46,NOVIEMBRE,AR,100,12
2021,46,NOVIEMBRE,AR,200,31
2021,46,NOVIEMBRE,BR,10,0
2021,46,NOVIEMBRE,BR,30,0
2021,46,NOVIEMBRE,BR,50,2
2021,46,NOVIEMBRE,BR,100,4
2021,46,NOVIEMBRE,BR,200,11
2021,46,NOVIEMBRE,PT,10,1
2021,46,NOVIEMBRE,PT,30,5
2021,46,NOVIEMBRE,PT,50,9
2021,46,NOVIEMBRE,PT,100,21
2021,46,NOVIEMBRE,PT,200,53
2021,47,NOVIEMBRE,CO,10,3
2021,47,NOVIEMBRE,CO,30,10
2021,47,NOVIEMBRE,CO,50,20
2021,47,NOVIEMBRE,CO,100,29
2021,47,NOVIEMBRE,CO,200,53
2021,47,NOVIEMBRE,PE,10,2
2021,47,NOVIEMBRE,PE,30,7
2021,47,NOVIEMBRE,PE,50,10
2021,47,NOVIEMBRE,PE,100,21
2021,47,NOVIEMBRE,PE,200,40
2021,47,NOVIEMBRE,EC,10,3
2021,47,NOVIEMBRE,EC,30,8
2021,47,NOVIEMBRE,EC,50,13
2021,47,NOVIEMBRE,EC,100,26
2021,47,NOVIEMBRE,EC,200,44
2021,47,NOVIEMBRE,PN,10,1
2021,47,NOVIEMBRE,PN,30,4
2021,47,NOVIEMBRE,PN,50,9
2021,47,NOVIEMBRE,PN,100,21
2021,47,NOVIEMBRE,PN,200,39
2021,47,NOVIEMBRE,CR,10,1
2021,47,NOVIEMBRE,CR,30,3
2021,47,NOVIEMBRE,CR,50,10
2021,47,NOVIEMBRE,CR,100,25
2021,47,NOVIEMBRE,CR,200,46
2021,47,NOVIEMBRE,GT,10,0
2021,47,NOVIEMBRE,GT,30,7
2021,47,NOVIEMBRE,GT,50,11
2021,47,NOVIEMBRE,GT,100,21
2021,47,NOVIEMBRE,GT,200,42
2021,47,NOVIEMBRE,SV,10,1
2021,47,NOVIEMBRE,SV,30,6
2021,47,NOVIEMBRE,SV,50,10
2021,47,NOVIEMBRE,SV,100,20
2021,47,NOVIEMBRE,SV,200,45
2021,47,NOVIEMBRE,HN,10,1
2021,47,NOVIEMBRE,HN,30,4
2021,47,NOVIEMBRE,HN,50,8
2021,47,NOVIEMBRE,HN,100,22
2021,47,NOVIEMBRE,HN,200,46
2021,47,NOVIEMBRE,NI,10,1
2021,47,NOVIEMBRE,NI,30,6
2021,47,NOVIEMBRE,NI,50,9
2021,47,NOVIEMBRE,NI,100,24
2021,47,NOVIEMBRE,NI,200,42
2021,47,NOVIEMBRE,DO,10,1
2021,47,NOVIEMBRE,DO,30,2
2021,47,NOVIEMBRE,DO,50,5
2021,47,NOVIEMBRE,DO,100,15
2021,47,NOVIEMBRE,DO,200,31
2021,47,NOVIEMBRE,MX,10,2
2021,47,NOVIEMBRE,MX,30,4
2021,47,NOVIEMBRE,MX,50,7
2021,47,NOVIEMBRE,MX,100,20
2021,47,NOVIEMBRE,MX,200,45
2021,47,NOVIEMBRE,SP,10,3
2021,47,NOVIEMBRE,SP,30,4
2021,47,NOVIEMBRE,SP,50,6
2021,47,NOVIEMBRE,SP,100,14
2021,47,NOVIEMBRE,SP,200,35
2021,47,NOVIEMBRE,CL,10,1
2021,47,NOVIEMBRE,CL,30,3
2021,47,NOVIEMBRE,CL,50,6
2021,47,NOVIEMBRE,CL,100,15
2021,47,NOVIEMBRE,CL,200,34
2021,47,NOVIEMBRE,AR,10,0
2021,47,NOVIEMBRE,AR,30,0
2021,47,NOVIEMBRE,AR,50,2
2021,47,NOVIEMBRE,AR,100,12
2021,47,NOVIEMBRE,AR,200,24
2021,47,NOVIEMBRE,BR,10,0
2021,47,NOVIEMBRE,BR,30,2
2021,47,NOVIEMBRE,BR,50,3
2021,47,NOVIEMBRE,BR,100,5
2021,47,NOVIEMBRE,BR,200,14
2021,47,NOVIEMBRE,PT,10,1
2021,47,NOVIEMBRE,PT,30,5
2021,47,NOVIEMBRE,PT,50,8
2021,47,NOVIEMBRE,PT,100,18
2021,47,NOVIEMBRE,PT,200,43
2021,48,DICIEMBRE,CO,10,4
2021,48,DICIEMBRE,CO,30,11
2021,48,DICIEMBRE,CO,50,18
2021,48,DICIEMBRE,CO,100,28
2021,48,DICIEMBRE,CO,200,51
2021,48,DICIEMBRE,PE,10,2
2021,48,DICIEMBRE,PE,30,7
2021,48,DICIEMBRE,PE,50,11
2021,48,DICIEMBRE,PE,100,22
2021,48,DICIEMBRE,PE,200,40
2021,48,DICIEMBRE,EC,10,2
2021,48,DICIEMBRE,EC,30,7
2021,48,DICIEMBRE,EC,50,13
2021,48,DICIEMBRE,EC,100,23
2021,48,DICIEMBRE,EC,200,42
2021,48,DICIEMBRE,PN,10,1
2021,48,DICIEMBRE,PN,30,3
2021,48,DICIEMBRE,PN,50,8
2021,48,DICIEMBRE,PN,100,19
2021,48,DICIEMBRE,PN,200,39
2021,48,DICIEMBRE,CR,10,1
2021,48,DICIEMBRE,CR,30,6
2021,48,DICIEMBRE,CR,50,11
2021,48,DICIEMBRE,CR,100,27
2021,48,DICIEMBRE,CR,200,49
2021,48,DICIEMBRE,GT,10,2
2021,48,DICIEMBRE,GT,30,9
2021,48,DICIEMBRE,GT,50,12
2021,48,DICIEMBRE,GT,100,24
2021,48,DICIEMBRE,GT,200,46
2021,48,DICIEMBRE,SV,10,2
2021,48,DICIEMBRE,SV,30,8
2021,48,DICIEMBRE,SV,50,10
2021,48,DICIEMBRE,SV,100,22
2021,48,DICIEMBRE,SV,200,43
2021,48,DICIEMBRE,HN,10,1
2021,48,DICIEMBRE,HN,30,5
2021,48,DICIEMBRE,HN,50,10
2021,48,DICIEMBRE,HN,100,20
2021,48,DICIEMBRE,HN,200,46
2021,48,DICIEMBRE,NI,10,2
2021,48,DICIEMBRE,NI,30,8
2021,48,DICIEMBRE,NI,50,10
2021,48,DICIEMBRE,NI,100,23
2021,48,DICIEMBRE,NI,200,44
2021,48,DICIEMBRE,DO,10,1
2021,48,DICIEMBRE,DO,30,1
2021,48,DICIEMBRE,DO,50,4
2021,48,DICIEMBRE,DO,100,13
2021,48,DICIEMBRE,DO,200,31
2021,48,DICIEMBRE,MX,10,3
2021,48,DICIEMBRE,MX,30,6
2021,48,DICIEMBRE,MX,50,9
2021,48,DICIEMBRE,MX,100,21
2021,48,DICIEMBRE,MX,200,47
2021,48,DICIEMBRE,SP,10,3
2021,48,DICIEMBRE,SP,30,5
2021,48,DICIEMBRE,SP,50,7
2021,48,DICIEMBRE,SP,100,15
2021,48,DICIEMBRE,SP,200,29
2021,48,DICIEMBRE,CL,10,1
2021,48,DICIEMBRE,CL,30,3
2021,48,DICIEMBRE,CL,50,6
2021,48,DICIEMBRE,CL,100,12
2021,48,DICIEMBRE,CL,200,35
2021,48,DICIEMBRE,AR,10,0
2021,48,DICIEMBRE,AR,30,1
2021,48,DICIEMBRE,AR,50,3
2021,48,DICIEMBRE,AR,100,11
2021,48,DICIEMBRE,AR,200,24
2021,48,DICIEMBRE,BR,10,0
2021,48,DICIEMBRE,BR,30,2
2021,48,DICIEMBRE,BR,50,3
2021,48,DICIEMBRE,BR,100,4
2021,48,DICIEMBRE,BR,200,15
2021,48,DICIEMBRE,PT,10,2
2021,48,DICIEMBRE,PT,30,4
2021,48,DICIEMBRE,PT,50,10
2021,48,DICIEMBRE,PT,100,20
2021,48,DICIEMBRE,PT,200,48
2021,49,DICIEMBRE,CO,10,3
2021,49,DICIEMBRE,CO,30,12
2021,49,DICIEMBRE,CO,50,20
2021,49,DICIEMBRE,CO,100,29
2021,49,DICIEMBRE,CO,200,59
2021,49,DICIEMBRE,PE,10,2
2021,49,DICIEMBRE,PE,30,6
2021,49,DICIEMBRE,PE,50,11
2021,49,DICIEMBRE,PE,100,22
2021,49,DICIEMBRE,PE,200,47
2021,49,DICIEMBRE,EC,10,2
2021,49,DICIEMBRE,EC,30,8
2021,49,DICIEMBRE,EC,50,15
2021,49,DICIEMBRE,EC,100,27
2021,49,DICIEMBRE,EC,200,50
2021,49,DICIEMBRE,PN,10,1
2021,49,DICIEMBRE,PN,30,5
2021,49,DICIEMBRE,PN,50,8
2021,49,DICIEMBRE,PN,100,15
2021,49,DICIEMBRE,PN,200,40
2021,49,DICIEMBRE,CR,10,2
2021,49,DICIEMBRE,CR,30,8
2021,49,DICIEMBRE,CR,50,13
2021,49,DICIEMBRE,CR,100,29
2021,49,DICIEMBRE,CR,200,55
2021,49,DICIEMBRE,GT,10,2
2021,49,DICIEMBRE,GT,30,10
2021,49,DICIEMBRE,GT,50,13
2021,49,DICIEMBRE,GT,100,25
2021,49,DICIEMBRE,GT,200,53
2021,49,DICIEMBRE,SV,10,1
2021,49,DICIEMBRE,SV,30,10
2021,49,DICIEMBRE,SV,50,11
2021,49,DICIEMBRE,SV,100,25
2021,49,DICIEMBRE,SV,200,54
2021,49,DICIEMBRE,HN,10,1
2021,49,DICIEMBRE,HN,30,8
2021,49,DICIEMBRE,HN,50,13
2021,49,DICIEMBRE,HN,100,24
2021,49,DICIEMBRE,HN,200,53
2021,49,DICIEMBRE,NI,10,2
2021,49,DICIEMBRE,NI,30,9
2021,49,DICIEMBRE,NI,50,12
2021,49,DICIEMBRE,NI,100,25
2021,49,DICIEMBRE,NI,200,52
2021,49,DICIEMBRE,DO,10,0
2021,49,DICIEMBRE,DO,30,1
2021,49,DICIEMBRE,DO,50,3
2021,49,DICIEMBRE,DO,100,10
2021,49,DICIEMBRE,DO,200,27
2021,49,DICIEMBRE,MX,10,3
2021,49,DICIEMBRE,MX,30,8
2021,49,DICIEMBRE,MX,50,11
2021,49,DICIEMBRE,MX,100,20
2021,49,DICIEMBRE,MX,200,49
2021,49,DICIEMBRE,SP,10,4
2021,49,DICIEMBRE,SP,30,7
2021,49,DICIEMBRE,SP,50,11
2021,49,DICIEMBRE,SP,100,18
2021,49,DICIEMBRE,SP,200,34
2021,49,DICIEMBRE,CL,10,1
2021,49,DICIEMBRE,CL,30,3
2021,49,DICIEMBRE,CL,50,8
2021,49,DICIEMBRE,CL,100,14
2021,49,DICIEMBRE,CL,200,40
2021,49,DICIEMBRE,AR,10,0
2021,49,DICIEMBRE,AR,30,3
2021,49,DICIEMBRE,AR,50,6
2021,49,DICIEMBRE,AR,100,14
2021,49,DICIEMBRE,AR,200,31
2021,49,DICIEMBRE,BR,10,1
2021,49,DICIEMBRE,BR,30,4
2021,49,DICIEMBRE,BR,50,7
2021,49,DICIEMBRE,BR,100,13
2021,49,DICIEMBRE,BR,200,29
2021,49,DICIEMBRE,PT,10,2
2021,49,DICIEMBRE,PT,30,5
2021,49,DICIEMBRE,PT,50,13
2021,49,DICIEMBRE,PT,100,25
2021,49,DICIEMBRE,PT,200,57
2021,50,DICIEMBRE,CO,10,4
2021,50,DICIEMBRE,CO,30,13
2021,50,DICIEMBRE,CO,50,21
2021,50,DICIEMBRE,CO,100,28
2021,50,DICIEMBRE,CO,200,62
2021,50,DICIEMBRE,PE,10,2
2021,50,DICIEMBRE,PE,30,7
2021,50,DICIEMBRE,PE,50,10
2021,50,DICIEMBRE,PE,100,20
2021,50,DICIEMBRE,PE,200,50
2021,50,DICIEMBRE,EC,10,3
2021,50,DICIEMBRE,EC,30,10
2021,50,DICIEMBRE,EC,50,14
2021,50,DICIEMBRE,EC,100,26
2021,50,DICIEMBRE,EC,200,49
2021,50,DICIEMBRE,PN,10,0
2021,50,DICIEMBRE,PN,30,6
2021,50,DICIEMBRE,PN,50,10
2021,50,DICIEMBRE,PN,100,16
2021,50,DICIEMBRE,PN,200,42
2021,50,DICIEMBRE,CR,10,1
2021,50,DICIEMBRE,CR,30,9
2021,50,DICIEMBRE,CR,50,13
2021,50,DICIEMBRE,CR,100,27
2021,50,DICIEMBRE,CR,200,55
2021,50,DICIEMBRE,GT,10,2
2021,50,DICIEMBRE,GT,30,9
2021,50,DICIEMBRE,GT,50,11
2021,50,DICIEMBRE,GT,100,24
2021,50,DICIEMBRE,GT,200,49
2021,50,DICIEMBRE,SV,10,2
2021,50,DICIEMBRE,SV,30,9
2021,50,DICIEMBRE,SV,50,11
2021,50,DICIEMBRE,SV,100,21
2021,50,DICIEMBRE,SV,200,52
2021,50,DICIEMBRE,HN,10,1
2021,50,DICIEMBRE,HN,30,7
2021,50,DICIEMBRE,HN,50,13
2021,50,DICIEMBRE,HN,100,22
2021,50,DICIEMBRE,HN,200,50
2021,50,DICIEMBRE,NI,10,2
2021,50,DICIEMBRE,NI,30,8
2021,50,DICIEMBRE,NI,50,13
2021,50,DICIEMBRE,NI,100,24
2021,50,DICIEMBRE,NI,200,50
2021,50,DICIEMBRE,DO,10,1
2021,50,DICIEMBRE,DO,30,1
2021,50,DICIEMBRE,DO,50,5
2021,50,DICIEMBRE,DO,100,11
2021,50,DICIEMBRE,DO,200,26
2021,50,DICIEMBRE,MX,10,3
2021,50,DICIEMBRE,MX,30,7
2021,50,DICIEMBRE,MX,50,11
2021,50,DICIEMBRE,MX,100,18
2021,50,DICIEMBRE,MX,200,45
2021,50,DICIEMBRE,SP,10,4
2021,50,DICIEMBRE,SP,30,7
2021,50,DICIEMBRE,SP,50,12
2021,50,DICIEMBRE,SP,100,19
2021,50,DICIEMBRE,SP,200,36
2021,50,DICIEMBRE,CL,10,0
2021,50,DICIEMBRE,CL,30,3
2021,50,DICIEMBRE,CL,50,8
2021,50,DICIEMBRE,CL,100,13
2021,50,DICIEMBRE,CL,200,40
2021,50,DICIEMBRE,AR,10,0
2021,50,DICIEMBRE,AR,30,3
2021,50,DICIEMBRE,AR,50,6
2021,50,DICIEMBRE,AR,100,14
2021,50,DICIEMBRE,AR,200,29
2021,50,DICIEMBRE,BR,10,2
2021,50,DICIEMBRE,BR,30,4
2021,50,DICIEMBRE,BR,50,6
2021,50,DICIEMBRE,BR,100,16
2021,50,DICIEMBRE,BR,200,29
2021,50,DICIEMBRE,PT,10,2
2021,50,DICIEMBRE,PT,30,4
2021,50,DICIEMBRE,PT,50,11
2021,50,DICIEMBRE,PT,100,24
2021,50,DICIEMBRE,PT,200,55
2021,51,DICIEMBRE,CO,10,5
2021,51,DICIEMBRE,CO,30,15
2021,51,DICIEMBRE,CO,50,25
2021,51,DICIEMBRE,CO,100,36
2021,51,DICIEMBRE,CO,200,63
2021,51,DICIEMBRE,PE,10,2
2021,51,DICIEMBRE,PE,30,6
2021,51,DICIEMBRE,PE,50,9
2021,51,DICIEMBRE,PE,100,20
2021,51,DICIEMBRE,PE,200,49
2021,51,DICIEMBRE,EC,10,3
2021,51,DICIEMBRE,EC,30,9
2021,51,DICIEMBRE,EC,50,14
2021,51,DICIEMBRE,EC,100,28
2021,51,DICIEMBRE,EC,200,52
2021,51,DICIEMBRE,PN,10,1
2021,51,DICIEMBRE,PN,30,6
2021,51,DICIEMBRE,PN,50,10
2021,51,DICIEMBRE,PN,100,17
2021,51,DICIEMBRE,PN,200,40
2021,51,DICIEMBRE,CR,10,1
2021,51,DICIEMBRE,CR,30,9
2021,51,DICIEMBRE,CR,50,15
2021,51,DICIEMBRE,CR,100,30
2021,51,DICIEMBRE,CR,200,60
2021,51,DICIEMBRE,GT,10,2
2021,51,DICIEMBRE,GT,30,9
2021,51,DICIEMBRE,GT,50,11
2021,51,DICIEMBRE,GT,100,24
2021,51,DICIEMBRE,GT,200,55
2021,51,DICIEMBRE,SV,10,0
2021,51,DICIEMBRE,SV,30,9
2021,51,DICIEMBRE,SV,50,11
2021,51,DICIEMBRE,SV,100,21
2021,51,DICIEMBRE,SV,200,51
2021,51,DICIEMBRE,HN,10,1
2021,51,DICIEMBRE,HN,30,9
2021,51,DICIEMBRE,HN,50,13
2021,51,DICIEMBRE,HN,100,23
2021,51,DICIEMBRE,HN,200,55
2021,51,DICIEMBRE,NI,10,2
2021,51,DICIEMBRE,NI,30,9
2021,51,DICIEMBRE,NI,50,12
2021,51,DICIEMBRE,NI,100,24
2021,51,DICIEMBRE,NI,200,55
2021,51,DICIEMBRE,DO,10,1
2021,51,DICIEMBRE,DO,30,1
2021,51,DICIEMBRE,DO,50,5
2021,51,DICIEMBRE,DO,100,11
2021,51,DICIEMBRE,DO,200,26
2021,51,DICIEMBRE,MX,10,3
2021,51,DICIEMBRE,MX,30,7
2021,51,DICIEMBRE,MX,50,11
2021,51,DICIEMBRE,MX,100,19
2021,51,DICIEMBRE,MX,200,49
2021,51,DICIEMBRE,SP,10,4
2021,51,DICIEMBRE,SP,30,7
2021,51,DICIEMBRE,SP,50,11
2021,51,DICIEMBRE,SP,100,20
2021,51,DICIEMBRE,SP,200,35
2021,51,DICIEMBRE,CL,10,0
2021,51,DICIEMBRE,CL,30,3
2021,51,DICIEMBRE,CL,50,8
2021,51,DICIEMBRE,CL,100,12
2021,51,DICIEMBRE,CL,200,40
2021,51,DICIEMBRE,AR,10,0
2021,51,DICIEMBRE,AR,30,3
2021,51,DICIEMBRE,AR,50,7
2021,51,DICIEMBRE,AR,100,14
2021,51,DICIEMBRE,AR,200,26
2021,51,DICIEMBRE,BR,10,1
2021,51,DICIEMBRE,BR,30,5
2021,51,DICIEMBRE,BR,50,6
2021,51,DICIEMBRE,BR,100,17
2021,51,DICIEMBRE,BR,200,28
2021,51,DICIEMBRE,PT,10,2
2021,51,DICIEMBRE,PT,30,7
2021,51,DICIEMBRE,PT,50,11
2021,51,DICIEMBRE,PT,100,20
2021,51,DICIEMBRE,PT,200,56
2021,52,DICIEMBRE,CO,10,5
2021,52,DICIEMBRE,CO,30,13
2021,52,DICIEMBRE,CO,50,22
2021,52,DICIEMBRE,CO,100,31
2021,52,DICIEMBRE,CO,200,56
2021,52,DICIEMBRE,PE,10,2
2021,52,DICIEMBRE,PE,30,7
2021,52,DICIEMBRE,PE,50,10
2021,52,DICIEMBRE,PE,100,23
2021,52,DICIEMBRE,PE,200,48
2021,52,DICIEMBRE,EC,10,3
2021,52,DICIEMBRE,EC,30,9
2021,52,DICIEMBRE,EC,50,13
2021,52,DICIEMBRE,EC,100,27
2021,52,DICIEMBRE,EC,200,51
2021,52,DICIEMBRE,PN,10,0
2021,52,DICIEMBRE,PN,30,6
2021,52,DICIEMBRE,PN,50,11
2021,52,DICIEMBRE,PN,100,19
2021,52,DICIEMBRE,PN,200,44
2021,52,DICIEMBRE,CR,10,1
2021,52,DICIEMBRE,CR,30,10
2021,52,DICIEMBRE,CR,50,15
2021,52,DICIEMBRE,CR,100,31
2021,52,DICIEMBRE,CR,200,59
2021,52,DICIEMBRE,GT,10,2
2021,52,DICIEMBRE,GT,30,9
2021,52,DICIEMBRE,GT,50,12
2021,52,DICIEMBRE,GT,100,25
2021,52,DICIEMBRE,GT,200,54
2021,52,DICIEMBRE,SV,10,0
2021,52,DICIEMBRE,SV,30,8
2021,52,DICIEMBRE,SV,50,11
2021,52,DICIEMBRE,SV,100,20
2021,52,DICIEMBRE,SV,200,47
2021,52,DICIEMBRE,HN,10,1
2021,52,DICIEMBRE,HN,30,8
2021,52,DICIEMBRE,HN,50,13
2021,52,DICIEMBRE,HN,100,21
2021,52,DICIEMBRE,HN,200,57
2021,52,DICIEMBRE,NI,10,3
2021,52,DICIEMBRE,NI,30,8
2021,52,DICIEMBRE,NI,50,14
2021,52,DICIEMBRE,NI,100,25
2021,52,DICIEMBRE,NI,200,55
2021,52,DICIEMBRE,DO,10,1
2021,52,DICIEMBRE,DO,30,1
2021,52,DICIEMBRE,DO,50,6
2021,52,DICIEMBRE,DO,100,11
2021,52,DICIEMBRE,DO,200,28
2021,52,DICIEMBRE,MX,10,3
2021,52,DICIEMBRE,MX,30,7
2021,52,DICIEMBRE,MX,50,12
2021,52,DICIEMBRE,MX,100,20
2021,52,DICIEMBRE,MX,200,50
2021,52,DICIEMBRE,SP,10,3
2021,52,DICIEMBRE,SP,30,6
2021,52,DICIEMBRE,SP,50,10
2021,52,DICIEMBRE,SP,100,20
2021,52,DICIEMBRE,SP,200,35
2021,52,DICIEMBRE,CL,10,0
2021,52,DICIEMBRE,CL,30,3
2021,52,DICIEMBRE,CL,50,6
2021,52,DICIEMBRE,CL,100,12
2021,52,DICIEMBRE,CL,200,34
2021,52,DICIEMBRE,AR,10,0
2021,52,DICIEMBRE,AR,30,2
2021,52,DICIEMBRE,AR,50,7
2021,52,DICIEMBRE,AR,100,13
2021,52,DICIEMBRE,AR,200,23
2021,52,DICIEMBRE,BR,10,1
2021,52,DICIEMBRE,BR,30,5
2021,52,DICIEMBRE,BR,50,6
2021,52,DICIEMBRE,BR,100,16
2021,52,DICIEMBRE,BR,200,25
2021,52,DICIEMBRE,PT,10,1
2021,52,DICIEMBRE,PT,30,7
2021,52,DICIEMBRE,PT,50,9
2021,52,DICIEMBRE,PT,100,25
2021,52,DICIEMBRE,PT,200,57
2022,1,ENERO,CO,10,5
2022,1,ENERO,CO,30,13
2022,1,ENERO,CO,50,21
2022,1,ENERO,CO,100,34
2022,1,ENERO,CO,200,56
2022,1,ENERO,PE,10,2
2022,1,ENERO,PE,30,7
2022,1,ENERO,PE,50,10
2022,1,ENERO,PE,100,24
2022,1,ENERO,PE,200,46
2022,1,ENERO,EC,10,3
2022,1,ENERO,EC,30,9
2022,1,ENERO,EC,50,12
2022,1,ENERO,EC,100,27
2022,1,ENERO,EC,200,49
2022,1,ENERO,PN,10,0
2022,1,ENERO,PN,30,6
2022,1,ENERO,PN,50,10
2022,1,ENERO,PN,100,16
2022,1,ENERO,PN,200,40
2022,1,ENERO,CR,10,1
2022,1,ENERO,CR,30,9
2022,1,ENERO,CR,50,14
2022,1,ENERO,CR,100,31
2022,1,ENERO,CR,200,57
2022,1,ENERO,GT,10,1
2022,1,ENERO,GT,30,8
2022,1,ENERO,GT,50,12
2022,1,ENERO,GT,100,23
2022,1,ENERO,GT,200,47
2022,1,ENERO,SV,10,0
2022,1,ENERO,SV,30,7
2022,1,ENERO,SV,50,11
2022,1,ENERO,SV,100,21
2022,1,ENERO,SV,200,48
2022,1,ENERO,HN,10,2
2022,1,ENERO,HN,30,7
2022,1,ENERO,HN,50,12
2022,1,ENERO,HN,100,22
2022,1,ENERO,HN,200,54
2022,1,ENERO,NI,10,1
2022,1,ENERO,NI,30,7
2022,1,ENERO,NI,50,12
2022,1,ENERO,NI,100,22
2022,1,ENERO,NI,200,47
2022,1,ENERO,DO,10,1
2022,1,ENERO,DO,30,2
2022,1,ENERO,DO,50,6
2022,1,ENERO,DO,100,11
2022,1,ENERO,DO,200,28
2022,1,ENERO,MX,10,2
2022,1,ENERO,MX,30,6
2022,1,ENERO,MX,50,10
2022,1,ENERO,MX,100,17
2022,1,ENERO,MX,200,45
2022,1,ENERO,SP,10,2
2022,1,ENERO,SP,30,6
2022,1,ENERO,SP,50,10
2022,1,ENERO,SP,100,15
2022,1,ENERO,SP,200,30
2022,1,ENERO,CL,10,0
2022,1,ENERO,CL,30,3
2022,1,ENERO,CL,50,7
2022,1,ENERO,CL,100,12
2022,1,ENERO,CL,200,32
2022,1,ENERO,AR,10,0
2022,1,ENERO,AR,30,1
2022,1,ENERO,AR,50,6
2022,1,ENERO,AR,100,13
2022,1,ENERO,AR,200,22
2022,1,ENERO,BR,10,1
2022,1,ENERO,BR,30,5
2022,1,ENERO,BR,50,6
2022,1,ENERO,BR,100,17
2022,1,ENERO,BR,200,26
2022,1,ENERO,PT,10,2
2022,1,ENERO,PT,30,4
2022,1,ENERO,PT,50,10
2022,1,ENERO,PT,100,21
2022,1,ENERO,PT,200,53
2022,2,ENERO,CO,10,4
2022,2,ENERO,CO,30,12
2022,2,ENERO,CO,50,22
2022,2,ENERO,CO,100,33
2022,2,ENERO,CO,200,72
2022,2,ENERO,PE,10,2
2022,2,ENERO,PE,30,8
2022,2,ENERO,PE,50,12
2022,2,ENERO,PE,100,26
2022,2,ENERO,PE,200,55
2022,2,ENERO,EC,10,3
2022,2,ENERO,EC,30,8
2022,2,ENERO,EC,50,14
2022,2,ENERO,EC,100,28
2022,2,ENERO,EC,200,57
2022,2,ENERO,PN,10,1
2022,2,ENERO,PN,30,7
2022,2,ENERO,PN,50,11
2022,2,ENERO,PN,100,21
2022,2,ENERO,PN,200,52
2022,2,ENERO,CR,10,3
2022,2,ENERO,CR,30,8
2022,2,ENERO,CR,50,11
2022,2,ENERO,CR,100,30
2022,2,ENERO,CR,200,66
2022,2,ENERO,GT,10,2
2022,2,ENERO,GT,30,8
2022,2,ENERO,GT,50,14
2022,2,ENERO,GT,100,22
2022,2,ENERO,GT,200,53
2022,2,ENERO,SV,10,0
2022,2,ENERO,SV,30,7
2022,2,ENERO,SV,50,12
2022,2,ENERO,SV,100,22
2022,2,ENERO,SV,200,58
2022,2,ENERO,HN,10,3
2022,2,ENERO,HN,30,8
2022,2,ENERO,HN,50,13
2022,2,ENERO,HN,100,25
2022,2,ENERO,HN,200,66
2022,2,ENERO,NI,10,3
2022,2,ENERO,NI,30,9
2022,2,ENERO,NI,50,13
2022,2,ENERO,NI,100,23
2022,2,ENERO,NI,200,54
2022,2,ENERO,DO,10,1
2022,2,ENERO,DO,30,1
2022,2,ENERO,DO,50,5
2022,2,ENERO,DO,100,16
2022,2,ENERO,DO,200,43
2022,2,ENERO,MX,10,3
2022,2,ENERO,MX,30,7
2022,2,ENERO,MX,50,11
2022,2,ENERO,MX,100,20
2022,2,ENERO,MX,200,48
2022,2,ENERO,SP,10,3
2022,2,ENERO,SP,30,6
2022,2,ENERO,SP,50,10
2022,2,ENERO,SP,100,17
2022,2,ENERO,SP,200,39
2022,2,ENERO,CL,10,0
2022,2,ENERO,CL,30,3
2022,2,ENERO,CL,50,5
2022,2,ENERO,CL,100,15
2022,2,ENERO,CL,200,39
2022,2,ENERO,AR,10,0
2022,2,ENERO,AR,30,1
2022,2,ENERO,AR,50,5
2022,2,ENERO,AR,100,14
2022,2,ENERO,AR,200,27
2022,2,ENERO,BR,10,1
2022,2,ENERO,BR,30,5
2022,2,ENERO,BR,50,9
2022,2,ENERO,BR,100,18
2022,2,ENERO,BR,200,37
2022,2,ENERO,PT,10,3
2022,2,ENERO,PT,30,9
2022,2,ENERO,PT,50,18
2022,2,ENERO,PT,100,34
2022,2,ENERO,PT,200,62
2022,3,ENERO,CO,10,3
2022,3,ENERO,CO,30,12
2022,3,ENERO,CO,50,23
2022,3,ENERO,CO,100,33
2022,3,ENERO,CO,200,72
2022,3,ENERO,PE,10,2
2022,3,ENERO,PE,30,9
2022,3,ENERO,PE,50,12
2022,3,ENERO,PE,100,25
2022,3,ENERO,PE,200,55
2022,3,ENERO,EC,10,3
2022,3,ENERO,EC,30,10
2022,3,ENERO,EC,50,14
2022,3,ENERO,EC,100,28
2022,3,ENERO,EC,200,60
2022,3,ENERO,PN,10,0
2022,3,ENERO,PN,30,7
2022,3,ENERO,PN,50,11
2022,3,ENERO,PN,100,22
2022,3,ENERO,PN,200,47
2022,3,ENERO,CR,10,2
2022,3,ENERO,CR,30,7
2022,3,ENERO,CR,50,12
2022,3,ENERO,CR,100,29
2022,3,ENERO,CR,200,63
2022,3,ENERO,GT,10,2
2022,3,ENERO,GT,30,8
2022,3,ENERO,GT,50,14
2022,3,ENERO,GT,100,23
2022,3,ENERO,GT,200,51
2022,3,ENERO,SV,10,0
2022,3,ENERO,SV,30,7
2022,3,ENERO,SV,50,12
2022,3,ENERO,SV,100,22
2022,3,ENERO,SV,200,57
2022,3,ENERO,HN,10,3
2022,3,ENERO,HN,30,7
2022,3,ENERO,HN,50,14
2022,3,ENERO,HN,100,27
2022,3,ENERO,HN,200,60
2022,3,ENERO,NI,10,3
2022,3,ENERO,NI,30,9
2022,3,ENERO,NI,50,13
2022,3,ENERO,NI,100,24
2022,3,ENERO,NI,200,53
2022,3,ENERO,DO,10,0
2022,3,ENERO,DO,30,1
2022,3,ENERO,DO,50,4
2022,3,ENERO,DO,100,14
2022,3,ENERO,DO,200,36
2022,3,ENERO,MX,10,4
2022,3,ENERO,MX,30,7
2022,3,ENERO,MX,50,11
2022,3,ENERO,MX,100,19
2022,3,ENERO,MX,200,43
2022,3,ENERO,SP,10,3
2022,3,ENERO,SP,30,5
2022,3,ENERO,SP,50,10
2022,3,ENERO,SP,100,15
2022,3,ENERO,SP,200,35
2022,3,ENERO,CL,10,0
2022,3,ENERO,CL,30,3
2022,3,ENERO,CL,50,5
2022,3,ENERO,CL,100,13
2022,3,ENERO,CL,200,35
2022,3,ENERO,AR,10,0
2022,3,ENERO,AR,30,3
2022,3,ENERO,AR,50,5
2022,3,ENERO,AR,100,16
2022,3,ENERO,AR,200,29
2022,3,ENERO,BR,10,1
2022,3,ENERO,BR,30,6
2022,3,ENERO,BR,50,8
2022,3,ENERO,BR,100,20
2022,3,ENERO,BR,200,35
2022,3,ENERO,PT,10,2
2022,3,ENERO,PT,30,6
2022,3,ENERO,PT,50,12
2022,3,ENERO,PT,100,24
2022,3,ENERO,PT,200,56
2022,4,ENERO,CO,10,2
2022,4,ENERO,CO,30,10
2022,4,ENERO,CO,50,20
2022,4,ENERO,CO,100,30
2022,4,ENERO,CO,200,55
2022,4,ENERO,PE,10,2
2022,4,ENERO,PE,30,7
2022,4,ENERO,PE,50,11
2022,4,ENERO,PE,100,22
2022,4,ENERO,PE,200,45
2022,4,ENERO,EC,10,3
2022,4,ENERO,EC,30,7
2022,4,ENERO,EC,50,12
2022,4,ENERO,EC,100,24
2022,4,ENERO,EC,200,48
2022,4,ENERO,PN,10,0
2022,4,ENERO,PN,30,6
2022,4,ENERO,PN,50,10
2022,4,ENERO,PN,100,19
2022,4,ENERO,PN,200,37
2022,4,ENERO,CR,10,2
2022,4,ENERO,CR,30,8
2022,4,ENERO,CR,50,13
2022,4,ENERO,CR,100,27
2022,4,ENERO,CR,200,51
2022,4,ENERO,GT,10,2
2022,4,ENERO,GT,30,6
2022,4,ENERO,GT,50,12
2022,4,ENERO,GT,100,21
2022,4,ENERO,GT,200,41
2022,4,ENERO,SV,10,1
2022,4,ENERO,SV,30,6
2022,4,ENERO,SV,50,11
2022,4,ENERO,SV,100,22
2022,4,ENERO,SV,200,43
2022,4,ENERO,HN,10,1
2022,4,ENERO,HN,30,4
2022,4,ENERO,HN,50,11
2022,4,ENERO,HN,100,24
2022,4,ENERO,HN,200,45
2022,4,ENERO,NI,10,2
2022,4,ENERO,NI,30,6
2022,4,ENERO,NI,50,12
2022,4,ENERO,NI,100,23
2022,4,ENERO,NI,200,43
2022,4,ENERO,DO,10,0
2022,4,ENERO,DO,30,1
2022,4,ENERO,DO,50,5
2022,4,ENERO,DO,100,13
2022,4,ENERO,DO,200,28
2022,4,ENERO,MX,10,3
2022,4,ENERO,MX,30,5
2022,4,ENERO,MX,50,9
2022,4,ENERO,MX,100,13
2022,4,ENERO,MX,200,37
2022,4,ENERO,SP,10,3
2022,4,ENERO,SP,30,5
2022,4,ENERO,SP,50,8
2022,4,ENERO,SP,100,13
2022,4,ENERO,SP,200,32
2022,4,ENERO,CL,10,0
2022,4,ENERO,CL,30,3
2022,4,ENERO,CL,50,4
2022,4,ENERO,CL,100,12
2022,4,ENERO,CL,200,30
2022,4,ENERO,AR,10,0
2022,4,ENERO,AR,30,3
2022,4,ENERO,AR,50,6
2022,4,ENERO,AR,100,15
2022,4,ENERO,AR,200,28
2022,4,ENERO,BR,10,0
2022,4,ENERO,BR,30,3
2022,4,ENERO,BR,50,5
2022,4,ENERO,BR,100,9
2022,4,ENERO,BR,200,19
2022,4,ENERO,PT,10,2
2022,4,ENERO,PT,30,3
2022,4,ENERO,PT,50,7
2022,4,ENERO,PT,100,23
2022,4,ENERO,PT,200,44
2022,5,FEBRERO,CO,10,2
2022,5,FEBRERO,CO,30,9
2022,5,FEBRERO,CO,50,22
2022,5,FEBRERO,CO,100,33
2022,5,FEBRERO,CO,200,69
2022,5,FEBRERO,PE,10,3
2022,5,FEBRERO,PE,30,8
2022,5,FEBRERO,PE,50,11
2022,5,FEBRERO,PE,100,23
2022,5,FEBRERO,PE,200,48
2022,5,FEBRERO,EC,10,2
2022,5,FEBRERO,EC,30,6
2022,5,FEBRERO,EC,50,12
2022,5,FEBRERO,EC,100,26
2022,5,FEBRERO,EC,200,54
2022,5,FEBRERO,PN,10,0
2022,5,FEBRERO,PN,30,7
2022,5,FEBRERO,PN,50,11
2022,5,FEBRERO,PN,100,20
2022,5,FEBRERO,PN,200,42
2022,5,FEBRERO,CR,10,2
2022,5,FEBRERO,CR,30,9
2022,5,FEBRERO,CR,50,13
2022,5,FEBRERO,CR,100,28
2022,5,FEBRERO,CR,200,54
2022,5,FEBRERO,GT,10,1
2022,5,FEBRERO,GT,30,6
2022,5,FEBRERO,GT,50,13
2022,5,FEBRERO,GT,100,24
2022,5,FEBRERO,GT,200,47
2022,5,FEBRERO,SV,10,0
2022,5,FEBRERO,SV,30,5
2022,5,FEBRERO,SV,50,12
2022,5,FEBRERO,SV,100,22
2022,5,FEBRERO,SV,200,49
2022,5,FEBRERO,HN,10,1
2022,5,FEBRERO,HN,30,5
2022,5,FEBRERO,HN,50,12
2022,5,FEBRERO,HN,100,25
2022,5,FEBRERO,HN,200,50
2022,5,FEBRERO,NI,10,3
2022,5,FEBRERO,NI,30,7
2022,5,FEBRERO,NI,50,13
2022,5,FEBRERO,NI,100,24
2022,5,FEBRERO,NI,200,48
2022,5,FEBRERO,DO,10,0
2022,5,FEBRERO,DO,30,2
2022,5,FEBRERO,DO,50,6
2022,5,FEBRERO,DO,100,15
2022,5,FEBRERO,DO,200,32
2022,5,FEBRERO,MX,10,4
2022,5,FEBRERO,MX,30,7
2022,5,FEBRERO,MX,50,10
2022,5,FEBRERO,MX,100,17
2022,5,FEBRERO,MX,200,39
2022,5,FEBRERO,SP,10,2
2022,5,FEBRERO,SP,30,5
2022,5,FEBRERO,SP,50,9
2022,5,FEBRERO,SP,100,15
2022,5,FEBRERO,SP,200,34
2022,5,FEBRERO,CL,10,0
2022,5,FEBRERO,CL,30,4
2022,5,FEBRERO,CL,50,6
2022,5,FEBRERO,CL,100,16
2022,5,FEBRERO,CL,200,36
2022,5,FEBRERO,AR,10,0
2022,5,FEBRERO,AR,30,4
2022,5,FEBRERO,AR,50,6
2022,5,FEBRERO,AR,100,15
2022,5,FEBRERO,AR,200,30
2022,5,FEBRERO,BR,10,0
2022,5,FEBRERO,BR,30,6
2022,5,FEBRERO,BR,50,9
2022,5,FEBRERO,BR,100,18
2022,5,FEBRERO,BR,200,33
2022,5,FEBRERO,PT,10,2
2022,5,FEBRERO,PT,30,6
2022,5,FEBRERO,PT,50,11
2022,5,FEBRERO,PT,100,25
2022,5,FEBRERO,PT,200,48
2022,6,FEBRERO,CO,10,1
2022,6,FEBRERO,CO,30,9
2022,6,FEBRERO,CO,50,22
2022,6,FEBRERO,CO,100,33
2022,6,FEBRERO,CO,200,67
2022,6,FEBRERO,PE,10,3
2022,6,FEBRERO,PE,30,7
2022,6,FEBRERO,PE,50,10
2022,6,FEBRERO,PE,100,25
2022,6,FEBRERO,PE,200,48
2022,6,FEBRERO,EC,10,2
2022,6,FEBRERO,EC,30,7
2022,6,FEBRERO,EC,50,12
2022,6,FEBRERO,EC,100,26
2022,6,FEBRERO,EC,200,51
2022,6,FEBRERO,PN,10,0
2022,6,FEBRERO,PN,30,7
2022,6,FEBRERO,PN,50,11
2022,6,FEBRERO,PN,100,21
2022,6,FEBRERO,PN,200,41
2022,6,FEBRERO,CR,10,2
2022,6,FEBRERO,CR,30,9
2022,6,FEBRERO,CR,50,13
2022,6,FEBRERO,CR,100,27
2022,6,FEBRERO,CR,200,56
2022,6,FEBRERO,GT,10,1
2022,6,FEBRERO,GT,30,7
2022,6,FEBRERO,GT,50,14
2022,6,FEBRERO,GT,100,25
2022,6,FEBRERO,GT,200,47
2022,6,FEBRERO,SV,10,0
2022,6,FEBRERO,SV,30,5
2022,6,FEBRERO,SV,50,12
2022,6,FEBRERO,SV,100,23
2022,6,FEBRERO,SV,200,46
2022,6,FEBRERO,HN,10,1
2022,6,FEBRERO,HN,30,5
2022,6,FEBRERO,HN,50,12
2022,6,FEBRERO,HN,100,26
2022,6,FEBRERO,HN,200,52
2022,6,FEBRERO,NI,10,2
2022,6,FEBRERO,NI,30,7
2022,6,FEBRERO,NI,50,14
2022,6,FEBRERO,NI,100,26
2022,6,FEBRERO,NI,200,48
2022,6,FEBRERO,DO,10,0
2022,6,FEBRERO,DO,30,3
2022,6,FEBRERO,DO,50,6
2022,6,FEBRERO,DO,100,16
2022,6,FEBRERO,DO,200,34
2022,6,FEBRERO,MX,10,4
2022,6,FEBRERO,MX,30,7
2022,6,FEBRERO,MX,50,9
2022,6,FEBRERO,MX,100,19
2022,6,FEBRERO,MX,200,41
2022,6,FEBRERO,SP,10,2
2022,6,FEBRERO,SP,30,5
2022,6,FEBRERO,SP,50,8
2022,6,FEBRERO,SP,100,16
2022,6,FEBRERO,SP,200,37
2022,6,FEBRERO,CL,10,0
2022,6,FEBRERO,CL,30,4
2022,6,FEBRERO,CL,50,5
2022,6,FEBRERO,CL,100,15
2022,6,FEBRERO,CL,200,35
2022,6,FEBRERO,AR,10,0
2022,6,FEBRERO,AR,30,4
2022,6,FEBRERO,AR,50,6
2022,6,FEBRERO,AR,100,14
2022,6,FEBRERO,AR,200,30
2022,6,FEBRERO,BR,10,0
2022,6,FEBRERO,BR,30,5
2022,6,FEBRERO,BR,50,9
2022,6,FEBRERO,BR,100,18
2022,6,FEBRERO,BR,200,34
2022,6,FEBRERO,PT,10,2
2022,6,FEBRERO,PT,30,6
2022,6,FEBRERO,PT,50,10
2022,6,FEBRERO,PT,100,25
2022,6,FEBRERO,PT,200,48
2022,7,FEBRERO,CO,10,1
2022,7,FEBRERO,CO,30,9
2022,7,FEBRERO,CO,50,20
2022,7,FEBRERO,CO,100,31
2022,7,FEBRERO,CO,200,64
2022,7,FEBRERO,PE,10,3
2022,7,FEBRERO,PE,30,7
2022,7,FEBRERO,PE,50,11
2022,7,FEBRERO,PE,100,24
2022,7,FEBRERO,PE,200,45
2022,7,FEBRERO,EC,10,2
2022,7,FEBRERO,EC,30,7
2022,7,FEBRERO,EC,50,13
2022,7,FEBRERO,EC,100,24
2022,7,FEBRERO,EC,200,49
2022,7,FEBRERO,PN,10,0
2022,7,FEBRERO,PN,30,7
2022,7,FEBRERO,PN,50,10
2022,7,FEBRERO,PN,100,21
2022,7,FEBRERO,PN,200,41
2022,7,FEBRERO,CR,10,1
2022,7,FEBRERO,CR,30,8
2022,7,FEBRERO,CR,50,14
2022,7,FEBRERO,CR,100,27
2022,7,FEBRERO,CR,200,55
2022,7,FEBRERO,GT,10,1
2022,7,FEBRERO,GT,30,7
2022,7,FEBRERO,GT,50,13
2022,7,FEBRERO,GT,100,25
2022,7,FEBRERO,GT,200,45
2022,7,FEBRERO,SV,10,0
2022,7,FEBRERO,SV,30,5
2022,7,FEBRERO,SV,50,11
2022,7,FEBRERO,SV,100,24
2022,7,FEBRERO,SV,200,50
2022,7,FEBRERO,HN,10,1
2022,7,FEBRERO,HN,30,6
2022,7,FEBRERO,HN,50,11
2022,7,FEBRERO,HN,100,29
2022,7,FEBRERO,HN,200,56
2022,7,FEBRERO,NI,10,1
2022,7,FEBRERO,NI,30,7
2022,7,FEBRERO,NI,50,13
2022,7,FEBRERO,NI,100,26
2022,7,FEBRERO,NI,200,46
2022,7,FEBRERO,DO,10,0
2022,7,FEBRERO,DO,30,3
2022,7,FEBRERO,DO,50,6
2022,7,FEBRERO,DO,100,15
2022,7,FEBRERO,DO,200,32
2022,7,FEBRERO,MX,10,4
2022,7,FEBRERO,MX,30,7
2022,7,FEBRERO,MX,50,10
2022,7,FEBRERO,MX,100,18
2022,7,FEBRERO,MX,200,40
2022,7,FEBRERO,SP,10,2
2022,7,FEBRERO,SP,30,5
2022,7,FEBRERO,SP,50,7
2022,7,FEBRERO,SP,100,16
2022,7,FEBRERO,SP,200,37
2022,7,FEBRERO,CL,10,0
2022,7,FEBRERO,CL,30,3
2022,7,FEBRERO,CL,50,5
2022,7,FEBRERO,CL,100,15
2022,7,FEBRERO,CL,200,35
2022,7,FEBRERO,AR,10,1
2022,7,FEBRERO,AR,30,4
2022,7,FEBRERO,AR,50,7
2022,7,FEBRERO,AR,100,14
2022,7,FEBRERO,AR,200,27
2022,7,FEBRERO,BR,10,0
2022,7,FEBRERO,BR,30,6
2022,7,FEBRERO,BR,50,9
2022,7,FEBRERO,BR,100,16
2022,7,FEBRERO,BR,200,29
2022,7,FEBRERO,PT,10,2
2022,7,FEBRERO,PT,30,7
2022,7,FEBRERO,PT,50,9
2022,7,FEBRERO,PT,100,22
2022,7,FEBRERO,PT,200,50
2022,8,FEBRERO,CO,10,2
2022,8,FEBRERO,CO,30,10
2022,8,FEBRERO,CO,50,21
2022,8,FEBRERO,CO,100,30
2022,8,FEBRERO,CO,200,68
2022,8,FEBRERO,PE,10,3
2022,8,FEBRERO,PE,30,7
2022,8,FEBRERO,PE,50,11
2022,8,FEBRERO,PE,100,26
2022,8,FEBRERO,PE,200,47
2022,8,FEBRERO,EC,10,1
2022,8,FEBRERO,EC,30,7
2022,8,FEBRERO,EC,50,12
2022,8,FEBRERO,EC,100,25
2022,8,FEBRERO,EC,200,50
2022,8,FEBRERO,PN,10,0
2022,8,FEBRERO,PN,30,7
2022,8,FEBRERO,PN,50,11
2022,8,FEBRERO,PN,100,21
2022,8,FEBRERO,PN,200,40
2022,8,FEBRERO,CR,10,1
2022,8,FEBRERO,CR,30,9
2022,8,FEBRERO,CR,50,18
2022,8,FEBRERO,CR,100,33
2022,8,FEBRERO,CR,200,64
2022,8,FEBRERO,GT,10,0
2022,8,FEBRERO,GT,30,7
2022,8,FEBRERO,GT,50,14
2022,8,FEBRERO,GT,100,26
2022,8,FEBRERO,GT,200,50
2022,8,FEBRERO,SV,10,0
2022,8,FEBRERO,SV,30,5
2022,8,FEBRERO,SV,50,12
2022,8,FEBRERO,SV,100,27
2022,8,FEBRERO,SV,200,49
2022,8,FEBRERO,HN,10,0
2022,8,FEBRERO,HN,30,6
2022,8,FEBRERO,HN,50,15
2022,8,FEBRERO,HN,100,33
2022,8,FEBRERO,HN,200,57
2022,8,FEBRERO,NI,10,1
2022,8,FEBRERO,NI,30,6
2022,8,FEBRERO,NI,50,13
2022,8,FEBRERO,NI,100,26
2022,8,FEBRERO,NI,200,47
2022,8,FEBRERO,DO,10,0
2022,8,FEBRERO,DO,30,3
2022,8,FEBRERO,DO,50,5
2022,8,FEBRERO,DO,100,14
2022,8,FEBRERO,DO,200,32
2022,8,FEBRERO,MX,10,4
2022,8,FEBRERO,MX,30,6
2022,8,FEBRERO,MX,50,9
2022,8,FEBRERO,MX,100,20
2022,8,FEBRERO,MX,200,45
2022,8,FEBRERO,SP,10,2
2022,8,FEBRERO,SP,30,5
2022,8,FEBRERO,SP,50,6
2022,8,FEBRERO,SP,100,16
2022,8,FEBRERO,SP,200,35
2022,8,FEBRERO,CL,10,0
2022,8,FEBRERO,CL,30,2
2022,8,FEBRERO,CL,50,5
2022,8,FEBRERO,CL,100,16
2022,8,FEBRERO,CL,200,33
2022,8,FEBRERO,AR,10,0
2022,8,FEBRERO,AR,30,4
2022,8,FEBRERO,AR,50,7
2022,8,FEBRERO,AR,100,13
2022,8,FEBRERO,AR,200,26
2022,8,FEBRERO,BR,10,0
2022,8,FEBRERO,BR,30,7
2022,8,FEBRERO,BR,50,9
2022,8,FEBRERO,BR,100,17
2022,8,FEBRERO,BR,200,30
2022,8,FEBRERO,PT,10,2
2022,8,FEBRERO,PT,30,6
2022,8,FEBRERO,PT,50,10
2022,8,FEBRERO,PT,100,21
2022,8,FEBRERO,PT,200,48
2022,9,MARZO,CO,10,2
2022,9,MARZO,CO,30,10
2022,9,MARZO,CO,50,20
2022,9,MARZO,CO,100,33
2022,9,MARZO,CO,200,65
2022,9,MARZO,PE,10,3
2022,9,MARZO,PE,30,6
2022,9,MARZO,PE,50,11
2022,9,MARZO,PE,100,24
2022,9,MARZO,PE,200,46
2022,9,MARZO,EC,10,1
2022,9,MARZO,EC,30,7
2022,9,MARZO,EC,50,11
2022,9,MARZO,EC,100,27
2022,9,MARZO,EC,200,50
2022,9,MARZO,PN,10,0
2022,9,MARZO,PN,30,7
2022,9,MARZO,PN,50,10
2022,9,MARZO,PN,100,21
2022,9,MARZO,PN,200,36
2022,9,MARZO,CR,10,2
2022,9,MARZO,CR,30,9
2022,9,MARZO,CR,50,16
2022,9,MARZO,CR,100,32
2022,9,MARZO,CR,200,63
2022,9,MARZO,GT,10,0
2022,9,MARZO,GT,30,6
2022,9,MARZO,GT,50,12
2022,9,MARZO,GT,100,24
2022,9,MARZO,GT,200,48
2022,9,MARZO,SV,10,0
2022,9,MARZO,SV,30,5
2022,9,MARZO,SV,50,13
2022,9,MARZO,SV,100,27
2022,9,MARZO,SV,200,51
2022,9,MARZO,HN,10,0
2022,9,MARZO,HN,30,7
2022,9,MARZO,HN,50,14
2022,9,MARZO,HN,100,28
2022,9,MARZO,HN,200,54
2022,9,MARZO,NI,10,1
2022,9,MARZO,NI,30,7
2022,9,MARZO,NI,50,13
2022,9,MARZO,NI,100,24
2022,9,MARZO,NI,200,44
2022,9,MARZO,DO,10,0
2022,9,MARZO,DO,30,3
2022,9,MARZO,DO,50,5
2022,9,MARZO,DO,100,13
2022,9,MARZO,DO,200,28
2022,9,MARZO,MX,10,4
2022,9,MARZO,MX,30,6
2022,9,MARZO,MX,50,9
2022,9,MARZO,MX,100,19
2022,9,MARZO,MX,200,42
2022,9,MARZO,SP,10,2
2022,9,MARZO,SP,30,5
2022,9,MARZO,SP,50,5
2022,9,MARZO,SP,100,15
2022,9,MARZO,SP,200,30
2022,9,MARZO,CL,10,0
2022,9,MARZO,CL,30,2
2022,9,MARZO,CL,50,5
2022,9,MARZO,CL,100,16
2022,9,MARZO,CL,200,32
2022,9,MARZO,AR,10,0
2022,9,MARZO,AR,30,3
2022,9,MARZO,AR,50,7
2022,9,MARZO,AR,100,12
2022,9,MARZO,AR,200,25
2022,9,MARZO,BR,10,0
2022,9,MARZO,BR,30,6
2022,9,MARZO,BR,50,8
2022,9,MARZO,BR,100,17
2022,9,MARZO,BR,200,33
2022,9,MARZO,PT,10,2
2022,9,MARZO,PT,30,6
2022,9,MARZO,PT,50,9
2022,9,MARZO,PT,100,19
2022,9,MARZO,PT,200,48
2022,10,MARZO,CO,10,1
2022,10,MARZO,CO,30,9
2022,10,MARZO,CO,50,19
2022,10,MARZO,CO,100,33
2022,10,MARZO,CO,200,67
2022,10,MARZO,PE,10,2
2022,10,MARZO,PE,30,7
2022,10,MARZO,PE,50,11
2022,10,MARZO,PE,100,22
2022,10,MARZO,PE,200,47
2022,10,MARZO,EC,10,1
2022,10,MARZO,EC,30,6
2022,10,MARZO,EC,50,11
2022,10,MARZO,EC,100,25
2022,10,MARZO,EC,200,52
2022,10,MARZO,PN,10,0
2022,10,MARZO,PN,30,5
2022,10,MARZO,PN,50,10
2022,10,MARZO,PN,100,19
2022,10,MARZO,PN,200,33
2022,10,MARZO,CR,10,1
2022,10,MARZO,CR,30,9
2022,10,MARZO,CR,50,15
2022,10,MARZO,CR,100,28
2022,10,MARZO,CR,200,59
2022,10,MARZO,GT,10,0
2022,10,MARZO,GT,30,6
2022,10,MARZO,GT,50,12
2022,10,MARZO,GT,100,24
2022,10,MARZO,GT,200,50
2022,10,MARZO,SV,10,0
2022,10,MARZO,SV,30,3
2022,10,MARZO,SV,50,11
2022,10,MARZO,SV,100,27
2022,10,MARZO,SV,200,47
2022,10,MARZO,HN,10,0
2022,10,MARZO,HN,30,5
2022,10,MARZO,HN,50,11
2022,10,MARZO,HN,100,26
2022,10,MARZO,HN,200,55
2022,10,MARZO,NI,10,1
2022,10,MARZO,NI,30,6
2022,10,MARZO,NI,50,13
2022,10,MARZO,NI,100,22
2022,10,MARZO,NI,200,44
2022,10,MARZO,DO,10,0
2022,10,MARZO,DO,30,3
2022,10,MARZO,DO,50,5
2022,10,MARZO,DO,100,13
2022,10,MARZO,DO,200,26
2022,10,MARZO,MX,10,3
2022,10,MARZO,MX,30,7
2022,10,MARZO,MX,50,8
2022,10,MARZO,MX,100,18
2022,10,MARZO,MX,200,40
2022,10,MARZO,SP,10,1
2022,10,MARZO,SP,30,5
2022,10,MARZO,SP,50,5
2022,10,MARZO,SP,100,13
2022,10,MARZO,SP,200,26
2022,10,MARZO,CL,10,0
2022,10,MARZO,CL,30,2
2022,10,MARZO,CL,50,5
2022,10,MARZO,CL,100,16
2022,10,MARZO,CL,200,31
2022,10,MARZO,AR,10,0
2022,10,MARZO,AR,30,3
2022,10,MARZO,AR,50,6
2022,10,MARZO,AR,100,12
2022,10,MARZO,AR,200,26
2022,10,MARZO,BR,10,0
2022,10,MARZO,BR,30,6
2022,10,MARZO,BR,50,9
2022,10,MARZO,BR,100,15
2022,10,MARZO,BR,200,31
2022,10,MARZO,PT,10,2
2022,10,MARZO,PT,30,6
2022,10,MARZO,PT,50,9
2022,10,MARZO,PT,100,18
2022,10,MARZO,PT,200,51
2022,11,MARZO,CO,10,2
2022,11,MARZO,CO,30,9
2022,11,MARZO,CO,50,18
2022,11,MARZO,CO,100,36
2022,11,MARZO,CO,200,73
2022,11,MARZO,PE,10,2
2022,11,MARZO,PE,30,7
2022,11,MARZO,PE,50,11
2022,11,MARZO,PE,100,22
2022,11,MARZO,PE,200,46
2022,11,MARZO,EC,10,1
2022,11,MARZO,EC,30,7
2022,11,MARZO,EC,50,13
2022,11,MARZO,EC,100,29
2022,11,MARZO,EC,200,59
2022,11,MARZO,PN,10,0
2022,11,MARZO,PN,30,2
2022,11,MARZO,PN,50,8
2022,11,MARZO,PN,100,18
2022,11,MARZO,PN,200,35
2022,11,MARZO,CR,10,1
2022,11,MARZO,CR,30,6
2022,11,MARZO,CR,50,13
2022,11,MARZO,CR,100,26
2022,11,MARZO,CR,200,53
2022,11,MARZO,GT,10,0
2022,11,MARZO,GT,30,5
2022,11,MARZO,GT,50,11
2022,11,MARZO,GT,100,23
2022,11,MARZO,GT,200,51
2022,11,MARZO,SV,10,0
2022,11,MARZO,SV,30,3
2022,11,MARZO,SV,50,9
2022,11,MARZO,SV,100,24
2022,11,MARZO,SV,200,53
2022,11,MARZO,HN,10,0
2022,11,MARZO,HN,30,5
2022,11,MARZO,HN,50,10
2022,11,MARZO,HN,100,26
2022,11,MARZO,HN,200,56
2022,11,MARZO,NI,10,1
2022,11,MARZO,NI,30,4
2022,11,MARZO,NI,50,11
2022,11,MARZO,NI,100,23
2022,11,MARZO,NI,200,51
2022,11,MARZO,DO,10,0
2022,11,MARZO,DO,30,3
2022,11,MARZO,DO,50,5
2022,11,MARZO,DO,100,13
2022,11,MARZO,DO,200,28
2022,11,MARZO,MX,10,2
2022,11,MARZO,MX,30,5
2022,11,MARZO,MX,50,8
2022,11,MARZO,MX,100,16
2022,11,MARZO,MX,200,40
2022,11,MARZO,SP,10,1
2022,11,MARZO,SP,30,6
2022,11,MARZO,SP,50,7
2022,11,MARZO,SP,100,14
2022,11,MARZO,SP,200,28
2022,11,MARZO,CL,10,0
2022,11,MARZO,CL,30,1
2022,11,MARZO,CL,50,5
2022,11,MARZO,CL,100,15
2022,11,MARZO,CL,200,32
2022,11,MARZO,AR,10,0
2022,11,MARZO,AR,30,3
2022,11,MARZO,AR,50,7
2022,11,MARZO,AR,100,13
2022,11,MARZO,AR,200,25
2022,11,MARZO,BR,10,0
2022,11,MARZO,BR,30,6
2022,11,MARZO,BR,50,9
2022,11,MARZO,BR,100,16
2022,11,MARZO,BR,200,31
2022,11,MARZO,PT,10,3
2022,11,MARZO,PT,30,7
2022,11,MARZO,PT,50,9
2022,11,MARZO,PT,100,18
2022,11,MARZO,PT,200,51
2022,12,MARZO,CO,10,2
2022,12,MARZO,CO,30,9
2022,12,MARZO,CO,50,20
2022,12,MARZO,CO,100,38
2022,12,MARZO,CO,200,74
2022,12,MARZO,PE,10,2
2022,12,MARZO,PE,30,6
2022,12,MARZO,PE,50,12
2022,12,MARZO,PE,100,22
2022,12,MARZO,PE,200,47
2022,12,MARZO,EC,10,2
2022,12,MARZO,EC,30,7
2022,12,MARZO,EC,50,12
2022,12,MARZO,EC,100,26
2022,12,MARZO,EC,200,53
2022,12,MARZO,PN,10,0
2022,12,MARZO,PN,30,4
2022,12,MARZO,PN,50,9
2022,12,MARZO,PN,100,19
2022,12,MARZO,PN,200,34
2022,12,MARZO,CR,10,0
2022,12,MARZO,CR,30,5
2022,12,MARZO,CR,50,9
2022,12,MARZO,CR,100,23
2022,12,MARZO,CR,200,50
2022,12,MARZO,GT,10,0
2022,12,MARZO,GT,30,6
2022,12,MARZO,GT,50,11
2022,12,MARZO,GT,100,25
2022,12,MARZO,GT,200,51
2022,12,MARZO,SV,10,0
2022,12,MARZO,SV,30,3
2022,12,MARZO,SV,50,10
2022,12,MARZO,SV,100,22
2022,12,MARZO,SV,200,52
2022,12,MARZO,HN,10,1
2022,12,MARZO,HN,30,5
2022,12,MARZO,HN,50,10
2022,12,MARZO,HN,100,26
2022,12,MARZO,HN,200,55
2022,12,MARZO,NI,10,1
2022,12,MARZO,NI,30,5
2022,12,MARZO,NI,50,11
2022,12,MARZO,NI,100,24
2022,12,MARZO,NI,200,50
2022,12,MARZO,DO,10,0
2022,12,MARZO,DO,30,2
2022,12,MARZO,DO,50,5
2022,12,MARZO,DO,100,10
2022,12,MARZO,DO,200,26
2022,12,MARZO,VE,10,1
2022,12,MARZO,VE,30,6
2022,12,MARZO,VE,50,13
2022,12,MARZO,VE,100,25
2022,12,MARZO,VE,200,46
2022,12,MARZO,MX,10,1
2022,12,MARZO,MX,30,5
2022,12,MARZO,MX,50,8
2022,12,MARZO,MX,100,16
2022,12,MARZO,MX,200,42
2022,12,MARZO,SP,10,1
2022,12,MARZO,SP,30,4
2022,12,MARZO,SP,50,8
2022,12,MARZO,SP,100,14
2022,12,MARZO,SP,200,28
2022,12,MARZO,CL,10,0
2022,12,MARZO,CL,30,1
2022,12,MARZO,CL,50,5
2022,12,MARZO,CL,100,14
2022,12,MARZO,CL,200,31
2022,12,MARZO,AR,10,1
2022,12,MARZO,AR,30,2
2022,12,MARZO,AR,50,5
2022,12,MARZO,AR,100,13
2022,12,MARZO,AR,200,27
2022,12,MARZO,BR,10,0
2022,12,MARZO,BR,30,5
2022,12,MARZO,BR,50,9
2022,12,MARZO,BR,100,17
2022,12,MARZO,BR,200,35
2022,12,MARZO,PT,10,2
2022,12,MARZO,PT,30,8
2022,12,MARZO,PT,50,11
2022,12,MARZO,PT,100,18
2022,12,MARZO,PT,200,48
2022,13,MARZO,CO,10,2
2022,13,MARZO,CO,30,8
2022,13,MARZO,CO,50,19
2022,13,MARZO,CO,100,41
2022,13,MARZO,CO,200,75
2022,13,MARZO,PE,10,2
2022,13,MARZO,PE,30,8
2022,13,MARZO,PE,50,15
2022,13,MARZO,PE,100,27
2022,13,MARZO,PE,200,57
2022,13,MARZO,EC,10,3
2022,13,MARZO,EC,30,8
2022,13,MARZO,EC,50,17
2022,13,MARZO,EC,100,33
2022,13,MARZO,EC,200,64
2022,13,MARZO,PN,10,1
2022,13,MARZO,PN,30,7
2022,13,MARZO,PN,50,12
2022,13,MARZO,PN,100,26
2022,13,MARZO,PN,200,49
2022,13,MARZO,CR,10,2
2022,13,MARZO,CR,30,9
2022,13,MARZO,CR,50,14
2022,13,MARZO,CR,100,31
2022,13,MARZO,CR,200,64
2022,13,MARZO,GT,10,1
2022,13,MARZO,GT,30,8
2022,13,MARZO,GT,50,15
2022,13,MARZO,GT,100,33
2022,13,MARZO,GT,200,63
2022,13,MARZO,SV,10,1
2022,13,MARZO,SV,30,7
2022,13,MARZO,SV,50,15
2022,13,MARZO,SV,100,31
2022,13,MARZO,SV,200,68
2022,13,MARZO,HN,10,1
2022,13,MARZO,HN,30,8
2022,13,MARZO,HN,50,15
2022,13,MARZO,HN,100,37
2022,13,MARZO,HN,200,64
2022,13,MARZO,NI,10,1
2022,13,MARZO,NI,30,6
2022,13,MARZO,NI,50,15
2022,13,MARZO,NI,100,32
2022,13,MARZO,NI,200,66
2022,13,MARZO,DO,10,1
2022,13,MARZO,DO,30,8
2022,13,MARZO,DO,50,14
2022,13,MARZO,DO,100,28
2022,13,MARZO,DO,200,46
2022,13,MARZO,VE,10,3
2022,13,MARZO,VE,30,14
2022,13,MARZO,VE,50,25
2022,13,MARZO,VE,100,45
2022,13,MARZO,VE,200,73
2022,13,MARZO,MX,10,1
2022,13,MARZO,MX,30,5
2022,13,MARZO,MX,50,9
2022,13,MARZO,MX,100,18
2022,13,MARZO,MX,200,42
2022,13,MARZO,SP,10,3
2022,13,MARZO,SP,30,8
2022,13,MARZO,SP,50,12
2022,13,MARZO,SP,100,24
2022,13,MARZO,SP,200,43
2022,13,MARZO,CL,10,2
2022,13,MARZO,CL,30,6
2022,13,MARZO,CL,50,14
2022,13,MARZO,CL,100,28
2022,13,MARZO,CL,200,45
2022,13,MARZO,AR,10,1
2022,13,MARZO,AR,30,2
2022,13,MARZO,AR,50,7
2022,13,MARZO,AR,100,16
2022,13,MARZO,AR,200,33
2022,13,MARZO,BR,10,0
2022,13,MARZO,BR,30,5
2022,13,MARZO,BR,50,12
2022,13,MARZO,BR,100,16
2022,13,MARZO,BR,200,35
2022,13,MARZO,PT,10,2
2022,13,MARZO,PT,30,6
2022,13,MARZO,PT,50,10
2022,13,MARZO,PT,100,18
2022,13,MARZO,PT,200,49
2022,14,ABRIL,CO,10,2
2022,14,ABRIL,CO,30,8
2022,14,ABRIL,CO,50,16
2022,14,ABRIL,CO,100,35
2022,14,ABRIL,CO,200,66
2022,14,ABRIL,PE,10,1
2022,14,ABRIL,PE,30,9
2022,14,ABRIL,PE,50,13
2022,14,ABRIL,PE,100,24
2022,14,ABRIL,PE,200,54
2022,14,ABRIL,EC,10,2
2022,14,ABRIL,EC,30,7
2022,14,ABRIL,EC,50,13
2022,14,ABRIL,EC,100,27
2022,14,ABRIL,EC,200,50
2022,14,ABRIL,PN,10,0
2022,14,ABRIL,PN,30,4
2022,14,ABRIL,PN,50,9
2022,14,ABRIL,PN,100,18
2022,14,ABRIL,PN,200,38
2022,14,ABRIL,CR,10,0
2022,14,ABRIL,CR,30,8
2022,14,ABRIL,CR,50,13
2022,14,ABRIL,CR,100,26
2022,14,ABRIL,CR,200,52
2022,14,ABRIL,GT,10,1
2022,14,ABRIL,GT,30,6
2022,14,ABRIL,GT,50,12
2022,14,ABRIL,GT,100,26
2022,14,ABRIL,GT,200,51
2022,14,ABRIL,SV,10,1
2022,14,ABRIL,SV,30,5
2022,14,ABRIL,SV,50,10
2022,14,ABRIL,SV,100,22
2022,14,ABRIL,SV,200,58
2022,14,ABRIL,HN,10,1
2022,14,ABRIL,HN,30,4
2022,14,ABRIL,HN,50,9
2022,14,ABRIL,HN,100,23
2022,14,ABRIL,HN,200,52
2022,14,ABRIL,NI,10,2
2022,14,ABRIL,NI,30,4
2022,14,ABRIL,NI,50,12
2022,14,ABRIL,NI,100,26
2022,14,ABRIL,NI,200,53
2022,14,ABRIL,DO,10,1
2022,14,ABRIL,DO,30,3
2022,14,ABRIL,DO,50,3
2022,14,ABRIL,DO,100,14
2022,14,ABRIL,DO,200,34
2022,14,ABRIL,VE,10,2
2022,14,ABRIL,VE,30,5
2022,14,ABRIL,VE,50,12
2022,14,ABRIL,VE,100,27
2022,14,ABRIL,VE,200,58
2022,14,ABRIL,MX,10,0
2022,14,ABRIL,MX,30,5
2022,14,ABRIL,MX,50,9
2022,14,ABRIL,MX,100,18
2022,14,ABRIL,MX,200,36
2022,14,ABRIL,SP,10,2
2022,14,ABRIL,SP,30,7
2022,14,ABRIL,SP,50,10
2022,14,ABRIL,SP,100,18
2022,14,ABRIL,SP,200,35
2022,14,ABRIL,CL,10,1
2022,14,ABRIL,CL,30,3
2022,14,ABRIL,CL,50,7
2022,14,ABRIL,CL,100,17
2022,14,ABRIL,CL,200,39
2022,14,ABRIL,AR,10,0
2022,14,ABRIL,AR,30,2
2022,14,ABRIL,AR,50,6
2022,14,ABRIL,AR,100,16
2022,14,ABRIL,AR,200,31
2022,14,ABRIL,BR,10,0
2022,14,ABRIL,BR,30,4
2022,14,ABRIL,BR,50,9
2022,14,ABRIL,BR,100,17
2022,14,ABRIL,BR,200,36
2022,14,ABRIL,PT,10,0
2022,14,ABRIL,PT,30,4
2022,14,ABRIL,PT,50,7
2022,14,ABRIL,PT,100,21
2022,14,ABRIL,PT,200,51
2022,15,ABRIL,CO,10,2
2022,15,ABRIL,CO,30,7
2022,15,ABRIL,CO,50,14
2022,15,ABRIL,CO,100,35
2022,15,ABRIL,CO,200,66
2022,15,ABRIL,PE,10,1
2022,15,ABRIL,PE,30,8
2022,15,ABRIL,PE,50,12
2022,15,ABRIL,PE,100,24
2022,15,ABRIL,PE,200,53
2022,15,ABRIL,EC,10,1
2022,15,ABRIL,EC,30,7
2022,15,ABRIL,EC,50,12
2022,15,ABRIL,EC,100,26
2022,15,ABRIL,EC,200,51
2022,15,ABRIL,PN,10,1
2022,15,ABRIL,PN,30,3
2022,15,ABRIL,PN,50,10
2022,15,ABRIL,PN,100,21
2022,15,ABRIL,PN,200,41
2022,15,ABRIL,CR,10,1
2022,15,ABRIL,CR,30,9
2022,15,ABRIL,CR,50,13
2022,15,ABRIL,CR,100,30
2022,15,ABRIL,CR,200,55
2022,15,ABRIL,GT,10,1
2022,15,ABRIL,GT,30,6
2022,15,ABRIL,GT,50,10
2022,15,ABRIL,GT,100,22
2022,15,ABRIL,GT,200,52
2022,15,ABRIL,SV,10,1
2022,15,ABRIL,SV,30,3
2022,15,ABRIL,SV,50,10
2022,15,ABRIL,SV,100,22
2022,15,ABRIL,SV,200,58
2022,15,ABRIL,HN,10,2
2022,15,ABRIL,HN,30,5
2022,15,ABRIL,HN,50,10
2022,15,ABRIL,HN,100,27
2022,15,ABRIL,HN,200,60
2022,15,ABRIL,NI,10,2
2022,15,ABRIL,NI,30,5
2022,15,ABRIL,NI,50,12
2022,15,ABRIL,NI,100,25
2022,15,ABRIL,NI,200,53
2022,15,ABRIL,DO,10,1
2022,15,ABRIL,DO,30,2
2022,15,ABRIL,DO,50,3
2022,15,ABRIL,DO,100,11
2022,15,ABRIL,DO,200,32
2022,15,ABRIL,VE,10,2
2022,15,ABRIL,VE,30,6
2022,15,ABRIL,VE,50,14
2022,15,ABRIL,VE,100,28
2022,15,ABRIL,VE,200,54
2022,15,ABRIL,MX,10,1
2022,15,ABRIL,MX,30,5
2022,15,ABRIL,MX,50,8
2022,15,ABRIL,MX,100,15
2022,15,ABRIL,MX,200,34
2022,15,ABRIL,SP,10,2
2022,15,ABRIL,SP,30,7
2022,15,ABRIL,SP,50,10
2022,15,ABRIL,SP,100,17
2022,15,ABRIL,SP,200,33
2022,15,ABRIL,CL,10,1
2022,15,ABRIL,CL,30,3
2022,15,ABRIL,CL,50,4
2022,15,ABRIL,CL,100,15
2022,15,ABRIL,CL,200,38
2022,15,ABRIL,AR,10,0
2022,15,ABRIL,AR,30,2
2022,15,ABRIL,AR,50,5
2022,15,ABRIL,AR,100,16
2022,15,ABRIL,AR,200,30
2022,15,ABRIL,BR,10,0
2022,15,ABRIL,BR,30,4
2022,15,ABRIL,BR,50,8
2022,15,ABRIL,BR,100,16
2022,15,ABRIL,BR,200,33
2022,15,ABRIL,PT,10,1
2022,15,ABRIL,PT,30,4
2022,15,ABRIL,PT,50,7
2022,15,ABRIL,PT,100,18
2022,15,ABRIL,PT,200,46
2022,16,ABRIL,CO,10,3
2022,16,ABRIL,CO,30,7
2022,16,ABRIL,CO,50,14
2022,16,ABRIL,CO,100,34
2022,16,ABRIL,CO,200,69
2022,16,ABRIL,PE,10,1
2022,16,ABRIL,PE,30,7
2022,16,ABRIL,PE,50,12
2022,16,ABRIL,PE,100,23
2022,16,ABRIL,PE,200,56
2022,16,ABRIL,EC,10,1
2022,16,ABRIL,EC,30,7
2022,16,ABRIL,EC,50,10
2022,16,ABRIL,EC,100,26
2022,16,ABRIL,EC,200,47
2022,16,ABRIL,PN,10,1
2022,16,ABRIL,PN,30,3
2022,16,ABRIL,PN,50,9
2022,16,ABRIL,PN,100,21
2022,16,ABRIL,PN,200,42
2022,16,ABRIL,CR,10,2
2022,16,ABRIL,CR,30,8
2022,16,ABRIL,CR,50,12
2022,16,ABRIL,CR,100,28
2022,16,ABRIL,CR,200,56
2022,16,ABRIL,GT,10,1
2022,16,ABRIL,GT,30,7
2022,16,ABRIL,GT,50,10
2022,16,ABRIL,GT,100,23
2022,16,ABRIL,GT,200,52
2022,16,ABRIL,SV,10,1
2022,16,ABRIL,SV,30,3
2022,16,ABRIL,SV,50,10
2022,16,ABRIL,SV,100,22
2022,16,ABRIL,SV,200,56
2022,16,ABRIL,HN,10,2
2022,16,ABRIL,HN,30,4
2022,16,ABRIL,HN,50,9
2022,16,ABRIL,HN,100,27
2022,16,ABRIL,HN,200,59
2022,16,ABRIL,NI,10,2
2022,16,ABRIL,NI,30,5
2022,16,ABRIL,NI,50,12
2022,16,ABRIL,NI,100,24
2022,16,ABRIL,NI,200,52
2022,16,ABRIL,DO,10,1
2022,16,ABRIL,DO,30,2
2022,16,ABRIL,DO,50,3
2022,16,ABRIL,DO,100,11
2022,16,ABRIL,DO,200,34
2022,16,ABRIL,VE,10,2
2022,16,ABRIL,VE,30,7
2022,16,ABRIL,VE,50,15
2022,16,ABRIL,VE,100,27
2022,16,ABRIL,VE,200,54
2022,16,ABRIL,MX,10,1
2022,16,ABRIL,MX,30,5
2022,16,ABRIL,MX,50,8
2022,16,ABRIL,MX,100,15
2022,16,ABRIL,MX,200,38
2022,16,ABRIL,SP,10,2
2022,16,ABRIL,SP,30,7
2022,16,ABRIL,SP,50,10
2022,16,ABRIL,SP,100,16
2022,16,ABRIL,SP,200,32
2022,16,ABRIL,CL,10,1
2022,16,ABRIL,CL,30,3
2022,16,ABRIL,CL,50,4
2022,16,ABRIL,CL,100,13
2022,16,ABRIL,CL,200,36
2022,16,ABRIL,AR,10,0
2022,16,ABRIL,AR,30,3
2022,16,ABRIL,AR,50,5
2022,16,ABRIL,AR,100,15
2022,16,ABRIL,AR,200,28
2022,16,ABRIL,BR,10,0
2022,16,ABRIL,BR,30,4
2022,16,ABRIL,BR,50,7
2022,16,ABRIL,BR,100,17
2022,16,ABRIL,BR,200,30
2022,16,ABRIL,PT,10,1
2022,16,ABRIL,PT,30,5
2022,16,ABRIL,PT,50,7
2022,16,ABRIL,PT,100,17
2022,16,ABRIL,PT,200,45
2022,17,ABRIL,CO,10,3
2022,17,ABRIL,CO,30,7
2022,17,ABRIL,CO,50,13
2022,17,ABRIL,CO,100,34
2022,17,ABRIL,CO,200,65
2022,17,ABRIL,PE,10,2
2022,17,ABRIL,PE,30,7
2022,17,ABRIL,PE,50,11
2022,17,ABRIL,PE,100,23
2022,17,ABRIL,PE,200,53
2022,17,ABRIL,EC,10,2
2022,17,ABRIL,EC,30,7
2022,17,ABRIL,EC,50,10
2022,17,ABRIL,EC,100,25
2022,17,ABRIL,EC,200,49
2022,17,ABRIL,PN,10,2
2022,17,ABRIL,PN,30,3
2022,17,ABRIL,PN,50,8
2022,17,ABRIL,PN,100,21
2022,17,ABRIL,PN,200,43
2022,17,ABRIL,CR,10,3
2022,17,ABRIL,CR,30,11
2022,17,ABRIL,CR,50,17
2022,17,ABRIL,CR,100,28
2022,17,ABRIL,CR,200,62
2022,17,ABRIL,GT,10,1
2022,17,ABRIL,GT,30,5
2022,17,ABRIL,GT,50,11
2022,17,ABRIL,GT,100,26
2022,17,ABRIL,GT,200,52
2022,17,ABRIL,SV,10,1
2022,17,ABRIL,SV,30,4
2022,17,ABRIL,SV,50,10
2022,17,ABRIL,SV,100,24
2022,17,ABRIL,SV,200,56
2022,17,ABRIL,HN,10,2
2022,17,ABRIL,HN,30,4
2022,17,ABRIL,HN,50,10
2022,17,ABRIL,HN,100,27
2022,17,ABRIL,HN,200,55
2022,17,ABRIL,NI,10,2
2022,17,ABRIL,NI,30,6
2022,17,ABRIL,NI,50,12
2022,17,ABRIL,NI,100,27
2022,17,ABRIL,NI,200,53
2022,17,ABRIL,DO,10,2
2022,17,ABRIL,DO,30,2
2022,17,ABRIL,DO,50,5
2022,17,ABRIL,DO,100,12
2022,17,ABRIL,DO,200,35
2022,17,ABRIL,VE,10,3
2022,17,ABRIL,VE,30,6
2022,17,ABRIL,VE,50,14
2022,17,ABRIL,VE,100,26
2022,17,ABRIL,VE,200,55
2022,17,ABRIL,MX,10,1
2022,17,ABRIL,MX,30,6
2022,17,ABRIL,MX,50,10
2022,17,ABRIL,MX,100,16
2022,17,ABRIL,MX,200,39
2022,17,ABRIL,SP,10,1
2022,17,ABRIL,SP,30,7
2022,17,ABRIL,SP,50,10
2022,17,ABRIL,SP,100,17
2022,17,ABRIL,SP,200,32
2022,17,ABRIL,CL,10,1
2022,17,ABRIL,CL,30,4
2022,17,ABRIL,CL,50,4
2022,17,ABRIL,CL,100,13
2022,17,ABRIL,CL,200,38
2022,17,ABRIL,AR,10,0
2022,17,ABRIL,AR,30,1
2022,17,ABRIL,AR,50,4
2022,17,ABRIL,AR,100,14
2022,17,ABRIL,AR,200,29
2022,17,ABRIL,BR,10,0
2022,17,ABRIL,BR,30,3
2022,17,ABRIL,BR,50,7
2022,17,ABRIL,BR,100,17
2022,17,ABRIL,BR,200,33
2022,17,ABRIL,PT,10,1
2022,17,ABRIL,PT,30,5
2022,17,ABRIL,PT,50,8
2022,17,ABRIL,PT,100,19
2022,17,ABRIL,PT,200,44
2022,18,MAYO,CO,10,3
2022,18,MAYO,CO,30,7
2022,18,MAYO,CO,50,15
2022,18,MAYO,CO,100,34
2022,18,MAYO,CO,200,68
2022,18,MAYO,PE,10,1
2022,18,MAYO,PE,30,7
2022,18,MAYO,PE,50,11
2022,18,MAYO,PE,100,24
2022,18,MAYO,PE,200,50
2022,18,MAYO,EC,10,2
2022,18,MAYO,EC,30,7
2022,18,MAYO,EC,50,10
2022,18,MAYO,EC,100,24
2022,18,MAYO,EC,200,51
2022,18,MAYO,PN,10,2
2022,18,MAYO,PN,30,3
2022,18,MAYO,PN,50,7
2022,18,MAYO,PN,100,20
2022,18,MAYO,PN,200,42
2022,18,MAYO,CR,10,2
2022,18,MAYO,CR,30,8
2022,18,MAYO,CR,50,15
2022,18,MAYO,CR,100,30
2022,18,MAYO,CR,200,61
2022,18,MAYO,GT,10,2
2022,18,MAYO,GT,30,6
2022,18,MAYO,GT,50,11
2022,18,MAYO,GT,100,25
2022,18,MAYO,GT,200,52
2022,18,MAYO,SV,10,2
2022,18,MAYO,SV,30,4
2022,18,MAYO,SV,50,10
2022,18,MAYO,SV,100,25
2022,18,MAYO,SV,200,53
2022,18,MAYO,HN,10,2
2022,18,MAYO,HN,30,4
2022,18,MAYO,HN,50,10
2022,18,MAYO,HN,100,30
2022,18,MAYO,HN,200,54
2022,18,MAYO,NI,10,3
2022,18,MAYO,NI,30,6
2022,18,MAYO,NI,50,12
2022,18,MAYO,NI,100,27
2022,18,MAYO,NI,200,56
2022,18,MAYO,DO,10,2
2022,18,MAYO,DO,30,3
2022,18,MAYO,DO,50,4
2022,18,MAYO,DO,100,13
2022,18,MAYO,DO,200,31
2022,18,MAYO,VE,10,3
2022,18,MAYO,VE,30,5
2022,18,MAYO,VE,50,13
2022,18,MAYO,VE,100,25
2022,18,MAYO,VE,200,52
2022,18,MAYO,MX,10,2
2022,18,MAYO,MX,30,6
2022,18,MAYO,MX,50,10
2022,18,MAYO,MX,100,16
2022,18,MAYO,MX,200,39
2022,18,MAYO,SP,10,2
2022,18,MAYO,SP,30,8
2022,18,MAYO,SP,50,10
2022,18,MAYO,SP,100,17
2022,18,MAYO,SP,200,32
2022,18,MAYO,CL,10,2
2022,18,MAYO,CL,30,4
2022,18,MAYO,CL,50,4
2022,18,MAYO,CL,100,12
2022,18,MAYO,CL,200,38
2022,18,MAYO,AR,10,0
2022,18,MAYO,AR,30,1
2022,18,MAYO,AR,50,4
2022,18,MAYO,AR,100,12
2022,18,MAYO,AR,200,26
2022,18,MAYO,BR,10,0
2022,18,MAYO,BR,30,3
2022,18,MAYO,BR,50,7
2022,18,MAYO,BR,100,16
2022,18,MAYO,BR,200,32
2022,18,MAYO,PT,10,1
2022,18,MAYO,PT,30,5
2022,18,MAYO,PT,50,7
2022,18,MAYO,PT,100,18
2022,18,MAYO,PT,200,42
2022,19,MAYO,CO,10,1
2022,19,MAYO,CO,30,2
2022,19,MAYO,CO,50,7
2022,19,MAYO,CO,100,25
2022,19,MAYO,CO,200,61
2022,19,MAYO,PE,10,1
2022,19,MAYO,PE,30,2
2022,19,MAYO,PE,50,5
2022,19,MAYO,PE,100,16
2022,19,MAYO,PE,200,40
2022,19,MAYO,EC,10,0
2022,19,MAYO,EC,30,2
2022,19,MAYO,EC,50,6
2022,19,MAYO,EC,100,19
2022,19,MAYO,EC,200,47
2022,19,MAYO,PN,10,0
2022,19,MAYO,PN,30,2
2022,19,MAYO,PN,50,4
2022,19,MAYO,PN,100,16
2022,19,MAYO,PN,200,36
2022,19,MAYO,CR,10,0
2022,19,MAYO,CR,30,1
2022,19,MAYO,CR,50,6
2022,19,MAYO,CR,100,24
2022,19,MAYO,CR,200,55
2022,19,MAYO,GT,10,0
2022,19,MAYO,GT,30,2
2022,19,MAYO,GT,50,5
2022,19,MAYO,GT,100,20
2022,19,MAYO,GT,200,46
2022,19,MAYO,SV,10,0
2022,19,MAYO,SV,30,2
2022,19,MAYO,SV,50,4
2022,19,MAYO,SV,100,20
2022,19,MAYO,SV,200,45
2022,19,MAYO,HN,10,0
2022,19,MAYO,HN,30,2
2022,19,MAYO,HN,50,4
2022,19,MAYO,HN,100,19
2022,19,MAYO,HN,200,50
2022,19,MAYO,NI,10,0
2022,19,MAYO,NI,30,2
2022,19,MAYO,NI,50,5
2022,19,MAYO,NI,100,19
2022,19,MAYO,NI,200,51
2022,19,MAYO,DO,10,0
2022,19,MAYO,DO,30,2
2022,19,MAYO,DO,50,3
2022,19,MAYO,DO,100,12
2022,19,MAYO,DO,200,25
2022,19,MAYO,VE,10,0
2022,19,MAYO,VE,30,2
2022,19,MAYO,VE,50,4
2022,19,MAYO,VE,100,23
2022,19,MAYO,VE,200,49
2022,19,MAYO,MX,10,1
2022,19,MAYO,MX,30,2
2022,19,MAYO,MX,50,5
2022,19,MAYO,MX,100,12
2022,19,MAYO,MX,200,30
2022,19,MAYO,SP,10,0
2022,19,MAYO,SP,30,2
2022,19,MAYO,SP,50,6
2022,19,MAYO,SP,100,13
2022,19,MAYO,SP,200,31
2022,19,MAYO,CL,10,0
2022,19,MAYO,CL,30,2
2022,19,MAYO,CL,50,3
2022,19,MAYO,CL,100,6
2022,19,MAYO,CL,200,31
2022,19,MAYO,AR,10,0
2022,19,MAYO,AR,30,2
2022,19,MAYO,AR,50,2
2022,19,MAYO,AR,100,9
2022,19,MAYO,AR,200,21
2022,19,MAYO,BR,10,0
2022,19,MAYO,BR,30,2
2022,19,MAYO,BR,50,7
2022,19,MAYO,BR,100,16
2022,19,MAYO,BR,200,31
2022,19,MAYO,PT,10,1
2022,19,MAYO,PT,30,4
2022,19,MAYO,PT,50,8
2022,19,MAYO,PT,100,18
2022,19,MAYO,PT,200,45
2022,20,MAYO,CO,10,1
2022,20,MAYO,CO,30,4
2022,20,MAYO,CO,50,8
2022,20,MAYO,CO,100,26
2022,20,MAYO,CO,200,63
2022,20,MAYO,PE,10,1
2022,20,MAYO,PE,30,3
2022,20,MAYO,PE,50,6
2022,20,MAYO,PE,100,19
2022,20,MAYO,PE,200,45
2022,20,MAYO,EC,10,1
2022,20,MAYO,EC,30,2
2022,20,MAYO,EC,50,7
2022,20,MAYO,EC,100,21
2022,20,MAYO,EC,200,47
2022,20,MAYO,PN,10,1
2022,20,MAYO,PN,30,2
2022,20,MAYO,PN,50,3
2022,20,MAYO,PN,100,15
2022,20,MAYO,PN,200,43
2022,20,MAYO,CR,10,0
2022,20,MAYO,CR,30,1
2022,20,MAYO,CR,50,7
2022,20,MAYO,CR,100,27
2022,20,MAYO,CR,200,63
2022,20,MAYO,GT,10,1
2022,20,MAYO,GT,30,2
2022,20,MAYO,GT,50,7
2022,20,MAYO,GT,100,20
2022,20,MAYO,GT,200,47
2022,20,MAYO,SV,10,0
2022,20,MAYO,SV,30,2
2022,20,MAYO,SV,50,4
2022,20,MAYO,SV,100,21
2022,20,MAYO,SV,200,52
2022,20,MAYO,HN,10,0
2022,20,MAYO,HN,30,2
2022,20,MAYO,HN,50,5
2022,20,MAYO,HN,100,21
2022,20,MAYO,HN,200,52
2022,20,MAYO,NI,10,0
2022,20,MAYO,NI,30,2
2022,20,MAYO,NI,50,6
2022,20,MAYO,NI,100,21
2022,20,MAYO,NI,200,53
2022,20,MAYO,DO,10,0
2022,20,MAYO,DO,30,2
2022,20,MAYO,DO,50,2
2022,20,MAYO,DO,100,12
2022,20,MAYO,DO,200,29
2022,20,MAYO,VE,10,1
2022,20,MAYO,VE,30,2
2022,20,MAYO,VE,50,5
2022,20,MAYO,VE,100,26
2022,20,MAYO,VE,200,50
2022,20,MAYO,MX,10,1
2022,20,MAYO,MX,30,2
2022,20,MAYO,MX,50,5
2022,20,MAYO,MX,100,12
2022,20,MAYO,MX,200,33
2022,20,MAYO,SP,10,1
2022,20,MAYO,SP,30,2
2022,20,MAYO,SP,50,5
2022,20,MAYO,SP,100,13
2022,20,MAYO,SP,200,32
2022,20,MAYO,CL,10,1
2022,20,MAYO,CL,30,2
2022,20,MAYO,CL,50,4
2022,20,MAYO,CL,100,5
2022,20,MAYO,CL,200,32
2022,20,MAYO,AR,10,0
2022,20,MAYO,AR,30,2
2022,20,MAYO,AR,50,2
2022,20,MAYO,AR,100,8
2022,20,MAYO,AR,200,22
2022,20,MAYO,BR,10,0
2022,20,MAYO,BR,30,2
2022,20,MAYO,BR,50,5
2022,20,MAYO,BR,100,15
2022,20,MAYO,BR,200,31
2022,20,MAYO,PT,10,3
2022,20,MAYO,PT,30,8
2022,20,MAYO,PT,50,17
2022,20,MAYO,PT,100,28
2022,20,MAYO,PT,200,56
2022,21,MAYO,CO,10,1
2022,21,MAYO,CO,30,4
2022,21,MAYO,CO,50,10
2022,21,MAYO,CO,100,25
2022,21,MAYO,CO,200,60
2022,21,MAYO,PE,10,1
2022,21,MAYO,PE,30,4
2022,21,MAYO,PE,50,6
2022,21,MAYO,PE,100,20
2022,21,MAYO,PE,200,37
2022,21,MAYO,EC,10,1
2022,21,MAYO,EC,30,2
2022,21,MAYO,EC,50,7
2022,21,MAYO,EC,100,21
2022,21,MAYO,EC,200,46
2022,21,MAYO,PN,10,1
2022,21,MAYO,PN,30,2
2022,21,MAYO,PN,50,4
2022,21,MAYO,PN,100,14
2022,21,MAYO,PN,200,37
2022,21,MAYO,CR,10,1
2022,21,MAYO,CR,30,1
2022,21,MAYO,CR,50,8
2022,21,MAYO,CR,100,24
2022,21,MAYO,CR,200,57
2022,21,MAYO,GT,10,1
2022,21,MAYO,GT,30,2
2022,21,MAYO,GT,50,8
2022,21,MAYO,GT,100,19
2022,21,MAYO,GT,200,46
2022,21,MAYO,SV,10,0
2022,21,MAYO,SV,30,2
2022,21,MAYO,SV,50,5
2022,21,MAYO,SV,100,17
2022,21,MAYO,SV,200,47
2022,21,MAYO,HN,10,0
2022,21,MAYO,HN,30,2
2022,21,MAYO,HN,50,4
2022,21,MAYO,HN,100,17
2022,21,MAYO,HN,200,50
2022,21,MAYO,NI,10,0
2022,21,MAYO,NI,30,3
2022,21,MAYO,NI,50,8
2022,21,MAYO,NI,100,26
2022,21,MAYO,NI,200,54
2022,21,MAYO,DO,10,0
2022,21,MAYO,DO,30,2
2022,21,MAYO,DO,50,3
2022,21,MAYO,DO,100,10
2022,21,MAYO,DO,200,22
2022,21,MAYO,VE,10,1
2022,21,MAYO,VE,30,2
2022,21,MAYO,VE,50,5
2022,21,MAYO,VE,100,22
2022,21,MAYO,VE,200,48
2022,21,MAYO,MX,10,1
2022,21,MAYO,MX,30,1
2022,21,MAYO,MX,50,4
2022,21,MAYO,MX,100,14
2022,21,MAYO,MX,200,31
2022,21,MAYO,SP,10,2
2022,21,MAYO,SP,30,3
2022,21,MAYO,SP,50,9
2022,21,MAYO,SP,100,15
2022,21,MAYO,SP,200,29
2022,21,MAYO,CL,10,1
2022,21,MAYO,CL,30,3
2022,21,MAYO,CL,50,5
2022,21,MAYO,CL,100,7
2022,21,MAYO,CL,200,30
2022,21,MAYO,AR,10,0
2022,21,MAYO,AR,30,2
2022,21,MAYO,AR,50,3
2022,21,MAYO,AR,100,9
2022,21,MAYO,AR,200,25
2022,21,MAYO,BR,10,0
2022,21,MAYO,BR,30,1
2022,21,MAYO,BR,50,6
2022,21,MAYO,BR,100,14
2022,21,MAYO,BR,200,32
2022,21,MAYO,PT,10,0
2022,21,MAYO,PT,30,3
2022,21,MAYO,PT,50,6
2022,21,MAYO,PT,100,12
2022,21,MAYO,PT,200,44
2022,22,JUNIO,CO,10,1
2022,22,JUNIO,CO,30,4
2022,22,JUNIO,CO,50,8
2022,22,JUNIO,CO,100,27
2022,22,JUNIO,CO,200,61
2022,22,JUNIO,PE,10,1
2022,22,JUNIO,PE,30,4
2022,22,JUNIO,PE,50,8
2022,22,JUNIO,PE,100,22
2022,22,JUNIO,PE,200,45
2022,22,JUNIO,EC,10,1
2022,22,JUNIO,EC,30,2
2022,22,JUNIO,EC,50,8
2022,22,JUNIO,EC,100,21
2022,22,JUNIO,EC,200,47
2022,22,JUNIO,PN,10,1
2022,22,JUNIO,PN,30,1
2022,22,JUNIO,PN,50,4
2022,22,JUNIO,PN,100,16
2022,22,JUNIO,PN,200,37
2022,22,JUNIO,CR,10,1
2022,22,JUNIO,CR,30,1
2022,22,JUNIO,CR,50,7
2022,22,JUNIO,CR,100,25
2022,22,JUNIO,CR,200,56
2022,22,JUNIO,GT,10,1
2022,22,JUNIO,GT,30,2
2022,22,JUNIO,GT,50,8
2022,22,JUNIO,GT,100,19
2022,22,JUNIO,GT,200,45
2022,22,JUNIO,SV,10,1
2022,22,JUNIO,SV,30,2
2022,22,JUNIO,SV,50,5
2022,22,JUNIO,SV,100,21
2022,22,JUNIO,SV,200,49
2022,22,JUNIO,HN,10,1
2022,22,JUNIO,HN,30,2
2022,22,JUNIO,HN,50,5
2022,22,JUNIO,HN,100,22
2022,22,JUNIO,HN,200,52
2022,22,JUNIO,NI,10,0
2022,22,JUNIO,NI,30,2
2022,22,JUNIO,NI,50,7
2022,22,JUNIO,NI,100,24
2022,22,JUNIO,NI,200,54
2022,22,JUNIO,DO,10,0
2022,22,JUNIO,DO,30,1
2022,22,JUNIO,DO,50,3
2022,22,JUNIO,DO,100,11
2022,22,JUNIO,DO,200,29
2022,22,JUNIO,VE,10,1
2022,22,JUNIO,VE,30,2
2022,22,JUNIO,VE,50,7
2022,22,JUNIO,VE,100,25
2022,22,JUNIO,VE,200,44
2022,22,JUNIO,MX,10,1
2022,22,JUNIO,MX,30,1
2022,22,JUNIO,MX,50,5
2022,22,JUNIO,MX,100,14
2022,22,JUNIO,MX,200,32
2022,22,JUNIO,SP,10,2
2022,22,JUNIO,SP,30,3
2022,22,JUNIO,SP,50,9
2022,22,JUNIO,SP,100,16
2022,22,JUNIO,SP,200,30
2022,22,JUNIO,CL,10,1
2022,22,JUNIO,CL,30,3
2022,22,JUNIO,CL,50,5
2022,22,JUNIO,CL,100,9
2022,22,JUNIO,CL,200,32
2022,22,JUNIO,AR,10,1
2022,22,JUNIO,AR,30,3
2022,22,JUNIO,AR,50,3
2022,22,JUNIO,AR,100,12
2022,22,JUNIO,AR,200,27
2022,22,JUNIO,BR,10,0
2022,22,JUNIO,BR,30,2
2022,22,JUNIO,BR,50,6
2022,22,JUNIO,BR,100,16
2022,22,JUNIO,BR,200,31
2022,22,JUNIO,PT,10,0
2022,22,JUNIO,PT,30,4
2022,22,JUNIO,PT,50,7
2022,22,JUNIO,PT,100,13
2022,22,JUNIO,PT,200,42
2022,23,JUNIO,CO,10,2
2022,23,JUNIO,CO,30,5
2022,23,JUNIO,CO,50,9
2022,23,JUNIO,CO,100,26
2022,23,JUNIO,CO,200,62
2022,23,JUNIO,PE,10,1
2022,23,JUNIO,PE,30,3
2022,23,JUNIO,PE,50,8
2022,23,JUNIO,PE,100,22
2022,23,JUNIO,PE,200,45
2022,23,JUNIO,EC,10,1
2022,23,JUNIO,EC,30,2
2022,23,JUNIO,EC,50,7
2022,23,JUNIO,EC,100,25
2022,23,JUNIO,EC,200,48
2022,23,JUNIO,PN,10,1
2022,23,JUNIO,PN,30,1
2022,23,JUNIO,PN,50,4
2022,23,JUNIO,PN,100,16
2022,23,JUNIO,PN,200,40
2022,23,JUNIO,CR,10,1
2022,23,JUNIO,CR,30,1
2022,23,JUNIO,CR,50,6
2022,23,JUNIO,CR,100,24
2022,23,JUNIO,CR,200,54
2022,23,JUNIO,GT,10,1
2022,23,JUNIO,GT,30,2
2022,23,JUNIO,GT,50,8
2022,23,JUNIO,GT,100,20
2022,23,JUNIO,GT,200,47
2022,23,JUNIO,SV,10,1
2022,23,JUNIO,SV,30,2
2022,23,JUNIO,SV,50,6
2022,23,JUNIO,SV,100,22
2022,23,JUNIO,SV,200,51
2022,23,JUNIO,HN,10,1
2022,23,JUNIO,HN,30,2
2022,23,JUNIO,HN,50,5
2022,23,JUNIO,HN,100,21
2022,23,JUNIO,HN,200,53
2022,23,JUNIO,NI,10,1
2022,23,JUNIO,NI,30,2
2022,23,JUNIO,NI,50,5
2022,23,JUNIO,NI,100,23
2022,23,JUNIO,NI,200,53
2022,23,JUNIO,DO,10,1
2022,23,JUNIO,DO,30,1
2022,23,JUNIO,DO,50,3
2022,23,JUNIO,DO,100,11
2022,23,JUNIO,DO,200,30
2022,23,JUNIO,VE,10,1
2022,23,JUNIO,VE,30,2
2022,23,JUNIO,VE,50,8
2022,23,JUNIO,VE,100,28
2022,23,JUNIO,VE,200,52
2022,23,JUNIO,MX,10,1
2022,23,JUNIO,MX,30,1
2022,23,JUNIO,MX,50,5
2022,23,JUNIO,MX,100,14
2022,23,JUNIO,MX,200,35
2022,23,JUNIO,SP,10,2
2022,23,JUNIO,SP,30,5
2022,23,JUNIO,SP,50,10
2022,23,JUNIO,SP,100,18
2022,23,JUNIO,SP,200,34
2022,23,JUNIO,CL,10,1
2022,23,JUNIO,CL,30,2
2022,23,JUNIO,CL,50,3
2022,23,JUNIO,CL,100,8
2022,23,JUNIO,CL,200,32
2022,23,JUNIO,AR,10,1
2022,23,JUNIO,AR,30,2
2022,23,JUNIO,AR,50,5
2022,23,JUNIO,AR,100,13
2022,23,JUNIO,AR,200,25
2022,23,JUNIO,BR,10,0
2022,23,JUNIO,BR,30,2
2022,23,JUNIO,BR,50,6
2022,23,JUNIO,BR,100,16
2022,23,JUNIO,BR,200,29
2022,23,JUNIO,PT,10,0
2022,23,JUNIO,PT,30,4
2022,23,JUNIO,PT,50,8
2022,23,JUNIO,PT,100,14
2022,23,JUNIO,PT,200,45
2022,24,JUNIO,CO,10,2
2022,24,JUNIO,CO,30,5
2022,24,JUNIO,CO,50,10
2022,24,JUNIO,CO,100,25
2022,24,JUNIO,CO,200,60
2022,24,JUNIO,PE,10,1
2022,24,JUNIO,PE,30,2
2022,24,JUNIO,PE,50,8
2022,24,JUNIO,PE,100,21
2022,24,JUNIO,PE,200,45
2022,24,JUNIO,EC,10,1
2022,24,JUNIO,EC,30,3
2022,24,JUNIO,EC,50,7
2022,24,JUNIO,EC,100,22
2022,24,JUNIO,EC,200,44
2022,24,JUNIO,PN,10,1
2022,24,JUNIO,PN,30,1
2022,24,JUNIO,PN,50,4
2022,24,JUNIO,PN,100,13
2022,24,JUNIO,PN,200,37
2022,24,JUNIO,CR,10,1
2022,24,JUNIO,CR,30,1
2022,24,JUNIO,CR,50,6
2022,24,JUNIO,CR,100,24
2022,24,JUNIO,CR,200,54
2022,24,JUNIO,GT,10,1
2022,24,JUNIO,GT,30,2
2022,24,JUNIO,GT,50,8
2022,24,JUNIO,GT,100,19
2022,24,JUNIO,GT,200,46
2022,24,JUNIO,SV,10,1
2022,24,JUNIO,SV,30,2
2022,24,JUNIO,SV,50,5
2022,24,JUNIO,SV,100,20
2022,24,JUNIO,SV,200,49
2022,24,JUNIO,HN,10,1
2022,24,JUNIO,HN,30,2
2022,24,JUNIO,HN,50,4
2022,24,JUNIO,HN,100,23
2022,24,JUNIO,HN,200,55
2022,24,JUNIO,NI,10,0
2022,24,JUNIO,NI,30,2
2022,24,JUNIO,NI,50,5
2022,24,JUNIO,NI,100,21
2022,24,JUNIO,NI,200,53
2022,24,JUNIO,DO,10,0
2022,24,JUNIO,DO,30,1
2022,24,JUNIO,DO,50,3
2022,24,JUNIO,DO,100,10
2022,24,JUNIO,DO,200,28
2022,24,JUNIO,VE,10,1
2022,24,JUNIO,VE,30,1
2022,24,JUNIO,VE,50,5
2022,24,JUNIO,VE,100,23
2022,24,JUNIO,VE,200,44
2022,24,JUNIO,MX,10,1
2022,24,JUNIO,MX,30,1
2022,24,JUNIO,MX,50,5
2022,24,JUNIO,MX,100,13
2022,24,JUNIO,MX,200,34
2022,24,JUNIO,SP,10,2
2022,24,JUNIO,SP,30,5
2022,24,JUNIO,SP,50,9
2022,24,JUNIO,SP,100,17
2022,24,JUNIO,SP,200,34
2022,24,JUNIO,CL,10,0
2022,24,JUNIO,CL,30,2
2022,24,JUNIO,CL,50,3
2022,24,JUNIO,CL,100,8
2022,24,JUNIO,CL,200,31
2022,24,JUNIO,AR,10,1
2022,24,JUNIO,AR,30,2
2022,24,JUNIO,AR,50,5
2022,24,JUNIO,AR,100,12
2022,24,JUNIO,AR,200,22
2022,24,JUNIO,BR,10,0
2022,24,JUNIO,BR,30,2
2022,24,JUNIO,BR,50,6
2022,24,JUNIO,BR,100,15
2022,24,JUNIO,BR,200,30
2022,24,JUNIO,PT,10,1
2022,24,JUNIO,PT,30,4
2022,24,JUNIO,PT,50,7
2022,24,JUNIO,PT,100,15
2022,24,JUNIO,PT,200,40
2022,25,JUNIO,CO,10,2
2022,25,JUNIO,CO,30,5
2022,25,JUNIO,CO,50,9
2022,25,JUNIO,CO,100,26
2022,25,JUNIO,CO,200,61
2022,25,JUNIO,PE,10,1
2022,25,JUNIO,PE,30,2
2022,25,JUNIO,PE,50,6
2022,25,JUNIO,PE,100,19
2022,25,JUNIO,PE,200,46
2022,25,JUNIO,EC,10,1
2022,25,JUNIO,EC,30,2
2022,25,JUNIO,EC,50,7
2022,25,JUNIO,EC,100,23
2022,25,JUNIO,EC,200,47
2022,25,JUNIO,PN,10,1
2022,25,JUNIO,PN,30,1
2022,25,JUNIO,PN,50,5
2022,25,JUNIO,PN,100,17
2022,25,JUNIO,PN,200,46
2022,25,JUNIO,CR,10,1
2022,25,JUNIO,CR,30,2
2022,25,JUNIO,CR,50,7
2022,25,JUNIO,CR,100,28
2022,25,JUNIO,CR,200,62
2022,25,JUNIO,GT,10,1
2022,25,JUNIO,GT,30,2
2022,25,JUNIO,GT,50,7
2022,25,JUNIO,GT,100,20
2022,25,JUNIO,GT,200,45
2022,25,JUNIO,SV,10,1
2022,25,JUNIO,SV,30,2
2022,25,JUNIO,SV,50,7
2022,25,JUNIO,SV,100,22
2022,25,JUNIO,SV,200,53
2022,25,JUNIO,HN,10,1
2022,25,JUNIO,HN,30,2
2022,25,JUNIO,HN,50,5
2022,25,JUNIO,HN,100,22
2022,25,JUNIO,HN,200,57
2022,25,JUNIO,NI,10,1
2022,25,JUNIO,NI,30,2
2022,25,JUNIO,NI,50,5
2022,25,JUNIO,NI,100,21
2022,25,JUNIO,NI,200,50
2022,25,JUNIO,DO,10,0
2022,25,JUNIO,DO,30,1
2022,25,JUNIO,DO,50,4
2022,25,JUNIO,DO,100,17
2022,25,JUNIO,DO,200,38
2022,25,JUNIO,VE,10,1
2022,25,JUNIO,VE,30,1
2022,25,JUNIO,VE,50,6
2022,25,JUNIO,VE,100,24
2022,25,JUNIO,VE,200,51
2022,25,JUNIO,MX,10,1
2022,25,JUNIO,MX,30,1
2022,25,JUNIO,MX,50,5
2022,25,JUNIO,MX,100,15
2022,25,JUNIO,MX,200,38
2022,25,JUNIO,SP,10,2
2022,25,JUNIO,SP,30,5
2022,25,JUNIO,SP,50,9
2022,25,JUNIO,SP,100,16
2022,25,JUNIO,SP,200,35
2022,25,JUNIO,CL,10,0
2022,25,JUNIO,CL,30,2
2022,25,JUNIO,CL,50,3
2022,25,JUNIO,CL,100,7
2022,25,JUNIO,CL,200,30
2022,25,JUNIO,AR,10,0
2022,25,JUNIO,AR,30,2
2022,25,JUNIO,AR,50,5
2022,25,JUNIO,AR,100,13
2022,25,JUNIO,AR,200,22
2022,25,JUNIO,BR,10,0
2022,25,JUNIO,BR,30,3
2022,25,JUNIO,BR,50,5
2022,25,JUNIO,BR,100,10
2022,25,JUNIO,BR,200,26
2022,25,JUNIO,PT,10,1
2022,25,JUNIO,PT,30,7
2022,25,JUNIO,PT,50,11
2022,25,JUNIO,PT,100,24
2022,25,JUNIO,PT,200,53
2022,26,JUNIO,CO,10,2
2022,26,JUNIO,CO,30,5
2022,26,JUNIO,CO,50,9
2022,26,JUNIO,CO,100,24
2022,26,JUNIO,CO,200,63
2022,26,JUNIO,PE,10,1
2022,26,JUNIO,PE,30,3
2022,26,JUNIO,PE,50,7
2022,26,JUNIO,PE,100,18
2022,26,JUNIO,PE,200,47
2022,26,JUNIO,EC,10,1
2022,26,JUNIO,EC,30,3
2022,26,JUNIO,EC,50,7
2022,26,JUNIO,EC,100,20
2022,26,JUNIO,EC,200,47
2022,26,JUNIO,PN,10,1
2022,26,JUNIO,PN,30,1
2022,26,JUNIO,PN,50,3
2022,26,JUNIO,PN,100,13
2022,26,JUNIO,PN,200,37
2022,26,JUNIO,CR,10,1
2022,26,JUNIO,CR,30,2
2022,26,JUNIO,CR,50,5
2022,26,JUNIO,CR,100,23
2022,26,JUNIO,CR,200,57
2022,26,JUNIO,GT,10,1
2022,26,JUNIO,GT,30,2
2022,26,JUNIO,GT,50,7
2022,26,JUNIO,GT,100,20
2022,26,JUNIO,GT,200,45
2022,26,JUNIO,SV,10,1
2022,26,JUNIO,SV,30,2
2022,26,JUNIO,SV,50,5
2022,26,JUNIO,SV,100,20
2022,26,JUNIO,SV,200,53
2022,26,JUNIO,HN,10,1
2022,26,JUNIO,HN,30,2
2022,26,JUNIO,HN,50,5
2022,26,JUNIO,HN,100,19
2022,26,JUNIO,HN,200,52
2022,26,JUNIO,NI,10,1
2022,26,JUNIO,NI,30,2
2022,26,JUNIO,NI,50,6
2022,26,JUNIO,NI,100,21
2022,26,JUNIO,NI,200,50
2022,26,JUNIO,DO,10,0
2022,26,JUNIO,DO,30,1
2022,26,JUNIO,DO,50,3
2022,26,JUNIO,DO,100,12
2022,26,JUNIO,DO,200,31
2022,26,JUNIO,VE,10,1
2022,26,JUNIO,VE,30,3
2022,26,JUNIO,VE,50,6
2022,26,JUNIO,VE,100,25
2022,26,JUNIO,VE,200,47
2022,26,JUNIO,MX,10,1
2022,26,JUNIO,MX,30,2
2022,26,JUNIO,MX,50,7
2022,26,JUNIO,MX,100,20
2022,26,JUNIO,MX,200,43
2022,26,JUNIO,SP,10,2
2022,26,JUNIO,SP,30,5
2022,26,JUNIO,SP,50,9
2022,26,JUNIO,SP,100,14
2022,26,JUNIO,SP,200,31
2022,26,JUNIO,CL,10,1
2022,26,JUNIO,CL,30,2
2022,26,JUNIO,CL,50,3
2022,26,JUNIO,CL,100,7
2022,26,JUNIO,CL,200,31
2022,26,JUNIO,AR,10,0
2022,26,JUNIO,AR,30,2
2022,26,JUNIO,AR,50,5
2022,26,JUNIO,AR,100,10
2022,26,JUNIO,AR,200,23
2022,26,JUNIO,BR,10,0
2022,26,JUNIO,BR,30,3
2022,26,JUNIO,BR,50,5
2022,26,JUNIO,BR,100,11
2022,26,JUNIO,BR,200,26
2022,26,JUNIO,PT,10,1
2022,26,JUNIO,PT,30,6
2022,26,JUNIO,PT,50,10
2022,26,JUNIO,PT,100,23
2022,26,JUNIO,PT,200,53
2022,27,JULIO,CO,10,3
2022,27,JULIO,CO,30,5
2022,27,JULIO,CO,50,10
2022,27,JULIO,CO,100,28
2022,27,JULIO,CO,200,65
2022,27,JULIO,PE,10,2
2022,27,JULIO,PE,30,3
2022,27,JULIO,PE,50,7
2022,27,JULIO,PE,100,20
2022,27,JULIO,PE,200,48
2022,27,JULIO,EC,10,1
2022,27,JULIO,EC,30,3
2022,27,JULIO,EC,50,8
2022,27,JULIO,EC,100,22
2022,27,JULIO,EC,200,48
2022,27,JULIO,PN,10,1
2022,27,JULIO,PN,30,1
2022,27,JULIO,PN,50,5
2022,27,JULIO,PN,100,18
2022,27,JULIO,PN,200,39
2022,27,JULIO,CR,10,1
2022,27,JULIO,CR,30,2
2022,27,JULIO,CR,50,7
2022,27,JULIO,CR,100,27
2022,27,JULIO,CR,200,58
2022,27,JULIO,GT,10,1
2022,27,JULIO,GT,30,2
2022,27,JULIO,GT,50,9
2022,27,JULIO,GT,100,19
2022,27,JULIO,GT,200,52
2022,27,JULIO,SV,10,1
2022,27,JULIO,SV,30,3
2022,27,JULIO,SV,50,7
2022,27,JULIO,SV,100,21
2022,27,JULIO,SV,200,53
2022,27,JULIO,HN,10,1
2022,27,JULIO,HN,30,2
2022,27,JULIO,HN,50,5
2022,27,JULIO,HN,100,19
2022,27,JULIO,HN,200,53
2022,27,JULIO,NI,10,1
2022,27,JULIO,NI,30,3
2022,27,JULIO,NI,50,7
2022,27,JULIO,NI,100,22
2022,27,JULIO,NI,200,54
2022,27,JULIO,DO,10,0
2022,27,JULIO,DO,30,1
2022,27,JULIO,DO,50,5
2022,27,JULIO,DO,100,11
2022,27,JULIO,DO,200,32
2022,27,JULIO,VE,10,1
2022,27,JULIO,VE,30,4
2022,27,JULIO,VE,50,6
2022,27,JULIO,VE,100,25
2022,27,JULIO,VE,200,52
2022,27,JULIO,MX,10,2
2022,27,JULIO,MX,30,2
2022,27,JULIO,MX,50,7
2022,27,JULIO,MX,100,22
2022,27,JULIO,MX,200,46
2022,27,JULIO,SP,10,1
2022,27,JULIO,SP,30,6
2022,27,JULIO,SP,50,8
2022,27,JULIO,SP,100,15
2022,27,JULIO,SP,200,31
2022,27,JULIO,CL,10,0
2022,27,JULIO,CL,30,2
2022,27,JULIO,CL,50,3
2022,27,JULIO,CL,100,9
2022,27,JULIO,CL,200,33
2022,27,JULIO,AR,10,1
2022,27,JULIO,AR,30,1
2022,27,JULIO,AR,50,4
2022,27,JULIO,AR,100,9
2022,27,JULIO,AR,200,27
2022,27,JULIO,BR,10,0
2022,27,JULIO,BR,30,2
2022,27,JULIO,BR,50,4
2022,27,JULIO,BR,100,14
2022,27,JULIO,BR,200,28
2022,27,JULIO,PT,10,1
2022,27,JULIO,PT,30,5
2022,27,JULIO,PT,50,9
2022,27,JULIO,PT,100,21
2022,27,JULIO,PT,200,46
2022,28,JULIO,CO,10,4
2022,28,JULIO,CO,30,7
2022,28,JULIO,CO,50,11
2022,28,JULIO,CO,100,28
2022,28,JULIO,CO,200,68
2022,28,JULIO,PE,10,2
2022,28,JULIO,PE,30,5
2022,28,JULIO,PE,50,8
2022,28,JULIO,PE,100,20
2022,28,JULIO,PE,200,49
2022,28,JULIO,EC,10,1
2022,28,JULIO,EC,30,4
2022,28,JULIO,EC,50,9
2022,28,JULIO,EC,100,21
2022,28,JULIO,EC,200,52
2022,28,JULIO,PN,10,1
2022,28,JULIO,PN,30,2
2022,28,JULIO,PN,50,8
2022,28,JULIO,PN,100,22
2022,28,JULIO,PN,200,42
2022,28,JULIO,CR,10,2
2022,28,JULIO,CR,30,3
2022,28,JULIO,CR,50,9
2022,28,JULIO,CR,100,30
2022,28,JULIO,CR,200,58
2022,28,JULIO,GT,10,1
2022,28,JULIO,GT,30,3
2022,28,JULIO,GT,50,9
2022,28,JULIO,GT,100,21
2022,28,JULIO,GT,200,48
2022,28,JULIO,SV,10,1
2022,28,JULIO,SV,30,3
2022,28,JULIO,SV,50,8
2022,28,JULIO,SV,100,23
2022,28,JULIO,SV,200,51
2022,28,JULIO,HN,10,1
2022,28,JULIO,HN,30,2
2022,28,JULIO,HN,50,7
2022,28,JULIO,HN,100,23
2022,28,JULIO,HN,200,54
2022,28,JULIO,NI,10,1
2022,28,JULIO,NI,30,2
2022,28,JULIO,NI,50,6
2022,28,JULIO,NI,100,24
2022,28,JULIO,NI,200,55
2022,28,JULIO,DO,10,0
2022,28,JULIO,DO,30,1
2022,28,JULIO,DO,50,6
2022,28,JULIO,DO,100,12
2022,28,JULIO,DO,200,33
2022,28,JULIO,VE,10,2
2022,28,JULIO,VE,30,6
2022,28,JULIO,VE,50,7
2022,28,JULIO,VE,100,24
2022,28,JULIO,VE,200,51
2022,28,JULIO,MX,10,1
2022,28,JULIO,MX,30,2
2022,28,JULIO,MX,50,7
2022,28,JULIO,MX,100,20
2022,28,JULIO,MX,200,44
2022,28,JULIO,SP,10,0
2022,28,JULIO,SP,30,6
2022,28,JULIO,SP,50,9
2022,28,JULIO,SP,100,16
2022,28,JULIO,SP,200,32
2022,28,JULIO,CL,10,0
2022,28,JULIO,CL,30,3
2022,28,JULIO,CL,50,4
2022,28,JULIO,CL,100,11
2022,28,JULIO,CL,200,34
2022,28,JULIO,AR,10,0
2022,28,JULIO,AR,30,2
2022,28,JULIO,AR,50,4
2022,28,JULIO,AR,100,10
2022,28,JULIO,AR,200,26
2022,28,JULIO,BR,10,0
2022,28,JULIO,BR,30,2
2022,28,JULIO,BR,50,4
2022,28,JULIO,BR,100,14
2022,28,JULIO,BR,200,28
2022,28,JULIO,PT,10,1
2022,28,JULIO,PT,30,4
2022,28,JULIO,PT,50,8
2022,28,JULIO,PT,100,20
2022,28,JULIO,PT,200,47
2022,29,JULIO,CO,10,3
2022,29,JULIO,CO,30,7
2022,29,JULIO,CO,50,12
2022,29,JULIO,CO,100,28
2022,29,JULIO,CO,200,66
2022,29,JULIO,PE,10,2
2022,29,JULIO,PE,30,5
2022,29,JULIO,PE,50,9
2022,29,JULIO,PE,100,21
2022,29,JULIO,PE,200,50
2022,29,JULIO,EC,10,1
2022,29,JULIO,EC,30,4
2022,29,JULIO,EC,50,9
2022,29,JULIO,EC,100,21
2022,29,JULIO,EC,200,50
2022,29,JULIO,PN,10,1
2022,29,JULIO,PN,30,2
2022,29,JULIO,PN,50,5
2022,29,JULIO,PN,100,18
2022,29,JULIO,PN,200,41
2022,29,JULIO,CR,10,2
2022,29,JULIO,CR,30,3
2022,29,JULIO,CR,50,10
2022,29,JULIO,CR,100,28
2022,29,JULIO,CR,200,57
2022,29,JULIO,GT,10,1
2022,29,JULIO,GT,30,4
2022,29,JULIO,GT,50,8
2022,29,JULIO,GT,100,20
2022,29,JULIO,GT,200,52
2022,29,JULIO,SV,10,1
2022,29,JULIO,SV,30,4
2022,29,JULIO,SV,50,8
2022,29,JULIO,SV,100,22
2022,29,JULIO,SV,200,54
2022,29,JULIO,HN,10,1
2022,29,JULIO,HN,30,4
2022,29,JULIO,HN,50,7
2022,29,JULIO,HN,100,22
2022,29,JULIO,HN,200,57
2022,29,JULIO,NI,10,1
2022,29,JULIO,NI,30,2
2022,29,JULIO,NI,50,8
2022,29,JULIO,NI,100,23
2022,29,JULIO,NI,200,57
2022,29,JULIO,DO,10,0
2022,29,JULIO,DO,30,1
2022,29,JULIO,DO,50,7
2022,29,JULIO,DO,100,12
2022,29,JULIO,DO,200,37
2022,29,JULIO,VE,10,2
2022,29,JULIO,VE,30,5
2022,29,JULIO,VE,50,7
2022,29,JULIO,VE,100,22
2022,29,JULIO,VE,200,52
2022,29,JULIO,MX,10,2
2022,29,JULIO,MX,30,3
2022,29,JULIO,MX,50,7
2022,29,JULIO,MX,100,18
2022,29,JULIO,MX,200,45
2022,29,JULIO,SP,10,0
2022,29,JULIO,SP,30,6
2022,29,JULIO,SP,50,9
2022,29,JULIO,SP,100,17
2022,29,JULIO,SP,200,31
2022,29,JULIO,CL,10,1
2022,29,JULIO,CL,30,3
2022,29,JULIO,CL,50,4
2022,29,JULIO,CL,100,11
2022,29,JULIO,CL,200,34
2022,29,JULIO,AR,10,0
2022,29,JULIO,AR,30,2
2022,29,JULIO,AR,50,3
2022,29,JULIO,AR,100,11
2022,29,JULIO,AR,200,26
2022,29,JULIO,BR,10,0
2022,29,JULIO,BR,30,2
2022,29,JULIO,BR,50,3
2022,29,JULIO,BR,100,11
2022,29,JULIO,BR,200,29
2022,29,JULIO,PT,10,1
2022,29,JULIO,PT,30,4
2022,29,JULIO,PT,50,6
2022,29,JULIO,PT,100,19
2022,29,JULIO,PT,200,46
2022,30,JULIO,CO,10,3
2022,30,JULIO,CO,30,7
2022,30,JULIO,CO,50,12
2022,30,JULIO,CO,100,27
2022,30,JULIO,CO,200,64
2022,30,JULIO,PE,10,2
2022,30,JULIO,PE,30,5
2022,30,JULIO,PE,50,9
2022,30,JULIO,PE,100,21
2022,30,JULIO,PE,200,49
2022,30,JULIO,EC,10,1
2022,30,JULIO,EC,30,5
2022,30,JULIO,EC,50,9
2022,30,JULIO,EC,100,21
2022,30,JULIO,EC,200,49
2022,30,JULIO,PN,10,1
2022,30,JULIO,PN,30,2
2022,30,JULIO,PN,50,5
2022,30,JULIO,PN,100,18
2022,30,JULIO,PN,200,46
2022,30,JULIO,CR,10,1
2022,30,JULIO,CR,30,3
2022,30,JULIO,CR,50,10
2022,30,JULIO,CR,100,28
2022,30,JULIO,CR,200,59
2022,30,JULIO,GT,10,1
2022,30,JULIO,GT,30,5
2022,30,JULIO,GT,50,7
2022,30,JULIO,GT,100,19
2022,30,JULIO,GT,200,50
2022,30,JULIO,SV,10,1
2022,30,JULIO,SV,30,4
2022,30,JULIO,SV,50,8
2022,30,JULIO,SV,100,22
2022,30,JULIO,SV,200,54
2022,30,JULIO,HN,10,1
2022,30,JULIO,HN,30,4
2022,30,JULIO,HN,50,7
2022,30,JULIO,HN,100,23
2022,30,JULIO,HN,200,55
2022,30,JULIO,NI,10,1
2022,30,JULIO,NI,30,2
2022,30,JULIO,NI,50,7
2022,30,JULIO,NI,100,23
2022,30,JULIO,NI,200,53
2022,30,JULIO,DO,10,1
2022,30,JULIO,DO,30,2
2022,30,JULIO,DO,50,7
2022,30,JULIO,DO,100,10
2022,30,JULIO,DO,200,34
2022,30,JULIO,VE,10,2
2022,30,JULIO,VE,30,5
2022,30,JULIO,VE,50,7
2022,30,JULIO,VE,100,24
2022,30,JULIO,VE,200,52
2022,30,JULIO,MX,10,2
2022,30,JULIO,MX,30,2
2022,30,JULIO,MX,50,5
2022,30,JULIO,MX,100,18
2022,30,JULIO,MX,200,44
2022,30,JULIO,SP,10,0
2022,30,JULIO,SP,30,7
2022,30,JULIO,SP,50,10
2022,30,JULIO,SP,100,18
2022,30,JULIO,SP,200,33
2022,30,JULIO,CL,10,1
2022,30,JULIO,CL,30,3
2022,30,JULIO,CL,50,5
2022,30,JULIO,CL,100,12
2022,30,JULIO,CL,200,33
2022,30,JULIO,AR,10,0
2022,30,JULIO,AR,30,2
2022,30,JULIO,AR,50,3
2022,30,JULIO,AR,100,12
2022,30,JULIO,AR,200,25
2022,30,JULIO,BR,10,0
2022,30,JULIO,BR,30,1
2022,30,JULIO,BR,50,3
2022,30,JULIO,BR,100,12
2022,30,JULIO,BR,200,31
2022,30,JULIO,PT,10,1
2022,30,JULIO,PT,30,3
2022,30,JULIO,PT,50,5
2022,30,JULIO,PT,100,19
2022,30,JULIO,PT,200,49
2022,31,AGOSTO,CO,10,3
2022,31,AGOSTO,CO,30,7
2022,31,AGOSTO,CO,50,12
2022,31,AGOSTO,CO,100,26
2022,31,AGOSTO,CO,200,64
2022,31,AGOSTO,PE,10,2
2022,31,AGOSTO,PE,30,5
2022,31,AGOSTO,PE,50,9
2022,31,AGOSTO,PE,100,20
2022,31,AGOSTO,PE,200,49
2022,31,AGOSTO,EC,10,1
2022,31,AGOSTO,EC,30,4
2022,31,AGOSTO,EC,50,10
2022,31,AGOSTO,EC,100,20
2022,31,AGOSTO,EC,200,50
2022,31,AGOSTO,PN,10,1
2022,31,AGOSTO,PN,30,3
2022,31,AGOSTO,PN,50,5
2022,31,AGOSTO,PN,100,18
2022,31,AGOSTO,PN,200,42
2022,31,AGOSTO,CR,10,1
2022,31,AGOSTO,CR,30,3
2022,31,AGOSTO,CR,50,9
2022,31,AGOSTO,CR,100,28
2022,31,AGOSTO,CR,200,62
2022,31,AGOSTO,GT,10,1
2022,31,AGOSTO,GT,30,4
2022,31,AGOSTO,GT,50,7
2022,31,AGOSTO,GT,100,19
2022,31,AGOSTO,GT,200,51
2022,31,AGOSTO,SV,10,1
2022,31,AGOSTO,SV,30,5
2022,31,AGOSTO,SV,50,7
2022,31,AGOSTO,SV,100,21
2022,31,AGOSTO,SV,200,60
2022,31,AGOSTO,HN,10,1
2022,31,AGOSTO,HN,30,4
2022,31,AGOSTO,HN,50,8
2022,31,AGOSTO,HN,100,22
2022,31,AGOSTO,HN,200,57
2022,31,AGOSTO,NI,10,0
2022,31,AGOSTO,NI,30,2
2022,31,AGOSTO,NI,50,7
2022,31,AGOSTO,NI,100,24
2022,31,AGOSTO,NI,200,53
2022,31,AGOSTO,DO,10,1
2022,31,AGOSTO,DO,30,1
2022,31,AGOSTO,DO,50,7
2022,31,AGOSTO,DO,100,11
2022,31,AGOSTO,DO,200,31
2022,31,AGOSTO,VE,10,2
2022,31,AGOSTO,VE,30,5
2022,31,AGOSTO,VE,50,8
2022,31,AGOSTO,VE,100,24
2022,31,AGOSTO,VE,200,52
2022,31,AGOSTO,MX,10,2
2022,31,AGOSTO,MX,30,2
2022,31,AGOSTO,MX,50,5
2022,31,AGOSTO,MX,100,18
2022,31,AGOSTO,MX,200,43
2022,31,AGOSTO,SP,10,0
2022,31,AGOSTO,SP,30,7
2022,31,AGOSTO,SP,50,10
2022,31,AGOSTO,SP,100,16
2022,31,AGOSTO,SP,200,34
2022,31,AGOSTO,CL,10,1
2022,31,AGOSTO,CL,30,3
2022,31,AGOSTO,CL,50,4
2022,31,AGOSTO,CL,100,12
2022,31,AGOSTO,CL,200,34
2022,31,AGOSTO,AR,10,0
2022,31,AGOSTO,AR,30,2
2022,31,AGOSTO,AR,50,3
2022,31,AGOSTO,AR,100,12
2022,31,AGOSTO,AR,200,24
2022,31,AGOSTO,BR,10,0
2022,31,AGOSTO,BR,30,1
2022,31,AGOSTO,BR,50,3
2022,31,AGOSTO,BR,100,8
2022,31,AGOSTO,BR,200,25
2022,31,AGOSTO,PT,10,1
2022,31,AGOSTO,PT,30,3
2022,31,AGOSTO,PT,50,5
2022,31,AGOSTO,PT,100,17
2022,31,AGOSTO,PT,200,41
2022,32,AGOSTO,CO,10,4
2022,32,AGOSTO,CO,30,8
2022,32,AGOSTO,CO,50,13
2022,32,AGOSTO,CO,100,29
2022,32,AGOSTO,CO,200,66
2022,32,AGOSTO,PE,10,2
2022,32,AGOSTO,PE,30,6
2022,32,AGOSTO,PE,50,10
2022,32,AGOSTO,PE,100,22
2022,32,AGOSTO,PE,200,47
2022,32,AGOSTO,EC,10,1
2022,32,AGOSTO,EC,30,5
2022,32,AGOSTO,EC,50,10
2022,32,AGOSTO,EC,100,21
2022,32,AGOSTO,EC,200,46
2022,32,AGOSTO,PN,10,1
2022,32,AGOSTO,PN,30,4
2022,32,AGOSTO,PN,50,7
2022,32,AGOSTO,PN,100,16
2022,32,AGOSTO,PN,200,38
2022,32,AGOSTO,CR,10,2
2022,32,AGOSTO,CR,30,4
2022,32,AGOSTO,CR,50,10
2022,32,AGOSTO,CR,100,25
2022,32,AGOSTO,CR,200,61
2022,32,AGOSTO,GT,10,1
2022,32,AGOSTO,GT,30,5
2022,32,AGOSTO,GT,50,8
2022,32,AGOSTO,GT,100,21
2022,32,AGOSTO,GT,200,52
2022,32,AGOSTO,SV,10,1
2022,32,AGOSTO,SV,30,5
2022,32,AGOSTO,SV,50,9
2022,32,AGOSTO,SV,100,22
2022,32,AGOSTO,SV,200,52
2022,32,AGOSTO,HN,10,0
2022,32,AGOSTO,HN,30,4
2022,32,AGOSTO,HN,50,10
2022,32,AGOSTO,HN,100,24
2022,32,AGOSTO,HN,200,57
2022,32,AGOSTO,NI,10,1
2022,32,AGOSTO,NI,30,2
2022,32,AGOSTO,NI,50,9
2022,32,AGOSTO,NI,100,23
2022,32,AGOSTO,NI,200,53
2022,32,AGOSTO,DO,10,1
2022,32,AGOSTO,DO,30,1
2022,32,AGOSTO,DO,50,6
2022,32,AGOSTO,DO,100,13
2022,32,AGOSTO,DO,200,28
2022,32,AGOSTO,VE,10,2
2022,32,AGOSTO,VE,30,6
2022,32,AGOSTO,VE,50,9
2022,32,AGOSTO,VE,100,24
2022,32,AGOSTO,VE,200,48
2022,32,AGOSTO,MX,10,2
2022,32,AGOSTO,MX,30,2
2022,32,AGOSTO,MX,50,5
2022,32,AGOSTO,MX,100,20
2022,32,AGOSTO,MX,200,43
2022,32,AGOSTO,SP,10,1
2022,32,AGOSTO,SP,30,7
2022,32,AGOSTO,SP,50,10
2022,32,AGOSTO,SP,100,18
2022,32,AGOSTO,SP,200,35
2022,32,AGOSTO,CL,10,1
2022,32,AGOSTO,CL,30,3
2022,32,AGOSTO,CL,50,5
2022,32,AGOSTO,CL,100,13
2022,32,AGOSTO,CL,200,34
2022,32,AGOSTO,AR,10,0
2022,32,AGOSTO,AR,30,2
2022,32,AGOSTO,AR,50,3
2022,32,AGOSTO,AR,100,12
2022,32,AGOSTO,AR,200,25
2022,32,AGOSTO,BR,10,0
2022,32,AGOSTO,BR,30,1
2022,32,AGOSTO,BR,50,4
2022,32,AGOSTO,BR,100,10
2022,32,AGOSTO,BR,200,27
2022,32,AGOSTO,PT,10,1
2022,32,AGOSTO,PT,30,4
2022,32,AGOSTO,PT,50,6
2022,32,AGOSTO,PT,100,18
2022,32,AGOSTO,PT,200,46
2022,33,AGOSTO,CO,10,3
2022,33,AGOSTO,CO,30,7
2022,33,AGOSTO,CO,50,13
2022,33,AGOSTO,CO,100,29
2022,33,AGOSTO,CO,200,66
2022,33,AGOSTO,PE,10,2
2022,33,AGOSTO,PE,30,5
2022,33,AGOSTO,PE,50,9
2022,33,AGOSTO,PE,100,23
2022,33,AGOSTO,PE,200,47
2022,33,AGOSTO,EC,10,1
2022,33,AGOSTO,EC,30,5
2022,33,AGOSTO,EC,50,9
2022,33,AGOSTO,EC,100,21
2022,33,AGOSTO,EC,200,48
2022,33,AGOSTO,PN,10,1
2022,33,AGOSTO,PN,30,3
2022,33,AGOSTO,PN,50,6
2022,33,AGOSTO,PN,100,17
2022,33,AGOSTO,PN,200,42
2022,33,AGOSTO,CR,10,1
2022,33,AGOSTO,CR,30,5
2022,33,AGOSTO,CR,50,10
2022,33,AGOSTO,CR,100,26
2022,33,AGOSTO,CR,200,61
2022,33,AGOSTO,GT,10,1
2022,33,AGOSTO,GT,30,4
2022,33,AGOSTO,GT,50,8
2022,33,AGOSTO,GT,100,20
2022,33,AGOSTO,GT,200,55
2022,33,AGOSTO,SV,10,1
2022,33,AGOSTO,SV,30,5
2022,33,AGOSTO,SV,50,8
2022,33,AGOSTO,SV,100,23
2022,33,AGOSTO,SV,200,54
2022,33,AGOSTO,HN,10,0
2022,33,AGOSTO,HN,30,4
2022,33,AGOSTO,HN,50,8
2022,33,AGOSTO,HN,100,24
2022,33,AGOSTO,HN,200,57
2022,33,AGOSTO,NI,10,0
2022,33,AGOSTO,NI,30,2
2022,33,AGOSTO,NI,50,6
2022,33,AGOSTO,NI,100,24
2022,33,AGOSTO,NI,200,57
2022,33,AGOSTO,DO,10,1
2022,33,AGOSTO,DO,30,1
2022,33,AGOSTO,DO,50,6
2022,33,AGOSTO,DO,100,10
2022,33,AGOSTO,DO,200,27
2022,33,AGOSTO,VE,10,1
2022,33,AGOSTO,VE,30,6
2022,33,AGOSTO,VE,50,9
2022,33,AGOSTO,VE,100,25
2022,33,AGOSTO,VE,200,47
2022,33,AGOSTO,MX,10,1
2022,33,AGOSTO,MX,30,2
2022,33,AGOSTO,MX,50,5
2022,33,AGOSTO,MX,100,19
2022,33,AGOSTO,MX,200,45
2022,33,AGOSTO,SP,10,0
2022,33,AGOSTO,SP,30,6
2022,33,AGOSTO,SP,50,10
2022,33,AGOSTO,SP,100,18
2022,33,AGOSTO,SP,200,36
2022,33,AGOSTO,CL,10,1
2022,33,AGOSTO,CL,30,3
2022,33,AGOSTO,CL,50,5
2022,33,AGOSTO,CL,100,11
2022,33,AGOSTO,CL,200,34
2022,33,AGOSTO,AR,10,0
2022,33,AGOSTO,AR,30,2
2022,33,AGOSTO,AR,50,3
2022,33,AGOSTO,AR,100,13
2022,33,AGOSTO,AR,200,25
2022,33,AGOSTO,BR,10,0
2022,33,AGOSTO,BR,30,1
2022,33,AGOSTO,BR,50,3
2022,33,AGOSTO,BR,100,10
2022,33,AGOSTO,BR,200,30
2022,33,AGOSTO,PT,10,1
2022,33,AGOSTO,PT,30,4
2022,33,AGOSTO,PT,50,6
2022,33,AGOSTO,PT,100,16
2022,33,AGOSTO,PT,200,46
2022,34,AGOSTO,CO,10,4
2022,34,AGOSTO,CO,30,9
2022,34,AGOSTO,CO,50,13
2022,34,AGOSTO,CO,100,28
2022,34,AGOSTO,CO,200,67
2022,34,AGOSTO,PE,10,2
2022,34,AGOSTO,PE,30,4
2022,34,AGOSTO,PE,50,9
2022,34,AGOSTO,PE,100,26
2022,34,AGOSTO,PE,200,47
2022,34,AGOSTO,EC,10,1
2022,34,AGOSTO,EC,30,6
2022,34,AGOSTO,EC,50,10
2022,34,AGOSTO,EC,100,22
2022,34,AGOSTO,EC,200,50
2022,34,AGOSTO,PN,10,1
2022,34,AGOSTO,PN,30,3
2022,34,AGOSTO,PN,50,7
2022,34,AGOSTO,PN,100,18
2022,34,AGOSTO,PN,200,43
2022,34,AGOSTO,CR,10,1
2022,34,AGOSTO,CR,30,6
2022,34,AGOSTO,CR,50,11
2022,34,AGOSTO,CR,100,28
2022,34,AGOSTO,CR,200,60
2022,34,AGOSTO,GT,10,1
2022,34,AGOSTO,GT,30,3
2022,34,AGOSTO,GT,50,8
2022,34,AGOSTO,GT,100,22
2022,34,AGOSTO,GT,200,55
2022,34,AGOSTO,SV,10,0
2022,34,AGOSTO,SV,30,6
2022,34,AGOSTO,SV,50,9
2022,34,AGOSTO,SV,100,24
2022,34,AGOSTO,SV,200,58
2022,34,AGOSTO,HN,10,0
2022,34,AGOSTO,HN,30,4
2022,34,AGOSTO,HN,50,9
2022,34,AGOSTO,HN,100,26
2022,34,AGOSTO,HN,200,54
2022,34,AGOSTO,NI,10,0
2022,34,AGOSTO,NI,30,3
2022,34,AGOSTO,NI,50,7
2022,34,AGOSTO,NI,100,25
2022,34,AGOSTO,NI,200,58
2022,34,AGOSTO,DO,10,0
2022,34,AGOSTO,DO,30,2
2022,34,AGOSTO,DO,50,4
2022,34,AGOSTO,DO,100,10
2022,34,AGOSTO,DO,200,27
2022,34,AGOSTO,VE,10,1
2022,34,AGOSTO,VE,30,8
2022,34,AGOSTO,VE,50,10
2022,34,AGOSTO,VE,100,25
2022,34,AGOSTO,VE,200,53
2022,34,AGOSTO,MX,10,1
2022,34,AGOSTO,MX,30,3
2022,34,AGOSTO,MX,50,8
2022,34,AGOSTO,MX,100,19
2022,34,AGOSTO,MX,200,49
2022,34,AGOSTO,SP,10,0
2022,34,AGOSTO,SP,30,5
2022,34,AGOSTO,SP,50,11
2022,34,AGOSTO,SP,100,19
2022,34,AGOSTO,SP,200,35
2022,34,AGOSTO,CL,10,1
2022,34,AGOSTO,CL,30,3
2022,34,AGOSTO,CL,50,6
2022,34,AGOSTO,CL,100,13
2022,34,AGOSTO,CL,200,31
2022,34,AGOSTO,AR,10,0
2022,34,AGOSTO,AR,30,2
2022,34,AGOSTO,AR,50,3
2022,34,AGOSTO,AR,100,14
2022,34,AGOSTO,AR,200,24
2022,34,AGOSTO,BR,10,0
2022,34,AGOSTO,BR,30,2
2022,34,AGOSTO,BR,50,4
2022,34,AGOSTO,BR,100,11
2022,34,AGOSTO,BR,200,29
2022,34,AGOSTO,PT,10,1
2022,34,AGOSTO,PT,30,3
2022,34,AGOSTO,PT,50,8
2022,34,AGOSTO,PT,100,15
2022,34,AGOSTO,PT,200,42
2022,35,SEPTIEMBRE,CO,10,4
2022,35,SEPTIEMBRE,CO,30,10
2022,35,SEPTIEMBRE,CO,50,12
2022,35,SEPTIEMBRE,CO,100,27
2022,35,SEPTIEMBRE,CO,200,65
2022,35,SEPTIEMBRE,PE,10,1
2022,35,SEPTIEMBRE,PE,30,5
2022,35,SEPTIEMBRE,PE,50,9
2022,35,SEPTIEMBRE,PE,100,27
2022,35,SEPTIEMBRE,PE,200,49
2022,35,SEPTIEMBRE,EC,10,1
2022,35,SEPTIEMBRE,EC,30,7
2022,35,SEPTIEMBRE,EC,50,10
2022,35,SEPTIEMBRE,EC,100,22
2022,35,SEPTIEMBRE,EC,200,51
2022,35,SEPTIEMBRE,PN,10,1
2022,35,SEPTIEMBRE,PN,30,5
2022,35,SEPTIEMBRE,PN,50,9
2022,35,SEPTIEMBRE,PN,100,20
2022,35,SEPTIEMBRE,PN,200,44
2022,35,SEPTIEMBRE,CR,10,1
2022,35,SEPTIEMBRE,CR,30,7
2022,35,SEPTIEMBRE,CR,50,12
2022,35,SEPTIEMBRE,CR,100,28
2022,35,SEPTIEMBRE,CR,200,62
2022,35,SEPTIEMBRE,GT,10,1
2022,35,SEPTIEMBRE,GT,30,4
2022,35,SEPTIEMBRE,GT,50,8
2022,35,SEPTIEMBRE,GT,100,24
2022,35,SEPTIEMBRE,GT,200,54
2022,35,SEPTIEMBRE,SV,10,0
2022,35,SEPTIEMBRE,SV,30,5
2022,35,SEPTIEMBRE,SV,50,9
2022,35,SEPTIEMBRE,SV,100,23
2022,35,SEPTIEMBRE,SV,200,55
2022,35,SEPTIEMBRE,HN,10,0
2022,35,SEPTIEMBRE,HN,30,4
2022,35,SEPTIEMBRE,HN,50,9
2022,35,SEPTIEMBRE,HN,100,26
2022,35,SEPTIEMBRE,HN,200,54
2022,35,SEPTIEMBRE,NI,10,0
2022,35,SEPTIEMBRE,NI,30,3
2022,35,SEPTIEMBRE,NI,50,8
2022,35,SEPTIEMBRE,NI,100,24
2022,35,SEPTIEMBRE,NI,200,53
2022,35,SEPTIEMBRE,DO,10,0
2022,35,SEPTIEMBRE,DO,30,2
2022,35,SEPTIEMBRE,DO,50,5
2022,35,SEPTIEMBRE,DO,100,11
2022,35,SEPTIEMBRE,DO,200,29
2022,35,SEPTIEMBRE,VE,10,2
2022,35,SEPTIEMBRE,VE,30,8
2022,35,SEPTIEMBRE,VE,50,10
2022,35,SEPTIEMBRE,VE,100,24
2022,35,SEPTIEMBRE,VE,200,53
2022,35,SEPTIEMBRE,MX,10,1
2022,35,SEPTIEMBRE,MX,30,4
2022,35,SEPTIEMBRE,MX,50,8
2022,35,SEPTIEMBRE,MX,100,20
2022,35,SEPTIEMBRE,MX,200,48
2022,35,SEPTIEMBRE,SP,10,0
2022,35,SEPTIEMBRE,SP,30,5
2022,35,SEPTIEMBRE,SP,50,12
2022,35,SEPTIEMBRE,SP,100,20
2022,35,SEPTIEMBRE,SP,200,35
2022,35,SEPTIEMBRE,CL,10,1
2022,35,SEPTIEMBRE,CL,30,4
2022,35,SEPTIEMBRE,CL,50,6
2022,35,SEPTIEMBRE,CL,100,13
2022,35,SEPTIEMBRE,CL,200,32
2022,35,SEPTIEMBRE,AR,10,0
2022,35,SEPTIEMBRE,AR,30,2
2022,35,SEPTIEMBRE,AR,50,5
2022,35,SEPTIEMBRE,AR,100,15
2022,35,SEPTIEMBRE,AR,200,25
2022,35,SEPTIEMBRE,BR,10,0
2022,35,SEPTIEMBRE,BR,30,1
2022,35,SEPTIEMBRE,BR,50,4
2022,35,SEPTIEMBRE,BR,100,13
2022,35,SEPTIEMBRE,BR,200,31
2022,35,SEPTIEMBRE,PT,10,1
2022,35,SEPTIEMBRE,PT,30,2
2022,35,SEPTIEMBRE,PT,50,7
2022,35,SEPTIEMBRE,PT,100,17
2022,35,SEPTIEMBRE,PT,200,44
2022,36,SEPTIEMBRE,CO,10,4
2022,36,SEPTIEMBRE,CO,30,12
2022,36,SEPTIEMBRE,CO,50,14
2022,36,SEPTIEMBRE,CO,100,30
2022,36,SEPTIEMBRE,CO,200,72
2022,36,SEPTIEMBRE,PE,10,1
2022,36,SEPTIEMBRE,PE,30,5
2022,36,SEPTIEMBRE,PE,50,12
2022,36,SEPTIEMBRE,PE,100,28
2022,36,SEPTIEMBRE,PE,200,50
2022,36,SEPTIEMBRE,EC,10,1
2022,36,SEPTIEMBRE,EC,30,7
2022,36,SEPTIEMBRE,EC,50,10
2022,36,SEPTIEMBRE,EC,100,25
2022,36,SEPTIEMBRE,EC,200,55
2022,36,SEPTIEMBRE,PN,10,2
2022,36,SEPTIEMBRE,PN,30,4
2022,36,SEPTIEMBRE,PN,50,7
2022,36,SEPTIEMBRE,PN,100,20
2022,36,SEPTIEMBRE,PN,200,47
2022,36,SEPTIEMBRE,CR,10,1
2022,36,SEPTIEMBRE,CR,30,7
2022,36,SEPTIEMBRE,CR,50,12
2022,36,SEPTIEMBRE,CR,100,29
2022,36,SEPTIEMBRE,CR,200,65
2022,36,SEPTIEMBRE,GT,10,1
2022,36,SEPTIEMBRE,GT,30,4
2022,36,SEPTIEMBRE,GT,50,10
2022,36,SEPTIEMBRE,GT,100,24
2022,36,SEPTIEMBRE,GT,200,55
2022,36,SEPTIEMBRE,SV,10,0
2022,36,SEPTIEMBRE,SV,30,5
2022,36,SEPTIEMBRE,SV,50,10
2022,36,SEPTIEMBRE,SV,100,25
2022,36,SEPTIEMBRE,SV,200,56
2022,36,SEPTIEMBRE,HN,10,0
2022,36,SEPTIEMBRE,HN,30,4
2022,36,SEPTIEMBRE,HN,50,10
2022,36,SEPTIEMBRE,HN,100,26
2022,36,SEPTIEMBRE,HN,200,54
2022,36,SEPTIEMBRE,NI,10,0
2022,36,SEPTIEMBRE,NI,30,3
2022,36,SEPTIEMBRE,NI,50,7
2022,36,SEPTIEMBRE,NI,100,25
2022,36,SEPTIEMBRE,NI,200,55
2022,36,SEPTIEMBRE,DO,10,0
2022,36,SEPTIEMBRE,DO,30,1
2022,36,SEPTIEMBRE,DO,50,2
2022,36,SEPTIEMBRE,DO,100,7
2022,36,SEPTIEMBRE,DO,200,20
2022,36,SEPTIEMBRE,VE,10,2
2022,36,SEPTIEMBRE,VE,30,8
2022,36,SEPTIEMBRE,VE,50,12
2022,36,SEPTIEMBRE,VE,100,24
2022,36,SEPTIEMBRE,VE,200,59
2022,36,SEPTIEMBRE,MX,10,0
2022,36,SEPTIEMBRE,MX,30,4
2022,36,SEPTIEMBRE,MX,50,7
2022,36,SEPTIEMBRE,MX,100,20
2022,36,SEPTIEMBRE,MX,200,44
2022,36,SEPTIEMBRE,SP,10,0
2022,36,SEPTIEMBRE,SP,30,5
2022,36,SEPTIEMBRE,SP,50,12
2022,36,SEPTIEMBRE,SP,100,21
2022,36,SEPTIEMBRE,SP,200,41
2022,36,SEPTIEMBRE,CL,10,1
2022,36,SEPTIEMBRE,CL,30,4
2022,36,SEPTIEMBRE,CL,50,7
2022,36,SEPTIEMBRE,CL,100,13
2022,36,SEPTIEMBRE,CL,200,36
2022,36,SEPTIEMBRE,AR,10,0
2022,36,SEPTIEMBRE,AR,30,3
2022,36,SEPTIEMBRE,AR,50,6
2022,36,SEPTIEMBRE,AR,100,13
2022,36,SEPTIEMBRE,AR,200,29
2022,36,SEPTIEMBRE,BR,10,0
2022,36,SEPTIEMBRE,BR,30,1
2022,36,SEPTIEMBRE,BR,50,3
2022,36,SEPTIEMBRE,BR,100,16
2022,36,SEPTIEMBRE,BR,200,39
2022,36,SEPTIEMBRE,PT,10,1
2022,36,SEPTIEMBRE,PT,30,2
2022,36,SEPTIEMBRE,PT,50,7
2022,36,SEPTIEMBRE,PT,100,22
2022,36,SEPTIEMBRE,PT,200,46
2022,37,SEPTIEMBRE,CO,10,5
2022,37,SEPTIEMBRE,CO,30,12
2022,37,SEPTIEMBRE,CO,50,19
2022,37,SEPTIEMBRE,CO,100,37
2022,37,SEPTIEMBRE,CO,200,76
2022,37,SEPTIEMBRE,PE,10,2
2022,37,SEPTIEMBRE,PE,30,6
2022,37,SEPTIEMBRE,PE,50,12
2022,37,SEPTIEMBRE,PE,100,27
2022,37,SEPTIEMBRE,PE,200,50
2022,37,SEPTIEMBRE,EC,10,1
2022,37,SEPTIEMBRE,EC,30,8
2022,37,SEPTIEMBRE,EC,50,11
2022,37,SEPTIEMBRE,EC,100,28
2022,37,SEPTIEMBRE,EC,200,66
2022,37,SEPTIEMBRE,PN,10,2
2022,37,SEPTIEMBRE,PN,30,6
2022,37,SEPTIEMBRE,PN,50,8
2022,37,SEPTIEMBRE,PN,100,19
2022,37,SEPTIEMBRE,PN,200,47
2022,37,SEPTIEMBRE,CR,10,2
2022,37,SEPTIEMBRE,CR,30,7
2022,37,SEPTIEMBRE,CR,50,11
2022,37,SEPTIEMBRE,CR,100,30
2022,37,SEPTIEMBRE,CR,200,69
2022,37,SEPTIEMBRE,GT,10,1
2022,37,SEPTIEMBRE,GT,30,5
2022,37,SEPTIEMBRE,GT,50,9
2022,37,SEPTIEMBRE,GT,100,24
2022,37,SEPTIEMBRE,GT,200,57
2022,37,SEPTIEMBRE,SV,10,0
2022,37,SEPTIEMBRE,SV,30,8
2022,37,SEPTIEMBRE,SV,50,11
2022,37,SEPTIEMBRE,SV,100,24
2022,37,SEPTIEMBRE,SV,200,56
2022,37,SEPTIEMBRE,HN,10,0
2022,37,SEPTIEMBRE,HN,30,7
2022,37,SEPTIEMBRE,HN,50,10
2022,37,SEPTIEMBRE,HN,100,27
2022,37,SEPTIEMBRE,HN,200,57
2022,37,SEPTIEMBRE,NI,10,0
2022,37,SEPTIEMBRE,NI,30,3
2022,37,SEPTIEMBRE,NI,50,8
2022,37,SEPTIEMBRE,NI,100,27
2022,37,SEPTIEMBRE,NI,200,58
2022,37,SEPTIEMBRE,DO,10,0
2022,37,SEPTIEMBRE,DO,30,2
2022,37,SEPTIEMBRE,DO,50,4
2022,37,SEPTIEMBRE,DO,100,11
2022,37,SEPTIEMBRE,DO,200,25
2022,37,SEPTIEMBRE,VE,10,3
2022,37,SEPTIEMBRE,VE,30,8
2022,37,SEPTIEMBRE,VE,50,12
2022,37,SEPTIEMBRE,VE,100,29
2022,37,SEPTIEMBRE,VE,200,61
2022,37,SEPTIEMBRE,MX,10,0
2022,37,SEPTIEMBRE,MX,30,5
2022,37,SEPTIEMBRE,MX,50,7
2022,37,SEPTIEMBRE,MX,100,22
2022,37,SEPTIEMBRE,MX,200,45
2022,37,SEPTIEMBRE,SP,10,0
2022,37,SEPTIEMBRE,SP,30,5
2022,37,SEPTIEMBRE,SP,50,12
2022,37,SEPTIEMBRE,SP,100,21
2022,37,SEPTIEMBRE,SP,200,41
2022,37,SEPTIEMBRE,CL,10,1
2022,37,SEPTIEMBRE,CL,30,5
2022,37,SEPTIEMBRE,CL,50,7
2022,37,SEPTIEMBRE,CL,100,13
2022,37,SEPTIEMBRE,CL,200,34
2022,37,SEPTIEMBRE,AR,10,0
2022,37,SEPTIEMBRE,AR,30,3
2022,37,SEPTIEMBRE,AR,50,6
2022,37,SEPTIEMBRE,AR,100,11
2022,37,SEPTIEMBRE,AR,200,28
2022,37,SEPTIEMBRE,BR,10,0
2022,37,SEPTIEMBRE,BR,30,2
2022,37,SEPTIEMBRE,BR,50,3
2022,37,SEPTIEMBRE,BR,100,11
2022,37,SEPTIEMBRE,BR,200,36
2022,37,SEPTIEMBRE,PT,10,1
2022,37,SEPTIEMBRE,PT,30,2
2022,37,SEPTIEMBRE,PT,50,7
2022,37,SEPTIEMBRE,PT,100,25
2022,37,SEPTIEMBRE,PT,200,47
2022,38,SEPTIEMBRE,CO,10,6
2022,38,SEPTIEMBRE,CO,30,18
2022,38,SEPTIEMBRE,CO,50,22
2022,38,SEPTIEMBRE,CO,100,38
2022,38,SEPTIEMBRE,CO,200,78
2022,38,SEPTIEMBRE,PE,10,1
2022,38,SEPTIEMBRE,PE,30,10
2022,38,SEPTIEMBRE,PE,50,14
2022,38,SEPTIEMBRE,PE,100,33
2022,38,SEPTIEMBRE,PE,200,61
2022,38,SEPTIEMBRE,EC,10,1
2022,38,SEPTIEMBRE,EC,30,9
2022,38,SEPTIEMBRE,EC,50,15
2022,38,SEPTIEMBRE,EC,100,32
2022,38,SEPTIEMBRE,EC,200,70
2022,38,SEPTIEMBRE,PN,10,2
2022,38,SEPTIEMBRE,PN,30,7
2022,38,SEPTIEMBRE,PN,50,11
2022,38,SEPTIEMBRE,PN,100,23
2022,38,SEPTIEMBRE,PN,200,55
2022,38,SEPTIEMBRE,CR,10,1
2022,38,SEPTIEMBRE,CR,30,8
2022,38,SEPTIEMBRE,CR,50,13
2022,38,SEPTIEMBRE,CR,100,34
2022,38,SEPTIEMBRE,CR,200,75
2022,38,SEPTIEMBRE,GT,10,1
2022,38,SEPTIEMBRE,GT,30,5
2022,38,SEPTIEMBRE,GT,50,11
2022,38,SEPTIEMBRE,GT,100,27
2022,38,SEPTIEMBRE,GT,200,61
2022,38,SEPTIEMBRE,SV,10,0
2022,38,SEPTIEMBRE,SV,30,9
2022,38,SEPTIEMBRE,SV,50,14
2022,38,SEPTIEMBRE,SV,100,27
2022,38,SEPTIEMBRE,SV,200,67
2022,38,SEPTIEMBRE,HN,10,0
2022,38,SEPTIEMBRE,HN,30,8
2022,38,SEPTIEMBRE,HN,50,13
2022,38,SEPTIEMBRE,HN,100,30
2022,38,SEPTIEMBRE,HN,200,64
2022,38,SEPTIEMBRE,NI,10,1
2022,38,SEPTIEMBRE,NI,30,6
2022,38,SEPTIEMBRE,NI,50,11
2022,38,SEPTIEMBRE,NI,100,30
2022,38,SEPTIEMBRE,NI,200,64
2022,38,SEPTIEMBRE,DO,10,0
2022,38,SEPTIEMBRE,DO,30,2
2022,38,SEPTIEMBRE,DO,50,4
2022,38,SEPTIEMBRE,DO,100,13
2022,38,SEPTIEMBRE,DO,200,26
2022,38,SEPTIEMBRE,VE,10,4
2022,38,SEPTIEMBRE,VE,30,11
2022,38,SEPTIEMBRE,VE,50,20
2022,38,SEPTIEMBRE,VE,100,35
2022,38,SEPTIEMBRE,VE,200,64
2022,38,SEPTIEMBRE,MX,10,0
2022,38,SEPTIEMBRE,MX,30,5
2022,38,SEPTIEMBRE,MX,50,10
2022,38,SEPTIEMBRE,MX,100,23
2022,38,SEPTIEMBRE,MX,200,48
2022,38,SEPTIEMBRE,SP,10,0
2022,38,SEPTIEMBRE,SP,30,6
2022,38,SEPTIEMBRE,SP,50,12
2022,38,SEPTIEMBRE,SP,100,22
2022,38,SEPTIEMBRE,SP,200,43
2022,38,SEPTIEMBRE,CL,10,1
2022,38,SEPTIEMBRE,CL,30,5
2022,38,SEPTIEMBRE,CL,50,8
2022,38,SEPTIEMBRE,CL,100,14
2022,38,SEPTIEMBRE,CL,200,26
2022,38,SEPTIEMBRE,AR,10,0
2022,38,SEPTIEMBRE,AR,30,3
2022,38,SEPTIEMBRE,AR,50,7
2022,38,SEPTIEMBRE,AR,100,15
2022,38,SEPTIEMBRE,AR,200,30
2022,38,SEPTIEMBRE,BR,10,0
2022,38,SEPTIEMBRE,BR,30,3
2022,38,SEPTIEMBRE,BR,50,3
2022,38,SEPTIEMBRE,BR,100,16
2022,38,SEPTIEMBRE,BR,200,39
2022,38,SEPTIEMBRE,PT,10,1
2022,38,SEPTIEMBRE,PT,30,3
2022,38,SEPTIEMBRE,PT,50,8
2022,38,SEPTIEMBRE,PT,100,23
2022,38,SEPTIEMBRE,PT,200,53
2022,39,SEPTIEMBRE,CO,10,5
2022,39,SEPTIEMBRE,CO,30,14
2022,39,SEPTIEMBRE,CO,50,20
2022,39,SEPTIEMBRE,CO,100,37
2022,39,SEPTIEMBRE,CO,200,77
2022,39,SEPTIEMBRE,PE,10,2
2022,39,SEPTIEMBRE,PE,30,8
2022,39,SEPTIEMBRE,PE,50,15
2022,39,SEPTIEMBRE,PE,100,29
2022,39,SEPTIEMBRE,PE,200,60
2022,39,SEPTIEMBRE,EC,10,1
2022,39,SEPTIEMBRE,EC,30,9
2022,39,SEPTIEMBRE,EC,50,13
2022,39,SEPTIEMBRE,EC,100,28
2022,39,SEPTIEMBRE,EC,200,65
2022,39,SEPTIEMBRE,PN,10,2
2022,39,SEPTIEMBRE,PN,30,6
2022,39,SEPTIEMBRE,PN,50,10
2022,39,SEPTIEMBRE,PN,100,20
2022,39,SEPTIEMBRE,PN,200,46
2022,39,SEPTIEMBRE,CR,10,2
2022,39,SEPTIEMBRE,CR,30,9
2022,39,SEPTIEMBRE,CR,50,14
2022,39,SEPTIEMBRE,CR,100,30
2022,39,SEPTIEMBRE,CR,200,70
2022,39,SEPTIEMBRE,GT,10,1
2022,39,SEPTIEMBRE,GT,30,4
2022,39,SEPTIEMBRE,GT,50,11
2022,39,SEPTIEMBRE,GT,100,25
2022,39,SEPTIEMBRE,GT,200,55
2022,39,SEPTIEMBRE,SV,10,1
2022,39,SEPTIEMBRE,SV,30,8
2022,39,SEPTIEMBRE,SV,50,13
2022,39,SEPTIEMBRE,SV,100,25
2022,39,SEPTIEMBRE,SV,200,59
2022,39,SEPTIEMBRE,HN,10,1
2022,39,SEPTIEMBRE,HN,30,7
2022,39,SEPTIEMBRE,HN,50,11
2022,39,SEPTIEMBRE,HN,100,28
2022,39,SEPTIEMBRE,HN,200,57
2022,39,SEPTIEMBRE,NI,10,1
2022,39,SEPTIEMBRE,NI,30,6
2022,39,SEPTIEMBRE,NI,50,11
2022,39,SEPTIEMBRE,NI,100,27
2022,39,SEPTIEMBRE,NI,200,61
2022,39,SEPTIEMBRE,DO,10,0
2022,39,SEPTIEMBRE,DO,30,2
2022,39,SEPTIEMBRE,DO,50,6
2022,39,SEPTIEMBRE,DO,100,13
2022,39,SEPTIEMBRE,DO,200,30
2022,39,SEPTIEMBRE,VE,10,2
2022,39,SEPTIEMBRE,VE,30,11
2022,39,SEPTIEMBRE,VE,50,15
2022,39,SEPTIEMBRE,VE,100,30
2022,39,SEPTIEMBRE,VE,200,60
2022,39,SEPTIEMBRE,MX,10,0
2022,39,SEPTIEMBRE,MX,30,4
2022,39,SEPTIEMBRE,MX,50,7
2022,39,SEPTIEMBRE,MX,100,24
2022,39,SEPTIEMBRE,MX,200,49
2022,39,SEPTIEMBRE,SP,10,0
2022,39,SEPTIEMBRE,SP,30,3
2022,39,SEPTIEMBRE,SP,50,12
2022,39,SEPTIEMBRE,SP,100,22
2022,39,SEPTIEMBRE,SP,200,42
2022,39,SEPTIEMBRE,CL,10,1
2022,39,SEPTIEMBRE,CL,30,4
2022,39,SEPTIEMBRE,CL,50,8
2022,39,SEPTIEMBRE,CL,100,14
2022,39,SEPTIEMBRE,CL,200,34
2022,39,SEPTIEMBRE,AR,10,1
2022,39,SEPTIEMBRE,AR,30,3
2022,39,SEPTIEMBRE,AR,50,6
2022,39,SEPTIEMBRE,AR,100,11
2022,39,SEPTIEMBRE,AR,200,32
2022,39,SEPTIEMBRE,BR,10,1
2022,39,SEPTIEMBRE,BR,30,4
2022,39,SEPTIEMBRE,BR,50,5
2022,39,SEPTIEMBRE,BR,100,15
2022,39,SEPTIEMBRE,BR,200,34
2022,39,SEPTIEMBRE,PT,10,1
2022,39,SEPTIEMBRE,PT,30,3
2022,39,SEPTIEMBRE,PT,50,8
2022,39,SEPTIEMBRE,PT,100,23
2022,39,SEPTIEMBRE,PT,200,52
2022,40,OCTUBRE,CO,10,5
2022,40,OCTUBRE,CO,30,13
2022,40,OCTUBRE,CO,50,21
2022,40,OCTUBRE,CO,100,35
2022,40,OCTUBRE,CO,200,73
2022,40,OCTUBRE,PE,10,2
2022,40,OCTUBRE,PE,30,7
2022,40,OCTUBRE,PE,50,16
2022,40,OCTUBRE,PE,100,27
2022,40,OCTUBRE,PE,200,55
2022,40,OCTUBRE,EC,10,1
2022,40,OCTUBRE,EC,30,10
2022,40,OCTUBRE,EC,50,12
2022,40,OCTUBRE,EC,100,27
2022,40,OCTUBRE,EC,200,62
2022,40,OCTUBRE,PN,10,2
2022,40,OCTUBRE,PN,30,8
2022,40,OCTUBRE,PN,50,12
2022,40,OCTUBRE,PN,100,23
2022,40,OCTUBRE,PN,200,46
2022,40,OCTUBRE,CR,10,2
2022,40,OCTUBRE,CR,30,9
2022,40,OCTUBRE,CR,50,14
2022,40,OCTUBRE,CR,100,27
2022,40,OCTUBRE,CR,200,66
2022,40,OCTUBRE,GT,10,1
2022,40,OCTUBRE,GT,30,5
2022,40,OCTUBRE,GT,50,11
2022,40,OCTUBRE,GT,100,23
2022,40,OCTUBRE,GT,200,54
2022,40,OCTUBRE,SV,10,1
2022,40,OCTUBRE,SV,30,8
2022,40,OCTUBRE,SV,50,13
2022,40,OCTUBRE,SV,100,24
2022,40,OCTUBRE,SV,200,54
2022,40,OCTUBRE,HN,10,1
2022,40,OCTUBRE,HN,30,8
2022,40,OCTUBRE,HN,50,9
2022,40,OCTUBRE,HN,100,27
2022,40,OCTUBRE,HN,200,52
2022,40,OCTUBRE,NI,10,1
2022,40,OCTUBRE,NI,30,5
2022,40,OCTUBRE,NI,50,10
2022,40,OCTUBRE,NI,100,27
2022,40,OCTUBRE,NI,200,54
2022,40,OCTUBRE,DO,10,0
2022,40,OCTUBRE,DO,30,4
2022,40,OCTUBRE,DO,50,7
2022,40,OCTUBRE,DO,100,12
2022,40,OCTUBRE,DO,200,29
2022,40,OCTUBRE,VE,10,3
2022,40,OCTUBRE,VE,30,10
2022,40,OCTUBRE,VE,50,14
2022,40,OCTUBRE,VE,100,28
2022,40,OCTUBRE,VE,200,59
2022,40,OCTUBRE,MX,10,0
2022,40,OCTUBRE,MX,30,4
2022,40,OCTUBRE,MX,50,9
2022,40,OCTUBRE,MX,100,25
2022,40,OCTUBRE,MX,200,47
2022,40,OCTUBRE,SP,10,1
2022,40,OCTUBRE,SP,30,2
2022,40,OCTUBRE,SP,50,9
2022,40,OCTUBRE,SP,100,20
2022,40,OCTUBRE,SP,200,38
2022,40,OCTUBRE,CL,10,1
2022,40,OCTUBRE,CL,30,3
2022,40,OCTUBRE,CL,50,8
2022,40,OCTUBRE,CL,100,16
2022,40,OCTUBRE,CL,200,33
2022,40,OCTUBRE,AR,10,0
2022,40,OCTUBRE,AR,30,2
2022,40,OCTUBRE,AR,50,5
2022,40,OCTUBRE,AR,100,11
2022,40,OCTUBRE,AR,200,29
2022,40,OCTUBRE,BR,10,2
2022,40,OCTUBRE,BR,30,4
2022,40,OCTUBRE,BR,50,4
2022,40,OCTUBRE,BR,100,14
2022,40,OCTUBRE,BR,200,30
2022,40,OCTUBRE,PT,10,1
2022,40,OCTUBRE,PT,30,5
2022,40,OCTUBRE,PT,50,8
2022,40,OCTUBRE,PT,100,23
2022,40,OCTUBRE,PT,200,51
2022,41,OCTUBRE,CO,10,4
2022,41,OCTUBRE,CO,30,12
2022,41,OCTUBRE,CO,50,19
2022,41,OCTUBRE,CO,100,34
2022,41,OCTUBRE,CO,200,75
2022,41,OCTUBRE,PE,10,1
2022,41,OCTUBRE,PE,30,7
2022,41,OCTUBRE,PE,50,13
2022,41,OCTUBRE,PE,100,26
2022,41,OCTUBRE,PE,200,56
2022,41,OCTUBRE,EC,10,1
2022,41,OCTUBRE,EC,30,8
2022,41,OCTUBRE,EC,50,12
2022,41,OCTUBRE,EC,100,25
2022,41,OCTUBRE,EC,200,60
2022,41,OCTUBRE,PN,10,2
2022,41,OCTUBRE,PN,30,7
2022,41,OCTUBRE,PN,50,12
2022,41,OCTUBRE,PN,100,19
2022,41,OCTUBRE,PN,200,43
2022,41,OCTUBRE,CR,10,2
2022,41,OCTUBRE,CR,30,8
2022,41,OCTUBRE,CR,50,14
2022,41,OCTUBRE,CR,100,25
2022,41,OCTUBRE,CR,200,63
2022,41,OCTUBRE,GT,10,1
2022,41,OCTUBRE,GT,30,6
2022,41,OCTUBRE,GT,50,11
2022,41,OCTUBRE,GT,100,23
2022,41,OCTUBRE,GT,200,54
2022,41,OCTUBRE,SV,10,1
2022,41,OCTUBRE,SV,30,8
2022,41,OCTUBRE,SV,50,13
2022,41,OCTUBRE,SV,100,24
2022,41,OCTUBRE,SV,200,52
2022,41,OCTUBRE,HN,10,1
2022,41,OCTUBRE,HN,30,7
2022,41,OCTUBRE,HN,50,9
2022,41,OCTUBRE,HN,100,25
2022,41,OCTUBRE,HN,200,51
2022,41,OCTUBRE,NI,10,1
2022,41,OCTUBRE,NI,30,5
2022,41,OCTUBRE,NI,50,10
2022,41,OCTUBRE,NI,100,25
2022,41,OCTUBRE,NI,200,53
2022,41,OCTUBRE,DO,10,0
2022,41,OCTUBRE,DO,30,4
2022,41,OCTUBRE,DO,50,5
2022,41,OCTUBRE,DO,100,11
2022,41,OCTUBRE,DO,200,23
2022,41,OCTUBRE,VE,10,3
2022,41,OCTUBRE,VE,30,10
2022,41,OCTUBRE,VE,50,12
2022,41,OCTUBRE,VE,100,27
2022,41,OCTUBRE,VE,200,54
2022,41,OCTUBRE,MX,10,0
2022,41,OCTUBRE,MX,30,4
2022,41,OCTUBRE,MX,50,9
2022,41,OCTUBRE,MX,100,25
2022,41,OCTUBRE,MX,200,48
2022,41,OCTUBRE,SP,10,1
2022,41,OCTUBRE,SP,30,1
2022,41,OCTUBRE,SP,50,8
2022,41,OCTUBRE,SP,100,21
2022,41,OCTUBRE,SP,200,36
2022,41,OCTUBRE,CL,10,2
2022,41,OCTUBRE,CL,30,3
2022,41,OCTUBRE,CL,50,6
2022,41,OCTUBRE,CL,100,14
2022,41,OCTUBRE,CL,200,34
2022,41,OCTUBRE,AR,10,0
2022,41,OCTUBRE,AR,30,3
2022,41,OCTUBRE,AR,50,4
2022,41,OCTUBRE,AR,100,11
2022,41,OCTUBRE,AR,200,25
2022,41,OCTUBRE,BR,10,2
2022,41,OCTUBRE,BR,30,5
2022,41,OCTUBRE,BR,50,6
2022,41,OCTUBRE,BR,100,13
2022,41,OCTUBRE,BR,200,27
2022,41,OCTUBRE,PT,10,2
2022,41,OCTUBRE,PT,30,5
2022,41,OCTUBRE,PT,50,8
2022,41,OCTUBRE,PT,100,23
2022,41,OCTUBRE,PT,200,51
2022,42,OCTUBRE,CO,10,4
2022,42,OCTUBRE,CO,30,13
2022,42,OCTUBRE,CO,50,18
2022,42,OCTUBRE,CO,100,32
2022,42,OCTUBRE,CO,200,71
2022,42,OCTUBRE,PE,10,1
2022,42,OCTUBRE,PE,30,8
2022,42,OCTUBRE,PE,50,14
2022,42,OCTUBRE,PE,100,28
2022,42,OCTUBRE,PE,200,49
2022,42,OCTUBRE,EC,10,1
2022,42,OCTUBRE,EC,30,8
2022,42,OCTUBRE,EC,50,13
2022,42,OCTUBRE,EC,100,28
2022,42,OCTUBRE,EC,200,60
2022,42,OCTUBRE,PN,10,1
2022,42,OCTUBRE,PN,30,8
2022,42,OCTUBRE,PN,50,10
2022,42,OCTUBRE,PN,100,19
2022,42,OCTUBRE,PN,200,44
2022,42,OCTUBRE,CR,10,2
2022,42,OCTUBRE,CR,30,8
2022,42,OCTUBRE,CR,50,14
2022,42,OCTUBRE,CR,100,26
2022,42,OCTUBRE,CR,200,62
2022,42,OCTUBRE,GT,10,1
2022,42,OCTUBRE,GT,30,6
2022,42,OCTUBRE,GT,50,10
2022,42,OCTUBRE,GT,100,23
2022,42,OCTUBRE,GT,200,53
2022,42,OCTUBRE,SV,10,1
2022,42,OCTUBRE,SV,30,7
2022,42,OCTUBRE,SV,50,13
2022,42,OCTUBRE,SV,100,23
2022,42,OCTUBRE,SV,200,51
2022,42,OCTUBRE,HN,10,1
2022,42,OCTUBRE,HN,30,6
2022,42,OCTUBRE,HN,50,12
2022,42,OCTUBRE,HN,100,24
2022,42,OCTUBRE,HN,200,53
2022,42,OCTUBRE,NI,10,2
2022,42,OCTUBRE,NI,30,5
2022,42,OCTUBRE,NI,50,10
2022,42,OCTUBRE,NI,100,26
2022,42,OCTUBRE,NI,200,52
2022,42,OCTUBRE,DO,10,0
2022,42,OCTUBRE,DO,30,4
2022,42,OCTUBRE,DO,50,5
2022,42,OCTUBRE,DO,100,11
2022,42,OCTUBRE,DO,200,24
2022,42,OCTUBRE,VE,10,3
2022,42,OCTUBRE,VE,30,9
2022,42,OCTUBRE,VE,50,12
2022,42,OCTUBRE,VE,100,27
2022,42,OCTUBRE,VE,200,54
2022,42,OCTUBRE,MX,10,0
2022,42,OCTUBRE,MX,30,4
2022,42,OCTUBRE,MX,50,9
2022,42,OCTUBRE,MX,100,25
2022,42,OCTUBRE,MX,200,46
2022,42,OCTUBRE,SP,10,0
2022,42,OCTUBRE,SP,30,1
2022,42,OCTUBRE,SP,50,8
2022,42,OCTUBRE,SP,100,20
2022,42,OCTUBRE,SP,200,39
2022,42,OCTUBRE,CL,10,2
2022,42,OCTUBRE,CL,30,3
2022,42,OCTUBRE,CL,50,6
2022,42,OCTUBRE,CL,100,15
2022,42,OCTUBRE,CL,200,34
2022,42,OCTUBRE,AR,10,0
2022,42,OCTUBRE,AR,30,2
2022,42,OCTUBRE,AR,50,3
2022,42,OCTUBRE,AR,100,12
2022,42,OCTUBRE,AR,200,25
2022,42,OCTUBRE,BR,10,2
2022,42,OCTUBRE,BR,30,4
2022,42,OCTUBRE,BR,50,7
2022,42,OCTUBRE,BR,100,15
2022,42,OCTUBRE,BR,200,29
2022,42,OCTUBRE,PT,10,2
2022,42,OCTUBRE,PT,30,5
2022,42,OCTUBRE,PT,50,9
2022,42,OCTUBRE,PT,100,22
2022,42,OCTUBRE,PT,200,54
2022,43,OCTUBRE,CO,10,4
2022,43,OCTUBRE,CO,30,11
2022,43,OCTUBRE,CO,50,18
2022,43,OCTUBRE,CO,100,36
2022,43,OCTUBRE,CO,200,82
2022,43,OCTUBRE,PE,10,1
2022,43,OCTUBRE,PE,30,7
2022,43,OCTUBRE,PE,50,14
2022,43,OCTUBRE,PE,100,35
2022,43,OCTUBRE,PE,200,58
2022,43,OCTUBRE,EC,10,1
2022,43,OCTUBRE,EC,30,8
2022,43,OCTUBRE,EC,50,14
2022,43,OCTUBRE,EC,100,32
2022,43,OCTUBRE,EC,200,66
2022,43,OCTUBRE,PN,10,1
2022,43,OCTUBRE,PN,30,9
2022,43,OCTUBRE,PN,50,14
2022,43,OCTUBRE,PN,100,27
2022,43,OCTUBRE,PN,200,53
2022,43,OCTUBRE,CR,10,1
2022,43,OCTUBRE,CR,30,12
2022,43,OCTUBRE,CR,50,19
2022,43,OCTUBRE,CR,100,38
2022,43,OCTUBRE,CR,200,70
2022,43,OCTUBRE,GT,10,0
2022,43,OCTUBRE,GT,30,4
2022,43,OCTUBRE,GT,50,10
2022,43,OCTUBRE,GT,100,26
2022,43,OCTUBRE,GT,200,55
2022,43,OCTUBRE,SV,10,1
2022,43,OCTUBRE,SV,30,7
2022,43,OCTUBRE,SV,50,14
2022,43,OCTUBRE,SV,100,31
2022,43,OCTUBRE,SV,200,61
2022,43,OCTUBRE,HN,10,1
2022,43,OCTUBRE,HN,30,6
2022,43,OCTUBRE,HN,50,13
2022,43,OCTUBRE,HN,100,32
2022,43,OCTUBRE,HN,200,63
2022,43,OCTUBRE,NI,10,1
2022,43,OCTUBRE,NI,30,6
2022,43,OCTUBRE,NI,50,12
2022,43,OCTUBRE,NI,100,33
2022,43,OCTUBRE,NI,200,62
2022,43,OCTUBRE,DO,10,0
2022,43,OCTUBRE,DO,30,3
2022,43,OCTUBRE,DO,50,5
2022,43,OCTUBRE,DO,100,13
2022,43,OCTUBRE,DO,200,32
2022,43,OCTUBRE,VE,10,1
2022,43,OCTUBRE,VE,30,11
2022,43,OCTUBRE,VE,50,22
2022,43,OCTUBRE,VE,100,36
2022,43,OCTUBRE,VE,200,67
2022,43,OCTUBRE,MX,10,0
2022,43,OCTUBRE,MX,30,4
2022,43,OCTUBRE,MX,50,11
2022,43,OCTUBRE,MX,100,28
2022,43,OCTUBRE,MX,200,54
2022,43,OCTUBRE,SP,10,0
2022,43,OCTUBRE,SP,30,3
2022,43,OCTUBRE,SP,50,10
2022,43,OCTUBRE,SP,100,30
2022,43,OCTUBRE,SP,200,50
2022,43,OCTUBRE,CL,10,1
2022,43,OCTUBRE,CL,30,3
2022,43,OCTUBRE,CL,50,6
2022,43,OCTUBRE,CL,100,22
2022,43,OCTUBRE,CL,200,42
2022,43,OCTUBRE,AR,10,0
2022,43,OCTUBRE,AR,30,3
2022,43,OCTUBRE,AR,50,7
2022,43,OCTUBRE,AR,100,21
2022,43,OCTUBRE,AR,200,35
2022,43,OCTUBRE,BR,10,2
2022,43,OCTUBRE,BR,30,6
2022,43,OCTUBRE,BR,50,12
2022,43,OCTUBRE,BR,100,25
2022,43,OCTUBRE,BR,200,43
2022,43,OCTUBRE,PT,10,6
2022,43,OCTUBRE,PT,30,14
2022,43,OCTUBRE,PT,50,21
2022,43,OCTUBRE,PT,100,32
2022,43,OCTUBRE,PT,200,65
2022,44,NOVIEMBRE,CO,10,5
2022,44,NOVIEMBRE,CO,30,12
2022,44,NOVIEMBRE,CO,50,18
2022,44,NOVIEMBRE,CO,100,33
2022,44,NOVIEMBRE,CO,200,69
2022,44,NOVIEMBRE,PE,10,1
2022,44,NOVIEMBRE,PE,30,6
2022,44,NOVIEMBRE,PE,50,14
2022,44,NOVIEMBRE,PE,100,31
2022,44,NOVIEMBRE,PE,200,50
2022,44,NOVIEMBRE,EC,10,2
2022,44,NOVIEMBRE,EC,30,9
2022,44,NOVIEMBRE,EC,50,14
2022,44,NOVIEMBRE,EC,100,29
2022,44,NOVIEMBRE,EC,200,58
2022,44,NOVIEMBRE,PN,10,1
2022,44,NOVIEMBRE,PN,30,9
2022,44,NOVIEMBRE,PN,50,13
2022,44,NOVIEMBRE,PN,100,19
2022,44,NOVIEMBRE,PN,200,49
2022,44,NOVIEMBRE,CR,10,1
2022,44,NOVIEMBRE,CR,30,9
2022,44,NOVIEMBRE,CR,50,15
2022,44,NOVIEMBRE,CR,100,29
2022,44,NOVIEMBRE,CR,200,66
2022,44,NOVIEMBRE,GT,10,1
2022,44,NOVIEMBRE,GT,30,4
2022,44,NOVIEMBRE,GT,50,11
2022,44,NOVIEMBRE,GT,100,25
2022,44,NOVIEMBRE,GT,200,52
2022,44,NOVIEMBRE,SV,10,1
2022,44,NOVIEMBRE,SV,30,7
2022,44,NOVIEMBRE,SV,50,14
2022,44,NOVIEMBRE,SV,100,25
2022,44,NOVIEMBRE,SV,200,56
2022,44,NOVIEMBRE,HN,10,1
2022,44,NOVIEMBRE,HN,30,7
2022,44,NOVIEMBRE,HN,50,12
2022,44,NOVIEMBRE,HN,100,25
2022,44,NOVIEMBRE,HN,200,61
2022,44,NOVIEMBRE,NI,10,1
2022,44,NOVIEMBRE,NI,30,6
2022,44,NOVIEMBRE,NI,50,12
2022,44,NOVIEMBRE,NI,100,26
2022,44,NOVIEMBRE,NI,200,60
2022,44,NOVIEMBRE,DO,10,0
2022,44,NOVIEMBRE,DO,30,3
2022,44,NOVIEMBRE,DO,50,6
2022,44,NOVIEMBRE,DO,100,14
2022,44,NOVIEMBRE,DO,200,27
2022,44,NOVIEMBRE,VE,10,2
2022,44,NOVIEMBRE,VE,30,8
2022,44,NOVIEMBRE,VE,50,16
2022,44,NOVIEMBRE,VE,100,33
2022,44,NOVIEMBRE,VE,200,62
2022,44,NOVIEMBRE,MX,10,0
2022,44,NOVIEMBRE,MX,30,3
2022,44,NOVIEMBRE,MX,50,11
2022,44,NOVIEMBRE,MX,100,23
2022,44,NOVIEMBRE,MX,200,47
2022,44,NOVIEMBRE,SP,10,1
2022,44,NOVIEMBRE,SP,30,2
2022,44,NOVIEMBRE,SP,50,9
2022,44,NOVIEMBRE,SP,100,22
2022,44,NOVIEMBRE,SP,200,44
2022,44,NOVIEMBRE,CL,10,1
2022,44,NOVIEMBRE,CL,30,2
2022,44,NOVIEMBRE,CL,50,6
2022,44,NOVIEMBRE,CL,100,15
2022,44,NOVIEMBRE,CL,200,35
2022,44,NOVIEMBRE,AR,10,0
2022,44,NOVIEMBRE,AR,30,1
2022,44,NOVIEMBRE,AR,50,4
2022,44,NOVIEMBRE,AR,100,9
2022,44,NOVIEMBRE,AR,200,32
2022,44,NOVIEMBRE,BR,10,2
2022,44,NOVIEMBRE,BR,30,5
2022,44,NOVIEMBRE,BR,50,7
2022,44,NOVIEMBRE,BR,100,17
2022,44,NOVIEMBRE,BR,200,38
2022,44,NOVIEMBRE,PT,10,2
2022,44,NOVIEMBRE,PT,30,8
2022,44,NOVIEMBRE,PT,50,17
2022,44,NOVIEMBRE,PT,100,31
2022,44,NOVIEMBRE,PT,200,59
2022,45,NOVIEMBRE,CO,10,4
2022,45,NOVIEMBRE,CO,30,10
2022,45,NOVIEMBRE,CO,50,14
2022,45,NOVIEMBRE,CO,100,31
2022,45,NOVIEMBRE,CO,200,67
2022,45,NOVIEMBRE,PE,10,1
2022,45,NOVIEMBRE,PE,30,7
2022,45,NOVIEMBRE,PE,50,14
2022,45,NOVIEMBRE,PE,100,34
2022,45,NOVIEMBRE,PE,200,56
2022,45,NOVIEMBRE,EC,10,2
2022,45,NOVIEMBRE,EC,30,11
2022,45,NOVIEMBRE,EC,50,13
2022,45,NOVIEMBRE,EC,100,25
2022,45,NOVIEMBRE,EC,200,56
2022,45,NOVIEMBRE,PN,10,1
2022,45,NOVIEMBRE,PN,30,6
2022,45,NOVIEMBRE,PN,50,10
2022,45,NOVIEMBRE,PN,100,22
2022,45,NOVIEMBRE,PN,200,53
2022,45,NOVIEMBRE,CR,10,1
2022,45,NOVIEMBRE,CR,30,10
2022,45,NOVIEMBRE,CR,50,14
2022,45,NOVIEMBRE,CR,100,30
2022,45,NOVIEMBRE,CR,200,69
2022,45,NOVIEMBRE,GT,10,1
2022,45,NOVIEMBRE,GT,30,6
2022,45,NOVIEMBRE,GT,50,12
2022,45,NOVIEMBRE,GT,100,24
2022,45,NOVIEMBRE,GT,200,54
2022,45,NOVIEMBRE,SV,10,1
2022,45,NOVIEMBRE,SV,30,7
2022,45,NOVIEMBRE,SV,50,14
2022,45,NOVIEMBRE,SV,100,25
2022,45,NOVIEMBRE,SV,200,58
2022,45,NOVIEMBRE,HN,10,2
2022,45,NOVIEMBRE,HN,30,6
2022,45,NOVIEMBRE,HN,50,10
2022,45,NOVIEMBRE,HN,100,23
2022,45,NOVIEMBRE,HN,200,63
2022,45,NOVIEMBRE,NI,10,2
2022,45,NOVIEMBRE,NI,30,5
2022,45,NOVIEMBRE,NI,50,10
2022,45,NOVIEMBRE,NI,100,23
2022,45,NOVIEMBRE,NI,200,53
2022,45,NOVIEMBRE,DO,10,0
2022,45,NOVIEMBRE,DO,30,2
2022,45,NOVIEMBRE,DO,50,6
2022,45,NOVIEMBRE,DO,100,15
2022,45,NOVIEMBRE,DO,200,32
2022,45,NOVIEMBRE,VE,10,1
2022,45,NOVIEMBRE,VE,30,6
2022,45,NOVIEMBRE,VE,50,12
2022,45,NOVIEMBRE,VE,100,26
2022,45,NOVIEMBRE,VE,200,64
2022,45,NOVIEMBRE,MX,10,0
2022,45,NOVIEMBRE,MX,30,3
2022,45,NOVIEMBRE,MX,50,11
2022,45,NOVIEMBRE,MX,100,23
2022,45,NOVIEMBRE,MX,200,50
2022,45,NOVIEMBRE,SP,10,0
2022,45,NOVIEMBRE,SP,30,2
2022,45,NOVIEMBRE,SP,50,5
2022,45,NOVIEMBRE,SP,100,18
2022,45,NOVIEMBRE,SP,200,47
2022,45,NOVIEMBRE,CL,10,2
2022,45,NOVIEMBRE,CL,30,2
2022,45,NOVIEMBRE,CL,50,7
2022,45,NOVIEMBRE,CL,100,16
2022,45,NOVIEMBRE,CL,200,34
2022,45,NOVIEMBRE,AR,10,0
2022,45,NOVIEMBRE,AR,30,1
2022,45,NOVIEMBRE,AR,50,3
2022,45,NOVIEMBRE,AR,100,11
2022,45,NOVIEMBRE,AR,200,24
2022,45,NOVIEMBRE,BR,10,2
2022,45,NOVIEMBRE,BR,30,4
2022,45,NOVIEMBRE,BR,50,8
2022,45,NOVIEMBRE,BR,100,17
2022,45,NOVIEMBRE,BR,200,37
2022,45,NOVIEMBRE,PT,10,3
2022,45,NOVIEMBRE,PT,30,11
2022,45,NOVIEMBRE,PT,50,21
2022,45,NOVIEMBRE,PT,100,41
2022,45,NOVIEMBRE,PT,200,71
2022,46,NOVIEMBRE,CO,10,4
2022,46,NOVIEMBRE,CO,30,10
2022,46,NOVIEMBRE,CO,50,16
2022,46,NOVIEMBRE,CO,100,35
2022,46,NOVIEMBRE,CO,200,65
2022,46,NOVIEMBRE,PE,10,1
2022,46,NOVIEMBRE,PE,30,7
2022,46,NOVIEMBRE,PE,50,12
2022,46,NOVIEMBRE,PE,100,28
2022,46,NOVIEMBRE,PE,200,53
2022,46,NOVIEMBRE,EC,10,1
2022,46,NOVIEMBRE,EC,30,8
2022,46,NOVIEMBRE,EC,50,13
2022,46,NOVIEMBRE,EC,100,27
2022,46,NOVIEMBRE,EC,200,55
2022,46,NOVIEMBRE,PN,10,1
2022,46,NOVIEMBRE,PN,30,7
2022,46,NOVIEMBRE,PN,50,12
2022,46,NOVIEMBRE,PN,100,22
2022,46,NOVIEMBRE,PN,200,50
2022,46,NOVIEMBRE,CR,10,1
2022,46,NOVIEMBRE,CR,30,9
2022,46,NOVIEMBRE,CR,50,13
2022,46,NOVIEMBRE,CR,100,31
2022,46,NOVIEMBRE,CR,200,61
2022,46,NOVIEMBRE,GT,10,1
2022,46,NOVIEMBRE,GT,30,4
2022,46,NOVIEMBRE,GT,50,11
2022,46,NOVIEMBRE,GT,100,26
2022,46,NOVIEMBRE,GT,200,55
2022,46,NOVIEMBRE,SV,10,1
2022,46,NOVIEMBRE,SV,30,7
2022,46,NOVIEMBRE,SV,50,14
2022,46,NOVIEMBRE,SV,100,29
2022,46,NOVIEMBRE,SV,200,55
2022,46,NOVIEMBRE,HN,10,2
2022,46,NOVIEMBRE,HN,30,7
2022,46,NOVIEMBRE,HN,50,10
2022,46,NOVIEMBRE,HN,100,23
2022,46,NOVIEMBRE,HN,200,58
2022,46,NOVIEMBRE,NI,10,2
2022,46,NOVIEMBRE,NI,30,6
2022,46,NOVIEMBRE,NI,50,11
2022,46,NOVIEMBRE,NI,100,26
2022,46,NOVIEMBRE,NI,200,54
2022,46,NOVIEMBRE,DO,10,0
2022,46,NOVIEMBRE,DO,30,4
2022,46,NOVIEMBRE,DO,50,7
2022,46,NOVIEMBRE,DO,100,13
2022,46,NOVIEMBRE,DO,200,24
2022,46,NOVIEMBRE,VE,10,2
2022,46,NOVIEMBRE,VE,30,8
2022,46,NOVIEMBRE,VE,50,13
2022,46,NOVIEMBRE,VE,100,27
2022,46,NOVIEMBRE,VE,200,50
2022,46,NOVIEMBRE,MX,10,0
2022,46,NOVIEMBRE,MX,30,3
2022,46,NOVIEMBRE,MX,50,10
2022,46,NOVIEMBRE,MX,100,23
2022,46,NOVIEMBRE,MX,200,50
2022,46,NOVIEMBRE,SP,10,0
2022,46,NOVIEMBRE,SP,30,2
2022,46,NOVIEMBRE,SP,50,7
2022,46,NOVIEMBRE,SP,100,19
2022,46,NOVIEMBRE,SP,200,37
2022,46,NOVIEMBRE,CL,10,2
2022,46,NOVIEMBRE,CL,30,4
2022,46,NOVIEMBRE,CL,50,7
2022,46,NOVIEMBRE,CL,100,17
2022,46,NOVIEMBRE,CL,200,33
2022,46,NOVIEMBRE,AR,10,0
2022,46,NOVIEMBRE,AR,30,0
2022,46,NOVIEMBRE,AR,50,2
2022,46,NOVIEMBRE,AR,100,8
2022,46,NOVIEMBRE,AR,200,22
2022,46,NOVIEMBRE,BR,10,2
2022,46,NOVIEMBRE,BR,30,4
2022,46,NOVIEMBRE,BR,50,8
2022,46,NOVIEMBRE,BR,100,15
2022,46,NOVIEMBRE,BR,200,31
2022,46,NOVIEMBRE,PT,10,1
2022,46,NOVIEMBRE,PT,30,7
2022,46,NOVIEMBRE,PT,50,13
2022,46,NOVIEMBRE,PT,100,28
2022,46,NOVIEMBRE,PT,200,60
2022,47,NOVIEMBRE,CO,10,4
2022,47,NOVIEMBRE,CO,30,10
2022,47,NOVIEMBRE,CO,50,14
2022,47,NOVIEMBRE,CO,100,28
2022,47,NOVIEMBRE,CO,200,58
2022,47,NOVIEMBRE,PE,10,1
2022,47,NOVIEMBRE,PE,30,6
2022,47,NOVIEMBRE,PE,50,13
2022,47,NOVIEMBRE,PE,100,27
2022,47,NOVIEMBRE,PE,200,49
2022,47,NOVIEMBRE,EC,10,1
2022,47,NOVIEMBRE,EC,30,7
2022,47,NOVIEMBRE,EC,50,13
2022,47,NOVIEMBRE,EC,100,24
2022,47,NOVIEMBRE,EC,200,50
2022,47,NOVIEMBRE,PN,10,0
2022,47,NOVIEMBRE,PN,30,4
2022,47,NOVIEMBRE,PN,50,9
2022,47,NOVIEMBRE,PN,100,23
2022,47,NOVIEMBRE,PN,200,49
2022,47,NOVIEMBRE,CR,10,1
2022,47,NOVIEMBRE,CR,30,7
2022,47,NOVIEMBRE,CR,50,11
2022,47,NOVIEMBRE,CR,100,22
2022,47,NOVIEMBRE,CR,200,52
2022,47,NOVIEMBRE,GT,10,1
2022,47,NOVIEMBRE,GT,30,4
2022,47,NOVIEMBRE,GT,50,11
2022,47,NOVIEMBRE,GT,100,23
2022,47,NOVIEMBRE,GT,200,54
2022,47,NOVIEMBRE,SV,10,1
2022,47,NOVIEMBRE,SV,30,7
2022,47,NOVIEMBRE,SV,50,14
2022,47,NOVIEMBRE,SV,100,28
2022,47,NOVIEMBRE,SV,200,54
2022,47,NOVIEMBRE,HN,10,2
2022,47,NOVIEMBRE,HN,30,6
2022,47,NOVIEMBRE,HN,50,10
2022,47,NOVIEMBRE,HN,100,23
2022,47,NOVIEMBRE,HN,200,54
2022,47,NOVIEMBRE,NI,10,2
2022,47,NOVIEMBRE,NI,30,5
2022,47,NOVIEMBRE,NI,50,9
2022,47,NOVIEMBRE,NI,100,21
2022,47,NOVIEMBRE,NI,200,52
2022,47,NOVIEMBRE,DO,10,0
2022,47,NOVIEMBRE,DO,30,3
2022,47,NOVIEMBRE,DO,50,4
2022,47,NOVIEMBRE,DO,100,12
2022,47,NOVIEMBRE,DO,200,24
2022,47,NOVIEMBRE,VE,10,1
2022,47,NOVIEMBRE,VE,30,7
2022,47,NOVIEMBRE,VE,50,12
2022,47,NOVIEMBRE,VE,100,23
2022,47,NOVIEMBRE,VE,200,47
2022,47,NOVIEMBRE,MX,10,0
2022,47,NOVIEMBRE,MX,30,2
2022,47,NOVIEMBRE,MX,50,11
2022,47,NOVIEMBRE,MX,100,22
2022,47,NOVIEMBRE,MX,200,47
2022,47,NOVIEMBRE,SP,10,0
2022,47,NOVIEMBRE,SP,30,2
2022,47,NOVIEMBRE,SP,50,4
2022,47,NOVIEMBRE,SP,100,15
2022,47,NOVIEMBRE,SP,200,34
2022,47,NOVIEMBRE,CL,10,2
2022,47,NOVIEMBRE,CL,30,4
2022,47,NOVIEMBRE,CL,50,8
2022,47,NOVIEMBRE,CL,100,15
2022,47,NOVIEMBRE,CL,200,32
2022,47,NOVIEMBRE,AR,10,0
2022,47,NOVIEMBRE,AR,30,1
2022,47,NOVIEMBRE,AR,50,2
2022,47,NOVIEMBRE,AR,100,6
2022,47,NOVIEMBRE,AR,200,21
2022,47,NOVIEMBRE,BR,10,2
2022,47,NOVIEMBRE,BR,30,4
2022,47,NOVIEMBRE,BR,50,6
2022,47,NOVIEMBRE,BR,100,14
2022,47,NOVIEMBRE,BR,200,30
2022,47,NOVIEMBRE,PT,10,1
2022,47,NOVIEMBRE,PT,30,7
2022,47,NOVIEMBRE,PT,50,12
2022,47,NOVIEMBRE,PT,100,25
2022,47,NOVIEMBRE,PT,200,59
2022,48,DICIEMBRE,CO,10,4
2022,48,DICIEMBRE,CO,30,12
2022,48,DICIEMBRE,CO,50,15
2022,48,DICIEMBRE,CO,100,33
2022,48,DICIEMBRE,CO,200,67
2022,48,DICIEMBRE,PE,10,1
2022,48,DICIEMBRE,PE,30,9
2022,48,DICIEMBRE,PE,50,16
2022,48,DICIEMBRE,PE,100,31
2022,48,DICIEMBRE,PE,200,55
2022,48,DICIEMBRE,EC,10,2
2022,48,DICIEMBRE,EC,30,8
2022,48,DICIEMBRE,EC,50,13
2022,48,DICIEMBRE,EC,100,23
2022,48,DICIEMBRE,EC,200,51
2022,48,DICIEMBRE,PN,10,1
2022,48,DICIEMBRE,PN,30,8
2022,48,DICIEMBRE,PN,50,11
2022,48,DICIEMBRE,PN,100,23
2022,48,DICIEMBRE,PN,200,47
2022,48,DICIEMBRE,CR,10,1
2022,48,DICIEMBRE,CR,30,5
2022,48,DICIEMBRE,CR,50,11
2022,48,DICIEMBRE,CR,100,23
2022,48,DICIEMBRE,CR,200,53
2022,48,DICIEMBRE,GT,10,1
2022,48,DICIEMBRE,GT,30,5
2022,48,DICIEMBRE,GT,50,12
2022,48,DICIEMBRE,GT,100,27
2022,48,DICIEMBRE,GT,200,50
2022,48,DICIEMBRE,SV,10,2
2022,48,DICIEMBRE,SV,30,5
2022,48,DICIEMBRE,SV,50,10
2022,48,DICIEMBRE,SV,100,23
2022,48,DICIEMBRE,SV,200,51
2022,48,DICIEMBRE,HN,10,2
2022,48,DICIEMBRE,HN,30,4
2022,48,DICIEMBRE,HN,50,10
2022,48,DICIEMBRE,HN,100,24
2022,48,DICIEMBRE,HN,200,56
2022,48,DICIEMBRE,NI,10,2
2022,48,DICIEMBRE,NI,30,5
2022,48,DICIEMBRE,NI,50,10
2022,48,DICIEMBRE,NI,100,21
2022,48,DICIEMBRE,NI,200,51
2022,48,DICIEMBRE,DO,10,0
2022,48,DICIEMBRE,DO,30,3
2022,48,DICIEMBRE,DO,50,4
2022,48,DICIEMBRE,DO,100,12
2022,48,DICIEMBRE,DO,200,22
2022,48,DICIEMBRE,VE,10,2
2022,48,DICIEMBRE,VE,30,8
2022,48,DICIEMBRE,VE,50,12
2022,48,DICIEMBRE,VE,100,25
2022,48,DICIEMBRE,VE,200,45
2022,48,DICIEMBRE,MX,10,0
2022,48,DICIEMBRE,MX,30,3
2022,48,DICIEMBRE,MX,50,9
2022,48,DICIEMBRE,MX,100,22
2022,48,DICIEMBRE,MX,200,49
2022,48,DICIEMBRE,SP,10,0
2022,48,DICIEMBRE,SP,30,2
2022,48,DICIEMBRE,SP,50,6
2022,48,DICIEMBRE,SP,100,14
2022,48,DICIEMBRE,SP,200,38
2022,48,DICIEMBRE,CL,10,2
2022,48,DICIEMBRE,CL,30,4
2022,48,DICIEMBRE,CL,50,8
2022,48,DICIEMBRE,CL,100,15
2022,48,DICIEMBRE,CL,200,29
2022,48,DICIEMBRE,AR,10,0
2022,48,DICIEMBRE,AR,30,1
2022,48,DICIEMBRE,AR,50,2
2022,48,DICIEMBRE,AR,100,7
2022,48,DICIEMBRE,AR,200,21
2022,48,DICIEMBRE,BR,10,2
2022,48,DICIEMBRE,BR,30,4
2022,48,DICIEMBRE,BR,50,7
2022,48,DICIEMBRE,BR,100,16
2022,48,DICIEMBRE,BR,200,31
2022,48,DICIEMBRE,PT,10,1
2022,48,DICIEMBRE,PT,30,7
2022,48,DICIEMBRE,PT,50,11
2022,48,DICIEMBRE,PT,100,24
2022,48,DICIEMBRE,PT,200,54
2022,49,DICIEMBRE,CO,10,4
2022,49,DICIEMBRE,CO,30,15
2022,49,DICIEMBRE,CO,50,19
2022,49,DICIEMBRE,CO,100,36
2022,49,DICIEMBRE,CO,200,69
2022,49,DICIEMBRE,PE,10,1
2022,49,DICIEMBRE,PE,30,9
2022,49,DICIEMBRE,PE,50,16
2022,49,DICIEMBRE,PE,100,29
2022,49,DICIEMBRE,PE,200,55
2022,49,DICIEMBRE,EC,10,2
2022,49,DICIEMBRE,EC,30,8
2022,49,DICIEMBRE,EC,50,15
2022,49,DICIEMBRE,EC,100,29
2022,49,DICIEMBRE,EC,200,57
2022,49,DICIEMBRE,PN,10,1
2022,49,DICIEMBRE,PN,30,6
2022,49,DICIEMBRE,PN,50,13
2022,49,DICIEMBRE,PN,100,20
2022,49,DICIEMBRE,PN,200,52
2022,49,DICIEMBRE,CR,10,1
2022,49,DICIEMBRE,CR,30,5
2022,49,DICIEMBRE,CR,50,13
2022,49,DICIEMBRE,CR,100,29
2022,49,DICIEMBRE,CR,200,61
2022,49,DICIEMBRE,GT,10,0
2022,49,DICIEMBRE,GT,30,4
2022,49,DICIEMBRE,GT,50,9
2022,49,DICIEMBRE,GT,100,21
2022,49,DICIEMBRE,GT,200,53
2022,49,DICIEMBRE,SV,10,1
2022,49,DICIEMBRE,SV,30,7
2022,49,DICIEMBRE,SV,50,12
2022,49,DICIEMBRE,SV,100,22
2022,49,DICIEMBRE,SV,200,49
2022,49,DICIEMBRE,HN,10,1
2022,49,DICIEMBRE,HN,30,6
2022,49,DICIEMBRE,HN,50,9
2022,49,DICIEMBRE,HN,100,22
2022,49,DICIEMBRE,HN,200,54
2022,49,DICIEMBRE,NI,10,1
2022,49,DICIEMBRE,NI,30,5
2022,49,DICIEMBRE,NI,50,11
2022,49,DICIEMBRE,NI,100,20
2022,49,DICIEMBRE,NI,200,52
2022,49,DICIEMBRE,DO,10,0
2022,49,DICIEMBRE,DO,30,4
2022,49,DICIEMBRE,DO,50,4
2022,49,DICIEMBRE,DO,100,11
2022,49,DICIEMBRE,DO,200,22
2022,49,DICIEMBRE,VE,10,2
2022,49,DICIEMBRE,VE,30,8
2022,49,DICIEMBRE,VE,50,12
2022,49,DICIEMBRE,VE,100,26
2022,49,DICIEMBRE,VE,200,47
2022,49,DICIEMBRE,MX,10,0
2022,49,DICIEMBRE,MX,30,2
2022,49,DICIEMBRE,MX,50,7
2022,49,DICIEMBRE,MX,100,21
2022,49,DICIEMBRE,MX,200,46
2022,49,DICIEMBRE,SP,10,0
2022,49,DICIEMBRE,SP,30,3
2022,49,DICIEMBRE,SP,50,6
2022,49,DICIEMBRE,SP,100,16
2022,49,DICIEMBRE,SP,200,42
2022,49,DICIEMBRE,CL,10,2
2022,49,DICIEMBRE,CL,30,4
2022,49,DICIEMBRE,CL,50,8
2022,49,DICIEMBRE,CL,100,17
2022,49,DICIEMBRE,CL,200,33
2022,49,DICIEMBRE,AR,10,0
2022,49,DICIEMBRE,AR,30,0
2022,49,DICIEMBRE,AR,50,2
2022,49,DICIEMBRE,AR,100,6
2022,49,DICIEMBRE,AR,200,20
2022,49,DICIEMBRE,BR,10,2
2022,49,DICIEMBRE,BR,30,5
2022,49,DICIEMBRE,BR,50,8
2022,49,DICIEMBRE,BR,100,16
2022,49,DICIEMBRE,BR,200,33
2022,49,DICIEMBRE,PT,10,2
2022,49,DICIEMBRE,PT,30,7
2022,49,DICIEMBRE,PT,50,15
2022,49,DICIEMBRE,PT,100,34
2022,49,DICIEMBRE,PT,200,61
2022,50,DICIEMBRE,CO,10,4
2022,50,DICIEMBRE,CO,30,11
2022,50,DICIEMBRE,CO,50,19
2022,50,DICIEMBRE,CO,100,34
2022,50,DICIEMBRE,CO,200,71
2022,50,DICIEMBRE,PE,10,1
2022,50,DICIEMBRE,PE,30,8
2022,50,DICIEMBRE,PE,50,15
2022,50,DICIEMBRE,PE,100,30
2022,50,DICIEMBRE,PE,200,54
2022,50,DICIEMBRE,EC,10,2
2022,50,DICIEMBRE,EC,30,9
2022,50,DICIEMBRE,EC,50,15
2022,50,DICIEMBRE,EC,100,28
2022,50,DICIEMBRE,EC,200,60
2022,50,DICIEMBRE,PN,10,1
2022,50,DICIEMBRE,PN,30,7
2022,50,DICIEMBRE,PN,50,11
2022,50,DICIEMBRE,PN,100,18
2022,50,DICIEMBRE,PN,200,46
2022,50,DICIEMBRE,CR,10,1
2022,50,DICIEMBRE,CR,30,6
2022,50,DICIEMBRE,CR,50,13
2022,50,DICIEMBRE,CR,100,30
2022,50,DICIEMBRE,CR,200,57
2022,50,DICIEMBRE,GT,10,1
2022,50,DICIEMBRE,GT,30,4
2022,50,DICIEMBRE,GT,50,10
2022,50,DICIEMBRE,GT,100,23
2022,50,DICIEMBRE,GT,200,48
2022,50,DICIEMBRE,SV,10,1
2022,50,DICIEMBRE,SV,30,6
2022,50,DICIEMBRE,SV,50,12
2022,50,DICIEMBRE,SV,100,23
2022,50,DICIEMBRE,SV,200,50
2022,50,DICIEMBRE,HN,10,1
2022,50,DICIEMBRE,HN,30,6
2022,50,DICIEMBRE,HN,50,8
2022,50,DICIEMBRE,HN,100,23
2022,50,DICIEMBRE,HN,200,53
2022,50,DICIEMBRE,NI,10,0
2022,50,DICIEMBRE,NI,30,3
2022,50,DICIEMBRE,NI,50,9
2022,50,DICIEMBRE,NI,100,20
2022,50,DICIEMBRE,NI,200,47
2022,50,DICIEMBRE,DO,10,0
2022,50,DICIEMBRE,DO,30,3
2022,50,DICIEMBRE,DO,50,5
2022,50,DICIEMBRE,DO,100,10
2022,50,DICIEMBRE,DO,200,22
2022,50,DICIEMBRE,VE,10,2
2022,50,DICIEMBRE,VE,30,9
2022,50,DICIEMBRE,VE,50,12
2022,50,DICIEMBRE,VE,100,26
2022,50,DICIEMBRE,VE,200,47
2022,50,DICIEMBRE,MX,10,0
2022,50,DICIEMBRE,MX,30,2
2022,50,DICIEMBRE,MX,50,7
2022,50,DICIEMBRE,MX,100,21
2022,50,DICIEMBRE,MX,200,45
2022,50,DICIEMBRE,SP,10,0
2022,50,DICIEMBRE,SP,30,3
2022,50,DICIEMBRE,SP,50,7
2022,50,DICIEMBRE,SP,100,15
2022,50,DICIEMBRE,SP,200,38
2022,50,DICIEMBRE,CL,10,2
2022,50,DICIEMBRE,CL,30,3
2022,50,DICIEMBRE,CL,50,8
2022,50,DICIEMBRE,CL,100,18
2022,50,DICIEMBRE,CL,200,32
2022,50,DICIEMBRE,AR,10,0
2022,50,DICIEMBRE,AR,30,0
2022,50,DICIEMBRE,AR,50,1
2022,50,DICIEMBRE,AR,100,5
2022,50,DICIEMBRE,AR,200,18
2022,50,DICIEMBRE,BR,10,2
2022,50,DICIEMBRE,BR,30,4
2022,50,DICIEMBRE,BR,50,9
2022,50,DICIEMBRE,BR,100,16
2022,50,DICIEMBRE,BR,200,31
2022,50,DICIEMBRE,PT,10,2
2022,50,DICIEMBRE,PT,30,6
2022,50,DICIEMBRE,PT,50,13
2022,50,DICIEMBRE,PT,100,27
2022,50,DICIEMBRE,PT,200,57
2022,51,DICIEMBRE,CO,10,3
2022,51,DICIEMBRE,CO,30,14
2022,51,DICIEMBRE,CO,50,19
2022,51,DICIEMBRE,CO,100,36
2022,51,DICIEMBRE,CO,200,69
2022,51,DICIEMBRE,PE,10,1
2022,51,DICIEMBRE,PE,30,9
2022,51,DICIEMBRE,PE,50,16
2022,51,DICIEMBRE,PE,100,30
2022,51,DICIEMBRE,PE,200,51
2022,51,DICIEMBRE,EC,10,2
2022,51,DICIEMBRE,EC,30,9
2022,51,DICIEMBRE,EC,50,16
2022,51,DICIEMBRE,EC,100,29
2022,51,DICIEMBRE,EC,200,59
2022,51,DICIEMBRE,PN,10,1
2022,51,DICIEMBRE,PN,30,7
2022,51,DICIEMBRE,PN,50,10
2022,51,DICIEMBRE,PN,100,20
2022,51,DICIEMBRE,PN,200,50
2022,51,DICIEMBRE,CR,10,1
2022,51,DICIEMBRE,CR,30,7
2022,51,DICIEMBRE,CR,50,12
2022,51,DICIEMBRE,CR,100,31
2022,51,DICIEMBRE,CR,200,60
2022,51,DICIEMBRE,GT,10,1
2022,51,DICIEMBRE,GT,30,5
2022,51,DICIEMBRE,GT,50,11
2022,51,DICIEMBRE,GT,100,23
2022,51,DICIEMBRE,GT,200,50
2022,51,DICIEMBRE,SV,10,1
2022,51,DICIEMBRE,SV,30,7
2022,51,DICIEMBRE,SV,50,13
2022,51,DICIEMBRE,SV,100,22
2022,51,DICIEMBRE,SV,200,51
2022,51,DICIEMBRE,HN,10,1
2022,51,DICIEMBRE,HN,30,6
2022,51,DICIEMBRE,HN,50,9
2022,51,DICIEMBRE,HN,100,22
2022,51,DICIEMBRE,HN,200,54
2022,51,DICIEMBRE,NI,10,0
2022,51,DICIEMBRE,NI,30,3
2022,51,DICIEMBRE,NI,50,8
2022,51,DICIEMBRE,NI,100,20
2022,51,DICIEMBRE,NI,200,47
2022,51,DICIEMBRE,DO,10,0
2022,51,DICIEMBRE,DO,30,3
2022,51,DICIEMBRE,DO,50,5
2022,51,DICIEMBRE,DO,100,10
2022,51,DICIEMBRE,DO,200,23
2022,51,DICIEMBRE,VE,10,2
2022,51,DICIEMBRE,VE,30,10
2022,51,DICIEMBRE,VE,50,12
2022,51,DICIEMBRE,VE,100,26
2022,51,DICIEMBRE,VE,200,44
2022,51,DICIEMBRE,MX,10,0
2022,51,DICIEMBRE,MX,30,2
2022,51,DICIEMBRE,MX,50,7
2022,51,DICIEMBRE,MX,100,19
2022,51,DICIEMBRE,MX,200,48
2022,51,DICIEMBRE,SP,10,0
2022,51,DICIEMBRE,SP,30,3
2022,51,DICIEMBRE,SP,50,7
2022,51,DICIEMBRE,SP,100,18
2022,51,DICIEMBRE,SP,200,41
2022,51,DICIEMBRE,CL,10,3
2022,51,DICIEMBRE,CL,30,3
2022,51,DICIEMBRE,CL,50,8
2022,51,DICIEMBRE,CL,100,15
2022,51,DICIEMBRE,CL,200,31
2022,51,DICIEMBRE,AR,10,1
2022,51,DICIEMBRE,AR,30,1
2022,51,DICIEMBRE,AR,50,2
2022,51,DICIEMBRE,AR,100,7
2022,51,DICIEMBRE,AR,200,20
2022,51,DICIEMBRE,BR,10,3
2022,51,DICIEMBRE,BR,30,4
2022,51,DICIEMBRE,BR,50,8
2022,51,DICIEMBRE,BR,100,14
2022,51,DICIEMBRE,BR,200,29
2022,51,DICIEMBRE,PT,10,2
2022,51,DICIEMBRE,PT,30,5
2022,51,DICIEMBRE,PT,50,11
2022,51,DICIEMBRE,PT,100,25
2022,51,DICIEMBRE,PT,200,58
2022,52,DICIEMBRE,CO,10,3
2022,52,DICIEMBRE,CO,30,13
2022,52,DICIEMBRE,CO,50,18
2022,52,DICIEMBRE,CO,100,33
2022,52,DICIEMBRE,CO,200,68
2022,52,DICIEMBRE,PE,10,1
2022,52,DICIEMBRE,PE,30,10
2022,52,DICIEMBRE,PE,50,16
2022,52,DICIEMBRE,PE,100,28
2022,52,DICIEMBRE,PE,200,51
2022,52,DICIEMBRE,EC,10,2
2022,52,DICIEMBRE,EC,30,9
2022,52,DICIEMBRE,EC,50,15
2022,52,DICIEMBRE,EC,100,26
2022,52,DICIEMBRE,EC,200,59
2022,52,DICIEMBRE,PN,10,1
2022,52,DICIEMBRE,PN,30,8
2022,52,DICIEMBRE,PN,50,11
2022,52,DICIEMBRE,PN,100,23
2022,52,DICIEMBRE,PN,200,50
2022,52,DICIEMBRE,CR,10,1
2022,52,DICIEMBRE,CR,30,7
2022,52,DICIEMBRE,CR,50,12
2022,52,DICIEMBRE,CR,100,32
2022,52,DICIEMBRE,CR,200,62
2022,52,DICIEMBRE,GT,10,1
2022,52,DICIEMBRE,GT,30,4
2022,52,DICIEMBRE,GT,50,11
2022,52,DICIEMBRE,GT,100,22
2022,52,DICIEMBRE,GT,200,50
2022,52,DICIEMBRE,SV,10,1
2022,52,DICIEMBRE,SV,30,7
2022,52,DICIEMBRE,SV,50,12
2022,52,DICIEMBRE,SV,100,21
2022,52,DICIEMBRE,SV,200,46
2022,52,DICIEMBRE,HN,10,1
2022,52,DICIEMBRE,HN,30,6
2022,52,DICIEMBRE,HN,50,10
2022,52,DICIEMBRE,HN,100,19
2022,52,DICIEMBRE,HN,200,50
2022,52,DICIEMBRE,NI,10,0
2022,52,DICIEMBRE,NI,30,3
2022,52,DICIEMBRE,NI,50,7
2022,52,DICIEMBRE,NI,100,23
2022,52,DICIEMBRE,NI,200,52
2022,52,DICIEMBRE,DO,10,0
2022,52,DICIEMBRE,DO,30,4
2022,52,DICIEMBRE,DO,50,5
2022,52,DICIEMBRE,DO,100,11
2022,52,DICIEMBRE,DO,200,28
2022,52,DICIEMBRE,VE,10,2
2022,52,DICIEMBRE,VE,30,9
2022,52,DICIEMBRE,VE,50,11
2022,52,DICIEMBRE,VE,100,22
2022,52,DICIEMBRE,VE,200,40
2022,52,DICIEMBRE,MX,10,0
2022,52,DICIEMBRE,MX,30,0
2022,52,DICIEMBRE,MX,50,6
2022,52,DICIEMBRE,MX,100,17
2022,52,DICIEMBRE,MX,200,49
2022,52,DICIEMBRE,SP,10,0
2022,52,DICIEMBRE,SP,30,1
2022,52,DICIEMBRE,SP,50,6
2022,52,DICIEMBRE,SP,100,18
2022,52,DICIEMBRE,SP,200,41
2022,52,DICIEMBRE,CL,10,2
2022,52,DICIEMBRE,CL,30,3
2022,52,DICIEMBRE,CL,50,6
2022,52,DICIEMBRE,CL,100,13
2022,52,DICIEMBRE,CL,200,30
2022,52,DICIEMBRE,AR,10,1
2022,52,DICIEMBRE,AR,30,1
2022,52,DICIEMBRE,AR,50,1
2022,52,DICIEMBRE,AR,100,5
2022,52,DICIEMBRE,AR,200,17
2022,52,DICIEMBRE,BR,10,3
2022,52,DICIEMBRE,BR,30,4
2022,52,DICIEMBRE,BR,50,7
2022,52,DICIEMBRE,BR,100,14
2022,52,DICIEMBRE,BR,200,27
2022,52,DICIEMBRE,PT,10,2
2022,52,DICIEMBRE,PT,30,7
2022,52,DICIEMBRE,PT,50,11
2022,52,DICIEMBRE,PT,100,28
2022,52,DICIEMBRE,PT,200,58
2023,1,ENERO,CO,10,3
2023,1,ENERO,CO,30,13
2023,1,ENERO,CO,50,18
2023,1,ENERO,CO,100,33
2023,1,ENERO,CO,200,64
2023,1,ENERO,PE,10,1
2023,1,ENERO,PE,30,8
2023,1,ENERO,PE,50,14
2023,1,ENERO,PE,100,25
2023,1,ENERO,PE,200,50
2023,1,ENERO,EC,10,2
2023,1,ENERO,EC,30,9
2023,1,ENERO,EC,50,14
2023,1,ENERO,EC,100,27
2023,1,ENERO,EC,200,58
2023,1,ENERO,PN,10,1
2023,1,ENERO,PN,30,8
2023,1,ENERO,PN,50,10
2023,1,ENERO,PN,100,21
2023,1,ENERO,PN,200,44
2023,1,ENERO,CR,10,1
2023,1,ENERO,CR,30,7
2023,1,ENERO,CR,50,13
2023,1,ENERO,CR,100,29
2023,1,ENERO,CR,200,58
2023,1,ENERO,GT,10,1
2023,1,ENERO,GT,30,4
2023,1,ENERO,GT,50,9
2023,1,ENERO,GT,100,20
2023,1,ENERO,GT,200,48
2023,1,ENERO,SV,10,1
2023,1,ENERO,SV,30,6
2023,1,ENERO,SV,50,12
2023,1,ENERO,SV,100,22
2023,1,ENERO,SV,200,49
2023,1,ENERO,HN,10,1
2023,1,ENERO,HN,30,5
2023,1,ENERO,HN,50,9
2023,1,ENERO,HN,100,19
2023,1,ENERO,HN,200,48
2023,1,ENERO,NI,10,1
2023,1,ENERO,NI,30,5
2023,1,ENERO,NI,50,9
2023,1,ENERO,NI,100,22
2023,1,ENERO,NI,200,49
2023,1,ENERO,DO,10,0
2023,1,ENERO,DO,30,4
2023,1,ENERO,DO,50,5
2023,1,ENERO,DO,100,11
2023,1,ENERO,DO,200,25
2023,1,ENERO,VE,10,2
2023,1,ENERO,VE,30,9
2023,1,ENERO,VE,50,11
2023,1,ENERO,VE,100,24
2023,1,ENERO,VE,200,50
2023,1,ENERO,MX,10,0
2023,1,ENERO,MX,30,0
2023,1,ENERO,MX,50,5
2023,1,ENERO,MX,100,15
2023,1,ENERO,MX,200,45
2023,1,ENERO,SP,10,0
2023,1,ENERO,SP,30,3
2023,1,ENERO,SP,50,6
2023,1,ENERO,SP,100,16
2023,1,ENERO,SP,200,35
2023,1,ENERO,CL,10,1
2023,1,ENERO,CL,30,1
2023,1,ENERO,CL,50,4
2023,1,ENERO,CL,100,13
2023,1,ENERO,CL,200,26
2023,1,ENERO,AR,10,0
2023,1,ENERO,AR,30,0
2023,1,ENERO,AR,50,1
2023,1,ENERO,AR,100,3
2023,1,ENERO,AR,200,15
2023,1,ENERO,BR,10,2
2023,1,ENERO,BR,30,2
2023,1,ENERO,BR,50,5
2023,1,ENERO,BR,100,7
2023,1,ENERO,BR,200,17
2023,1,ENERO,PT,10,2
2023,1,ENERO,PT,30,4
2023,1,ENERO,PT,50,7
2023,1,ENERO,PT,100,18
2023,1,ENERO,PT,200,48
2023,2,ENERO,CO,10,3
2023,2,ENERO,CO,30,13
2023,2,ENERO,CO,50,17
2023,2,ENERO,CO,100,35
2023,2,ENERO,CO,200,68
2023,2,ENERO,PE,10,2
2023,2,ENERO,PE,30,7
2023,2,ENERO,PE,50,14
2023,2,ENERO,PE,100,26
2023,2,ENERO,PE,200,49
2023,2,ENERO,EC,10,3
2023,2,ENERO,EC,30,10
2023,2,ENERO,EC,50,16
2023,2,ENERO,EC,100,31
2023,2,ENERO,EC,200,66
2023,2,ENERO,PN,10,1
2023,2,ENERO,PN,30,9
2023,2,ENERO,PN,50,11
2023,2,ENERO,PN,100,18
2023,2,ENERO,PN,200,50
2023,2,ENERO,CR,10,1
2023,2,ENERO,CR,30,6
2023,2,ENERO,CR,50,11
2023,2,ENERO,CR,100,27
2023,2,ENERO,CR,200,56
2023,2,ENERO,GT,10,1
2023,2,ENERO,GT,30,5
2023,2,ENERO,GT,50,9
2023,2,ENERO,GT,100,21
2023,2,ENERO,GT,200,46
2023,2,ENERO,SV,10,1
2023,2,ENERO,SV,30,7
2023,2,ENERO,SV,50,14
2023,2,ENERO,SV,100,24
2023,2,ENERO,SV,200,53
2023,2,ENERO,HN,10,1
2023,2,ENERO,HN,30,5
2023,2,ENERO,HN,50,10
2023,2,ENERO,HN,100,20
2023,2,ENERO,HN,200,52
2023,2,ENERO,NI,10,1
2023,2,ENERO,NI,30,4
2023,2,ENERO,NI,50,11
2023,2,ENERO,NI,100,20
2023,2,ENERO,NI,200,50
2023,2,ENERO,DO,10,0
2023,2,ENERO,DO,30,5
2023,2,ENERO,DO,50,6
2023,2,ENERO,DO,100,12
2023,2,ENERO,DO,200,26
2023,2,ENERO,VE,10,2
2023,2,ENERO,VE,30,9
2023,2,ENERO,VE,50,13
2023,2,ENERO,VE,100,30
2023,2,ENERO,VE,200,54
2023,2,ENERO,MX,10,0
2023,2,ENERO,MX,30,1
2023,2,ENERO,MX,50,6
2023,2,ENERO,MX,100,17
2023,2,ENERO,MX,200,49
2023,2,ENERO,SP,10,0
2023,2,ENERO,SP,30,3
2023,2,ENERO,SP,50,6
2023,2,ENERO,SP,100,18
2023,2,ENERO,SP,200,37
2023,2,ENERO,CL,10,1
2023,2,ENERO,CL,30,1
2023,2,ENERO,CL,50,4
2023,2,ENERO,CL,100,14
2023,2,ENERO,CL,200,29
2023,2,ENERO,AR,10,0
2023,2,ENERO,AR,30,0
2023,2,ENERO,AR,50,1
2023,2,ENERO,AR,100,3
2023,2,ENERO,AR,200,16
2023,2,ENERO,BR,10,2
2023,2,ENERO,BR,30,2
2023,2,ENERO,BR,50,5
2023,2,ENERO,BR,100,6
2023,2,ENERO,BR,200,18
2023,2,ENERO,PT,10,1
2023,2,ENERO,PT,30,3
2023,2,ENERO,PT,50,6
2023,2,ENERO,PT,100,21
2023,2,ENERO,PT,200,47
2023,3,ENERO,CO,10,4
2023,3,ENERO,CO,30,12
2023,3,ENERO,CO,50,17
2023,3,ENERO,CO,100,36
2023,3,ENERO,CO,200,70
2023,3,ENERO,PE,10,2
2023,3,ENERO,PE,30,6
2023,3,ENERO,PE,50,14
2023,3,ENERO,PE,100,24
2023,3,ENERO,PE,200,49
2023,3,ENERO,EC,10,3
2023,3,ENERO,EC,30,9
2023,3,ENERO,EC,50,14
2023,3,ENERO,EC,100,30
2023,3,ENERO,EC,200,61
2023,3,ENERO,PN,10,2
2023,3,ENERO,PN,30,9
2023,3,ENERO,PN,50,12
2023,3,ENERO,PN,100,21
2023,3,ENERO,PN,200,45
2023,3,ENERO,CR,10,2
2023,3,ENERO,CR,30,7
2023,3,ENERO,CR,50,13
2023,3,ENERO,CR,100,27
2023,3,ENERO,CR,200,55
2023,3,ENERO,GT,10,1
2023,3,ENERO,GT,30,5
2023,3,ENERO,GT,50,9
2023,3,ENERO,GT,100,21
2023,3,ENERO,GT,200,47
2023,3,ENERO,SV,10,1
2023,3,ENERO,SV,30,7
2023,3,ENERO,SV,50,13
2023,3,ENERO,SV,100,24
2023,3,ENERO,SV,200,53
2023,3,ENERO,HN,10,1
2023,3,ENERO,HN,30,6
2023,3,ENERO,HN,50,10
2023,3,ENERO,HN,100,20
2023,3,ENERO,HN,200,51
2023,3,ENERO,NI,10,1
2023,3,ENERO,NI,30,5
2023,3,ENERO,NI,50,9
2023,3,ENERO,NI,100,18
2023,3,ENERO,NI,200,44
2023,3,ENERO,DO,10,1
2023,3,ENERO,DO,30,2
2023,3,ENERO,DO,50,7
2023,3,ENERO,DO,100,12
2023,3,ENERO,DO,200,25
2023,3,ENERO,VE,10,2
2023,3,ENERO,VE,30,8
2023,3,ENERO,VE,50,12
2023,3,ENERO,VE,100,26
2023,3,ENERO,VE,200,53
2023,3,ENERO,MX,10,0
2023,3,ENERO,MX,30,0
2023,3,ENERO,MX,50,5
2023,3,ENERO,MX,100,16
2023,3,ENERO,MX,200,42
2023,3,ENERO,SP,10,0
2023,3,ENERO,SP,30,3
2023,3,ENERO,SP,50,7
2023,3,ENERO,SP,100,17
2023,3,ENERO,SP,200,36
2023,3,ENERO,CL,10,0
2023,3,ENERO,CL,30,2
2023,3,ENERO,CL,50,5
2023,3,ENERO,CL,100,10
2023,3,ENERO,CL,200,28
2023,3,ENERO,AR,10,1
2023,3,ENERO,AR,30,1
2023,3,ENERO,AR,50,2
2023,3,ENERO,AR,100,6
2023,3,ENERO,AR,200,19
2023,3,ENERO,BR,10,1
2023,3,ENERO,BR,30,3
2023,3,ENERO,BR,50,4
2023,3,ENERO,BR,100,7
2023,3,ENERO,BR,200,18
2023,3,ENERO,PT,10,1
2023,3,ENERO,PT,30,2
2023,3,ENERO,PT,50,5
2023,3,ENERO,PT,100,23
2023,3,ENERO,PT,200,49
2023,4,ENERO,CO,10,3
2023,4,ENERO,CO,30,13
2023,4,ENERO,CO,50,17
2023,4,ENERO,CO,100,36
2023,4,ENERO,CO,200,68
2023,4,ENERO,PE,10,2
2023,4,ENERO,PE,30,7
2023,4,ENERO,PE,50,13
2023,4,ENERO,PE,100,26
2023,4,ENERO,PE,200,53
2023,4,ENERO,EC,10,3
2023,4,ENERO,EC,30,10
2023,4,ENERO,EC,50,14
2023,4,ENERO,EC,100,27
2023,4,ENERO,EC,200,58
2023,4,ENERO,PN,10,2
2023,4,ENERO,PN,30,7
2023,4,ENERO,PN,50,11
2023,4,ENERO,PN,100,21
2023,4,ENERO,PN,200,47
2023,4,ENERO,CR,10,3
2023,4,ENERO,CR,30,8
2023,4,ENERO,CR,50,11
2023,4,ENERO,CR,100,28
2023,4,ENERO,CR,200,56
2023,4,ENERO,GT,10,1
2023,4,ENERO,GT,30,5
2023,4,ENERO,GT,50,9
2023,4,ENERO,GT,100,21
2023,4,ENERO,GT,200,47
2023,4,ENERO,SV,10,2
2023,4,ENERO,SV,30,7
2023,4,ENERO,SV,50,13
2023,4,ENERO,SV,100,24
2023,4,ENERO,SV,200,55
2023,4,ENERO,HN,10,1
2023,4,ENERO,HN,30,5
2023,4,ENERO,HN,50,10
2023,4,ENERO,HN,100,21
2023,4,ENERO,HN,200,54
2023,4,ENERO,NI,10,1
2023,4,ENERO,NI,30,6
2023,4,ENERO,NI,50,9
2023,4,ENERO,NI,100,20
2023,4,ENERO,NI,200,48
2023,4,ENERO,DO,10,1
2023,4,ENERO,DO,30,2
2023,4,ENERO,DO,50,7
2023,4,ENERO,DO,100,12
2023,4,ENERO,DO,200,23
2023,4,ENERO,VE,10,2
2023,4,ENERO,VE,30,9
2023,4,ENERO,VE,50,11
2023,4,ENERO,VE,100,25
2023,4,ENERO,VE,200,51
2023,4,ENERO,MX,10,0
2023,4,ENERO,MX,30,2
2023,4,ENERO,MX,50,7
2023,4,ENERO,MX,100,17
2023,4,ENERO,MX,200,48
2023,4,ENERO,SP,10,0
2023,4,ENERO,SP,30,2
2023,4,ENERO,SP,50,4
2023,4,ENERO,SP,100,15
2023,4,ENERO,SP,200,36
2023,4,ENERO,CL,10,0
2023,4,ENERO,CL,30,3
2023,4,ENERO,CL,50,5
2023,4,ENERO,CL,100,11
2023,4,ENERO,CL,200,28
2023,4,ENERO,AR,10,1
2023,4,ENERO,AR,30,1
2023,4,ENERO,AR,50,3
2023,4,ENERO,AR,100,7
2023,4,ENERO,AR,200,18
2023,4,ENERO,BR,10,1
2023,4,ENERO,BR,30,2
2023,4,ENERO,BR,50,4
2023,4,ENERO,BR,100,8
2023,4,ENERO,BR,200,20
2023,4,ENERO,PT,10,1
2023,4,ENERO,PT,30,2
2023,4,ENERO,PT,50,5
2023,4,ENERO,PT,100,14
2023,4,ENERO,PT,200,40
2023,5,FEBRERO,CO,10,3
2023,5,FEBRERO,CO,30,13
2023,5,FEBRERO,CO,50,17
2023,5,FEBRERO,CO,100,35
2023,5,FEBRERO,CO,200,69
2023,5,FEBRERO,PE,10,2
2023,5,FEBRERO,PE,30,8
2023,5,FEBRERO,PE,50,13
2023,5,FEBRERO,PE,100,26
2023,5,FEBRERO,PE,200,52
2023,5,FEBRERO,EC,10,3
2023,5,FEBRERO,EC,30,10
2023,5,FEBRERO,EC,50,12
2023,5,FEBRERO,EC,100,27
2023,5,FEBRERO,EC,200,56
2023,5,FEBRERO,PN,10,2
2023,5,FEBRERO,PN,30,7
2023,5,FEBRERO,PN,50,11
2023,5,FEBRERO,PN,100,18
2023,5,FEBRERO,PN,200,43
2023,5,FEBRERO,CR,10,2
2023,5,FEBRERO,CR,30,8
2023,5,FEBRERO,CR,50,11
2023,5,FEBRERO,CR,100,28
2023,5,FEBRERO,CR,200,49
2023,5,FEBRERO,GT,10,1
2023,5,FEBRERO,GT,30,5
2023,5,FEBRERO,GT,50,8
2023,5,FEBRERO,GT,100,20
2023,5,FEBRERO,GT,200,45
2023,5,FEBRERO,SV,10,2
2023,5,FEBRERO,SV,30,7
2023,5,FEBRERO,SV,50,13
2023,5,FEBRERO,SV,100,22
2023,5,FEBRERO,SV,200,51
2023,5,FEBRERO,HN,10,1
2023,5,FEBRERO,HN,30,6
2023,5,FEBRERO,HN,50,9
2023,5,FEBRERO,HN,100,19
2023,5,FEBRERO,HN,200,52
2023,5,FEBRERO,NI,10,1
2023,5,FEBRERO,NI,30,6
2023,5,FEBRERO,NI,50,9
2023,5,FEBRERO,NI,100,20
2023,5,FEBRERO,NI,200,52
2023,5,FEBRERO,DO,10,1
2023,5,FEBRERO,DO,30,2
2023,5,FEBRERO,DO,50,7
2023,5,FEBRERO,DO,100,11
2023,5,FEBRERO,DO,200,22
2023,5,FEBRERO,VE,10,2
2023,5,FEBRERO,VE,30,9
2023,5,FEBRERO,VE,50,11
2023,5,FEBRERO,VE,100,23
2023,5,FEBRERO,VE,200,54
2023,5,FEBRERO,MX,10,0
2023,5,FEBRERO,MX,30,1
2023,5,FEBRERO,MX,50,6
2023,5,FEBRERO,MX,100,15
2023,5,FEBRERO,MX,200,43
2023,5,FEBRERO,SP,10,0
2023,5,FEBRERO,SP,30,3
2023,5,FEBRERO,SP,50,4
2023,5,FEBRERO,SP,100,14
2023,5,FEBRERO,SP,200,33
2023,5,FEBRERO,CL,10,0
2023,5,FEBRERO,CL,30,4
2023,5,FEBRERO,CL,50,5
2023,5,FEBRERO,CL,100,10
2023,5,FEBRERO,CL,200,27
2023,5,FEBRERO,AR,10,1
2023,5,FEBRERO,AR,30,1
2023,5,FEBRERO,AR,50,2
2023,5,FEBRERO,AR,100,8
2023,5,FEBRERO,AR,200,17
2023,5,FEBRERO,BR,10,1
2023,5,FEBRERO,BR,30,3
2023,5,FEBRERO,BR,50,5
2023,5,FEBRERO,BR,100,9
2023,5,FEBRERO,BR,200,23
2023,5,FEBRERO,PT,10,1
2023,5,FEBRERO,PT,30,3
2023,5,FEBRERO,PT,50,6
2023,5,FEBRERO,PT,100,16
2023,5,FEBRERO,PT,200,42
2023,6,FEBRERO,CO,10,5
2023,6,FEBRERO,CO,30,14
2023,6,FEBRERO,CO,50,19
2023,6,FEBRERO,CO,100,34
2023,6,FEBRERO,CO,200,67
2023,6,FEBRERO,PE,10,2
2023,6,FEBRERO,PE,30,7
2023,6,FEBRERO,PE,50,14
2023,6,FEBRERO,PE,100,26
2023,6,FEBRERO,PE,200,51
2023,6,FEBRERO,EC,10,3
2023,6,FEBRERO,EC,30,10
2023,6,FEBRERO,EC,50,13
2023,6,FEBRERO,EC,100,27
2023,6,FEBRERO,EC,200,53
2023,6,FEBRERO,PN,10,3
2023,6,FEBRERO,PN,30,8
2023,6,FEBRERO,PN,50,12
2023,6,FEBRERO,PN,100,17
2023,6,FEBRERO,PN,200,44
2023,6,FEBRERO,CR,10,3
2023,6,FEBRERO,CR,30,10
2023,6,FEBRERO,CR,50,13
2023,6,FEBRERO,CR,100,27
2023,6,FEBRERO,CR,200,50
2023,6,FEBRERO,GT,10,1
2023,6,FEBRERO,GT,30,7
2023,6,FEBRERO,GT,50,8
2023,6,FEBRERO,GT,100,22
2023,6,FEBRERO,GT,200,46
2023,6,FEBRERO,SV,10,2
2023,6,FEBRERO,SV,30,8
2023,6,FEBRERO,SV,50,12
2023,6,FEBRERO,SV,100,21
2023,6,FEBRERO,SV,200,48
2023,6,FEBRERO,HN,10,1
2023,6,FEBRERO,HN,30,7
2023,6,FEBRERO,HN,50,11
2023,6,FEBRERO,HN,100,21
2023,6,FEBRERO,HN,200,48
2023,6,FEBRERO,NI,10,1
2023,6,FEBRERO,NI,30,8
2023,6,FEBRERO,NI,50,11
2023,6,FEBRERO,NI,100,19
2023,6,FEBRERO,NI,200,51
2023,6,FEBRERO,DO,10,0
2023,6,FEBRERO,DO,30,3
2023,6,FEBRERO,DO,50,9
2023,6,FEBRERO,DO,100,13
2023,6,FEBRERO,DO,200,21
2023,6,FEBRERO,VE,10,2
2023,6,FEBRERO,VE,30,9
2023,6,FEBRERO,VE,50,13
2023,6,FEBRERO,VE,100,23
2023,6,FEBRERO,VE,200,52
2023,6,FEBRERO,MX,10,0
2023,6,FEBRERO,MX,30,1
2023,6,FEBRERO,MX,50,7
2023,6,FEBRERO,MX,100,17
2023,6,FEBRERO,MX,200,43
2023,6,FEBRERO,SP,10,0
2023,6,FEBRERO,SP,30,4
2023,6,FEBRERO,SP,50,6
2023,6,FEBRERO,SP,100,13
2023,6,FEBRERO,SP,200,33
2023,6,FEBRERO,CL,10,2
2023,6,FEBRERO,CL,30,4
2023,6,FEBRERO,CL,50,6
2023,6,FEBRERO,CL,100,11
2023,6,FEBRERO,CL,200,26
2023,6,FEBRERO,AR,10,0
2023,6,FEBRERO,AR,30,1
2023,6,FEBRERO,AR,50,2
2023,6,FEBRERO,AR,100,8
2023,6,FEBRERO,AR,200,18
2023,6,FEBRERO,BR,10,2
2023,6,FEBRERO,BR,30,4
2023,6,FEBRERO,BR,50,6
2023,6,FEBRERO,BR,100,12
2023,6,FEBRERO,BR,200,20
2023,6,FEBRERO,PT,10,1
2023,6,FEBRERO,PT,30,4
2023,6,FEBRERO,PT,50,5
2023,6,FEBRERO,PT,100,16
2023,6,FEBRERO,PT,200,43
2023,7,FEBRERO,CO,10,5
2023,7,FEBRERO,CO,30,13
2023,7,FEBRERO,CO,50,18
2023,7,FEBRERO,CO,100,36
2023,7,FEBRERO,CO,200,69
2023,7,FEBRERO,PE,10,3
2023,7,FEBRERO,PE,30,8
2023,7,FEBRERO,PE,50,13
2023,7,FEBRERO,PE,100,24
2023,7,FEBRERO,PE,200,49
2023,7,FEBRERO,EC,10,3
2023,7,FEBRERO,EC,30,11
2023,7,FEBRERO,EC,50,14
2023,7,FEBRERO,EC,100,29
2023,7,FEBRERO,EC,200,53
2023,7,FEBRERO,PN,10,4
2023,7,FEBRERO,PN,30,9
2023,7,FEBRERO,PN,50,14
2023,7,FEBRERO,PN,100,23
2023,7,FEBRERO,PN,200,50
2023,7,FEBRERO,CR,10,4
2023,7,FEBRERO,CR,30,10
2023,7,FEBRERO,CR,50,13
2023,7,FEBRERO,CR,100,29
2023,7,FEBRERO,CR,200,56
2023,7,FEBRERO,GT,10,1
2023,7,FEBRERO,GT,30,6
2023,7,FEBRERO,GT,50,9
2023,7,FEBRERO,GT,100,23
2023,7,FEBRERO,GT,200,46
2023,7,FEBRERO,SV,10,2
2023,7,FEBRERO,SV,30,8
2023,7,FEBRERO,SV,50,11
2023,7,FEBRERO,SV,100,23
2023,7,FEBRERO,SV,200,50
2023,7,FEBRERO,HN,10,1
2023,7,FEBRERO,HN,30,6
2023,7,FEBRERO,HN,50,10
2023,7,FEBRERO,HN,100,21
2023,7,FEBRERO,HN,200,51
2023,7,FEBRERO,NI,10,1
2023,7,FEBRERO,NI,30,8
2023,7,FEBRERO,NI,50,10
2023,7,FEBRERO,NI,100,18
2023,7,FEBRERO,NI,200,49
2023,7,FEBRERO,DO,10,1
2023,7,FEBRERO,DO,30,4
2023,7,FEBRERO,DO,50,9
2023,7,FEBRERO,DO,100,11
2023,7,FEBRERO,DO,200,25
2023,7,FEBRERO,VE,10,3
2023,7,FEBRERO,VE,30,10
2023,7,FEBRERO,VE,50,14
2023,7,FEBRERO,VE,100,24
2023,7,FEBRERO,VE,200,58
2023,7,FEBRERO,MX,10,0
2023,7,FEBRERO,MX,30,1
2023,7,FEBRERO,MX,50,6
2023,7,FEBRERO,MX,100,19
2023,7,FEBRERO,MX,200,46
2023,7,FEBRERO,SP,10,0
2023,7,FEBRERO,SP,30,5
2023,7,FEBRERO,SP,50,6
2023,7,FEBRERO,SP,100,15
2023,7,FEBRERO,SP,200,35
2023,7,FEBRERO,CL,10,2
2023,7,FEBRERO,CL,30,5
2023,7,FEBRERO,CL,50,7
2023,7,FEBRERO,CL,100,12
2023,7,FEBRERO,CL,200,28
2023,7,FEBRERO,AR,10,0
2023,7,FEBRERO,AR,30,1
2023,7,FEBRERO,AR,50,2
2023,7,FEBRERO,AR,100,7
2023,7,FEBRERO,AR,200,17
2023,7,FEBRERO,BR,10,2
2023,7,FEBRERO,BR,30,4
2023,7,FEBRERO,BR,50,6
2023,7,FEBRERO,BR,100,11
2023,7,FEBRERO,BR,200,20
2023,7,FEBRERO,PT,10,2
2023,7,FEBRERO,PT,30,4
2023,7,FEBRERO,PT,50,6
2023,7,FEBRERO,PT,100,17
2023,7,FEBRERO,PT,200,43
2023,8,FEBRERO,CO,10,5
2023,8,FEBRERO,CO,30,13
2023,8,FEBRERO,CO,50,19
2023,8,FEBRERO,CO,100,35
2023,8,FEBRERO,CO,200,70
2023,8,FEBRERO,PE,10,4
2023,8,FEBRERO,PE,30,9
2023,8,FEBRERO,PE,50,13
2023,8,FEBRERO,PE,100,24
2023,8,FEBRERO,PE,200,53
2023,8,FEBRERO,EC,10,3
2023,8,FEBRERO,EC,30,10
2023,8,FEBRERO,EC,50,13
2023,8,FEBRERO,EC,100,28
2023,8,FEBRERO,EC,200,55
2023,8,FEBRERO,PN,10,4
2023,8,FEBRERO,PN,30,9
2023,8,FEBRERO,PN,50,12
2023,8,FEBRERO,PN,100,20
2023,8,FEBRERO,PN,200,45
2023,8,FEBRERO,CR,10,3
2023,8,FEBRERO,CR,30,10
2023,8,FEBRERO,CR,50,12
2023,8,FEBRERO,CR,100,29
2023,8,FEBRERO,CR,200,56
2023,8,FEBRERO,GT,10,1
2023,8,FEBRERO,GT,30,7
2023,8,FEBRERO,GT,50,9
2023,8,FEBRERO,GT,100,22
2023,8,FEBRERO,GT,200,45
2023,8,FEBRERO,SV,10,2
2023,8,FEBRERO,SV,30,8
2023,8,FEBRERO,SV,50,11
2023,8,FEBRERO,SV,100,22
2023,8,FEBRERO,SV,200,51
2023,8,FEBRERO,HN,10,1
2023,8,FEBRERO,HN,30,6
2023,8,FEBRERO,HN,50,10
2023,8,FEBRERO,HN,100,23
2023,8,FEBRERO,HN,200,48
2023,8,FEBRERO,NI,10,1
2023,8,FEBRERO,NI,30,7
2023,8,FEBRERO,NI,50,12
2023,8,FEBRERO,NI,100,20
2023,8,FEBRERO,NI,200,51
2023,8,FEBRERO,DO,10,1
2023,8,FEBRERO,DO,30,3
2023,8,FEBRERO,DO,50,8
2023,8,FEBRERO,DO,100,12
2023,8,FEBRERO,DO,200,25
2023,8,FEBRERO,VE,10,3
2023,8,FEBRERO,VE,30,10
2023,8,FEBRERO,VE,50,13
2023,8,FEBRERO,VE,100,25
2023,8,FEBRERO,VE,200,55
2023,8,FEBRERO,MX,10,1
2023,8,FEBRERO,MX,30,1
2023,8,FEBRERO,MX,50,6
2023,8,FEBRERO,MX,100,19
2023,8,FEBRERO,MX,200,45
2023,8,FEBRERO,SP,10,0
2023,8,FEBRERO,SP,30,5
2023,8,FEBRERO,SP,50,6
2023,8,FEBRERO,SP,100,17
2023,8,FEBRERO,SP,200,37
2023,8,FEBRERO,CL,10,2
2023,8,FEBRERO,CL,30,6
2023,8,FEBRERO,CL,50,7
2023,8,FEBRERO,CL,100,14
2023,8,FEBRERO,CL,200,34
2023,8,FEBRERO,AR,10,0
2023,8,FEBRERO,AR,30,1
2023,8,FEBRERO,AR,50,3
2023,8,FEBRERO,AR,100,7
2023,8,FEBRERO,AR,200,15
2023,8,FEBRERO,BR,10,2
2023,8,FEBRERO,BR,30,5
2023,8,FEBRERO,BR,50,7
2023,8,FEBRERO,BR,100,12
2023,8,FEBRERO,BR,200,18
2023,8,FEBRERO,PT,10,2
2023,8,FEBRERO,PT,30,3
2023,8,FEBRERO,PT,50,5
2023,8,FEBRERO,PT,100,14
2023,8,FEBRERO,PT,200,43
2023,9,MARZO,CO,10,5
2023,9,MARZO,CO,30,19
2023,9,MARZO,CO,50,28
2023,9,MARZO,CO,100,43
2023,9,MARZO,CO,200,78
2023,9,MARZO,PE,10,4
2023,9,MARZO,PE,30,12
2023,9,MARZO,PE,50,16
2023,9,MARZO,PE,100,33
2023,9,MARZO,PE,200,65
2023,9,MARZO,EC,10,5
2023,9,MARZO,EC,30,13
2023,9,MARZO,EC,50,20
2023,9,MARZO,EC,100,37
2023,9,MARZO,EC,200,67
2023,9,MARZO,PN,10,5
2023,9,MARZO,PN,30,15
2023,9,MARZO,PN,50,23
2023,9,MARZO,PN,100,36
2023,9,MARZO,PN,200,61
2023,9,MARZO,CR,10,5
2023,9,MARZO,CR,30,14
2023,9,MARZO,CR,50,22
2023,9,MARZO,CR,100,37
2023,9,MARZO,CR,200,71
2023,9,MARZO,GT,10,3
2023,9,MARZO,GT,30,8
2023,9,MARZO,GT,50,13
2023,9,MARZO,GT,100,27
2023,9,MARZO,GT,200,58
2023,9,MARZO,SV,10,5
2023,9,MARZO,SV,30,11
2023,9,MARZO,SV,50,18
2023,9,MARZO,SV,100,33
2023,9,MARZO,SV,200,66
2023,9,MARZO,HN,10,3
2023,9,MARZO,HN,30,10
2023,9,MARZO,HN,50,15
2023,9,MARZO,HN,100,31
2023,9,MARZO,HN,200,64
2023,9,MARZO,NI,10,3
2023,9,MARZO,NI,30,9
2023,9,MARZO,NI,50,13
2023,9,MARZO,NI,100,26
2023,9,MARZO,NI,200,59
2023,9,MARZO,DO,10,3
2023,9,MARZO,DO,30,10
2023,9,MARZO,DO,50,14
2023,9,MARZO,DO,100,25
2023,9,MARZO,DO,200,39
2023,9,MARZO,VE,10,5
2023,9,MARZO,VE,30,14
2023,9,MARZO,VE,50,21
2023,9,MARZO,VE,100,37
2023,9,MARZO,VE,200,68
2023,9,MARZO,MX,10,1
2023,9,MARZO,MX,30,3
2023,9,MARZO,MX,50,9
2023,9,MARZO,MX,100,23
2023,9,MARZO,MX,200,52
2023,9,MARZO,SP,10,1
2023,9,MARZO,SP,30,7
2023,9,MARZO,SP,50,10
2023,9,MARZO,SP,100,24
2023,9,MARZO,SP,200,45
2023,9,MARZO,CL,10,4
2023,9,MARZO,CL,30,12
2023,9,MARZO,CL,50,13
2023,9,MARZO,CL,100,25
2023,9,MARZO,CL,200,44
2023,9,MARZO,AR,10,2
2023,9,MARZO,AR,30,4
2023,9,MARZO,AR,50,5
2023,9,MARZO,AR,100,11
2023,9,MARZO,AR,200,26
2023,9,MARZO,BR,10,2
2023,9,MARZO,BR,30,6
2023,9,MARZO,BR,50,7
2023,9,MARZO,BR,100,12
2023,9,MARZO,BR,200,25
2023,9,MARZO,PT,10,3
2023,9,MARZO,PT,30,5
2023,9,MARZO,PT,50,7
2023,9,MARZO,PT,100,18
2023,9,MARZO,PT,200,42
2023,10,MARZO,CO,10,6
2023,10,MARZO,CO,30,16
2023,10,MARZO,CO,50,24
2023,10,MARZO,CO,100,43
2023,10,MARZO,CO,200,77
2023,10,MARZO,PE,10,4
2023,10,MARZO,PE,30,11
2023,10,MARZO,PE,50,15
2023,10,MARZO,PE,100,28
2023,10,MARZO,PE,200,60
2023,10,MARZO,EC,10,4
2023,10,MARZO,EC,30,12
2023,10,MARZO,EC,50,17
2023,10,MARZO,EC,100,33
2023,10,MARZO,EC,200,60
2023,10,MARZO,PN,10,5
2023,10,MARZO,PN,30,12
2023,10,MARZO,PN,50,18
2023,10,MARZO,PN,100,31
2023,10,MARZO,PN,200,60
2023,10,MARZO,CR,10,4
2023,10,MARZO,CR,30,13
2023,10,MARZO,CR,50,18
2023,10,MARZO,CR,100,33
2023,10,MARZO,CR,200,69
2023,10,MARZO,GT,10,2
2023,10,MARZO,GT,30,7
2023,10,MARZO,GT,50,12
2023,10,MARZO,GT,100,23
2023,10,MARZO,GT,200,51
2023,10,MARZO,SV,10,4
2023,10,MARZO,SV,30,9
2023,10,MARZO,SV,50,13
2023,10,MARZO,SV,100,30
2023,10,MARZO,SV,200,60
2023,10,MARZO,HN,10,4
2023,10,MARZO,HN,30,9
2023,10,MARZO,HN,50,13
2023,10,MARZO,HN,100,25
2023,10,MARZO,HN,200,58
2023,10,MARZO,NI,10,2
2023,10,MARZO,NI,30,8
2023,10,MARZO,NI,50,13
2023,10,MARZO,NI,100,21
2023,10,MARZO,NI,200,54
2023,10,MARZO,DO,10,3
2023,10,MARZO,DO,30,7
2023,10,MARZO,DO,50,13
2023,10,MARZO,DO,100,19
2023,10,MARZO,DO,200,34
2023,10,MARZO,VE,10,4
2023,10,MARZO,VE,30,12
2023,10,MARZO,VE,50,18
2023,10,MARZO,VE,100,30
2023,10,MARZO,VE,200,60
2023,10,MARZO,MX,10,1
2023,10,MARZO,MX,30,3
2023,10,MARZO,MX,50,8
2023,10,MARZO,MX,100,22
2023,10,MARZO,MX,200,48
2023,10,MARZO,SP,10,1
2023,10,MARZO,SP,30,6
2023,10,MARZO,SP,50,10
2023,10,MARZO,SP,100,22
2023,10,MARZO,SP,200,39
2023,10,MARZO,CL,10,4
2023,10,MARZO,CL,30,8
2023,10,MARZO,CL,50,11
2023,10,MARZO,CL,100,19
2023,10,MARZO,CL,200,38
2023,10,MARZO,AR,10,2
2023,10,MARZO,AR,30,3
2023,10,MARZO,AR,50,4
2023,10,MARZO,AR,100,9
2023,10,MARZO,AR,200,20
2023,10,MARZO,BR,10,2
2023,10,MARZO,BR,30,6
2023,10,MARZO,BR,50,7
2023,10,MARZO,BR,100,12
2023,10,MARZO,BR,200,25
2023,10,MARZO,PT,10,2
2023,10,MARZO,PT,30,4
2023,10,MARZO,PT,50,7
2023,10,MARZO,PT,100,17
2023,10,MARZO,PT,200,38
2023,11,MARZO,CO,10,6
2023,11,MARZO,CO,30,14
2023,11,MARZO,CO,50,23
2023,11,MARZO,CO,100,42
2023,11,MARZO,CO,200,77
2023,11,MARZO,PE,10,4
2023,11,MARZO,PE,30,11
2023,11,MARZO,PE,50,15
2023,11,MARZO,PE,100,30
2023,11,MARZO,PE,200,58
2023,11,MARZO,EC,10,4
2023,11,MARZO,EC,30,12
2023,11,MARZO,EC,50,15
2023,11,MARZO,EC,100,34
2023,11,MARZO,EC,200,59
2023,11,MARZO,PN,10,6
2023,11,MARZO,PN,30,10
2023,11,MARZO,PN,50,16
2023,11,MARZO,PN,100,29
2023,11,MARZO,PN,200,55
2023,11,MARZO,CR,10,4
2023,11,MARZO,CR,30,13
2023,11,MARZO,CR,50,19
2023,11,MARZO,CR,100,36
2023,11,MARZO,CR,200,75
2023,11,MARZO,GT,10,2
2023,11,MARZO,GT,30,7
2023,11,MARZO,GT,50,11
2023,11,MARZO,GT,100,24
2023,11,MARZO,GT,200,51
2023,11,MARZO,SV,10,4
2023,11,MARZO,SV,30,9
2023,11,MARZO,SV,50,13
2023,11,MARZO,SV,100,26
2023,11,MARZO,SV,200,59
2023,11,MARZO,HN,10,4
2023,11,MARZO,HN,30,9
2023,11,MARZO,HN,50,12
2023,11,MARZO,HN,100,26
2023,11,MARZO,HN,200,53
2023,11,MARZO,NI,10,3
2023,11,MARZO,NI,30,8
2023,11,MARZO,NI,50,14
2023,11,MARZO,NI,100,21
2023,11,MARZO,NI,200,52
2023,11,MARZO,DO,10,4
2023,11,MARZO,DO,30,8
2023,11,MARZO,DO,50,13
2023,11,MARZO,DO,100,18
2023,11,MARZO,DO,200,35
2023,11,MARZO,VE,10,5
2023,11,MARZO,VE,30,10
2023,11,MARZO,VE,50,18
2023,11,MARZO,VE,100,29
2023,11,MARZO,VE,200,61
2023,11,MARZO,MX,10,1
2023,11,MARZO,MX,30,2
2023,11,MARZO,MX,50,9
2023,11,MARZO,MX,100,18
2023,11,MARZO,MX,200,44
2023,11,MARZO,SP,10,1
2023,11,MARZO,SP,30,7
2023,11,MARZO,SP,50,10
2023,11,MARZO,SP,100,19
2023,11,MARZO,SP,200,39
2023,11,MARZO,CL,10,4
2023,11,MARZO,CL,30,7
2023,11,MARZO,CL,50,11
2023,11,MARZO,CL,100,19
2023,11,MARZO,CL,200,38
2023,11,MARZO,AR,10,2
2023,11,MARZO,AR,30,3
2023,11,MARZO,AR,50,5
2023,11,MARZO,AR,100,10
2023,11,MARZO,AR,200,18
2023,11,MARZO,BR,10,2
2023,11,MARZO,BR,30,6
2023,11,MARZO,BR,50,7
2023,11,MARZO,BR,100,13
2023,11,MARZO,BR,200,26
2023,11,MARZO,PT,10,3
2023,11,MARZO,PT,30,4
2023,11,MARZO,PT,50,7
2023,11,MARZO,PT,100,16
2023,11,MARZO,PT,200,46
2023,12,MARZO,CO,10,7
2023,12,MARZO,CO,30,15
2023,12,MARZO,CO,50,21
2023,12,MARZO,CO,100,34
2023,12,MARZO,CO,200,70
2023,12,MARZO,PE,10,5
2023,12,MARZO,PE,30,10
2023,12,MARZO,PE,50,15
2023,12,MARZO,PE,100,29
2023,12,MARZO,PE,200,57
2023,12,MARZO,EC,10,5
2023,12,MARZO,EC,30,10
2023,12,MARZO,EC,50,15
2023,12,MARZO,EC,100,30
2023,12,MARZO,EC,200,53
2023,12,MARZO,PN,10,3
2023,12,MARZO,PN,30,7
2023,12,MARZO,PN,50,12
2023,12,MARZO,PN,100,21
2023,12,MARZO,PN,200,46
2023,12,MARZO,CR,10,4
2023,12,MARZO,CR,30,9
2023,12,MARZO,CR,50,13
2023,12,MARZO,CR,100,27
2023,12,MARZO,CR,200,61
2023,12,MARZO,GT,10,1
2023,12,MARZO,GT,30,6
2023,12,MARZO,GT,50,12
2023,12,MARZO,GT,100,22
2023,12,MARZO,GT,200,46
2023,12,MARZO,SV,10,4
2023,12,MARZO,SV,30,8
2023,12,MARZO,SV,50,12
2023,12,MARZO,SV,100,20
2023,12,MARZO,SV,200,48
2023,12,MARZO,HN,10,4
2023,12,MARZO,HN,30,7
2023,12,MARZO,HN,50,13
2023,12,MARZO,HN,100,19
2023,12,MARZO,HN,200,43
2023,12,MARZO,NI,10,2
2023,12,MARZO,NI,30,8
2023,12,MARZO,NI,50,11
2023,12,MARZO,NI,100,21
2023,12,MARZO,NI,200,44
2023,12,MARZO,DO,10,1
2023,12,MARZO,DO,30,5
2023,12,MARZO,DO,50,10
2023,12,MARZO,DO,100,17
2023,12,MARZO,DO,200,33
2023,12,MARZO,VE,10,4
2023,12,MARZO,VE,30,8
2023,12,MARZO,VE,50,13
2023,12,MARZO,VE,100,25
2023,12,MARZO,VE,200,59
2023,12,MARZO,MX,10,1
2023,12,MARZO,MX,30,2
2023,12,MARZO,MX,50,5
2023,12,MARZO,MX,100,20
2023,12,MARZO,MX,200,46
2023,12,MARZO,SP,10,1
2023,12,MARZO,SP,30,8
2023,12,MARZO,SP,50,9
2023,12,MARZO,SP,100,19
2023,12,MARZO,SP,200,34
2023,12,MARZO,CL,10,3
2023,12,MARZO,CL,30,8
2023,12,MARZO,CL,50,11
2023,12,MARZO,CL,100,18
2023,12,MARZO,CL,200,36
2023,12,MARZO,AR,10,2
2023,12,MARZO,AR,30,4
2023,12,MARZO,AR,50,5
2023,12,MARZO,AR,100,9
2023,12,MARZO,AR,200,24
2023,12,MARZO,BR,10,1
2023,12,MARZO,BR,30,7
2023,12,MARZO,BR,50,7
2023,12,MARZO,BR,100,12
2023,12,MARZO,BR,200,22
2023,12,MARZO,PT,10,2
2023,12,MARZO,PT,30,4
2023,12,MARZO,PT,50,8
2023,12,MARZO,PT,100,17
2023,12,MARZO,PT,200,37
2023,13,MARZO,CO,10,6
2023,13,MARZO,CO,30,14
2023,13,MARZO,CO,50,21
2023,13,MARZO,CO,100,36
2023,13,MARZO,CO,200,66
2023,13,MARZO,PE,10,5
2023,13,MARZO,PE,30,8
2023,13,MARZO,PE,50,14
2023,13,MARZO,PE,100,25
2023,13,MARZO,PE,200,56
2023,13,MARZO,EC,10,4
2023,13,MARZO,EC,30,10
2023,13,MARZO,EC,50,14
2023,13,MARZO,EC,100,26
2023,13,MARZO,EC,200,54
2023,13,MARZO,PN,10,4
2023,13,MARZO,PN,30,9
2023,13,MARZO,PN,50,12
2023,13,MARZO,PN,100,18
2023,13,MARZO,PN,200,41
2023,13,MARZO,CR,10,4
2023,13,MARZO,CR,30,10
2023,13,MARZO,CR,50,13
2023,13,MARZO,CR,100,24
2023,13,MARZO,CR,200,57
2023,13,MARZO,GT,10,1
2023,13,MARZO,GT,30,4
2023,13,MARZO,GT,50,10
2023,13,MARZO,GT,100,20
2023,13,MARZO,GT,200,47
2023,13,MARZO,SV,10,4
2023,13,MARZO,SV,30,7
2023,13,MARZO,SV,50,11
2023,13,MARZO,SV,100,22
2023,13,MARZO,SV,200,50
2023,13,MARZO,HN,10,4
2023,13,MARZO,HN,30,5
2023,13,MARZO,HN,50,10
2023,13,MARZO,HN,100,21
2023,13,MARZO,HN,200,46
2023,13,MARZO,NI,10,3
2023,13,MARZO,NI,30,7
2023,13,MARZO,NI,50,11
2023,13,MARZO,NI,100,21
2023,13,MARZO,NI,200,44
2023,13,MARZO,DO,10,1
2023,13,MARZO,DO,30,7
2023,13,MARZO,DO,50,10
2023,13,MARZO,DO,100,15
2023,13,MARZO,DO,200,31
2023,13,MARZO,VE,10,3
2023,13,MARZO,VE,30,9
2023,13,MARZO,VE,50,14
2023,13,MARZO,VE,100,23
2023,13,MARZO,VE,200,51
2023,13,MARZO,MX,10,1
2023,13,MARZO,MX,30,2
2023,13,MARZO,MX,50,4
2023,13,MARZO,MX,100,17
2023,13,MARZO,MX,200,43
2023,13,MARZO,SP,10,1
2023,13,MARZO,SP,30,7
2023,13,MARZO,SP,50,9
2023,13,MARZO,SP,100,18
2023,13,MARZO,SP,200,32
2023,13,MARZO,CL,10,2
2023,13,MARZO,CL,30,7
2023,13,MARZO,CL,50,10
2023,13,MARZO,CL,100,16
2023,13,MARZO,CL,200,34
2023,13,MARZO,AR,10,2
2023,13,MARZO,AR,30,4
2023,13,MARZO,AR,50,5
2023,13,MARZO,AR,100,9
2023,13,MARZO,AR,200,22
2023,13,MARZO,BR,10,1
2023,13,MARZO,BR,30,7
2023,13,MARZO,BR,50,7
2023,13,MARZO,BR,100,11
2023,13,MARZO,BR,200,24
2023,13,MARZO,PT,10,0
2023,13,MARZO,PT,30,3
2023,13,MARZO,PT,50,8
2023,13,MARZO,PT,100,15
2023,13,MARZO,PT,200,37
2023,14,ABRIL,CO,10,7
2023,14,ABRIL,CO,30,13
2023,14,ABRIL,CO,50,21
2023,14,ABRIL,CO,100,38
2023,14,ABRIL,CO,200,66
2023,14,ABRIL,PE,10,5
2023,14,ABRIL,PE,30,10
2023,14,ABRIL,PE,50,14
2023,14,ABRIL,PE,100,25
2023,14,ABRIL,PE,200,55
2023,14,ABRIL,EC,10,6
2023,14,ABRIL,EC,30,11
2023,14,ABRIL,EC,50,15
2023,14,ABRIL,EC,100,28
2023,14,ABRIL,EC,200,56
2023,14,ABRIL,PN,10,3
2023,14,ABRIL,PN,30,10
2023,14,ABRIL,PN,50,13
2023,14,ABRIL,PN,100,20
2023,14,ABRIL,PN,200,44
2023,14,ABRIL,CR,10,5
2023,14,ABRIL,CR,30,11
2023,14,ABRIL,CR,50,14
2023,14,ABRIL,CR,100,27
2023,14,ABRIL,CR,200,56
2023,14,ABRIL,GT,10,1
2023,14,ABRIL,GT,30,4
2023,14,ABRIL,GT,50,11
2023,14,ABRIL,GT,100,19
2023,14,ABRIL,GT,200,43
2023,14,ABRIL,SV,10,4
2023,14,ABRIL,SV,30,7
2023,14,ABRIL,SV,50,12
2023,14,ABRIL,SV,100,22
2023,14,ABRIL,SV,200,50
2023,14,ABRIL,HN,10,4
2023,14,ABRIL,HN,30,5
2023,14,ABRIL,HN,50,11
2023,14,ABRIL,HN,100,21
2023,14,ABRIL,HN,200,45
2023,14,ABRIL,NI,10,3
2023,14,ABRIL,NI,30,7
2023,14,ABRIL,NI,50,11
2023,14,ABRIL,NI,100,21
2023,14,ABRIL,NI,200,45
2023,14,ABRIL,DO,10,2
2023,14,ABRIL,DO,30,7
2023,14,ABRIL,DO,50,11
2023,14,ABRIL,DO,100,16
2023,14,ABRIL,DO,200,32
2023,14,ABRIL,VE,10,4
2023,14,ABRIL,VE,30,10
2023,14,ABRIL,VE,50,15
2023,14,ABRIL,VE,100,24
2023,14,ABRIL,VE,200,53
2023,14,ABRIL,MX,10,1
2023,14,ABRIL,MX,30,2
2023,14,ABRIL,MX,50,4
2023,14,ABRIL,MX,100,17
2023,14,ABRIL,MX,200,42
2023,14,ABRIL,SP,10,2
2023,14,ABRIL,SP,30,7
2023,14,ABRIL,SP,50,11
2023,14,ABRIL,SP,100,21
2023,14,ABRIL,SP,200,36
2023,14,ABRIL,CL,10,2
2023,14,ABRIL,CL,30,9
2023,14,ABRIL,CL,50,11
2023,14,ABRIL,CL,100,15
2023,14,ABRIL,CL,200,35
2023,14,ABRIL,AR,10,2
2023,14,ABRIL,AR,30,3
2023,14,ABRIL,AR,50,7
2023,14,ABRIL,AR,100,10
2023,14,ABRIL,AR,200,21
2023,14,ABRIL,BR,10,2
2023,14,ABRIL,BR,30,6
2023,14,ABRIL,BR,50,7
2023,14,ABRIL,BR,100,9
2023,14,ABRIL,BR,200,22
2023,14,ABRIL,PT,10,0
2023,14,ABRIL,PT,30,2
2023,14,ABRIL,PT,50,5
2023,14,ABRIL,PT,100,12
2023,14,ABRIL,PT,200,31
2023,15,ABRIL,CO,10,7
2023,15,ABRIL,CO,30,13
2023,15,ABRIL,CO,50,20
2023,15,ABRIL,CO,100,34
2023,15,ABRIL,CO,200,69
2023,15,ABRIL,PE,10,6
2023,15,ABRIL,PE,30,9
2023,15,ABRIL,PE,50,14
2023,15,ABRIL,PE,100,24
2023,15,ABRIL,PE,200,56
2023,15,ABRIL,EC,10,6
2023,15,ABRIL,EC,30,10
2023,15,ABRIL,EC,50,15
2023,15,ABRIL,EC,100,25
2023,15,ABRIL,EC,200,53
2023,15,ABRIL,PN,10,4
2023,15,ABRIL,PN,30,10
2023,15,ABRIL,PN,50,13
2023,15,ABRIL,PN,100,19
2023,15,ABRIL,PN,200,44
2023,15,ABRIL,CR,10,5
2023,15,ABRIL,CR,30,11
2023,15,ABRIL,CR,50,14
2023,15,ABRIL,CR,100,27
2023,15,ABRIL,CR,200,55
2023,15,ABRIL,GT,10,1
2023,15,ABRIL,GT,30,4
2023,15,ABRIL,GT,50,12
2023,15,ABRIL,GT,100,17
2023,15,ABRIL,GT,200,40
2023,15,ABRIL,SV,10,3
2023,15,ABRIL,SV,30,7
2023,15,ABRIL,SV,50,12
2023,15,ABRIL,SV,100,21
2023,15,ABRIL,SV,200,44
2023,15,ABRIL,HN,10,2
2023,15,ABRIL,HN,30,5
2023,15,ABRIL,HN,50,13
2023,15,ABRIL,HN,100,18
2023,15,ABRIL,HN,200,45
2023,15,ABRIL,NI,10,2
2023,15,ABRIL,NI,30,7
2023,15,ABRIL,NI,50,11
2023,15,ABRIL,NI,100,20
2023,15,ABRIL,NI,200,44
2023,15,ABRIL,DO,10,4
2023,15,ABRIL,DO,30,9
2023,15,ABRIL,DO,50,11
2023,15,ABRIL,DO,100,17
2023,15,ABRIL,DO,200,33
2023,15,ABRIL,VE,10,4
2023,15,ABRIL,VE,30,9
2023,15,ABRIL,VE,50,13
2023,15,ABRIL,VE,100,24
2023,15,ABRIL,VE,200,53
2023,15,ABRIL,MX,10,1
2023,15,ABRIL,MX,30,2
2023,15,ABRIL,MX,50,5
2023,15,ABRIL,MX,100,17
2023,15,ABRIL,MX,200,44
2023,15,ABRIL,SP,10,3
2023,15,ABRIL,SP,30,7
2023,15,ABRIL,SP,50,12
2023,15,ABRIL,SP,100,21
2023,15,ABRIL,SP,200,36
2023,15,ABRIL,CL,10,2
2023,15,ABRIL,CL,30,7
2023,15,ABRIL,CL,50,11
2023,15,ABRIL,CL,100,13
2023,15,ABRIL,CL,200,33
2023,15,ABRIL,AR,10,2
2023,15,ABRIL,AR,30,3
2023,15,ABRIL,AR,50,6
2023,15,ABRIL,AR,100,10
2023,15,ABRIL,AR,200,19
2023,15,ABRIL,BR,10,2
2023,15,ABRIL,BR,30,6
2023,15,ABRIL,BR,50,6
2023,15,ABRIL,BR,100,9
2023,15,ABRIL,BR,200,21
2023,15,ABRIL,PT,10,0
2023,15,ABRIL,PT,30,2
2023,15,ABRIL,PT,50,4
2023,15,ABRIL,PT,100,15
2023,15,ABRIL,PT,200,32
2023,16,ABRIL,CO,10,5
2023,16,ABRIL,CO,30,12
2023,16,ABRIL,CO,50,21
2023,16,ABRIL,CO,100,34
2023,16,ABRIL,CO,200,68
2023,16,ABRIL,PE,10,6
2023,16,ABRIL,PE,30,9
2023,16,ABRIL,PE,50,14
2023,16,ABRIL,PE,100,26
2023,16,ABRIL,PE,200,54
2023,16,ABRIL,EC,10,5
2023,16,ABRIL,EC,30,10
2023,16,ABRIL,EC,50,15
2023,16,ABRIL,EC,100,26
2023,16,ABRIL,EC,200,53
2023,16,ABRIL,PN,10,3
2023,16,ABRIL,PN,30,8
2023,16,ABRIL,PN,50,13
2023,16,ABRIL,PN,100,21
2023,16,ABRIL,PN,200,42
2023,16,ABRIL,CR,10,4
2023,16,ABRIL,CR,30,8
2023,16,ABRIL,CR,50,14
2023,16,ABRIL,CR,100,25
2023,16,ABRIL,CR,200,55
2023,16,ABRIL,GT,10,1
2023,16,ABRIL,GT,30,3
2023,16,ABRIL,GT,50,10
2023,16,ABRIL,GT,100,16
2023,16,ABRIL,GT,200,39
2023,16,ABRIL,SV,10,3
2023,16,ABRIL,SV,30,7
2023,16,ABRIL,SV,50,12
2023,16,ABRIL,SV,100,19
2023,16,ABRIL,SV,200,47
2023,16,ABRIL,HN,10,2
2023,16,ABRIL,HN,30,5
2023,16,ABRIL,HN,50,11
2023,16,ABRIL,HN,100,18
2023,16,ABRIL,HN,200,44
2023,16,ABRIL,NI,10,2
2023,16,ABRIL,NI,30,6
2023,16,ABRIL,NI,50,11
2023,16,ABRIL,NI,100,17
2023,16,ABRIL,NI,200,45
2023,16,ABRIL,DO,10,2
2023,16,ABRIL,DO,30,9
2023,16,ABRIL,DO,50,9
2023,16,ABRIL,DO,100,16
2023,16,ABRIL,DO,200,32
2023,16,ABRIL,VE,10,4
2023,16,ABRIL,VE,30,9
2023,16,ABRIL,VE,50,13
2023,16,ABRIL,VE,100,23
2023,16,ABRIL,VE,200,57
2023,16,ABRIL,MX,10,1
2023,16,ABRIL,MX,30,3
2023,16,ABRIL,MX,50,4
2023,16,ABRIL,MX,100,18
2023,16,ABRIL,MX,200,42
2023,16,ABRIL,SP,10,5
2023,16,ABRIL,SP,30,7
2023,16,ABRIL,SP,50,13
2023,16,ABRIL,SP,100,22
2023,16,ABRIL,SP,200,39
2023,16,ABRIL,CL,10,2
2023,16,ABRIL,CL,30,6
2023,16,ABRIL,CL,50,10
2023,16,ABRIL,CL,100,14
2023,16,ABRIL,CL,200,33
2023,16,ABRIL,AR,10,3
2023,16,ABRIL,AR,30,4
2023,16,ABRIL,AR,50,6
2023,16,ABRIL,AR,100,9
2023,16,ABRIL,AR,200,16
2023,16,ABRIL,BR,10,2
2023,16,ABRIL,BR,30,4
2023,16,ABRIL,BR,50,6
2023,16,ABRIL,BR,100,8
2023,16,ABRIL,BR,200,18
2023,16,ABRIL,PT,10,0
2023,16,ABRIL,PT,30,2
2023,16,ABRIL,PT,50,5
2023,16,ABRIL,PT,100,16
2023,16,ABRIL,PT,200,30
2023,17,ABRIL,CO,10,5
2023,17,ABRIL,CO,30,13
2023,17,ABRIL,CO,50,20
2023,17,ABRIL,CO,100,33
2023,17,ABRIL,CO,200,61
2023,17,ABRIL,PE,10,5
2023,17,ABRIL,PE,30,9
2023,17,ABRIL,PE,50,15
2023,17,ABRIL,PE,100,25
2023,17,ABRIL,PE,200,52
2023,17,ABRIL,EC,10,5
2023,17,ABRIL,EC,30,11
2023,17,ABRIL,EC,50,16
2023,17,ABRIL,EC,100,25
2023,17,ABRIL,EC,200,53
2023,17,ABRIL,PN,10,2
2023,17,ABRIL,PN,30,9
2023,17,ABRIL,PN,50,14
2023,17,ABRIL,PN,100,22
2023,17,ABRIL,PN,200,40
2023,17,ABRIL,CR,10,4
2023,17,ABRIL,CR,30,10
2023,17,ABRIL,CR,50,15
2023,17,ABRIL,CR,100,23
2023,17,ABRIL,CR,200,53
2023,17,ABRIL,GT,10,1
2023,17,ABRIL,GT,30,4
2023,17,ABRIL,GT,50,10
2023,17,ABRIL,GT,100,16
2023,17,ABRIL,GT,200,37
2023,17,ABRIL,SV,10,3
2023,17,ABRIL,SV,30,6
2023,17,ABRIL,SV,50,12
2023,17,ABRIL,SV,100,19
2023,17,ABRIL,SV,200,44
2023,17,ABRIL,HN,10,2
2023,17,ABRIL,HN,30,5
2023,17,ABRIL,HN,50,9
2023,17,ABRIL,HN,100,19
2023,17,ABRIL,HN,200,36
2023,17,ABRIL,NI,10,2
2023,17,ABRIL,NI,30,6
2023,17,ABRIL,NI,50,11
2023,17,ABRIL,NI,100,15
2023,17,ABRIL,NI,200,41
2023,17,ABRIL,DO,10,2
2023,17,ABRIL,DO,30,8
2023,17,ABRIL,DO,50,10
2023,17,ABRIL,DO,100,16
2023,17,ABRIL,DO,200,31
2023,17,ABRIL,VE,10,3
2023,17,ABRIL,VE,30,10
2023,17,ABRIL,VE,50,14
2023,17,ABRIL,VE,100,25
2023,17,ABRIL,VE,200,53
2023,17,ABRIL,MX,10,0
2023,17,ABRIL,MX,30,3
2023,17,ABRIL,MX,50,4
2023,17,ABRIL,MX,100,17
2023,17,ABRIL,MX,200,40
2023,17,ABRIL,SP,10,5
2023,17,ABRIL,SP,30,6
2023,17,ABRIL,SP,50,11
2023,17,ABRIL,SP,100,23
2023,17,ABRIL,SP,200,36
2023,17,ABRIL,CL,10,2
2023,17,ABRIL,CL,30,6
2023,17,ABRIL,CL,50,8
2023,17,ABRIL,CL,100,15
2023,17,ABRIL,CL,200,29
2023,17,ABRIL,AR,10,2
2023,17,ABRIL,AR,30,4
2023,17,ABRIL,AR,50,6
2023,17,ABRIL,AR,100,9
2023,17,ABRIL,AR,200,18
2023,17,ABRIL,BR,10,2
2023,17,ABRIL,BR,30,5
2023,17,ABRIL,BR,50,6
2023,17,ABRIL,BR,100,7
2023,17,ABRIL,BR,200,17
2023,17,ABRIL,PT,10,0
2023,17,ABRIL,PT,30,2
2023,17,ABRIL,PT,50,5
2023,17,ABRIL,PT,100,12
2023,17,ABRIL,PT,200,32
2023,18,MAYO,CO,10,5
2023,18,MAYO,CO,30,14
2023,18,MAYO,CO,50,20
2023,18,MAYO,CO,100,34
2023,18,MAYO,CO,200,60
2023,18,MAYO,PE,10,5
2023,18,MAYO,PE,30,10
2023,18,MAYO,PE,50,15
2023,18,MAYO,PE,100,26
2023,18,MAYO,PE,200,50
2023,18,MAYO,EC,10,5
2023,18,MAYO,EC,30,11
2023,18,MAYO,EC,50,15
2023,18,MAYO,EC,100,24
2023,18,MAYO,EC,200,51
2023,18,MAYO,PN,10,3
2023,18,MAYO,PN,30,8
2023,18,MAYO,PN,50,13
2023,18,MAYO,PN,100,21
2023,18,MAYO,PN,200,40
2023,18,MAYO,CR,10,4
2023,18,MAYO,CR,30,9
2023,18,MAYO,CR,50,15
2023,18,MAYO,CR,100,25
2023,18,MAYO,CR,200,52
2023,18,MAYO,GT,10,0
2023,18,MAYO,GT,30,4
2023,18,MAYO,GT,50,10
2023,18,MAYO,GT,100,16
2023,18,MAYO,GT,200,38
2023,18,MAYO,SV,10,3
2023,18,MAYO,SV,30,6
2023,18,MAYO,SV,50,12
2023,18,MAYO,SV,100,20
2023,18,MAYO,SV,200,43
2023,18,MAYO,HN,10,2
2023,18,MAYO,HN,30,6
2023,18,MAYO,HN,50,9
2023,18,MAYO,HN,100,18
2023,18,MAYO,HN,200,40
2023,18,MAYO,NI,10,3
2023,18,MAYO,NI,30,6
2023,18,MAYO,NI,50,11
2023,18,MAYO,NI,100,15
2023,18,MAYO,NI,200,40
2023,18,MAYO,DO,10,2
2023,18,MAYO,DO,30,8
2023,18,MAYO,DO,50,11
2023,18,MAYO,DO,100,18
2023,18,MAYO,DO,200,33
2023,18,MAYO,VE,10,3
2023,18,MAYO,VE,30,10
2023,18,MAYO,VE,50,14
2023,18,MAYO,VE,100,23
2023,18,MAYO,VE,200,53
2023,18,MAYO,MX,10,0
2023,18,MAYO,MX,30,3
2023,18,MAYO,MX,50,4
2023,18,MAYO,MX,100,16
2023,18,MAYO,MX,200,41
2023,18,MAYO,SP,10,5
2023,18,MAYO,SP,30,7
2023,18,MAYO,SP,50,11
2023,18,MAYO,SP,100,22
2023,18,MAYO,SP,200,36
2023,18,MAYO,CL,10,2
2023,18,MAYO,CL,30,5
2023,18,MAYO,CL,50,9
2023,18,MAYO,CL,100,16
2023,18,MAYO,CL,200,31
2023,18,MAYO,AR,10,2
2023,18,MAYO,AR,30,4
2023,18,MAYO,AR,50,6
2023,18,MAYO,AR,100,11
2023,18,MAYO,AR,200,22
2023,18,MAYO,BR,10,2
2023,18,MAYO,BR,30,4
2023,18,MAYO,BR,50,6
2023,18,MAYO,BR,100,7
2023,18,MAYO,BR,200,15
2023,18,MAYO,PT,10,0
2023,18,MAYO,PT,30,1
2023,18,MAYO,PT,50,3
2023,18,MAYO,PT,100,11
2023,18,MAYO,PT,200,25
2023,19,MAYO,CO,10,5
2023,19,MAYO,CO,30,13
2023,19,MAYO,CO,50,19
2023,19,MAYO,CO,100,35
2023,19,MAYO,CO,200,59
2023,19,MAYO,PE,10,5
2023,19,MAYO,PE,30,9
2023,19,MAYO,PE,50,14
2023,19,MAYO,PE,100,27
2023,19,MAYO,PE,200,48
2023,19,MAYO,EC,10,5
2023,19,MAYO,EC,30,10
2023,19,MAYO,EC,50,15
2023,19,MAYO,EC,100,24
2023,19,MAYO,EC,200,49
2023,19,MAYO,PN,10,3
2023,19,MAYO,PN,30,9
2023,19,MAYO,PN,50,13
2023,19,MAYO,PN,100,19
2023,19,MAYO,PN,200,43
2023,19,MAYO,CR,10,5
2023,19,MAYO,CR,30,9
2023,19,MAYO,CR,50,14
2023,19,MAYO,CR,100,24
2023,19,MAYO,CR,200,51
2023,19,MAYO,GT,10,0
2023,19,MAYO,GT,30,5
2023,19,MAYO,GT,50,9
2023,19,MAYO,GT,100,17
2023,19,MAYO,GT,200,39
2023,19,MAYO,SV,10,3
2023,19,MAYO,SV,30,7
2023,19,MAYO,SV,50,12
2023,19,MAYO,SV,100,21
2023,19,MAYO,SV,200,42
2023,19,MAYO,HN,10,2
2023,19,MAYO,HN,30,6
2023,19,MAYO,HN,50,9
2023,19,MAYO,HN,100,16
2023,19,MAYO,HN,200,38
2023,19,MAYO,NI,10,3
2023,19,MAYO,NI,30,6
2023,19,MAYO,NI,50,11
2023,19,MAYO,NI,100,17
2023,19,MAYO,NI,200,37
2023,19,MAYO,DO,10,2
2023,19,MAYO,DO,30,8
2023,19,MAYO,DO,50,12
2023,19,MAYO,DO,100,17
2023,19,MAYO,DO,200,30
2023,19,MAYO,VE,10,3
2023,19,MAYO,VE,30,10
2023,19,MAYO,VE,50,14
2023,19,MAYO,VE,100,23
2023,19,MAYO,VE,200,49
2023,19,MAYO,MX,10,0
2023,19,MAYO,MX,30,3
2023,19,MAYO,MX,50,4
2023,19,MAYO,MX,100,15
2023,19,MAYO,MX,200,40
2023,19,MAYO,SP,10,4
2023,19,MAYO,SP,30,7
2023,19,MAYO,SP,50,10
2023,19,MAYO,SP,100,21
2023,19,MAYO,SP,200,36
2023,19,MAYO,CL,10,2
2023,19,MAYO,CL,30,6
2023,19,MAYO,CL,50,9
2023,19,MAYO,CL,100,16
2023,19,MAYO,CL,200,32
2023,19,MAYO,AR,10,2
2023,19,MAYO,AR,30,4
2023,19,MAYO,AR,50,7
2023,19,MAYO,AR,100,11
2023,19,MAYO,AR,200,23
2023,19,MAYO,BR,10,2
2023,19,MAYO,BR,30,4
2023,19,MAYO,BR,50,6
2023,19,MAYO,BR,100,6
2023,19,MAYO,BR,200,16
2023,19,MAYO,PT,10,0
2023,19,MAYO,PT,30,1
2023,19,MAYO,PT,50,2
2023,19,MAYO,PT,100,8
2023,19,MAYO,PT,200,22
2023,20,MAYO,CO,10,4
2023,20,MAYO,CO,30,12
2023,20,MAYO,CO,50,19
2023,20,MAYO,CO,100,36
2023,20,MAYO,CO,200,61
2023,20,MAYO,PE,10,5
2023,20,MAYO,PE,30,9
2023,20,MAYO,PE,50,14
2023,20,MAYO,PE,100,26
2023,20,MAYO,PE,200,46
2023,20,MAYO,EC,10,5
2023,20,MAYO,EC,30,10
2023,20,MAYO,EC,50,16
2023,20,MAYO,EC,100,24
2023,20,MAYO,EC,200,49
2023,20,MAYO,PN,10,4
2023,20,MAYO,PN,30,9
2023,20,MAYO,PN,50,13
2023,20,MAYO,PN,100,20
2023,20,MAYO,PN,200,43
2023,20,MAYO,CR,10,5
2023,20,MAYO,CR,30,9
2023,20,MAYO,CR,50,13
2023,20,MAYO,CR,100,25
2023,20,MAYO,CR,200,49
2023,20,MAYO,GT,10,1
2023,20,MAYO,GT,30,4
2023,20,MAYO,GT,50,8
2023,20,MAYO,GT,100,16
2023,20,MAYO,GT,200,39
2023,20,MAYO,SV,10,3
2023,20,MAYO,SV,30,8
2023,20,MAYO,SV,50,11
2023,20,MAYO,SV,100,21
2023,20,MAYO,SV,200,41
2023,20,MAYO,HN,10,1
2023,20,MAYO,HN,30,7
2023,20,MAYO,HN,50,9
2023,20,MAYO,HN,100,16
2023,20,MAYO,HN,200,36
2023,20,MAYO,NI,10,3
2023,20,MAYO,NI,30,6
2023,20,MAYO,NI,50,11
2023,20,MAYO,NI,100,15
2023,20,MAYO,NI,200,36
2023,20,MAYO,DO,10,2
2023,20,MAYO,DO,30,8
2023,20,MAYO,DO,50,12
2023,20,MAYO,DO,100,16
2023,20,MAYO,DO,200,27
2023,20,MAYO,VE,10,3
2023,20,MAYO,VE,30,10
2023,20,MAYO,VE,50,14
2023,20,MAYO,VE,100,23
2023,20,MAYO,VE,200,50
2023,20,MAYO,MX,10,0
2023,20,MAYO,MX,30,2
2023,20,MAYO,MX,50,3
2023,20,MAYO,MX,100,15
2023,20,MAYO,MX,200,40
2023,20,MAYO,SP,10,4
2023,20,MAYO,SP,30,7
2023,20,MAYO,SP,50,11
2023,20,MAYO,SP,100,22
2023,20,MAYO,SP,200,35
2023,20,MAYO,CL,10,2
2023,20,MAYO,CL,30,5
2023,20,MAYO,CL,50,9
2023,20,MAYO,CL,100,15
2023,20,MAYO,CL,200,33
2023,20,MAYO,AR,10,2
2023,20,MAYO,AR,30,4
2023,20,MAYO,AR,50,7
2023,20,MAYO,AR,100,12
2023,20,MAYO,AR,200,27
2023,20,MAYO,BR,10,2
2023,20,MAYO,BR,30,4
2023,20,MAYO,BR,50,5
2023,20,MAYO,BR,100,8
2023,20,MAYO,BR,200,15
2023,20,MAYO,PT,10,0
2023,20,MAYO,PT,30,2
2023,20,MAYO,PT,50,3
2023,20,MAYO,PT,100,10
2023,20,MAYO,PT,200,24
2023,21,MAYO,CO,10,3
2023,21,MAYO,CO,30,12
2023,21,MAYO,CO,50,19
2023,21,MAYO,CO,100,37
2023,21,MAYO,CO,200,59
2023,21,MAYO,PE,10,4
2023,21,MAYO,PE,30,7
2023,21,MAYO,PE,50,15
2023,21,MAYO,PE,100,26
2023,21,MAYO,PE,200,47
2023,21,MAYO,EC,10,4
2023,21,MAYO,EC,30,10
2023,21,MAYO,EC,50,16
2023,21,MAYO,EC,100,24
2023,21,MAYO,EC,200,50
2023,21,MAYO,PN,10,2
2023,21,MAYO,PN,30,8
2023,21,MAYO,PN,50,14
2023,21,MAYO,PN,100,22
2023,21,MAYO,PN,200,39
2023,21,MAYO,CR,10,2
2023,21,MAYO,CR,30,9
2023,21,MAYO,CR,50,14
2023,21,MAYO,CR,100,22
2023,21,MAYO,CR,200,47
2023,21,MAYO,GT,10,0
2023,21,MAYO,GT,30,3
2023,21,MAYO,GT,50,8
2023,21,MAYO,GT,100,17
2023,21,MAYO,GT,200,37
2023,21,MAYO,SV,10,3
2023,21,MAYO,SV,30,6
2023,21,MAYO,SV,50,12
2023,21,MAYO,SV,100,20
2023,21,MAYO,SV,200,44
2023,21,MAYO,HN,10,1
2023,21,MAYO,HN,30,6
2023,21,MAYO,HN,50,10
2023,21,MAYO,HN,100,18
2023,21,MAYO,HN,200,36
2023,21,MAYO,NI,10,2
2023,21,MAYO,NI,30,6
2023,21,MAYO,NI,50,9
2023,21,MAYO,NI,100,18
2023,21,MAYO,NI,200,40
2023,21,MAYO,DO,10,2
2023,21,MAYO,DO,30,7
2023,21,MAYO,DO,50,11
2023,21,MAYO,DO,100,16
2023,21,MAYO,DO,200,21
2023,21,MAYO,VE,10,2
2023,21,MAYO,VE,30,9
2023,21,MAYO,VE,50,16
2023,21,MAYO,VE,100,24
2023,21,MAYO,VE,200,49
2023,21,MAYO,MX,10,0
2023,21,MAYO,MX,30,2
2023,21,MAYO,MX,50,3
2023,21,MAYO,MX,100,15
2023,21,MAYO,MX,200,39
2023,21,MAYO,SP,10,3
2023,21,MAYO,SP,30,8
2023,21,MAYO,SP,50,11
2023,21,MAYO,SP,100,22
2023,21,MAYO,SP,200,36
2023,21,MAYO,CL,10,2
2023,21,MAYO,CL,30,4
2023,21,MAYO,CL,50,10
2023,21,MAYO,CL,100,15
2023,21,MAYO,CL,200,32
2023,21,MAYO,AR,10,1
2023,21,MAYO,AR,30,3
2023,21,MAYO,AR,50,7
2023,21,MAYO,AR,100,11
2023,21,MAYO,AR,200,28
2023,21,MAYO,BR,10,1
2023,21,MAYO,BR,30,4
2023,21,MAYO,BR,50,6
2023,21,MAYO,BR,100,7
2023,21,MAYO,BR,200,15
2023,21,MAYO,PT,10,0
2023,21,MAYO,PT,30,0
2023,21,MAYO,PT,50,2
2023,21,MAYO,PT,100,8
2023,21,MAYO,PT,200,26
2023,22,JUNIO,CO,10,4
2023,22,JUNIO,CO,30,12
2023,22,JUNIO,CO,50,20
2023,22,JUNIO,CO,100,37
2023,22,JUNIO,CO,200,59
2023,22,JUNIO,PE,10,4
2023,22,JUNIO,PE,30,7
2023,22,JUNIO,PE,50,15
2023,22,JUNIO,PE,100,29
2023,22,JUNIO,PE,200,46
2023,22,JUNIO,EC,10,4
2023,22,JUNIO,EC,30,9
2023,22,JUNIO,EC,50,17
2023,22,JUNIO,EC,100,29
2023,22,JUNIO,EC,200,55
2023,22,JUNIO,PN,10,2
2023,22,JUNIO,PN,30,8
2023,22,JUNIO,PN,50,14
2023,22,JUNIO,PN,100,20
2023,22,JUNIO,PN,200,39
2023,22,JUNIO,CR,10,3
2023,22,JUNIO,CR,30,8
2023,22,JUNIO,CR,50,13
2023,22,JUNIO,CR,100,22
2023,22,JUNIO,CR,200,48
2023,22,JUNIO,GT,10,0
2023,22,JUNIO,GT,30,3
2023,22,JUNIO,GT,50,8
2023,22,JUNIO,GT,100,18
2023,22,JUNIO,GT,200,40
2023,22,JUNIO,SV,10,3
2023,22,JUNIO,SV,30,6
2023,22,JUNIO,SV,50,12
2023,22,JUNIO,SV,100,22
2023,22,JUNIO,SV,200,42
2023,22,JUNIO,HN,10,1
2023,22,JUNIO,HN,30,6
2023,22,JUNIO,HN,50,10
2023,22,JUNIO,HN,100,18
2023,22,JUNIO,HN,200,38
2023,22,JUNIO,NI,10,2
2023,22,JUNIO,NI,30,6
2023,22,JUNIO,NI,50,10
2023,22,JUNIO,NI,100,19
2023,22,JUNIO,NI,200,40
2023,22,JUNIO,DO,10,1
2023,22,JUNIO,DO,30,7
2023,22,JUNIO,DO,50,11
2023,22,JUNIO,DO,100,15
2023,22,JUNIO,DO,200,22
2023,22,JUNIO,VE,10,3
2023,22,JUNIO,VE,30,9
2023,22,JUNIO,VE,50,14
2023,22,JUNIO,VE,100,24
2023,22,JUNIO,VE,200,44
2023,22,JUNIO,MX,10,0
2023,22,JUNIO,MX,30,2
2023,22,JUNIO,MX,50,2
2023,22,JUNIO,MX,100,13
2023,22,JUNIO,MX,200,40
2023,22,JUNIO,SP,10,3
2023,22,JUNIO,SP,30,8
2023,22,JUNIO,SP,50,12
2023,22,JUNIO,SP,100,22
2023,22,JUNIO,SP,200,31
2023,22,JUNIO,CL,10,2
2023,22,JUNIO,CL,30,4
2023,22,JUNIO,CL,50,9
2023,22,JUNIO,CL,100,12
2023,22,JUNIO,CL,200,29
2023,22,JUNIO,AR,10,1
2023,22,JUNIO,AR,30,3
2023,22,JUNIO,AR,50,6
2023,22,JUNIO,AR,100,12
2023,22,JUNIO,AR,200,27
2023,22,JUNIO,BR,10,1
2023,22,JUNIO,BR,30,4
2023,22,JUNIO,BR,50,6
2023,22,JUNIO,BR,100,7
2023,22,JUNIO,BR,200,14
2023,22,JUNIO,PT,10,0
2023,22,JUNIO,PT,30,0
2023,22,JUNIO,PT,50,2
2023,22,JUNIO,PT,100,11
2023,22,JUNIO,PT,200,31
2023,23,JUNIO,CO,10,3
2023,23,JUNIO,CO,30,13
2023,23,JUNIO,CO,50,19
2023,23,JUNIO,CO,100,33
2023,23,JUNIO,CO,200,58
2023,23,JUNIO,PE,10,2
2023,23,JUNIO,PE,30,7
2023,23,JUNIO,PE,50,14
2023,23,JUNIO,PE,100,28
2023,23,JUNIO,PE,200,49
2023,23,JUNIO,EC,10,3
2023,23,JUNIO,EC,30,9
2023,23,JUNIO,EC,50,15
2023,23,JUNIO,EC,100,30
2023,23,JUNIO,EC,200,53
2023,23,JUNIO,PN,10,1
2023,23,JUNIO,PN,30,8
2023,23,JUNIO,PN,50,14
2023,23,JUNIO,PN,100,21
2023,23,JUNIO,PN,200,48
2023,23,JUNIO,CR,10,1
2023,23,JUNIO,CR,30,8
2023,23,JUNIO,CR,50,14
2023,23,JUNIO,CR,100,26
2023,23,JUNIO,CR,200,52
2023,23,JUNIO,GT,10,0
2023,23,JUNIO,GT,30,3
2023,23,JUNIO,GT,50,8
2023,23,JUNIO,GT,100,19
2023,23,JUNIO,GT,200,38
2023,23,JUNIO,SV,10,2
2023,23,JUNIO,SV,30,7
2023,23,JUNIO,SV,50,10
2023,23,JUNIO,SV,100,22
2023,23,JUNIO,SV,200,45
2023,23,JUNIO,HN,10,1
2023,23,JUNIO,HN,30,6
2023,23,JUNIO,HN,50,9
2023,23,JUNIO,HN,100,18
2023,23,JUNIO,HN,200,39
2023,23,JUNIO,NI,10,2
2023,23,JUNIO,NI,30,6
2023,23,JUNIO,NI,50,8
2023,23,JUNIO,NI,100,19
2023,23,JUNIO,NI,200,42
2023,23,JUNIO,DO,10,1
2023,23,JUNIO,DO,30,7
2023,23,JUNIO,DO,50,11
2023,23,JUNIO,DO,100,13
2023,23,JUNIO,DO,200,22
2023,23,JUNIO,VE,10,2
2023,23,JUNIO,VE,30,8
2023,23,JUNIO,VE,50,15
2023,23,JUNIO,VE,100,27
2023,23,JUNIO,VE,200,50
2023,23,JUNIO,MX,10,0
2023,23,JUNIO,MX,30,2
2023,23,JUNIO,MX,50,3
2023,23,JUNIO,MX,100,14
2023,23,JUNIO,MX,200,41
2023,23,JUNIO,SP,10,2
2023,23,JUNIO,SP,30,8
2023,23,JUNIO,SP,50,10
2023,23,JUNIO,SP,100,22
2023,23,JUNIO,SP,200,33
2023,23,JUNIO,CL,10,1
2023,23,JUNIO,CL,30,3
2023,23,JUNIO,CL,50,9
2023,23,JUNIO,CL,100,12
2023,23,JUNIO,CL,200,30
2023,23,JUNIO,AR,10,1
2023,23,JUNIO,AR,30,3
2023,23,JUNIO,AR,50,6
2023,23,JUNIO,AR,100,12
2023,23,JUNIO,AR,200,32
2023,23,JUNIO,BR,10,1
2023,23,JUNIO,BR,30,4
2023,23,JUNIO,BR,50,6
2023,23,JUNIO,BR,100,7
2023,23,JUNIO,BR,200,15
2023,23,JUNIO,PT,10,0
2023,23,JUNIO,PT,30,1
2023,23,JUNIO,PT,50,4
2023,23,JUNIO,PT,100,15
2023,23,JUNIO,PT,200,36
2023,24,JUNIO,CO,10,3
2023,24,JUNIO,CO,30,12
2023,24,JUNIO,CO,50,19
2023,24,JUNIO,CO,100,30
2023,24,JUNIO,CO,200,59
2023,24,JUNIO,PE,10,3
2023,24,JUNIO,PE,30,7
2023,24,JUNIO,PE,50,15
2023,24,JUNIO,PE,100,28
2023,24,JUNIO,PE,200,49
2023,24,JUNIO,EC,10,2
2023,24,JUNIO,EC,30,9
2023,24,JUNIO,EC,50,15
2023,24,JUNIO,EC,100,30
2023,24,JUNIO,EC,200,50
2023,24,JUNIO,PN,10,1
2023,24,JUNIO,PN,30,8
2023,24,JUNIO,PN,50,14
2023,24,JUNIO,PN,100,21
2023,24,JUNIO,PN,200,46
2023,24,JUNIO,CR,10,1
2023,24,JUNIO,CR,30,9
2023,24,JUNIO,CR,50,14
2023,24,JUNIO,CR,100,25
2023,24,JUNIO,CR,200,49
2023,24,JUNIO,GT,10,0
2023,24,JUNIO,GT,30,3
2023,24,JUNIO,GT,50,8
2023,24,JUNIO,GT,100,17
2023,24,JUNIO,GT,200,40
2023,24,JUNIO,SV,10,3
2023,24,JUNIO,SV,30,7
2023,24,JUNIO,SV,50,11
2023,24,JUNIO,SV,100,21
2023,24,JUNIO,SV,200,44
2023,24,JUNIO,HN,10,1
2023,24,JUNIO,HN,30,5
2023,24,JUNIO,HN,50,8
2023,24,JUNIO,HN,100,19
2023,24,JUNIO,HN,200,39
2023,24,JUNIO,NI,10,3
2023,24,JUNIO,NI,30,6
2023,24,JUNIO,NI,50,8
2023,24,JUNIO,NI,100,21
2023,24,JUNIO,NI,200,42
2023,24,JUNIO,DO,10,1
2023,24,JUNIO,DO,30,5
2023,24,JUNIO,DO,50,11
2023,24,JUNIO,DO,100,12
2023,24,JUNIO,DO,200,22
2023,24,JUNIO,VE,10,2
2023,24,JUNIO,VE,30,7
2023,24,JUNIO,VE,50,15
2023,24,JUNIO,VE,100,27
2023,24,JUNIO,VE,200,48
2023,24,JUNIO,MX,10,0
2023,24,JUNIO,MX,30,2
2023,24,JUNIO,MX,50,3
2023,24,JUNIO,MX,100,15
2023,24,JUNIO,MX,200,41
2023,24,JUNIO,SP,10,3
2023,24,JUNIO,SP,30,6
2023,24,JUNIO,SP,50,11
2023,24,JUNIO,SP,100,23
2023,24,JUNIO,SP,200,36
2023,24,JUNIO,CL,10,1
2023,24,JUNIO,CL,30,4
2023,24,JUNIO,CL,50,8
2023,24,JUNIO,CL,100,13
2023,24,JUNIO,CL,200,29
2023,24,JUNIO,AR,10,0
2023,24,JUNIO,AR,30,3
2023,24,JUNIO,AR,50,6
2023,24,JUNIO,AR,100,10
2023,24,JUNIO,AR,200,30
2023,24,JUNIO,BR,10,2
2023,24,JUNIO,BR,30,4
2023,24,JUNIO,BR,50,5
2023,24,JUNIO,BR,100,7
2023,24,JUNIO,BR,200,18
2023,24,JUNIO,PT,10,0
2023,24,JUNIO,PT,30,1
2023,24,JUNIO,PT,50,3
2023,24,JUNIO,PT,100,13
2023,24,JUNIO,PT,200,35
2023,25,JUNIO,CO,10,3
2023,25,JUNIO,CO,30,12
2023,25,JUNIO,CO,50,18
2023,25,JUNIO,CO,100,35
2023,25,JUNIO,CO,200,60
2023,25,JUNIO,PE,10,2
2023,25,JUNIO,PE,30,9
2023,25,JUNIO,PE,50,13
2023,25,JUNIO,PE,100,27
2023,25,JUNIO,PE,200,49
2023,25,JUNIO,EC,10,3
2023,25,JUNIO,EC,30,10
2023,25,JUNIO,EC,50,17
2023,25,JUNIO,EC,100,28
2023,25,JUNIO,EC,200,49
2023,25,JUNIO,PN,10,1
2023,25,JUNIO,PN,30,7
2023,25,JUNIO,PN,50,13
2023,25,JUNIO,PN,100,19
2023,25,JUNIO,PN,200,42
2023,25,JUNIO,CR,10,1
2023,25,JUNIO,CR,30,9
2023,25,JUNIO,CR,50,14
2023,25,JUNIO,CR,100,25
2023,25,JUNIO,CR,200,49
2023,25,JUNIO,GT,10,0
2023,25,JUNIO,GT,30,3
2023,25,JUNIO,GT,50,8
2023,25,JUNIO,GT,100,17
2023,25,JUNIO,GT,200,40
2023,25,JUNIO,SV,10,2
2023,25,JUNIO,SV,30,7
2023,25,JUNIO,SV,50,10
2023,25,JUNIO,SV,100,21
2023,25,JUNIO,SV,200,43
2023,25,JUNIO,HN,10,2
2023,25,JUNIO,HN,30,6
2023,25,JUNIO,HN,50,8
2023,25,JUNIO,HN,100,19
2023,25,JUNIO,HN,200,38
2023,25,JUNIO,NI,10,3
2023,25,JUNIO,NI,30,6
2023,25,JUNIO,NI,50,8
2023,25,JUNIO,NI,100,19
2023,25,JUNIO,NI,200,42
2023,25,JUNIO,DO,10,1
2023,25,JUNIO,DO,30,6
2023,25,JUNIO,DO,50,11
2023,25,JUNIO,DO,100,12
2023,25,JUNIO,DO,200,20
2023,25,JUNIO,VE,10,3
2023,25,JUNIO,VE,30,7
2023,25,JUNIO,VE,50,14
2023,25,JUNIO,VE,100,26
2023,25,JUNIO,VE,200,47
2023,25,JUNIO,MX,10,0
2023,25,JUNIO,MX,30,2
2023,25,JUNIO,MX,50,4
2023,25,JUNIO,MX,100,14
2023,25,JUNIO,MX,200,43
2023,25,JUNIO,SP,10,2
2023,25,JUNIO,SP,30,7
2023,25,JUNIO,SP,50,10
2023,25,JUNIO,SP,100,22
2023,25,JUNIO,SP,200,33
2023,25,JUNIO,CL,10,1
2023,25,JUNIO,CL,30,3
2023,25,JUNIO,CL,50,9
2023,25,JUNIO,CL,100,12
2023,25,JUNIO,CL,200,30
2023,25,JUNIO,AR,10,1
2023,25,JUNIO,AR,30,3
2023,25,JUNIO,AR,50,6
2023,25,JUNIO,AR,100,11
2023,25,JUNIO,AR,200,26
2023,25,JUNIO,BR,10,2
2023,25,JUNIO,BR,30,4
2023,25,JUNIO,BR,50,6
2023,25,JUNIO,BR,100,8
2023,25,JUNIO,BR,200,15
2023,25,JUNIO,PT,10,0
2023,25,JUNIO,PT,30,0
2023,25,JUNIO,PT,50,2
2023,25,JUNIO,PT,100,15
2023,25,JUNIO,PT,200,35
2023,26,JUNIO,CO,10,3
2023,26,JUNIO,CO,30,12
2023,26,JUNIO,CO,50,18
2023,26,JUNIO,CO,100,30
2023,26,JUNIO,CO,200,57
2023,26,JUNIO,PE,10,3
2023,26,JUNIO,PE,30,9
2023,26,JUNIO,PE,50,13
2023,26,JUNIO,PE,100,24
2023,26,JUNIO,PE,200,47
2023,26,JUNIO,EC,10,3
2023,26,JUNIO,EC,30,8
2023,26,JUNIO,EC,50,17
2023,26,JUNIO,EC,100,27
2023,26,JUNIO,EC,200,47
2023,26,JUNIO,PN,10,1
2023,26,JUNIO,PN,30,7
2023,26,JUNIO,PN,50,12
2023,26,JUNIO,PN,100,18
2023,26,JUNIO,PN,200,40
2023,26,JUNIO,CR,10,1
2023,26,JUNIO,CR,30,8
2023,26,JUNIO,CR,50,13
2023,26,JUNIO,CR,100,22
2023,26,JUNIO,CR,200,44
2023,26,JUNIO,GT,10,0
2023,26,JUNIO,GT,30,3
2023,26,JUNIO,GT,50,7
2023,26,JUNIO,GT,100,13
2023,26,JUNIO,GT,200,36
2023,26,JUNIO,SV,10,2
2023,26,JUNIO,SV,30,7
2023,26,JUNIO,SV,50,9
2023,26,JUNIO,SV,100,20
2023,26,JUNIO,SV,200,41
2023,26,JUNIO,HN,10,1
2023,26,JUNIO,HN,30,7
2023,26,JUNIO,HN,50,8
2023,26,JUNIO,HN,100,18
2023,26,JUNIO,HN,200,35
2023,26,JUNIO,NI,10,2
2023,26,JUNIO,NI,30,5
2023,26,JUNIO,NI,50,8
2023,26,JUNIO,NI,100,18
2023,26,JUNIO,NI,200,38
2023,26,JUNIO,DO,10,1
2023,26,JUNIO,DO,30,5
2023,26,JUNIO,DO,50,10
2023,26,JUNIO,DO,100,16
2023,26,JUNIO,DO,200,21
2023,26,JUNIO,VE,10,2
2023,26,JUNIO,VE,30,7
2023,26,JUNIO,VE,50,14
2023,26,JUNIO,VE,100,24
2023,26,JUNIO,VE,200,48
2023,26,JUNIO,MX,10,0
2023,26,JUNIO,MX,30,1
2023,26,JUNIO,MX,50,3
2023,26,JUNIO,MX,100,9
2023,26,JUNIO,MX,200,39
2023,26,JUNIO,SP,10,1
2023,26,JUNIO,SP,30,6
2023,26,JUNIO,SP,50,11
2023,26,JUNIO,SP,100,22
2023,26,JUNIO,SP,200,35
2023,26,JUNIO,CL,10,1
2023,26,JUNIO,CL,30,3
2023,26,JUNIO,CL,50,6
2023,26,JUNIO,CL,100,13
2023,26,JUNIO,CL,200,28
2023,26,JUNIO,AR,10,0
2023,26,JUNIO,AR,30,3
2023,26,JUNIO,AR,50,3
2023,26,JUNIO,AR,100,9
2023,26,JUNIO,AR,200,23
2023,26,JUNIO,BR,10,1
2023,26,JUNIO,BR,30,4
2023,26,JUNIO,BR,50,6
2023,26,JUNIO,BR,100,9
2023,26,JUNIO,BR,200,16
2023,26,JUNIO,PT,10,0
2023,26,JUNIO,PT,30,0
2023,26,JUNIO,PT,50,2
2023,26,JUNIO,PT,100,11
2023,26,JUNIO,PT,200,31
2023,27,JULIO,CO,10,2
2023,27,JULIO,CO,30,11
2023,27,JULIO,CO,50,17
2023,27,JULIO,CO,100,30
2023,27,JULIO,CO,200,52
2023,27,JULIO,PE,10,3
2023,27,JULIO,PE,30,10
2023,27,JULIO,PE,50,14
2023,27,JULIO,PE,100,26
2023,27,JULIO,PE,200,45
2023,27,JULIO,EC,10,2
2023,27,JULIO,EC,30,9
2023,27,JULIO,EC,50,16
2023,27,JULIO,EC,100,23
2023,27,JULIO,EC,200,44
2023,27,JULIO,PN,10,1
2023,27,JULIO,PN,30,5
2023,27,JULIO,PN,50,9
2023,27,JULIO,PN,100,16
2023,27,JULIO,PN,200,32
2023,27,JULIO,CR,10,1
2023,27,JULIO,CR,30,8
2023,27,JULIO,CR,50,13
2023,27,JULIO,CR,100,21
2023,27,JULIO,CR,200,40
2023,27,JULIO,GT,10,0
2023,27,JULIO,GT,30,3
2023,27,JULIO,GT,50,7
2023,27,JULIO,GT,100,15
2023,27,JULIO,GT,200,34
2023,27,JULIO,SV,10,2
2023,27,JULIO,SV,30,7
2023,27,JULIO,SV,50,8
2023,27,JULIO,SV,100,20
2023,27,JULIO,SV,200,39
2023,27,JULIO,HN,10,1
2023,27,JULIO,HN,30,6
2023,27,JULIO,HN,50,7
2023,27,JULIO,HN,100,15
2023,27,JULIO,HN,200,34
2023,27,JULIO,NI,10,1
2023,27,JULIO,NI,30,5
2023,27,JULIO,NI,50,9
2023,27,JULIO,NI,100,18
2023,27,JULIO,NI,200,38
2023,27,JULIO,DO,10,0
2023,27,JULIO,DO,30,5
2023,27,JULIO,DO,50,9
2023,27,JULIO,DO,100,14
2023,27,JULIO,DO,200,22
2023,27,JULIO,VE,10,1
2023,27,JULIO,VE,30,5
2023,27,JULIO,VE,50,9
2023,27,JULIO,VE,100,21
2023,27,JULIO,VE,200,42
2023,27,JULIO,MX,10,0
2023,27,JULIO,MX,30,0
2023,27,JULIO,MX,50,2
2023,27,JULIO,MX,100,9
2023,27,JULIO,MX,200,32
2023,27,JULIO,SP,10,1
2023,27,JULIO,SP,30,5
2023,27,JULIO,SP,50,11
2023,27,JULIO,SP,100,23
2023,27,JULIO,SP,200,33
2023,27,JULIO,CL,10,1
2023,27,JULIO,CL,30,3
2023,27,JULIO,CL,50,6
2023,27,JULIO,CL,100,14
2023,27,JULIO,CL,200,25
2023,27,JULIO,AR,10,0
2023,27,JULIO,AR,30,2
2023,27,JULIO,AR,50,5
2023,27,JULIO,AR,100,9
2023,27,JULIO,AR,200,25
2023,27,JULIO,BR,10,1
2023,27,JULIO,BR,30,3
2023,27,JULIO,BR,50,7
2023,27,JULIO,BR,100,9
2023,27,JULIO,BR,200,15
2023,27,JULIO,PT,10,1
2023,27,JULIO,PT,30,1
2023,27,JULIO,PT,50,2
2023,27,JULIO,PT,100,11
2023,27,JULIO,PT,200,25
2023,28,JULIO,CO,10,3
2023,28,JULIO,CO,30,12
2023,28,JULIO,CO,50,17
2023,28,JULIO,CO,100,30
2023,28,JULIO,CO,200,55
2023,28,JULIO,PE,10,3
2023,28,JULIO,PE,30,9
2023,28,JULIO,PE,50,13
2023,28,JULIO,PE,100,25
2023,28,JULIO,PE,200,49
2023,28,JULIO,EC,10,3
2023,28,JULIO,EC,30,8
2023,28,JULIO,EC,50,16
2023,28,JULIO,EC,100,22
2023,28,JULIO,EC,200,45
2023,28,JULIO,PN,10,1
2023,28,JULIO,PN,30,6
2023,28,JULIO,PN,50,12
2023,28,JULIO,PN,100,16
2023,28,JULIO,PN,200,34
2023,28,JULIO,CR,10,1
2023,28,JULIO,CR,30,8
2023,28,JULIO,CR,50,12
2023,28,JULIO,CR,100,23
2023,28,JULIO,CR,200,43
2023,28,JULIO,GT,10,0
2023,28,JULIO,GT,30,4
2023,28,JULIO,GT,50,7
2023,28,JULIO,GT,100,15
2023,28,JULIO,GT,200,37
2023,28,JULIO,SV,10,2
2023,28,JULIO,SV,30,7
2023,28,JULIO,SV,50,10
2023,28,JULIO,SV,100,19
2023,28,JULIO,SV,200,35
2023,28,JULIO,HN,10,1
2023,28,JULIO,HN,30,6
2023,28,JULIO,HN,50,8
2023,28,JULIO,HN,100,17
2023,28,JULIO,HN,200,32
2023,28,JULIO,NI,10,2
2023,28,JULIO,NI,30,5
2023,28,JULIO,NI,50,9
2023,28,JULIO,NI,100,16
2023,28,JULIO,NI,200,39
2023,28,JULIO,DO,10,1
2023,28,JULIO,DO,30,7
2023,28,JULIO,DO,50,11
2023,28,JULIO,DO,100,14
2023,28,JULIO,DO,200,22
2023,28,JULIO,VE,10,2
2023,28,JULIO,VE,30,7
2023,28,JULIO,VE,50,12
2023,28,JULIO,VE,100,23
2023,28,JULIO,VE,200,42
2023,28,JULIO,MX,10,0
2023,28,JULIO,MX,30,1
2023,28,JULIO,MX,50,3
2023,28,JULIO,MX,100,10
2023,28,JULIO,MX,200,38
2023,28,JULIO,SP,10,1
2023,28,JULIO,SP,30,6
2023,28,JULIO,SP,50,10
2023,28,JULIO,SP,100,22
2023,28,JULIO,SP,200,35
2023,28,JULIO,CL,10,1
2023,28,JULIO,CL,30,4
2023,28,JULIO,CL,50,6
2023,28,JULIO,CL,100,13
2023,28,JULIO,CL,200,27
2023,28,JULIO,AR,10,0
2023,28,JULIO,AR,30,2
2023,28,JULIO,AR,50,5
2023,28,JULIO,AR,100,8
2023,28,JULIO,AR,200,27
2023,28,JULIO,BR,10,1
2023,28,JULIO,BR,30,3
2023,28,JULIO,BR,50,6
2023,28,JULIO,BR,100,10
2023,28,JULIO,BR,200,20
2023,28,JULIO,PT,10,0
2023,28,JULIO,PT,30,1
2023,28,JULIO,PT,50,2
2023,28,JULIO,PT,100,12
2023,28,JULIO,PT,200,33
2023,29,JULIO,CO,10,3
2023,29,JULIO,CO,30,12
2023,29,JULIO,CO,50,17
2023,29,JULIO,CO,100,35
2023,29,JULIO,CO,200,55
2023,29,JULIO,PE,10,2
2023,29,JULIO,PE,30,10
2023,29,JULIO,PE,50,13
2023,29,JULIO,PE,100,25
2023,29,JULIO,PE,200,44
2023,29,JULIO,EC,10,2
2023,29,JULIO,EC,30,9
2023,29,JULIO,EC,50,17
2023,29,JULIO,EC,100,25
2023,29,JULIO,EC,200,44
2023,29,JULIO,PN,10,1
2023,29,JULIO,PN,30,6
2023,29,JULIO,PN,50,13
2023,29,JULIO,PN,100,18
2023,29,JULIO,PN,200,35
2023,29,JULIO,CR,10,1
2023,29,JULIO,CR,30,8
2023,29,JULIO,CR,50,13
2023,29,JULIO,CR,100,22
2023,29,JULIO,CR,200,42
2023,29,JULIO,GT,10,0
2023,29,JULIO,GT,30,3
2023,29,JULIO,GT,50,6
2023,29,JULIO,GT,100,16
2023,29,JULIO,GT,200,36
2023,29,JULIO,SV,10,1
2023,29,JULIO,SV,30,6
2023,29,JULIO,SV,50,10
2023,29,JULIO,SV,100,21
2023,29,JULIO,SV,200,34
2023,29,JULIO,HN,10,1
2023,29,JULIO,HN,30,4
2023,29,JULIO,HN,50,8
2023,29,JULIO,HN,100,18
2023,29,JULIO,HN,200,34
2023,29,JULIO,NI,10,1
2023,29,JULIO,NI,30,5
2023,29,JULIO,NI,50,9
2023,29,JULIO,NI,100,18
2023,29,JULIO,NI,200,38
2023,29,JULIO,DO,10,2
2023,29,JULIO,DO,30,7
2023,29,JULIO,DO,50,12
2023,29,JULIO,DO,100,15
2023,29,JULIO,DO,200,23
2023,29,JULIO,VE,10,2
2023,29,JULIO,VE,30,9
2023,29,JULIO,VE,50,14
2023,29,JULIO,VE,100,22
2023,29,JULIO,VE,200,44
2023,29,JULIO,MX,10,0
2023,29,JULIO,MX,30,1
2023,29,JULIO,MX,50,4
2023,29,JULIO,MX,100,13
2023,29,JULIO,MX,200,37
2023,29,JULIO,SP,10,1
2023,29,JULIO,SP,30,5
2023,29,JULIO,SP,50,11
2023,29,JULIO,SP,100,22
2023,29,JULIO,SP,200,35
2023,29,JULIO,CL,10,1
2023,29,JULIO,CL,30,4
2023,29,JULIO,CL,50,7
2023,29,JULIO,CL,100,14
2023,29,JULIO,CL,200,27
2023,29,JULIO,AR,10,0
2023,29,JULIO,AR,30,2
2023,29,JULIO,AR,50,3
2023,29,JULIO,AR,100,10
2023,29,JULIO,AR,200,21
2023,29,JULIO,BR,10,1
2023,29,JULIO,BR,30,3
2023,29,JULIO,BR,50,5
2023,29,JULIO,BR,100,7
2023,29,JULIO,BR,200,16
2023,29,JULIO,PT,10,0
2023,29,JULIO,PT,30,0
2023,29,JULIO,PT,50,2
2023,29,JULIO,PT,100,11
2023,29,JULIO,PT,200,27
2023,30,JULIO,CO,10,3
2023,30,JULIO,CO,30,11
2023,30,JULIO,CO,50,17
2023,30,JULIO,CO,100,33
2023,30,JULIO,CO,200,56
2023,30,JULIO,PE,10,2
2023,30,JULIO,PE,30,9
2023,30,JULIO,PE,50,13
2023,30,JULIO,PE,100,25
2023,30,JULIO,PE,200,45
2023,30,JULIO,EC,10,2
2023,30,JULIO,EC,30,10
2023,30,JULIO,EC,50,16
2023,30,JULIO,EC,100,23
2023,30,JULIO,EC,200,48
2023,30,JULIO,PN,10,1
2023,30,JULIO,PN,30,5
2023,30,JULIO,PN,50,13
2023,30,JULIO,PN,100,20
2023,30,JULIO,PN,200,35
2023,30,JULIO,CR,10,1
2023,30,JULIO,CR,30,7
2023,30,JULIO,CR,50,14
2023,30,JULIO,CR,100,23
2023,30,JULIO,CR,200,38
2023,30,JULIO,GT,10,0
2023,30,JULIO,GT,30,3
2023,30,JULIO,GT,50,6
2023,30,JULIO,GT,100,18
2023,30,JULIO,GT,200,40
2023,30,JULIO,SV,10,1
2023,30,JULIO,SV,30,7
2023,30,JULIO,SV,50,10
2023,30,JULIO,SV,100,20
2023,30,JULIO,SV,200,39
2023,30,JULIO,HN,10,1
2023,30,JULIO,HN,30,3
2023,30,JULIO,HN,50,9
2023,30,JULIO,HN,100,18
2023,30,JULIO,HN,200,36
2023,30,JULIO,NI,10,1
2023,30,JULIO,NI,30,5
2023,30,JULIO,NI,50,9
2023,30,JULIO,NI,100,18
2023,30,JULIO,NI,200,42
2023,30,JULIO,DO,10,1
2023,30,JULIO,DO,30,5
2023,30,JULIO,DO,50,12
2023,30,JULIO,DO,100,16
2023,30,JULIO,DO,200,27
2023,30,JULIO,VE,10,2
2023,30,JULIO,VE,30,7
2023,30,JULIO,VE,50,14
2023,30,JULIO,VE,100,22
2023,30,JULIO,VE,200,44
2023,30,JULIO,MX,10,0
2023,30,JULIO,MX,30,2
2023,30,JULIO,MX,50,4
2023,30,JULIO,MX,100,12
2023,30,JULIO,MX,200,39
2023,30,JULIO,SP,10,1
2023,30,JULIO,SP,30,5
2023,30,JULIO,SP,50,11
2023,30,JULIO,SP,100,22
2023,30,JULIO,SP,200,37
2023,30,JULIO,CL,10,1
2023,30,JULIO,CL,30,4
2023,30,JULIO,CL,50,8
2023,30,JULIO,CL,100,14
2023,30,JULIO,CL,200,28
2023,30,JULIO,AR,10,0
2023,30,JULIO,AR,30,2
2023,30,JULIO,AR,50,3
2023,30,JULIO,AR,100,9
2023,30,JULIO,AR,200,20
2023,30,JULIO,BR,10,1
2023,30,JULIO,BR,30,4
2023,30,JULIO,BR,50,6
2023,30,JULIO,BR,100,8
2023,30,JULIO,BR,200,16
2023,30,JULIO,PT,10,0
2023,30,JULIO,PT,30,0
2023,30,JULIO,PT,50,3
2023,30,JULIO,PT,100,11
2023,30,JULIO,PT,200,29
2023,31,AGOSTO,CO,10,4
2023,31,AGOSTO,CO,30,10
2023,31,AGOSTO,CO,50,17
2023,31,AGOSTO,CO,100,33
2023,31,AGOSTO,CO,200,56
2023,31,AGOSTO,PE,10,2
2023,31,AGOSTO,PE,30,9
2023,31,AGOSTO,PE,50,14
2023,31,AGOSTO,PE,100,22
2023,31,AGOSTO,PE,200,47
2023,31,AGOSTO,EC,10,2
2023,31,AGOSTO,EC,30,10
2023,31,AGOSTO,EC,50,17
2023,31,AGOSTO,EC,100,24
2023,31,AGOSTO,EC,200,49
2023,31,AGOSTO,PN,10,1
2023,31,AGOSTO,PN,30,5
2023,31,AGOSTO,PN,50,13
2023,31,AGOSTO,PN,100,21
2023,31,AGOSTO,PN,200,34
2023,31,AGOSTO,CR,10,1
2023,31,AGOSTO,CR,30,7
2023,31,AGOSTO,CR,50,10
2023,31,AGOSTO,CR,100,23
2023,31,AGOSTO,CR,200,36
2023,31,AGOSTO,GT,10,0
2023,31,AGOSTO,GT,30,3
2023,31,AGOSTO,GT,50,7
2023,31,AGOSTO,GT,100,20
2023,31,AGOSTO,GT,200,40
2023,31,AGOSTO,SV,10,1
2023,31,AGOSTO,SV,30,6
2023,31,AGOSTO,SV,50,10
2023,31,AGOSTO,SV,100,20
2023,31,AGOSTO,SV,200,39
2023,31,AGOSTO,HN,10,1
2023,31,AGOSTO,HN,30,3
2023,31,AGOSTO,HN,50,8
2023,31,AGOSTO,HN,100,19
2023,31,AGOSTO,HN,200,39
2023,31,AGOSTO,NI,10,1
2023,31,AGOSTO,NI,30,4
2023,31,AGOSTO,NI,50,7
2023,31,AGOSTO,NI,100,19
2023,31,AGOSTO,NI,200,40
2023,31,AGOSTO,DO,10,1
2023,31,AGOSTO,DO,30,5
2023,31,AGOSTO,DO,50,12
2023,31,AGOSTO,DO,100,18
2023,31,AGOSTO,DO,200,28
2023,31,AGOSTO,VE,10,3
2023,31,AGOSTO,VE,30,10
2023,31,AGOSTO,VE,50,15
2023,31,AGOSTO,VE,100,25
2023,31,AGOSTO,VE,200,44
2023,31,AGOSTO,MX,10,0
2023,31,AGOSTO,MX,30,2
2023,31,AGOSTO,MX,50,5
2023,31,AGOSTO,MX,100,16
2023,31,AGOSTO,MX,200,40
2023,31,AGOSTO,SP,10,1
2023,31,AGOSTO,SP,30,5
2023,31,AGOSTO,SP,50,12
2023,31,AGOSTO,SP,100,22
2023,31,AGOSTO,SP,200,38
2023,31,AGOSTO,CL,10,2
2023,31,AGOSTO,CL,30,5
2023,31,AGOSTO,CL,50,8
2023,31,AGOSTO,CL,100,15
2023,31,AGOSTO,CL,200,29
2023,31,AGOSTO,AR,10,0
2023,31,AGOSTO,AR,30,2
2023,31,AGOSTO,AR,50,3
2023,31,AGOSTO,AR,100,9
2023,31,AGOSTO,AR,200,22
2023,31,AGOSTO,BR,10,1
2023,31,AGOSTO,BR,30,3
2023,31,AGOSTO,BR,50,5
2023,31,AGOSTO,BR,100,8
2023,31,AGOSTO,BR,200,14
2023,31,AGOSTO,PT,10,0
2023,31,AGOSTO,PT,30,1
2023,31,AGOSTO,PT,50,2
2023,31,AGOSTO,PT,100,7
2023,31,AGOSTO,PT,200,28
2023,32,AGOSTO,CO,10,4
2023,32,AGOSTO,CO,30,11
2023,32,AGOSTO,CO,50,19
2023,32,AGOSTO,CO,100,34
2023,32,AGOSTO,CO,200,56
2023,32,AGOSTO,PE,10,2
2023,32,AGOSTO,PE,30,9
2023,32,AGOSTO,PE,50,13
2023,32,AGOSTO,PE,100,24
2023,32,AGOSTO,PE,200,47
2023,32,AGOSTO,EC,10,2
2023,32,AGOSTO,EC,30,10
2023,32,AGOSTO,EC,50,19
2023,32,AGOSTO,EC,100,27
2023,32,AGOSTO,EC,200,50
2023,32,AGOSTO,PN,10,2
2023,32,AGOSTO,PN,30,6
2023,32,AGOSTO,PN,50,13
2023,32,AGOSTO,PN,100,22
2023,32,AGOSTO,PN,200,32
2023,32,AGOSTO,CR,10,1
2023,32,AGOSTO,CR,30,8
2023,32,AGOSTO,CR,50,13
2023,32,AGOSTO,CR,100,26
2023,32,AGOSTO,CR,200,40
2023,32,AGOSTO,GT,10,0
2023,32,AGOSTO,GT,30,2
2023,32,AGOSTO,GT,50,7
2023,32,AGOSTO,GT,100,20
2023,32,AGOSTO,GT,200,39
2023,32,AGOSTO,SV,10,1
2023,32,AGOSTO,SV,30,6
2023,32,AGOSTO,SV,50,11
2023,32,AGOSTO,SV,100,21
2023,32,AGOSTO,SV,200,41
2023,32,AGOSTO,HN,10,1
2023,32,AGOSTO,HN,30,3
2023,32,AGOSTO,HN,50,10
2023,32,AGOSTO,HN,100,20
2023,32,AGOSTO,HN,200,34
2023,32,AGOSTO,NI,10,1
2023,32,AGOSTO,NI,30,5
2023,32,AGOSTO,NI,50,8
2023,32,AGOSTO,NI,100,17
2023,32,AGOSTO,NI,200,39
2023,32,AGOSTO,DO,10,1
2023,32,AGOSTO,DO,30,6
2023,32,AGOSTO,DO,50,12
2023,32,AGOSTO,DO,100,18
2023,32,AGOSTO,DO,200,27
2023,32,AGOSTO,VE,10,4
2023,32,AGOSTO,VE,30,11
2023,32,AGOSTO,VE,50,16
2023,32,AGOSTO,VE,100,26
2023,32,AGOSTO,VE,200,47
2023,32,AGOSTO,MX,10,0
2023,32,AGOSTO,MX,30,2
2023,32,AGOSTO,MX,50,5
2023,32,AGOSTO,MX,100,16
2023,32,AGOSTO,MX,200,38
2023,32,AGOSTO,SP,10,1
2023,32,AGOSTO,SP,30,7
2023,32,AGOSTO,SP,50,12
2023,32,AGOSTO,SP,100,23
2023,32,AGOSTO,SP,200,38
2023,32,AGOSTO,CL,10,3
2023,32,AGOSTO,CL,30,5
2023,32,AGOSTO,CL,50,8
2023,32,AGOSTO,CL,100,17
2023,32,AGOSTO,CL,200,28
2023,32,AGOSTO,AR,10,0
2023,32,AGOSTO,AR,30,3
2023,32,AGOSTO,AR,50,3
2023,32,AGOSTO,AR,100,10
2023,32,AGOSTO,AR,200,22
2023,32,AGOSTO,BR,10,0
2023,32,AGOSTO,BR,30,2
2023,32,AGOSTO,BR,50,4
2023,32,AGOSTO,BR,100,8
2023,32,AGOSTO,BR,200,13
2023,32,AGOSTO,PT,10,0
2023,32,AGOSTO,PT,30,1
2023,32,AGOSTO,PT,50,3
2023,32,AGOSTO,PT,100,9
2023,32,AGOSTO,PT,200,29
2023,33,AGOSTO,CO,10,6
2023,33,AGOSTO,CO,30,16
2023,33,AGOSTO,CO,50,24
2023,33,AGOSTO,CO,100,40
2023,33,AGOSTO,CO,200,65
2023,33,AGOSTO,PE,10,3
2023,33,AGOSTO,PE,30,12
2023,33,AGOSTO,PE,50,17
2023,33,AGOSTO,PE,100,31
2023,33,AGOSTO,PE,200,56
2023,33,AGOSTO,EC,10,4
2023,33,AGOSTO,EC,30,13
2023,33,AGOSTO,EC,50,19
2023,33,AGOSTO,EC,100,32
2023,33,AGOSTO,EC,200,58
2023,33,AGOSTO,PN,10,3
2023,33,AGOSTO,PN,30,8
2023,33,AGOSTO,PN,50,17
2023,33,AGOSTO,PN,100,27
2023,33,AGOSTO,PN,200,43
2023,33,AGOSTO,CR,10,3
2023,33,AGOSTO,CR,30,10
2023,33,AGOSTO,CR,50,16
2023,33,AGOSTO,CR,100,31
2023,33,AGOSTO,CR,200,50
2023,33,AGOSTO,GT,10,1
2023,33,AGOSTO,GT,30,4
2023,33,AGOSTO,GT,50,9
2023,33,AGOSTO,GT,100,22
2023,33,AGOSTO,GT,200,46
2023,33,AGOSTO,SV,10,2
2023,33,AGOSTO,SV,30,8
2023,33,AGOSTO,SV,50,14
2023,33,AGOSTO,SV,100,26
2023,33,AGOSTO,SV,200,46
2023,33,AGOSTO,HN,10,2
2023,33,AGOSTO,HN,30,5
2023,33,AGOSTO,HN,50,13
2023,33,AGOSTO,HN,100,23
2023,33,AGOSTO,HN,200,41
2023,33,AGOSTO,NI,10,1
2023,33,AGOSTO,NI,30,6
2023,33,AGOSTO,NI,50,12
2023,33,AGOSTO,NI,100,19
2023,33,AGOSTO,NI,200,43
2023,33,AGOSTO,DO,10,2
2023,33,AGOSTO,DO,30,7
2023,33,AGOSTO,DO,50,13
2023,33,AGOSTO,DO,100,24
2023,33,AGOSTO,DO,200,33
2023,33,AGOSTO,VE,10,5
2023,33,AGOSTO,VE,30,10
2023,33,AGOSTO,VE,50,19
2023,33,AGOSTO,VE,100,31
2023,33,AGOSTO,VE,200,54
2023,33,AGOSTO,MX,10,0
2023,33,AGOSTO,MX,30,3
2023,33,AGOSTO,MX,50,7
2023,33,AGOSTO,MX,100,16
2023,33,AGOSTO,MX,200,44
2023,33,AGOSTO,SP,10,2
2023,33,AGOSTO,SP,30,7
2023,33,AGOSTO,SP,50,13
2023,33,AGOSTO,SP,100,26
2023,33,AGOSTO,SP,200,45
2023,33,AGOSTO,CL,10,4
2023,33,AGOSTO,CL,30,11
2023,33,AGOSTO,CL,50,13
2023,33,AGOSTO,CL,100,24
2023,33,AGOSTO,CL,200,39
2023,33,AGOSTO,AR,10,0
2023,33,AGOSTO,AR,30,3
2023,33,AGOSTO,AR,50,3
2023,33,AGOSTO,AR,100,12
2023,33,AGOSTO,AR,200,25
2023,33,AGOSTO,BR,10,0
2023,33,AGOSTO,BR,30,3
2023,33,AGOSTO,BR,50,4
2023,33,AGOSTO,BR,100,8
2023,33,AGOSTO,BR,200,23
2023,33,AGOSTO,PT,10,0
2023,33,AGOSTO,PT,30,1
2023,33,AGOSTO,PT,50,4
2023,33,AGOSTO,PT,100,9
2023,33,AGOSTO,PT,200,30
2023,34,AGOSTO,CO,10,5
2023,34,AGOSTO,CO,30,14
2023,34,AGOSTO,CO,50,20
2023,34,AGOSTO,CO,100,39
2023,34,AGOSTO,CO,200,63
2023,34,AGOSTO,PE,10,3
2023,34,AGOSTO,PE,30,13
2023,34,AGOSTO,PE,50,16
2023,34,AGOSTO,PE,100,29
2023,34,AGOSTO,PE,200,52
2023,34,AGOSTO,EC,10,5
2023,34,AGOSTO,EC,30,14
2023,34,AGOSTO,EC,50,20
2023,34,AGOSTO,EC,100,31
2023,34,AGOSTO,EC,200,55
2023,34,AGOSTO,PN,10,3
2023,34,AGOSTO,PN,30,9
2023,34,AGOSTO,PN,50,14
2023,34,AGOSTO,PN,100,25
2023,34,AGOSTO,PN,200,39
2023,34,AGOSTO,CR,10,3
2023,34,AGOSTO,CR,30,10
2023,34,AGOSTO,CR,50,16
2023,34,AGOSTO,CR,100,28
2023,34,AGOSTO,CR,200,49
2023,34,AGOSTO,GT,10,2
2023,34,AGOSTO,GT,30,5
2023,34,AGOSTO,GT,50,10
2023,34,AGOSTO,GT,100,22
2023,34,AGOSTO,GT,200,44
2023,34,AGOSTO,SV,10,4
2023,34,AGOSTO,SV,30,8
2023,34,AGOSTO,SV,50,14
2023,34,AGOSTO,SV,100,26
2023,34,AGOSTO,SV,200,43
2023,34,AGOSTO,HN,10,2
2023,34,AGOSTO,HN,30,7
2023,34,AGOSTO,HN,50,13
2023,34,AGOSTO,HN,100,20
2023,34,AGOSTO,HN,200,38
2023,34,AGOSTO,NI,10,2
2023,34,AGOSTO,NI,30,7
2023,34,AGOSTO,NI,50,12
2023,34,AGOSTO,NI,100,19
2023,34,AGOSTO,NI,200,42
2023,34,AGOSTO,DO,10,2
2023,34,AGOSTO,DO,30,8
2023,34,AGOSTO,DO,50,13
2023,34,AGOSTO,DO,100,18
2023,34,AGOSTO,DO,200,28
2023,34,AGOSTO,VE,10,4
2023,34,AGOSTO,VE,30,12
2023,34,AGOSTO,VE,50,19
2023,34,AGOSTO,VE,100,27
2023,34,AGOSTO,VE,200,51
2023,34,AGOSTO,MX,10,1
2023,34,AGOSTO,MX,30,4
2023,34,AGOSTO,MX,50,9
2023,34,AGOSTO,MX,100,17
2023,34,AGOSTO,MX,200,43
2023,34,AGOSTO,SP,10,2
2023,34,AGOSTO,SP,30,5
2023,34,AGOSTO,SP,50,13
2023,34,AGOSTO,SP,100,24
2023,34,AGOSTO,SP,200,41
2023,34,AGOSTO,CL,10,4
2023,34,AGOSTO,CL,30,9
2023,34,AGOSTO,CL,50,12
2023,34,AGOSTO,CL,100,21
2023,34,AGOSTO,CL,200,36
2023,34,AGOSTO,AR,10,0
2023,34,AGOSTO,AR,30,3
2023,34,AGOSTO,AR,50,6
2023,34,AGOSTO,AR,100,12
2023,34,AGOSTO,AR,200,25
2023,34,AGOSTO,BR,10,0
2023,34,AGOSTO,BR,30,2
2023,34,AGOSTO,BR,50,4
2023,34,AGOSTO,BR,100,9
2023,34,AGOSTO,BR,200,20
2023,34,AGOSTO,PT,10,0
2023,34,AGOSTO,PT,30,0
2023,34,AGOSTO,PT,50,3
2023,34,AGOSTO,PT,100,9
2023,34,AGOSTO,PT,200,31
2023,35,AGOSTO,CO,10,4
2023,35,AGOSTO,CO,30,12
2023,35,AGOSTO,CO,50,21
2023,35,AGOSTO,CO,100,37
2023,35,AGOSTO,CO,200,55
2023,35,AGOSTO,PE,10,4
2023,35,AGOSTO,PE,30,12
2023,35,AGOSTO,PE,50,15
2023,35,AGOSTO,PE,100,30
2023,35,AGOSTO,PE,200,53
2023,35,AGOSTO,EC,10,5
2023,35,AGOSTO,EC,30,13
2023,35,AGOSTO,EC,50,19
2023,35,AGOSTO,EC,100,29
2023,35,AGOSTO,EC,200,50
2023,35,AGOSTO,PN,10,5
2023,35,AGOSTO,PN,30,9
2023,35,AGOSTO,PN,50,12
2023,35,AGOSTO,PN,100,24
2023,35,AGOSTO,PN,200,37
2023,35,AGOSTO,CR,10,5
2023,35,AGOSTO,CR,30,9
2023,35,AGOSTO,CR,50,14
2023,35,AGOSTO,CR,100,25
2023,35,AGOSTO,CR,200,43
2023,35,AGOSTO,GT,10,3
2023,35,AGOSTO,GT,30,5
2023,35,AGOSTO,GT,50,10
2023,35,AGOSTO,GT,100,19
2023,35,AGOSTO,GT,200,45
2023,35,AGOSTO,SV,10,4
2023,35,AGOSTO,SV,30,7
2023,35,AGOSTO,SV,50,14
2023,35,AGOSTO,SV,100,25
2023,35,AGOSTO,SV,200,44
2023,35,AGOSTO,HN,10,3
2023,35,AGOSTO,HN,30,7
2023,35,AGOSTO,HN,50,12
2023,35,AGOSTO,HN,100,20
2023,35,AGOSTO,HN,200,38
2023,35,AGOSTO,NI,10,2
2023,35,AGOSTO,NI,30,7
2023,35,AGOSTO,NI,50,11
2023,35,AGOSTO,NI,100,20
2023,35,AGOSTO,NI,200,39
2023,35,AGOSTO,DO,10,2
2023,35,AGOSTO,DO,30,8
2023,35,AGOSTO,DO,50,10
2023,35,AGOSTO,DO,100,18
2023,35,AGOSTO,DO,200,31
2023,35,AGOSTO,VE,10,2
2023,35,AGOSTO,VE,30,8
2023,35,AGOSTO,VE,50,13
2023,35,AGOSTO,VE,100,28
2023,35,AGOSTO,VE,200,51
2023,35,AGOSTO,MX,10,1
2023,35,AGOSTO,MX,30,4
2023,35,AGOSTO,MX,50,8
2023,35,AGOSTO,MX,100,20
2023,35,AGOSTO,MX,200,48
2023,35,AGOSTO,SP,10,2
2023,35,AGOSTO,SP,30,7
2023,35,AGOSTO,SP,50,12
2023,35,AGOSTO,SP,100,21
2023,35,AGOSTO,SP,200,43
2023,35,AGOSTO,CL,10,3
2023,35,AGOSTO,CL,30,8
2023,35,AGOSTO,CL,50,10
2023,35,AGOSTO,CL,100,21
2023,35,AGOSTO,CL,200,32
2023,35,AGOSTO,AR,10,1
2023,35,AGOSTO,AR,30,4
2023,35,AGOSTO,AR,50,7
2023,35,AGOSTO,AR,100,12
2023,35,AGOSTO,AR,200,27
2023,35,AGOSTO,BR,10,0
2023,35,AGOSTO,BR,30,1
2023,35,AGOSTO,BR,50,3
2023,35,AGOSTO,BR,100,6
2023,35,AGOSTO,BR,200,14
2023,35,AGOSTO,PT,10,0
2023,35,AGOSTO,PT,30,0
2023,35,AGOSTO,PT,50,3
2023,35,AGOSTO,PT,100,9
2023,35,AGOSTO,PT,200,28
2023,36,SEPTIEMBRE,CO,10,4
2023,36,SEPTIEMBRE,CO,30,12
2023,36,SEPTIEMBRE,CO,50,21
2023,36,SEPTIEMBRE,CO,100,37
2023,36,SEPTIEMBRE,CO,200,56
2023,36,SEPTIEMBRE,PE,10,6
2023,36,SEPTIEMBRE,PE,30,11
2023,36,SEPTIEMBRE,PE,50,16
2023,36,SEPTIEMBRE,PE,100,31
2023,36,SEPTIEMBRE,PE,200,52
2023,36,SEPTIEMBRE,EC,10,5
2023,36,SEPTIEMBRE,EC,30,12
2023,36,SEPTIEMBRE,EC,50,19
2023,36,SEPTIEMBRE,EC,100,31
2023,36,SEPTIEMBRE,EC,200,50
2023,36,SEPTIEMBRE,PN,10,4
2023,36,SEPTIEMBRE,PN,30,9
2023,36,SEPTIEMBRE,PN,50,12
2023,36,SEPTIEMBRE,PN,100,23
2023,36,SEPTIEMBRE,PN,200,36
2023,36,SEPTIEMBRE,CR,10,4
2023,36,SEPTIEMBRE,CR,30,9
2023,36,SEPTIEMBRE,CR,50,13
2023,36,SEPTIEMBRE,CR,100,27
2023,36,SEPTIEMBRE,CR,200,44
2023,36,SEPTIEMBRE,GT,10,2
2023,36,SEPTIEMBRE,GT,30,6
2023,36,SEPTIEMBRE,GT,50,10
2023,36,SEPTIEMBRE,GT,100,21
2023,36,SEPTIEMBRE,GT,200,48
2023,36,SEPTIEMBRE,SV,10,4
2023,36,SEPTIEMBRE,SV,30,8
2023,36,SEPTIEMBRE,SV,50,14
2023,36,SEPTIEMBRE,SV,100,26
2023,36,SEPTIEMBRE,SV,200,45
2023,36,SEPTIEMBRE,HN,10,2
2023,36,SEPTIEMBRE,HN,30,7
2023,36,SEPTIEMBRE,HN,50,12
2023,36,SEPTIEMBRE,HN,100,20
2023,36,SEPTIEMBRE,HN,200,40
2023,36,SEPTIEMBRE,NI,10,3
2023,36,SEPTIEMBRE,NI,30,7
2023,36,SEPTIEMBRE,NI,50,12
2023,36,SEPTIEMBRE,NI,100,19
2023,36,SEPTIEMBRE,NI,200,40
2023,36,SEPTIEMBRE,DO,10,1
2023,36,SEPTIEMBRE,DO,30,8
2023,36,SEPTIEMBRE,DO,50,10
2023,36,SEPTIEMBRE,DO,100,17
2023,36,SEPTIEMBRE,DO,200,30
2023,36,SEPTIEMBRE,VE,10,3
2023,36,SEPTIEMBRE,VE,30,7
2023,36,SEPTIEMBRE,VE,50,13
2023,36,SEPTIEMBRE,VE,100,29
2023,36,SEPTIEMBRE,VE,200,50
2023,36,SEPTIEMBRE,MX,10,1
2023,36,SEPTIEMBRE,MX,30,4
2023,36,SEPTIEMBRE,MX,50,6
2023,36,SEPTIEMBRE,MX,100,20
2023,36,SEPTIEMBRE,MX,200,45
2023,36,SEPTIEMBRE,SP,10,1
2023,36,SEPTIEMBRE,SP,30,5
2023,36,SEPTIEMBRE,SP,50,12
2023,36,SEPTIEMBRE,SP,100,23
2023,36,SEPTIEMBRE,SP,200,42
2023,36,SEPTIEMBRE,CL,10,3
2023,36,SEPTIEMBRE,CL,30,9
2023,36,SEPTIEMBRE,CL,50,10
2023,36,SEPTIEMBRE,CL,100,20
2023,36,SEPTIEMBRE,CL,200,33
2023,36,SEPTIEMBRE,AR,10,1
2023,36,SEPTIEMBRE,AR,30,5
2023,36,SEPTIEMBRE,AR,50,7
2023,36,SEPTIEMBRE,AR,100,13
2023,36,SEPTIEMBRE,AR,200,26
2023,36,SEPTIEMBRE,BR,10,0
2023,36,SEPTIEMBRE,BR,30,1
2023,36,SEPTIEMBRE,BR,50,3
2023,36,SEPTIEMBRE,BR,100,5
2023,36,SEPTIEMBRE,BR,200,12
2023,36,SEPTIEMBRE,PT,10,0
2023,36,SEPTIEMBRE,PT,30,0
2023,36,SEPTIEMBRE,PT,50,3
2023,36,SEPTIEMBRE,PT,100,6
2023,36,SEPTIEMBRE,PT,200,27
2023,37,SEPTIEMBRE,CO,10,4
2023,37,SEPTIEMBRE,CO,30,14
2023,37,SEPTIEMBRE,CO,50,22
2023,37,SEPTIEMBRE,CO,100,39
2023,37,SEPTIEMBRE,CO,200,57
2023,37,SEPTIEMBRE,PE,10,6
2023,37,SEPTIEMBRE,PE,30,11
2023,37,SEPTIEMBRE,PE,50,15
2023,37,SEPTIEMBRE,PE,100,31
2023,37,SEPTIEMBRE,PE,200,51
2023,37,SEPTIEMBRE,EC,10,5
2023,37,SEPTIEMBRE,EC,30,11
2023,37,SEPTIEMBRE,EC,50,19
2023,37,SEPTIEMBRE,EC,100,31
2023,37,SEPTIEMBRE,EC,200,51
2023,37,SEPTIEMBRE,PN,10,3
2023,37,SEPTIEMBRE,PN,30,7
2023,37,SEPTIEMBRE,PN,50,11
2023,37,SEPTIEMBRE,PN,100,21
2023,37,SEPTIEMBRE,PN,200,36
2023,37,SEPTIEMBRE,CR,10,5
2023,37,SEPTIEMBRE,CR,30,9
2023,37,SEPTIEMBRE,CR,50,13
2023,37,SEPTIEMBRE,CR,100,30
2023,37,SEPTIEMBRE,CR,200,48
2023,37,SEPTIEMBRE,GT,10,2
2023,37,SEPTIEMBRE,GT,30,5
2023,37,SEPTIEMBRE,GT,50,10
2023,37,SEPTIEMBRE,GT,100,19
2023,37,SEPTIEMBRE,GT,200,44
2023,37,SEPTIEMBRE,SV,10,4
2023,37,SEPTIEMBRE,SV,30,8
2023,37,SEPTIEMBRE,SV,50,14
2023,37,SEPTIEMBRE,SV,100,24
2023,37,SEPTIEMBRE,SV,200,43
2023,37,SEPTIEMBRE,HN,10,2
2023,37,SEPTIEMBRE,HN,30,7
2023,37,SEPTIEMBRE,HN,50,11
2023,37,SEPTIEMBRE,HN,100,19
2023,37,SEPTIEMBRE,HN,200,38
2023,37,SEPTIEMBRE,NI,10,3
2023,37,SEPTIEMBRE,NI,30,7
2023,37,SEPTIEMBRE,NI,50,12
2023,37,SEPTIEMBRE,NI,100,18
2023,37,SEPTIEMBRE,NI,200,40
2023,37,SEPTIEMBRE,DO,10,1
2023,37,SEPTIEMBRE,DO,30,8
2023,37,SEPTIEMBRE,DO,50,10
2023,37,SEPTIEMBRE,DO,100,18
2023,37,SEPTIEMBRE,DO,200,36
2023,37,SEPTIEMBRE,VE,10,3
2023,37,SEPTIEMBRE,VE,30,10
2023,37,SEPTIEMBRE,VE,50,13
2023,37,SEPTIEMBRE,VE,100,32
2023,37,SEPTIEMBRE,VE,200,57
2023,37,SEPTIEMBRE,MX,10,1
2023,37,SEPTIEMBRE,MX,30,4
2023,37,SEPTIEMBRE,MX,50,6
2023,37,SEPTIEMBRE,MX,100,20
2023,37,SEPTIEMBRE,MX,200,42
2023,37,SEPTIEMBRE,SP,10,2
2023,37,SEPTIEMBRE,SP,30,5
2023,37,SEPTIEMBRE,SP,50,13
2023,37,SEPTIEMBRE,SP,100,28
2023,37,SEPTIEMBRE,SP,200,48
2023,37,SEPTIEMBRE,CL,10,3
2023,37,SEPTIEMBRE,CL,30,9
2023,37,SEPTIEMBRE,CL,50,10
2023,37,SEPTIEMBRE,CL,100,19
2023,37,SEPTIEMBRE,CL,200,34
2023,37,SEPTIEMBRE,AR,10,0
2023,37,SEPTIEMBRE,AR,30,5
2023,37,SEPTIEMBRE,AR,50,7
2023,37,SEPTIEMBRE,AR,100,12
2023,37,SEPTIEMBRE,AR,200,28
2023,37,SEPTIEMBRE,BR,10,0
2023,37,SEPTIEMBRE,BR,30,1
2023,37,SEPTIEMBRE,BR,50,4
2023,37,SEPTIEMBRE,BR,100,6
2023,37,SEPTIEMBRE,BR,200,16
2023,37,SEPTIEMBRE,PT,10,0
2023,37,SEPTIEMBRE,PT,30,2
2023,37,SEPTIEMBRE,PT,50,7
2023,37,SEPTIEMBRE,PT,100,15
2023,37,SEPTIEMBRE,PT,200,35
2023,38,SEPTIEMBRE,CO,10,4
2023,38,SEPTIEMBRE,CO,30,13
2023,38,SEPTIEMBRE,CO,50,22
2023,38,SEPTIEMBRE,CO,100,36
2023,38,SEPTIEMBRE,CO,200,57
2023,38,SEPTIEMBRE,PE,10,5
2023,38,SEPTIEMBRE,PE,30,11
2023,38,SEPTIEMBRE,PE,50,15
2023,38,SEPTIEMBRE,PE,100,29
2023,38,SEPTIEMBRE,PE,200,53
2023,38,SEPTIEMBRE,EC,10,5
2023,38,SEPTIEMBRE,EC,30,10
2023,38,SEPTIEMBRE,EC,50,18
2023,38,SEPTIEMBRE,EC,100,32
2023,38,SEPTIEMBRE,EC,200,49
2023,38,SEPTIEMBRE,PN,10,5
2023,38,SEPTIEMBRE,PN,30,9
2023,38,SEPTIEMBRE,PN,50,12
2023,38,SEPTIEMBRE,PN,100,22
2023,38,SEPTIEMBRE,PN,200,36
2023,38,SEPTIEMBRE,CR,10,5
2023,38,SEPTIEMBRE,CR,30,8
2023,38,SEPTIEMBRE,CR,50,12
2023,38,SEPTIEMBRE,CR,100,25
2023,38,SEPTIEMBRE,CR,200,43
2023,38,SEPTIEMBRE,GT,10,1
2023,38,SEPTIEMBRE,GT,30,4
2023,38,SEPTIEMBRE,GT,50,10
2023,38,SEPTIEMBRE,GT,100,18
2023,38,SEPTIEMBRE,GT,200,42
2023,38,SEPTIEMBRE,SV,10,4
2023,38,SEPTIEMBRE,SV,30,8
2023,38,SEPTIEMBRE,SV,50,13
2023,38,SEPTIEMBRE,SV,100,24
2023,38,SEPTIEMBRE,SV,200,43
2023,38,SEPTIEMBRE,HN,10,2
2023,38,SEPTIEMBRE,HN,30,7
2023,38,SEPTIEMBRE,HN,50,12
2023,38,SEPTIEMBRE,HN,100,17
2023,38,SEPTIEMBRE,HN,200,39
2023,38,SEPTIEMBRE,NI,10,2
2023,38,SEPTIEMBRE,NI,30,7
2023,38,SEPTIEMBRE,NI,50,11
2023,38,SEPTIEMBRE,NI,100,18
2023,38,SEPTIEMBRE,NI,200,39
2023,38,SEPTIEMBRE,DO,10,2
2023,38,SEPTIEMBRE,DO,30,8
2023,38,SEPTIEMBRE,DO,50,11
2023,38,SEPTIEMBRE,DO,100,18
2023,38,SEPTIEMBRE,DO,200,36
2023,38,SEPTIEMBRE,VE,10,4
2023,38,SEPTIEMBRE,VE,30,11
2023,38,SEPTIEMBRE,VE,50,13
2023,38,SEPTIEMBRE,VE,100,28
2023,38,SEPTIEMBRE,VE,200,49
2023,38,SEPTIEMBRE,MX,10,1
2023,38,SEPTIEMBRE,MX,30,3
2023,38,SEPTIEMBRE,MX,50,6
2023,38,SEPTIEMBRE,MX,100,18
2023,38,SEPTIEMBRE,MX,200,41
2023,38,SEPTIEMBRE,SP,10,2
2023,38,SEPTIEMBRE,SP,30,6
2023,38,SEPTIEMBRE,SP,50,11
2023,38,SEPTIEMBRE,SP,100,24
2023,38,SEPTIEMBRE,SP,200,41
2023,38,SEPTIEMBRE,CL,10,2
2023,38,SEPTIEMBRE,CL,30,6
2023,38,SEPTIEMBRE,CL,50,9
2023,38,SEPTIEMBRE,CL,100,14
2023,38,SEPTIEMBRE,CL,200,25
2023,38,SEPTIEMBRE,AR,10,0
2023,38,SEPTIEMBRE,AR,30,5
2023,38,SEPTIEMBRE,AR,50,7
2023,38,SEPTIEMBRE,AR,100,13
2023,38,SEPTIEMBRE,AR,200,25
2023,38,SEPTIEMBRE,BR,10,0
2023,38,SEPTIEMBRE,BR,30,1
2023,38,SEPTIEMBRE,BR,50,4
2023,38,SEPTIEMBRE,BR,100,6
2023,38,SEPTIEMBRE,BR,200,13
2023,38,SEPTIEMBRE,PT,10,0
2023,38,SEPTIEMBRE,PT,30,1
2023,38,SEPTIEMBRE,PT,50,7
2023,38,SEPTIEMBRE,PT,100,11
2023,38,SEPTIEMBRE,PT,200,33
2023,39,SEPTIEMBRE,CO,10,4
2023,39,SEPTIEMBRE,CO,30,13
2023,39,SEPTIEMBRE,CO,50,19
2023,39,SEPTIEMBRE,CO,100,35
2023,39,SEPTIEMBRE,CO,200,57
2023,39,SEPTIEMBRE,PE,10,5
2023,39,SEPTIEMBRE,PE,30,10
2023,39,SEPTIEMBRE,PE,50,14
2023,39,SEPTIEMBRE,PE,100,29
2023,39,SEPTIEMBRE,PE,200,51
2023,39,SEPTIEMBRE,EC,10,5
2023,39,SEPTIEMBRE,EC,30,8
2023,39,SEPTIEMBRE,EC,50,17
2023,39,SEPTIEMBRE,EC,100,31
2023,39,SEPTIEMBRE,EC,200,49
2023,39,SEPTIEMBRE,PN,10,4
2023,39,SEPTIEMBRE,PN,30,7
2023,39,SEPTIEMBRE,PN,50,10
2023,39,SEPTIEMBRE,PN,100,22
2023,39,SEPTIEMBRE,PN,200,38
2023,39,SEPTIEMBRE,CR,10,5
2023,39,SEPTIEMBRE,CR,30,7
2023,39,SEPTIEMBRE,CR,50,13
2023,39,SEPTIEMBRE,CR,100,25
2023,39,SEPTIEMBRE,CR,200,44
2023,39,SEPTIEMBRE,GT,10,2
2023,39,SEPTIEMBRE,GT,30,4
2023,39,SEPTIEMBRE,GT,50,9
2023,39,SEPTIEMBRE,GT,100,18
2023,39,SEPTIEMBRE,GT,200,39
2023,39,SEPTIEMBRE,SV,10,4
2023,39,SEPTIEMBRE,SV,30,7
2023,39,SEPTIEMBRE,SV,50,11
2023,39,SEPTIEMBRE,SV,100,24
2023,39,SEPTIEMBRE,SV,200,42
2023,39,SEPTIEMBRE,HN,10,2
2023,39,SEPTIEMBRE,HN,30,6
2023,39,SEPTIEMBRE,HN,50,11
2023,39,SEPTIEMBRE,HN,100,18
2023,39,SEPTIEMBRE,HN,200,38
2023,39,SEPTIEMBRE,NI,10,2
2023,39,SEPTIEMBRE,NI,30,7
2023,39,SEPTIEMBRE,NI,50,10
2023,39,SEPTIEMBRE,NI,100,17
2023,39,SEPTIEMBRE,NI,200,36
2023,39,SEPTIEMBRE,DO,10,3
2023,39,SEPTIEMBRE,DO,30,8
2023,39,SEPTIEMBRE,DO,50,10
2023,39,SEPTIEMBRE,DO,100,17
2023,39,SEPTIEMBRE,DO,200,34
2023,39,SEPTIEMBRE,VE,10,4
2023,39,SEPTIEMBRE,VE,30,9
2023,39,SEPTIEMBRE,VE,50,13
2023,39,SEPTIEMBRE,VE,100,27
2023,39,SEPTIEMBRE,VE,200,47
2023,39,SEPTIEMBRE,MX,10,1
2023,39,SEPTIEMBRE,MX,30,2
2023,39,SEPTIEMBRE,MX,50,5
2023,39,SEPTIEMBRE,MX,100,15
2023,39,SEPTIEMBRE,MX,200,43
2023,39,SEPTIEMBRE,SP,10,2
2023,39,SEPTIEMBRE,SP,30,8
2023,39,SEPTIEMBRE,SP,50,13
2023,39,SEPTIEMBRE,SP,100,26
2023,39,SEPTIEMBRE,SP,200,48
2023,39,SEPTIEMBRE,CL,10,2
2023,39,SEPTIEMBRE,CL,30,8
2023,39,SEPTIEMBRE,CL,50,10
2023,39,SEPTIEMBRE,CL,100,17
2023,39,SEPTIEMBRE,CL,200,31
2023,39,SEPTIEMBRE,AR,10,0
2023,39,SEPTIEMBRE,AR,30,5
2023,39,SEPTIEMBRE,AR,50,7
2023,39,SEPTIEMBRE,AR,100,12
2023,39,SEPTIEMBRE,AR,200,23
2023,39,SEPTIEMBRE,BR,10,0
2023,39,SEPTIEMBRE,BR,30,1
2023,39,SEPTIEMBRE,BR,50,3
2023,39,SEPTIEMBRE,BR,100,5
2023,39,SEPTIEMBRE,BR,200,12
2023,39,SEPTIEMBRE,PT,10,0
2023,39,SEPTIEMBRE,PT,30,1
2023,39,SEPTIEMBRE,PT,50,3
2023,39,SEPTIEMBRE,PT,100,9
2023,39,SEPTIEMBRE,PT,200,27
2023,40,OCTUBRE,CO,10,7
2023,40,OCTUBRE,CO,30,18
2023,40,OCTUBRE,CO,50,28
2023,40,OCTUBRE,CO,100,40
2023,40,OCTUBRE,CO,200,65
2023,40,OCTUBRE,PE,10,3
2023,40,OCTUBRE,PE,30,9
2023,40,OCTUBRE,PE,50,14
2023,40,OCTUBRE,PE,100,33
2023,40,OCTUBRE,PE,200,54
2023,40,OCTUBRE,EC,10,3
2023,40,OCTUBRE,EC,30,9
2023,40,OCTUBRE,EC,50,18
2023,40,OCTUBRE,EC,100,35
2023,40,OCTUBRE,EC,200,56
2023,40,OCTUBRE,PN,10,2
2023,40,OCTUBRE,PN,30,7
2023,40,OCTUBRE,PN,50,12
2023,40,OCTUBRE,PN,100,27
2023,40,OCTUBRE,PN,200,49
2023,40,OCTUBRE,CR,10,4
2023,40,OCTUBRE,CR,30,9
2023,40,OCTUBRE,CR,50,13
2023,40,OCTUBRE,CR,100,26
2023,40,OCTUBRE,CR,200,55
2023,40,OCTUBRE,GT,10,1
2023,40,OCTUBRE,GT,30,5
2023,40,OCTUBRE,GT,50,9
2023,40,OCTUBRE,GT,100,18
2023,40,OCTUBRE,GT,200,44
2023,40,OCTUBRE,SV,10,3
2023,40,OCTUBRE,SV,30,8
2023,40,OCTUBRE,SV,50,12
2023,40,OCTUBRE,SV,100,24
2023,40,OCTUBRE,SV,200,46
2023,40,OCTUBRE,HN,10,2
2023,40,OCTUBRE,HN,30,7
2023,40,OCTUBRE,HN,50,10
2023,40,OCTUBRE,HN,100,17
2023,40,OCTUBRE,HN,200,40
2023,40,OCTUBRE,NI,10,2
2023,40,OCTUBRE,NI,30,7
2023,40,OCTUBRE,NI,50,10
2023,40,OCTUBRE,NI,100,17
2023,40,OCTUBRE,NI,200,40
2023,40,OCTUBRE,DO,10,3
2023,40,OCTUBRE,DO,30,8
2023,40,OCTUBRE,DO,50,10
2023,40,OCTUBRE,DO,100,19
2023,40,OCTUBRE,DO,200,40
2023,40,OCTUBRE,VE,10,4
2023,40,OCTUBRE,VE,30,11
2023,40,OCTUBRE,VE,50,18
2023,40,OCTUBRE,VE,100,37
2023,40,OCTUBRE,VE,200,54
2023,40,OCTUBRE,MX,10,1
2023,40,OCTUBRE,MX,30,2
2023,40,OCTUBRE,MX,50,6
2023,40,OCTUBRE,MX,100,19
2023,40,OCTUBRE,MX,200,44
2023,40,OCTUBRE,SP,10,2
2023,40,OCTUBRE,SP,30,7
2023,40,OCTUBRE,SP,50,11
2023,40,OCTUBRE,SP,100,31
2023,40,OCTUBRE,SP,200,51
2023,40,OCTUBRE,CL,10,1
2023,40,OCTUBRE,CL,30,8
2023,40,OCTUBRE,CL,50,11
2023,40,OCTUBRE,CL,100,21
2023,40,OCTUBRE,CL,200,35
2023,40,OCTUBRE,AR,10,0
2023,40,OCTUBRE,AR,30,5
2023,40,OCTUBRE,AR,50,7
2023,40,OCTUBRE,AR,100,13
2023,40,OCTUBRE,AR,200,24
2023,40,OCTUBRE,BR,10,0
2023,40,OCTUBRE,BR,30,1
2023,40,OCTUBRE,BR,50,4
2023,40,OCTUBRE,BR,100,6
2023,40,OCTUBRE,BR,200,13
2023,40,OCTUBRE,PT,10,0
2023,40,OCTUBRE,PT,30,1
2023,40,OCTUBRE,PT,50,3
2023,40,OCTUBRE,PT,100,6
2023,40,OCTUBRE,PT,200,24
2023,41,OCTUBRE,CO,10,5
2023,41,OCTUBRE,CO,30,14
2023,41,OCTUBRE,CO,50,20
2023,41,OCTUBRE,CO,100,38
2023,41,OCTUBRE,CO,200,66
2023,41,OCTUBRE,PE,10,3
2023,41,OCTUBRE,PE,30,8
2023,41,OCTUBRE,PE,50,13
2023,41,OCTUBRE,PE,100,30
2023,41,OCTUBRE,PE,200,51
2023,41,OCTUBRE,EC,10,3
2023,41,OCTUBRE,EC,30,8
2023,41,OCTUBRE,EC,50,13
2023,41,OCTUBRE,EC,100,31
2023,41,OCTUBRE,EC,200,49
2023,41,OCTUBRE,PN,10,3
2023,41,OCTUBRE,PN,30,8
2023,41,OCTUBRE,PN,50,11
2023,41,OCTUBRE,PN,100,19
2023,41,OCTUBRE,PN,200,41
2023,41,OCTUBRE,CR,10,4
2023,41,OCTUBRE,CR,30,9
2023,41,OCTUBRE,CR,50,11
2023,41,OCTUBRE,CR,100,22
2023,41,OCTUBRE,CR,200,49
2023,41,OCTUBRE,GT,10,1
2023,41,OCTUBRE,GT,30,5
2023,41,OCTUBRE,GT,50,9
2023,41,OCTUBRE,GT,100,19
2023,41,OCTUBRE,GT,200,35
2023,41,OCTUBRE,SV,10,2
2023,41,OCTUBRE,SV,30,7
2023,41,OCTUBRE,SV,50,12
2023,41,OCTUBRE,SV,100,22
2023,41,OCTUBRE,SV,200,39
2023,41,OCTUBRE,HN,10,2
2023,41,OCTUBRE,HN,30,8
2023,41,OCTUBRE,HN,50,10
2023,41,OCTUBRE,HN,100,17
2023,41,OCTUBRE,HN,200,36
2023,41,OCTUBRE,NI,10,1
2023,41,OCTUBRE,NI,30,8
2023,41,OCTUBRE,NI,50,11
2023,41,OCTUBRE,NI,100,20
2023,41,OCTUBRE,NI,200,38
2023,41,OCTUBRE,DO,10,3
2023,41,OCTUBRE,DO,30,9
2023,41,OCTUBRE,DO,50,11
2023,41,OCTUBRE,DO,100,20
2023,41,OCTUBRE,DO,200,35
2023,41,OCTUBRE,VE,10,4
2023,41,OCTUBRE,VE,30,8
2023,41,OCTUBRE,VE,50,16
2023,41,OCTUBRE,VE,100,30
2023,41,OCTUBRE,VE,200,47
2023,41,OCTUBRE,MX,10,1
2023,41,OCTUBRE,MX,30,1
2023,41,OCTUBRE,MX,50,6
2023,41,OCTUBRE,MX,100,15
2023,41,OCTUBRE,MX,200,36
2023,41,OCTUBRE,SP,10,1
2023,41,OCTUBRE,SP,30,5
2023,41,OCTUBRE,SP,50,11
2023,41,OCTUBRE,SP,100,25
2023,41,OCTUBRE,SP,200,45
2023,41,OCTUBRE,CL,10,1
2023,41,OCTUBRE,CL,30,6
2023,41,OCTUBRE,CL,50,11
2023,41,OCTUBRE,CL,100,19
2023,41,OCTUBRE,CL,200,32
2023,41,OCTUBRE,AR,10,0
2023,41,OCTUBRE,AR,30,5
2023,41,OCTUBRE,AR,50,6
2023,41,OCTUBRE,AR,100,11
2023,41,OCTUBRE,AR,200,19
2023,41,OCTUBRE,BR,10,0
2023,41,OCTUBRE,BR,30,1
2023,41,OCTUBRE,BR,50,3
2023,41,OCTUBRE,BR,100,7
2023,41,OCTUBRE,BR,200,14
2023,41,OCTUBRE,PT,10,0
2023,41,OCTUBRE,PT,30,3
2023,41,OCTUBRE,PT,50,7
2023,41,OCTUBRE,PT,100,20
2023,41,OCTUBRE,PT,200,40
2023,42,OCTUBRE,CO,10,1
2023,42,OCTUBRE,CO,30,4
2023,42,OCTUBRE,CO,50,11
2023,42,OCTUBRE,CO,100,31
2023,42,OCTUBRE,CO,200,57
2023,42,OCTUBRE,PE,10,1
2023,42,OCTUBRE,PE,30,5
2023,42,OCTUBRE,PE,50,8
2023,42,OCTUBRE,PE,100,23
2023,42,OCTUBRE,PE,200,47
2023,42,OCTUBRE,EC,10,1
2023,42,OCTUBRE,EC,30,3
2023,42,OCTUBRE,EC,50,8
2023,42,OCTUBRE,EC,100,25
2023,42,OCTUBRE,EC,200,46
2023,42,OCTUBRE,PN,10,0
2023,42,OCTUBRE,PN,30,2
2023,42,OCTUBRE,PN,50,8
2023,42,OCTUBRE,PN,100,18
2023,42,OCTUBRE,PN,200,33
2023,42,OCTUBRE,CR,10,0
2023,42,OCTUBRE,CR,30,2
2023,42,OCTUBRE,CR,50,9
2023,42,OCTUBRE,CR,100,19
2023,42,OCTUBRE,CR,200,44
2023,42,OCTUBRE,GT,10,1
2023,42,OCTUBRE,GT,30,1
2023,42,OCTUBRE,GT,50,4
2023,42,OCTUBRE,GT,100,17
2023,42,OCTUBRE,GT,200,34
2023,42,OCTUBRE,SV,10,0
2023,42,OCTUBRE,SV,30,2
2023,42,OCTUBRE,SV,50,7
2023,42,OCTUBRE,SV,100,19
2023,42,OCTUBRE,SV,200,38
2023,42,OCTUBRE,HN,10,0
2023,42,OCTUBRE,HN,30,1
2023,42,OCTUBRE,HN,50,8
2023,42,OCTUBRE,HN,100,15
2023,42,OCTUBRE,HN,200,35
2023,42,OCTUBRE,NI,10,0
2023,42,OCTUBRE,NI,30,1
2023,42,OCTUBRE,NI,50,8
2023,42,OCTUBRE,NI,100,18
2023,42,OCTUBRE,NI,200,33
2023,42,OCTUBRE,DO,10,0
2023,42,OCTUBRE,DO,30,2
2023,42,OCTUBRE,DO,50,9
2023,42,OCTUBRE,DO,100,17
2023,42,OCTUBRE,DO,200,27
2023,42,OCTUBRE,VE,10,0
2023,42,OCTUBRE,VE,30,4
2023,42,OCTUBRE,VE,50,8
2023,42,OCTUBRE,VE,100,21
2023,42,OCTUBRE,VE,200,44
2023,42,OCTUBRE,MX,10,1
2023,42,OCTUBRE,MX,30,1
2023,42,OCTUBRE,MX,50,4
2023,42,OCTUBRE,MX,100,13
2023,42,OCTUBRE,MX,200,36
2023,42,OCTUBRE,SP,10,0
2023,42,OCTUBRE,SP,30,1
2023,42,OCTUBRE,SP,50,5
2023,42,OCTUBRE,SP,100,16
2023,42,OCTUBRE,SP,200,38
2023,42,OCTUBRE,CL,10,1
2023,42,OCTUBRE,CL,30,1
2023,42,OCTUBRE,CL,50,7
2023,42,OCTUBRE,CL,100,18
2023,42,OCTUBRE,CL,200,29
2023,42,OCTUBRE,AR,10,0
2023,42,OCTUBRE,AR,30,3
2023,42,OCTUBRE,AR,50,6
2023,42,OCTUBRE,AR,100,10
2023,42,OCTUBRE,AR,200,18
2023,42,OCTUBRE,BR,10,0
2023,42,OCTUBRE,BR,30,2
2023,42,OCTUBRE,BR,50,3
2023,42,OCTUBRE,BR,100,6
2023,42,OCTUBRE,BR,200,13
2023,42,OCTUBRE,PT,10,0
2023,42,OCTUBRE,PT,30,0
2023,42,OCTUBRE,PT,50,4
2023,42,OCTUBRE,PT,100,10
2023,42,OCTUBRE,PT,200,29
2023,43,OCTUBRE,CO,10,3
2023,43,OCTUBRE,CO,30,8
2023,43,OCTUBRE,CO,50,14
2023,43,OCTUBRE,CO,100,31
2023,43,OCTUBRE,CO,200,59
2023,43,OCTUBRE,PE,10,1
2023,43,OCTUBRE,PE,30,8
2023,43,OCTUBRE,PE,50,11
2023,43,OCTUBRE,PE,100,24
2023,43,OCTUBRE,PE,200,53
2023,43,OCTUBRE,EC,10,1
2023,43,OCTUBRE,EC,30,7
2023,43,OCTUBRE,EC,50,9
2023,43,OCTUBRE,EC,100,27
2023,43,OCTUBRE,EC,200,51
2023,43,OCTUBRE,PN,10,1
2023,43,OCTUBRE,PN,30,2
2023,43,OCTUBRE,PN,50,9
2023,43,OCTUBRE,PN,100,18
2023,43,OCTUBRE,PN,200,37
2023,43,OCTUBRE,CR,10,1
2023,43,OCTUBRE,CR,30,4
2023,43,OCTUBRE,CR,50,9
2023,43,OCTUBRE,CR,100,20
2023,43,OCTUBRE,CR,200,45
2023,43,OCTUBRE,GT,10,1
2023,43,OCTUBRE,GT,30,5
2023,43,OCTUBRE,GT,50,6
2023,43,OCTUBRE,GT,100,16
2023,43,OCTUBRE,GT,200,35
2023,43,OCTUBRE,SV,10,2
2023,43,OCTUBRE,SV,30,6
2023,43,OCTUBRE,SV,50,9
2023,43,OCTUBRE,SV,100,21
2023,43,OCTUBRE,SV,200,38
2023,43,OCTUBRE,HN,10,1
2023,43,OCTUBRE,HN,30,3
2023,43,OCTUBRE,HN,50,9
2023,43,OCTUBRE,HN,100,14
2023,43,OCTUBRE,HN,200,38
2023,43,OCTUBRE,NI,10,1
2023,43,OCTUBRE,NI,30,5
2023,43,OCTUBRE,NI,50,9
2023,43,OCTUBRE,NI,100,18
2023,43,OCTUBRE,NI,200,38
2023,43,OCTUBRE,DO,10,0
2023,43,OCTUBRE,DO,30,3
2023,43,OCTUBRE,DO,50,9
2023,43,OCTUBRE,DO,100,18
2023,43,OCTUBRE,DO,200,29
2023,43,OCTUBRE,VE,10,1
2023,43,OCTUBRE,VE,30,5
2023,43,OCTUBRE,VE,50,9
2023,43,OCTUBRE,VE,100,23
2023,43,OCTUBRE,VE,200,47
2023,43,OCTUBRE,MX,10,2
2023,43,OCTUBRE,MX,30,4
2023,43,OCTUBRE,MX,50,8
2023,43,OCTUBRE,MX,100,18
2023,43,OCTUBRE,MX,200,36
2023,43,OCTUBRE,SP,10,0
2023,43,OCTUBRE,SP,30,3
2023,43,OCTUBRE,SP,50,7
2023,43,OCTUBRE,SP,100,16
2023,43,OCTUBRE,SP,200,39
2023,43,OCTUBRE,CL,10,1
2023,43,OCTUBRE,CL,30,2
2023,43,OCTUBRE,CL,50,9
2023,43,OCTUBRE,CL,100,19
2023,43,OCTUBRE,CL,200,28
2023,43,OCTUBRE,AR,10,0
2023,43,OCTUBRE,AR,30,3
2023,43,OCTUBRE,AR,50,6
2023,43,OCTUBRE,AR,100,12
2023,43,OCTUBRE,AR,200,21
2023,43,OCTUBRE,BR,10,0
2023,43,OCTUBRE,BR,30,3
2023,43,OCTUBRE,BR,50,4
2023,43,OCTUBRE,BR,100,8
2023,43,OCTUBRE,BR,200,15
2023,43,OCTUBRE,PT,10,0
2023,43,OCTUBRE,PT,30,0
2023,43,OCTUBRE,PT,50,3
2023,43,OCTUBRE,PT,100,10
2023,43,OCTUBRE,PT,200,32
2023,44,NOVIEMBRE,CO,10,3
2023,44,NOVIEMBRE,CO,30,9
2023,44,NOVIEMBRE,CO,50,14
2023,44,NOVIEMBRE,CO,100,31
2023,44,NOVIEMBRE,CO,200,56
2023,44,NOVIEMBRE,PE,10,1
2023,44,NOVIEMBRE,PE,30,8
2023,44,NOVIEMBRE,PE,50,12
2023,44,NOVIEMBRE,PE,100,29
2023,44,NOVIEMBRE,PE,200,55
2023,44,NOVIEMBRE,EC,10,2
2023,44,NOVIEMBRE,EC,30,7
2023,44,NOVIEMBRE,EC,50,11
2023,44,NOVIEMBRE,EC,100,27
2023,44,NOVIEMBRE,EC,200,51
2023,44,NOVIEMBRE,PN,10,1
2023,44,NOVIEMBRE,PN,30,3
2023,44,NOVIEMBRE,PN,50,9
2023,44,NOVIEMBRE,PN,100,18
2023,44,NOVIEMBRE,PN,200,43
2023,44,NOVIEMBRE,CR,10,2
2023,44,NOVIEMBRE,CR,30,5
2023,44,NOVIEMBRE,CR,50,11
2023,44,NOVIEMBRE,CR,100,22
2023,44,NOVIEMBRE,CR,200,54
2023,44,NOVIEMBRE,GT,10,1
2023,44,NOVIEMBRE,GT,30,5
2023,44,NOVIEMBRE,GT,50,7
2023,44,NOVIEMBRE,GT,100,18
2023,44,NOVIEMBRE,GT,200,40
2023,44,NOVIEMBRE,SV,10,1
2023,44,NOVIEMBRE,SV,30,6
2023,44,NOVIEMBRE,SV,50,9
2023,44,NOVIEMBRE,SV,100,21
2023,44,NOVIEMBRE,SV,200,48
2023,44,NOVIEMBRE,HN,10,1
2023,44,NOVIEMBRE,HN,30,4
2023,44,NOVIEMBRE,HN,50,9
2023,44,NOVIEMBRE,HN,100,18
2023,44,NOVIEMBRE,HN,200,45
2023,44,NOVIEMBRE,NI,10,1
2023,44,NOVIEMBRE,NI,30,6
2023,44,NOVIEMBRE,NI,50,10
2023,44,NOVIEMBRE,NI,100,21
2023,44,NOVIEMBRE,NI,200,47
2023,44,NOVIEMBRE,DO,10,1
2023,44,NOVIEMBRE,DO,30,4
2023,44,NOVIEMBRE,DO,50,10
2023,44,NOVIEMBRE,DO,100,18
2023,44,NOVIEMBRE,DO,200,29
2023,44,NOVIEMBRE,VE,10,1
2023,44,NOVIEMBRE,VE,30,4
2023,44,NOVIEMBRE,VE,50,10
2023,44,NOVIEMBRE,VE,100,27
2023,44,NOVIEMBRE,VE,200,61
2023,44,NOVIEMBRE,MX,10,2
2023,44,NOVIEMBRE,MX,30,5
2023,44,NOVIEMBRE,MX,50,7
2023,44,NOVIEMBRE,MX,100,18
2023,44,NOVIEMBRE,MX,200,45
2023,44,NOVIEMBRE,SP,10,0
2023,44,NOVIEMBRE,SP,30,3
2023,44,NOVIEMBRE,SP,50,8
2023,44,NOVIEMBRE,SP,100,17
2023,44,NOVIEMBRE,SP,200,47
2023,44,NOVIEMBRE,CL,10,1
2023,44,NOVIEMBRE,CL,30,2
2023,44,NOVIEMBRE,CL,50,9
2023,44,NOVIEMBRE,CL,100,18
2023,44,NOVIEMBRE,CL,200,34
2023,44,NOVIEMBRE,AR,10,0
2023,44,NOVIEMBRE,AR,30,3
2023,44,NOVIEMBRE,AR,50,6
2023,44,NOVIEMBRE,AR,100,20
2023,44,NOVIEMBRE,AR,200,35
2023,44,NOVIEMBRE,BR,10,0
2023,44,NOVIEMBRE,BR,30,1
2023,44,NOVIEMBRE,BR,50,3
2023,44,NOVIEMBRE,BR,100,14
2023,44,NOVIEMBRE,BR,200,28
2023,44,NOVIEMBRE,PT,10,0
2023,44,NOVIEMBRE,PT,30,1
2023,44,NOVIEMBRE,PT,50,8
2023,44,NOVIEMBRE,PT,100,24
2023,44,NOVIEMBRE,PT,200,43
2023,45,NOVIEMBRE,CO,10,3
2023,45,NOVIEMBRE,CO,30,10
2023,45,NOVIEMBRE,CO,50,16
2023,45,NOVIEMBRE,CO,100,32
2023,45,NOVIEMBRE,CO,200,57
2023,45,NOVIEMBRE,PE,10,3
2023,45,NOVIEMBRE,PE,30,10
2023,45,NOVIEMBRE,PE,50,15
2023,45,NOVIEMBRE,PE,100,30
2023,45,NOVIEMBRE,PE,200,54
2023,45,NOVIEMBRE,EC,10,3
2023,45,NOVIEMBRE,EC,30,9
2023,45,NOVIEMBRE,EC,50,13
2023,45,NOVIEMBRE,EC,100,26
2023,45,NOVIEMBRE,EC,200,50
2023,45,NOVIEMBRE,PN,10,1
2023,45,NOVIEMBRE,PN,30,4
2023,45,NOVIEMBRE,PN,50,10
2023,45,NOVIEMBRE,PN,100,18
2023,45,NOVIEMBRE,PN,200,38
2023,45,NOVIEMBRE,CR,10,2
2023,45,NOVIEMBRE,CR,30,7
2023,45,NOVIEMBRE,CR,50,14
2023,45,NOVIEMBRE,CR,100,24
2023,45,NOVIEMBRE,CR,200,47
2023,45,NOVIEMBRE,GT,10,1
2023,45,NOVIEMBRE,GT,30,6
2023,45,NOVIEMBRE,GT,50,9
2023,45,NOVIEMBRE,GT,100,20
2023,45,NOVIEMBRE,GT,200,38
2023,45,NOVIEMBRE,SV,10,2
2023,45,NOVIEMBRE,SV,30,7
2023,45,NOVIEMBRE,SV,50,11
2023,45,NOVIEMBRE,SV,100,24
2023,45,NOVIEMBRE,SV,200,40
2023,45,NOVIEMBRE,HN,10,1
2023,45,NOVIEMBRE,HN,30,5
2023,45,NOVIEMBRE,HN,50,12
2023,45,NOVIEMBRE,HN,100,17
2023,45,NOVIEMBRE,HN,200,40
2023,45,NOVIEMBRE,NI,10,1
2023,45,NOVIEMBRE,NI,30,8
2023,45,NOVIEMBRE,NI,50,11
2023,45,NOVIEMBRE,NI,100,21
2023,45,NOVIEMBRE,NI,200,38
2023,45,NOVIEMBRE,DO,10,1
2023,45,NOVIEMBRE,DO,30,5
2023,45,NOVIEMBRE,DO,50,12
2023,45,NOVIEMBRE,DO,100,20
2023,45,NOVIEMBRE,DO,200,29
2023,45,NOVIEMBRE,VE,10,2
2023,45,NOVIEMBRE,VE,30,6
2023,45,NOVIEMBRE,VE,50,13
2023,45,NOVIEMBRE,VE,100,25
2023,45,NOVIEMBRE,VE,200,46
2023,45,NOVIEMBRE,MX,10,2
2023,45,NOVIEMBRE,MX,30,4
2023,45,NOVIEMBRE,MX,50,9
2023,45,NOVIEMBRE,MX,100,19
2023,45,NOVIEMBRE,MX,200,42
2023,45,NOVIEMBRE,SP,10,0
2023,45,NOVIEMBRE,SP,30,3
2023,45,NOVIEMBRE,SP,50,8
2023,45,NOVIEMBRE,SP,100,18
2023,45,NOVIEMBRE,SP,200,41
2023,45,NOVIEMBRE,CL,10,1
2023,45,NOVIEMBRE,CL,30,2
2023,45,NOVIEMBRE,CL,50,10
2023,45,NOVIEMBRE,CL,100,18
2023,45,NOVIEMBRE,CL,200,31
2023,45,NOVIEMBRE,AR,10,0
2023,45,NOVIEMBRE,AR,30,2
2023,45,NOVIEMBRE,AR,50,6
2023,45,NOVIEMBRE,AR,100,14
2023,45,NOVIEMBRE,AR,200,26
2023,45,NOVIEMBRE,BR,10,1
2023,45,NOVIEMBRE,BR,30,2
2023,45,NOVIEMBRE,BR,50,4
2023,45,NOVIEMBRE,BR,100,9
2023,45,NOVIEMBRE,BR,200,16
2023,45,NOVIEMBRE,PT,10,0
2023,45,NOVIEMBRE,PT,30,0
2023,45,NOVIEMBRE,PT,50,3
2023,45,NOVIEMBRE,PT,100,11
2023,45,NOVIEMBRE,PT,200,31
2023,46,NOVIEMBRE,CO,10,5
2023,46,NOVIEMBRE,CO,30,8
2023,46,NOVIEMBRE,CO,50,16
2023,46,NOVIEMBRE,CO,100,32
2023,46,NOVIEMBRE,CO,200,54
2023,46,NOVIEMBRE,PE,10,3
2023,46,NOVIEMBRE,PE,30,8
2023,46,NOVIEMBRE,PE,50,14
2023,46,NOVIEMBRE,PE,100,29
2023,46,NOVIEMBRE,PE,200,53
2023,46,NOVIEMBRE,EC,10,3
2023,46,NOVIEMBRE,EC,30,9
2023,46,NOVIEMBRE,EC,50,14
2023,46,NOVIEMBRE,EC,100,25
2023,46,NOVIEMBRE,EC,200,48
2023,46,NOVIEMBRE,PN,10,2
2023,46,NOVIEMBRE,PN,30,5
2023,46,NOVIEMBRE,PN,50,10
2023,46,NOVIEMBRE,PN,100,20
2023,46,NOVIEMBRE,PN,200,33
2023,46,NOVIEMBRE,CR,10,3
2023,46,NOVIEMBRE,CR,30,7
2023,46,NOVIEMBRE,CR,50,14
2023,46,NOVIEMBRE,CR,100,22
2023,46,NOVIEMBRE,CR,200,42
2023,46,NOVIEMBRE,GT,10,1
2023,46,NOVIEMBRE,GT,30,6
2023,46,NOVIEMBRE,GT,50,10
2023,46,NOVIEMBRE,GT,100,17
2023,46,NOVIEMBRE,GT,200,38
2023,46,NOVIEMBRE,SV,10,2
2023,46,NOVIEMBRE,SV,30,7
2023,46,NOVIEMBRE,SV,50,9
2023,46,NOVIEMBRE,SV,100,22
2023,46,NOVIEMBRE,SV,200,38
2023,46,NOVIEMBRE,HN,10,1
2023,46,NOVIEMBRE,HN,30,5
2023,46,NOVIEMBRE,HN,50,10
2023,46,NOVIEMBRE,HN,100,17
2023,46,NOVIEMBRE,HN,200,36
2023,46,NOVIEMBRE,NI,10,1
2023,46,NOVIEMBRE,NI,30,6
2023,46,NOVIEMBRE,NI,50,10
2023,46,NOVIEMBRE,NI,100,17
2023,46,NOVIEMBRE,NI,200,37
2023,46,NOVIEMBRE,DO,10,0
2023,46,NOVIEMBRE,DO,30,3
2023,46,NOVIEMBRE,DO,50,5
2023,46,NOVIEMBRE,DO,100,16
2023,46,NOVIEMBRE,DO,200,28
2023,46,NOVIEMBRE,VE,10,3
2023,46,NOVIEMBRE,VE,30,5
2023,46,NOVIEMBRE,VE,50,12
2023,46,NOVIEMBRE,VE,100,24
2023,46,NOVIEMBRE,VE,200,41
2023,46,NOVIEMBRE,MX,10,2
2023,46,NOVIEMBRE,MX,30,5
2023,46,NOVIEMBRE,MX,50,10
2023,46,NOVIEMBRE,MX,100,20
2023,46,NOVIEMBRE,MX,200,42
2023,46,NOVIEMBRE,SP,10,0
2023,46,NOVIEMBRE,SP,30,3
2023,46,NOVIEMBRE,SP,50,8
2023,46,NOVIEMBRE,SP,100,18
2023,46,NOVIEMBRE,SP,200,36
2023,46,NOVIEMBRE,CL,10,1
2023,46,NOVIEMBRE,CL,30,2
2023,46,NOVIEMBRE,CL,50,8
2023,46,NOVIEMBRE,CL,100,18
2023,46,NOVIEMBRE,CL,200,31
2023,46,NOVIEMBRE,AR,10,0
2023,46,NOVIEMBRE,AR,30,2
2023,46,NOVIEMBRE,AR,50,5
2023,46,NOVIEMBRE,AR,100,12
2023,46,NOVIEMBRE,AR,200,33
2023,46,NOVIEMBRE,BR,10,1
2023,46,NOVIEMBRE,BR,30,2
2023,46,NOVIEMBRE,BR,50,3
2023,46,NOVIEMBRE,BR,100,8
2023,46,NOVIEMBRE,BR,200,13
2023,46,NOVIEMBRE,PT,10,0
2023,46,NOVIEMBRE,PT,30,0
2023,46,NOVIEMBRE,PT,50,3
2023,46,NOVIEMBRE,PT,100,7
2023,46,NOVIEMBRE,PT,200,25
2023,47,NOVIEMBRE,CO,10,4
2023,47,NOVIEMBRE,CO,30,10
2023,47,NOVIEMBRE,CO,50,17
2023,47,NOVIEMBRE,CO,100,31
2023,47,NOVIEMBRE,CO,200,55
2023,47,NOVIEMBRE,PE,10,4
2023,47,NOVIEMBRE,PE,30,8
2023,47,NOVIEMBRE,PE,50,14
2023,47,NOVIEMBRE,PE,100,28
2023,47,NOVIEMBRE,PE,200,53
2023,47,NOVIEMBRE,EC,10,3
2023,47,NOVIEMBRE,EC,30,8
2023,47,NOVIEMBRE,EC,50,14
2023,47,NOVIEMBRE,EC,100,24
2023,47,NOVIEMBRE,EC,200,47
2023,47,NOVIEMBRE,PN,10,2
2023,47,NOVIEMBRE,PN,30,6
2023,47,NOVIEMBRE,PN,50,10
2023,47,NOVIEMBRE,PN,100,19
2023,47,NOVIEMBRE,PN,200,32
2023,47,NOVIEMBRE,CR,10,3
2023,47,NOVIEMBRE,CR,30,7
2023,47,NOVIEMBRE,CR,50,11
2023,47,NOVIEMBRE,CR,100,21
2023,47,NOVIEMBRE,CR,200,44
2023,47,NOVIEMBRE,GT,10,1
2023,47,NOVIEMBRE,GT,30,5
2023,47,NOVIEMBRE,GT,50,9
2023,47,NOVIEMBRE,GT,100,17
2023,47,NOVIEMBRE,GT,200,36
2023,47,NOVIEMBRE,SV,10,2
2023,47,NOVIEMBRE,SV,30,7
2023,47,NOVIEMBRE,SV,50,10
2023,47,NOVIEMBRE,SV,100,20
2023,47,NOVIEMBRE,SV,200,33
2023,47,NOVIEMBRE,HN,10,1
2023,47,NOVIEMBRE,HN,30,6
2023,47,NOVIEMBRE,HN,50,10
2023,47,NOVIEMBRE,HN,100,17
2023,47,NOVIEMBRE,HN,200,35
2023,47,NOVIEMBRE,NI,10,1
2023,47,NOVIEMBRE,NI,30,6
2023,47,NOVIEMBRE,NI,50,10
2023,47,NOVIEMBRE,NI,100,18
2023,47,NOVIEMBRE,NI,200,34
2023,47,NOVIEMBRE,DO,10,1
2023,47,NOVIEMBRE,DO,30,3
2023,47,NOVIEMBRE,DO,50,6
2023,47,NOVIEMBRE,DO,100,16
2023,47,NOVIEMBRE,DO,200,27
2023,47,NOVIEMBRE,VE,10,3
2023,47,NOVIEMBRE,VE,30,6
2023,47,NOVIEMBRE,VE,50,12
2023,47,NOVIEMBRE,VE,100,20
2023,47,NOVIEMBRE,VE,200,39
2023,47,NOVIEMBRE,MX,10,2
2023,47,NOVIEMBRE,MX,30,4
2023,47,NOVIEMBRE,MX,50,9
2023,47,NOVIEMBRE,MX,100,17
2023,47,NOVIEMBRE,MX,200,34
2023,47,NOVIEMBRE,SP,10,0
2023,47,NOVIEMBRE,SP,30,4
2023,47,NOVIEMBRE,SP,50,7
2023,47,NOVIEMBRE,SP,100,16
2023,47,NOVIEMBRE,SP,200,37
2023,47,NOVIEMBRE,CL,10,1
2023,47,NOVIEMBRE,CL,30,4
2023,47,NOVIEMBRE,CL,50,11
2023,47,NOVIEMBRE,CL,100,17
2023,47,NOVIEMBRE,CL,200,33
2023,47,NOVIEMBRE,AR,10,0
2023,47,NOVIEMBRE,AR,30,2
2023,47,NOVIEMBRE,AR,50,4
2023,47,NOVIEMBRE,AR,100,12
2023,47,NOVIEMBRE,AR,200,21
2023,47,NOVIEMBRE,BR,10,1
2023,47,NOVIEMBRE,BR,30,2
2023,47,NOVIEMBRE,BR,50,3
2023,47,NOVIEMBRE,BR,100,10
2023,47,NOVIEMBRE,BR,200,13
2023,47,NOVIEMBRE,PT,10,0
2023,47,NOVIEMBRE,PT,30,0
2023,47,NOVIEMBRE,PT,50,3
2023,47,NOVIEMBRE,PT,100,9
2023,47,NOVIEMBRE,PT,200,27
2023,48,NOVIEMBRE,CO,10,4
2023,48,NOVIEMBRE,CO,30,11
2023,48,NOVIEMBRE,CO,50,18
2023,48,NOVIEMBRE,CO,100,33
2023,48,NOVIEMBRE,CO,200,60
2023,48,NOVIEMBRE,PE,10,4
2023,48,NOVIEMBRE,PE,30,8
2023,48,NOVIEMBRE,PE,50,14
2023,48,NOVIEMBRE,PE,100,26
2023,48,NOVIEMBRE,PE,200,56
2023,48,NOVIEMBRE,EC,10,3
2023,48,NOVIEMBRE,EC,30,7
2023,48,NOVIEMBRE,EC,50,14
2023,48,NOVIEMBRE,EC,100,27
2023,48,NOVIEMBRE,EC,200,47
2023,48,NOVIEMBRE,PN,10,2
2023,48,NOVIEMBRE,PN,30,7
2023,48,NOVIEMBRE,PN,50,10
2023,48,NOVIEMBRE,PN,100,20
2023,48,NOVIEMBRE,PN,200,36
2023,48,NOVIEMBRE,CR,10,4
2023,48,NOVIEMBRE,CR,30,7
2023,48,NOVIEMBRE,CR,50,11
2023,48,NOVIEMBRE,CR,100,22
2023,48,NOVIEMBRE,CR,200,49
2023,48,NOVIEMBRE,GT,10,1
2023,48,NOVIEMBRE,GT,30,6
2023,48,NOVIEMBRE,GT,50,10
2023,48,NOVIEMBRE,GT,100,18
2023,48,NOVIEMBRE,GT,200,44
2023,48,NOVIEMBRE,SV,10,2
2023,48,NOVIEMBRE,SV,30,7
2023,48,NOVIEMBRE,SV,50,11
2023,48,NOVIEMBRE,SV,100,20
2023,48,NOVIEMBRE,SV,200,38
2023,48,NOVIEMBRE,HN,10,1
2023,48,NOVIEMBRE,HN,30,6
2023,48,NOVIEMBRE,HN,50,10
2023,48,NOVIEMBRE,HN,100,16
2023,48,NOVIEMBRE,HN,200,37
2023,48,NOVIEMBRE,NI,10,1
2023,48,NOVIEMBRE,NI,30,7
2023,48,NOVIEMBRE,NI,50,11
2023,48,NOVIEMBRE,NI,100,17
2023,48,NOVIEMBRE,NI,200,37
2023,48,NOVIEMBRE,DO,10,0
2023,48,NOVIEMBRE,DO,30,3
2023,48,NOVIEMBRE,DO,50,6
2023,48,NOVIEMBRE,DO,100,17
2023,48,NOVIEMBRE,DO,200,27
2023,48,NOVIEMBRE,VE,10,3
2023,48,NOVIEMBRE,VE,30,7
2023,48,NOVIEMBRE,VE,50,11
2023,48,NOVIEMBRE,VE,100,23
2023,48,NOVIEMBRE,VE,200,41
2023,48,NOVIEMBRE,MX,10,1
2023,48,NOVIEMBRE,MX,30,5
2023,48,NOVIEMBRE,MX,50,8
2023,48,NOVIEMBRE,MX,100,19
2023,48,NOVIEMBRE,MX,200,41
2023,48,NOVIEMBRE,SP,10,0
2023,48,NOVIEMBRE,SP,30,4
2023,48,NOVIEMBRE,SP,50,8
2023,48,NOVIEMBRE,SP,100,18
2023,48,NOVIEMBRE,SP,200,38
2023,48,NOVIEMBRE,CL,10,1
2023,48,NOVIEMBRE,CL,30,4
2023,48,NOVIEMBRE,CL,50,11
2023,48,NOVIEMBRE,CL,100,18
2023,48,NOVIEMBRE,CL,200,34
2023,48,NOVIEMBRE,AR,10,0
2023,48,NOVIEMBRE,AR,30,2
2023,48,NOVIEMBRE,AR,50,4
2023,48,NOVIEMBRE,AR,100,12
2023,48,NOVIEMBRE,AR,200,22
2023,48,NOVIEMBRE,BR,10,1
2023,48,NOVIEMBRE,BR,30,2
2023,48,NOVIEMBRE,BR,50,4
2023,48,NOVIEMBRE,BR,100,8
2023,48,NOVIEMBRE,BR,200,15
2023,48,NOVIEMBRE,PT,10,0
2023,48,NOVIEMBRE,PT,30,0
2023,48,NOVIEMBRE,PT,50,0
2023,48,NOVIEMBRE,PT,100,5
2023,48,NOVIEMBRE,PT,200,30
2023,49,DICIEMBRE,CO,10,8
2023,49,DICIEMBRE,CO,30,18
2023,49,DICIEMBRE,CO,50,26
2023,49,DICIEMBRE,CO,100,41
2023,49,DICIEMBRE,CO,200,65
2023,49,DICIEMBRE,PE,10,5
2023,49,DICIEMBRE,PE,30,11
2023,49,DICIEMBRE,PE,50,15
2023,49,DICIEMBRE,PE,100,30
2023,49,DICIEMBRE,PE,200,57
2023,49,DICIEMBRE,EC,10,4
2023,49,DICIEMBRE,EC,30,9
2023,49,DICIEMBRE,EC,50,17
2023,49,DICIEMBRE,EC,100,34
2023,49,DICIEMBRE,EC,200,55
2023,49,DICIEMBRE,PN,10,2
2023,49,DICIEMBRE,PN,30,7
2023,49,DICIEMBRE,PN,50,13
2023,49,DICIEMBRE,PN,100,23
2023,49,DICIEMBRE,PN,200,44
2023,49,DICIEMBRE,CR,10,4
2023,49,DICIEMBRE,CR,30,8
2023,49,DICIEMBRE,CR,50,14
2023,49,DICIEMBRE,CR,100,24
2023,49,DICIEMBRE,CR,200,61
2023,49,DICIEMBRE,GT,10,2
2023,49,DICIEMBRE,GT,30,6
2023,49,DICIEMBRE,GT,50,12
2023,49,DICIEMBRE,GT,100,19
2023,49,DICIEMBRE,GT,200,47
2023,49,DICIEMBRE,SV,10,2
2023,49,DICIEMBRE,SV,30,7
2023,49,DICIEMBRE,SV,50,12
2023,49,DICIEMBRE,SV,100,22
2023,49,DICIEMBRE,SV,200,42
2023,49,DICIEMBRE,HN,10,1
2023,49,DICIEMBRE,HN,30,7
2023,49,DICIEMBRE,HN,50,10
2023,49,DICIEMBRE,HN,100,20
2023,49,DICIEMBRE,HN,200,45
2023,49,DICIEMBRE,NI,10,1
2023,49,DICIEMBRE,NI,30,7
2023,49,DICIEMBRE,NI,50,11
2023,49,DICIEMBRE,NI,100,19
2023,49,DICIEMBRE,NI,200,42
2023,49,DICIEMBRE,DO,10,0
2023,49,DICIEMBRE,DO,30,4
2023,49,DICIEMBRE,DO,50,7
2023,49,DICIEMBRE,DO,100,18
2023,49,DICIEMBRE,DO,200,29
2023,49,DICIEMBRE,VE,10,4
2023,49,DICIEMBRE,VE,30,8
2023,49,DICIEMBRE,VE,50,16
2023,49,DICIEMBRE,VE,100,26
2023,49,DICIEMBRE,VE,200,50
2023,49,DICIEMBRE,MX,10,2
2023,49,DICIEMBRE,MX,30,5
2023,49,DICIEMBRE,MX,50,9
2023,49,DICIEMBRE,MX,100,20
2023,49,DICIEMBRE,MX,200,39
2023,49,DICIEMBRE,SP,10,0
2023,49,DICIEMBRE,SP,30,5
2023,49,DICIEMBRE,SP,50,10
2023,49,DICIEMBRE,SP,100,21
2023,49,DICIEMBRE,SP,200,45
2023,49,DICIEMBRE,CL,10,1
2023,49,DICIEMBRE,CL,30,3
2023,49,DICIEMBRE,CL,50,6
2023,49,DICIEMBRE,CL,100,17
2023,49,DICIEMBRE,CL,200,34
2023,49,DICIEMBRE,AR,10,0
2023,49,DICIEMBRE,AR,30,2
2023,49,DICIEMBRE,AR,50,3
2023,49,DICIEMBRE,AR,100,10
2023,49,DICIEMBRE,AR,200,20
2023,49,DICIEMBRE,BR,10,1
2023,49,DICIEMBRE,BR,30,3
2023,49,DICIEMBRE,BR,50,4
2023,49,DICIEMBRE,BR,100,10
2023,49,DICIEMBRE,BR,200,16
2023,49,DICIEMBRE,PT,10,0
2023,49,DICIEMBRE,PT,30,0
2023,49,DICIEMBRE,PT,50,2
2023,49,DICIEMBRE,PT,100,8
2023,49,DICIEMBRE,PT,200,33
2023,50,DICIEMBRE,CO,10,6
2023,50,DICIEMBRE,CO,30,14
2023,50,DICIEMBRE,CO,50,23
2023,50,DICIEMBRE,CO,100,38
2023,50,DICIEMBRE,CO,200,63
2023,50,DICIEMBRE,PE,10,5
2023,50,DICIEMBRE,PE,30,11
2023,50,DICIEMBRE,PE,50,15
2023,50,DICIEMBRE,PE,100,28
2023,50,DICIEMBRE,PE,200,55
2023,50,DICIEMBRE,EC,10,3
2023,50,DICIEMBRE,EC,30,9
2023,50,DICIEMBRE,EC,50,17
2023,50,DICIEMBRE,EC,100,30
2023,50,DICIEMBRE,EC,200,56
2023,50,DICIEMBRE,PN,10,3
2023,50,DICIEMBRE,PN,30,8
2023,50,DICIEMBRE,PN,50,15
2023,50,DICIEMBRE,PN,100,21
2023,50,DICIEMBRE,PN,200,41
2023,50,DICIEMBRE,CR,10,4
2023,50,DICIEMBRE,CR,30,8
2023,50,DICIEMBRE,CR,50,15
2023,50,DICIEMBRE,CR,100,22
2023,50,DICIEMBRE,CR,200,56
2023,50,DICIEMBRE,GT,10,3
2023,50,DICIEMBRE,GT,30,9
2023,50,DICIEMBRE,GT,50,14
2023,50,DICIEMBRE,GT,100,22
2023,50,DICIEMBRE,GT,200,51
2023,50,DICIEMBRE,SV,10,1
2023,50,DICIEMBRE,SV,30,8
2023,50,DICIEMBRE,SV,50,13
2023,50,DICIEMBRE,SV,100,23
2023,50,DICIEMBRE,SV,200,42
2023,50,DICIEMBRE,HN,10,1
2023,50,DICIEMBRE,HN,30,9
2023,50,DICIEMBRE,HN,50,12
2023,50,DICIEMBRE,HN,100,21
2023,50,DICIEMBRE,HN,200,50
2023,50,DICIEMBRE,NI,10,1
2023,50,DICIEMBRE,NI,30,7
2023,50,DICIEMBRE,NI,50,13
2023,50,DICIEMBRE,NI,100,21
2023,50,DICIEMBRE,NI,200,46
2023,50,DICIEMBRE,DO,10,1
2023,50,DICIEMBRE,DO,30,4
2023,50,DICIEMBRE,DO,50,7
2023,50,DICIEMBRE,DO,100,19
2023,50,DICIEMBRE,DO,200,29
2023,50,DICIEMBRE,VE,10,4
2023,50,DICIEMBRE,VE,30,9
2023,50,DICIEMBRE,VE,50,15
2023,50,DICIEMBRE,VE,100,23
2023,50,DICIEMBRE,VE,200,48
2023,50,DICIEMBRE,MX,10,3
2023,50,DICIEMBRE,MX,30,8
2023,50,DICIEMBRE,MX,50,10
2023,50,DICIEMBRE,MX,100,22
2023,50,DICIEMBRE,MX,200,43
2023,50,DICIEMBRE,SP,10,2
2023,50,DICIEMBRE,SP,30,4
2023,50,DICIEMBRE,SP,50,10
2023,50,DICIEMBRE,SP,100,19
2023,50,DICIEMBRE,SP,200,46
2023,50,DICIEMBRE,CL,10,1
2023,50,DICIEMBRE,CL,30,3
2023,50,DICIEMBRE,CL,50,7
2023,50,DICIEMBRE,CL,100,18
2023,50,DICIEMBRE,CL,200,34
2023,50,DICIEMBRE,AR,10,0
2023,50,DICIEMBRE,AR,30,2
2023,50,DICIEMBRE,AR,50,3
2023,50,DICIEMBRE,AR,100,10
2023,50,DICIEMBRE,AR,200,21
2023,50,DICIEMBRE,BR,10,0
2023,50,DICIEMBRE,BR,30,3
2023,50,DICIEMBRE,BR,50,6
2023,50,DICIEMBRE,BR,100,12
2023,50,DICIEMBRE,BR,200,18
2023,50,DICIEMBRE,PT,10,0
2023,50,DICIEMBRE,PT,30,0
2023,50,DICIEMBRE,PT,50,2
2023,50,DICIEMBRE,PT,100,10
2023,50,DICIEMBRE,PT,200,29
2023,51,DICIEMBRE,CO,10,6
2023,51,DICIEMBRE,CO,30,14
2023,51,DICIEMBRE,CO,50,22
2023,51,DICIEMBRE,CO,100,39
2023,51,DICIEMBRE,CO,200,65
2023,51,DICIEMBRE,PE,10,5
2023,51,DICIEMBRE,PE,30,11
2023,51,DICIEMBRE,PE,50,15
2023,51,DICIEMBRE,PE,100,28
2023,51,DICIEMBRE,PE,200,52
2023,51,DICIEMBRE,EC,10,4
2023,51,DICIEMBRE,EC,30,9
2023,51,DICIEMBRE,EC,50,15
2023,51,DICIEMBRE,EC,100,30
2023,51,DICIEMBRE,EC,200,54
2023,51,DICIEMBRE,PN,10,3
2023,51,DICIEMBRE,PN,30,6
2023,51,DICIEMBRE,PN,50,12
2023,51,DICIEMBRE,PN,100,23
2023,51,DICIEMBRE,PN,200,43
2023,51,DICIEMBRE,CR,10,4
2023,51,DICIEMBRE,CR,30,8
2023,51,DICIEMBRE,CR,50,14
2023,51,DICIEMBRE,CR,100,23
2023,51,DICIEMBRE,CR,200,59
2023,51,DICIEMBRE,GT,10,3
2023,51,DICIEMBRE,GT,30,10
2023,51,DICIEMBRE,GT,50,14
2023,51,DICIEMBRE,GT,100,21
2023,51,DICIEMBRE,GT,200,51
2023,51,DICIEMBRE,SV,10,2
2023,51,DICIEMBRE,SV,30,10
2023,51,DICIEMBRE,SV,50,13
2023,51,DICIEMBRE,SV,100,24
2023,51,DICIEMBRE,SV,200,43
2023,51,DICIEMBRE,HN,10,3
2023,51,DICIEMBRE,HN,30,8
2023,51,DICIEMBRE,HN,50,13
2023,51,DICIEMBRE,HN,100,20
2023,51,DICIEMBRE,HN,200,47
2023,51,DICIEMBRE,NI,10,2
2023,51,DICIEMBRE,NI,30,8
2023,51,DICIEMBRE,NI,50,12
2023,51,DICIEMBRE,NI,100,23
2023,51,DICIEMBRE,NI,200,43
2023,51,DICIEMBRE,DO,10,1
2023,51,DICIEMBRE,DO,30,2
2023,51,DICIEMBRE,DO,50,7
2023,51,DICIEMBRE,DO,100,17
2023,51,DICIEMBRE,DO,200,29
2023,51,DICIEMBRE,VE,10,4
2023,51,DICIEMBRE,VE,30,8
2023,51,DICIEMBRE,VE,50,14
2023,51,DICIEMBRE,VE,100,22
2023,51,DICIEMBRE,VE,200,48
2023,51,DICIEMBRE,MX,10,3
2023,51,DICIEMBRE,MX,30,9
2023,51,DICIEMBRE,MX,50,12
2023,51,DICIEMBRE,MX,100,22
2023,51,DICIEMBRE,MX,200,43
2023,51,DICIEMBRE,SP,10,2
2023,51,DICIEMBRE,SP,30,5
2023,51,DICIEMBRE,SP,50,12
2023,51,DICIEMBRE,SP,100,25
2023,51,DICIEMBRE,SP,200,54
2023,51,DICIEMBRE,CL,10,1
2023,51,DICIEMBRE,CL,30,2
2023,51,DICIEMBRE,CL,50,7
2023,51,DICIEMBRE,CL,100,18
2023,51,DICIEMBRE,CL,200,36
2023,51,DICIEMBRE,AR,10,0
2023,51,DICIEMBRE,AR,30,2
2023,51,DICIEMBRE,AR,50,4
2023,51,DICIEMBRE,AR,100,8
2023,51,DICIEMBRE,AR,200,23
2023,51,DICIEMBRE,BR,10,1
2023,51,DICIEMBRE,BR,30,3
2023,51,DICIEMBRE,BR,50,6
2023,51,DICIEMBRE,BR,100,11
2023,51,DICIEMBRE,BR,200,18
2023,51,DICIEMBRE,PT,10,0
2023,51,DICIEMBRE,PT,30,1
2023,51,DICIEMBRE,PT,50,4
2023,51,DICIEMBRE,PT,100,11
2023,51,DICIEMBRE,PT,200,35
2023,52,DICIEMBRE,CO,10,6
2023,52,DICIEMBRE,CO,30,14
2023,52,DICIEMBRE,CO,50,19
2023,52,DICIEMBRE,CO,100,34
2023,52,DICIEMBRE,CO,200,55
2023,52,DICIEMBRE,PE,10,5
2023,52,DICIEMBRE,PE,30,10
2023,52,DICIEMBRE,PE,50,16
2023,52,DICIEMBRE,PE,100,27
2023,52,DICIEMBRE,PE,200,51
2023,52,DICIEMBRE,EC,10,4
2023,52,DICIEMBRE,EC,30,10
2023,52,DICIEMBRE,EC,50,15
2023,52,DICIEMBRE,EC,100,33
2023,52,DICIEMBRE,EC,200,51
2023,52,DICIEMBRE,PN,10,2
2023,52,DICIEMBRE,PN,30,8
2023,52,DICIEMBRE,PN,50,14
2023,52,DICIEMBRE,PN,100,27
2023,52,DICIEMBRE,PN,200,45
2023,52,DICIEMBRE,CR,10,4
2023,52,DICIEMBRE,CR,30,8
2023,52,DICIEMBRE,CR,50,12
2023,52,DICIEMBRE,CR,100,28
2023,52,DICIEMBRE,CR,200,60
2023,52,DICIEMBRE,GT,10,3
2023,52,DICIEMBRE,GT,30,10
2023,52,DICIEMBRE,GT,50,13
2023,52,DICIEMBRE,GT,100,22
2023,52,DICIEMBRE,GT,200,53
2023,52,DICIEMBRE,SV,10,3
2023,52,DICIEMBRE,SV,30,10
2023,52,DICIEMBRE,SV,50,13
2023,52,DICIEMBRE,SV,100,25
2023,52,DICIEMBRE,SV,200,39
2023,52,DICIEMBRE,HN,10,4
2023,52,DICIEMBRE,HN,30,11
2023,52,DICIEMBRE,HN,50,15
2023,52,DICIEMBRE,HN,100,20
2023,52,DICIEMBRE,HN,200,50
2023,52,DICIEMBRE,NI,10,3
2023,52,DICIEMBRE,NI,30,8
2023,52,DICIEMBRE,NI,50,14
2023,52,DICIEMBRE,NI,100,26
2023,52,DICIEMBRE,NI,200,50
2023,52,DICIEMBRE,DO,10,1
2023,52,DICIEMBRE,DO,30,3
2023,52,DICIEMBRE,DO,50,7
2023,52,DICIEMBRE,DO,100,14
2023,52,DICIEMBRE,DO,200,31
2023,52,DICIEMBRE,VE,10,4
2023,52,DICIEMBRE,VE,30,6
2023,52,DICIEMBRE,VE,50,13
2023,52,DICIEMBRE,VE,100,25
2023,52,DICIEMBRE,VE,200,41
2023,52,DICIEMBRE,MX,10,4
2023,52,DICIEMBRE,MX,30,9
2023,52,DICIEMBRE,MX,50,14
2023,52,DICIEMBRE,MX,100,24
2023,52,DICIEMBRE,MX,200,45
2023,52,DICIEMBRE,SP,10,3
2023,52,DICIEMBRE,SP,30,5
2023,52,DICIEMBRE,SP,50,9
2023,52,DICIEMBRE,SP,100,23
2023,52,DICIEMBRE,SP,200,46
2023,52,DICIEMBRE,CL,10,1
2023,52,DICIEMBRE,CL,30,2
2023,52,DICIEMBRE,CL,50,7
2023,52,DICIEMBRE,CL,100,21
2023,52,DICIEMBRE,CL,200,37
2023,52,DICIEMBRE,AR,10,0
2023,52,DICIEMBRE,AR,30,1
2023,52,DICIEMBRE,AR,50,3
2023,52,DICIEMBRE,AR,100,7
2023,52,DICIEMBRE,AR,200,20
2023,52,DICIEMBRE,BR,10,2
2023,52,DICIEMBRE,BR,30,4
2023,52,DICIEMBRE,BR,50,7
2023,52,DICIEMBRE,BR,100,12
2023,52,DICIEMBRE,BR,200,20
2023,52,DICIEMBRE,PT,10,4
2023,52,DICIEMBRE,PT,30,4
2023,52,DICIEMBRE,PT,50,7
2023,52,DICIEMBRE,PT,100,19
2023,52,DICIEMBRE,PT,200,43
2024,1,ENERO,CO,10,6
2024,1,ENERO,CO,30,15
2024,1,ENERO,CO,50,23
2024,1,ENERO,CO,100,34
2024,1,ENERO,CO,200,54
2024,1,ENERO,PE,10,3
2024,1,ENERO,PE,30,8
2024,1,ENERO,PE,50,11
2024,1,ENERO,PE,100,23
2024,1,ENERO,PE,200,47
2024,1,ENERO,EC,10,4
2024,1,ENERO,EC,30,10
2024,1,ENERO,EC,50,14
2024,1,ENERO,EC,100,31
2024,1,ENERO,EC,200,50
2024,1,ENERO,PN,10,3
2024,1,ENERO,PN,30,7
2024,1,ENERO,PN,50,13
2024,1,ENERO,PN,100,23
2024,1,ENERO,PN,200,39
2024,1,ENERO,CR,10,4
2024,1,ENERO,CR,30,8
2024,1,ENERO,CR,50,13
2024,1,ENERO,CR,100,31
2024,1,ENERO,CR,200,62
2024,1,ENERO,GT,10,4
2024,1,ENERO,GT,30,9
2024,1,ENERO,GT,50,12
2024,1,ENERO,GT,100,21
2024,1,ENERO,GT,200,44
2024,1,ENERO,SV,10,4
2024,1,ENERO,SV,30,8
2024,1,ENERO,SV,50,13
2024,1,ENERO,SV,100,23
2024,1,ENERO,SV,200,39
2024,1,ENERO,HN,10,4
2024,1,ENERO,HN,30,9
2024,1,ENERO,HN,50,14
2024,1,ENERO,HN,100,21
2024,1,ENERO,HN,200,47
2024,1,ENERO,NI,10,3
2024,1,ENERO,NI,30,9
2024,1,ENERO,NI,50,13
2024,1,ENERO,NI,100,21
2024,1,ENERO,NI,200,47
2024,1,ENERO,DO,10,0
2024,1,ENERO,DO,30,2
2024,1,ENERO,DO,50,6
2024,1,ENERO,DO,100,14
2024,1,ENERO,DO,200,29
2024,1,ENERO,VE,10,4
2024,1,ENERO,VE,30,9
2024,1,ENERO,VE,50,16
2024,1,ENERO,VE,100,26
2024,1,ENERO,VE,200,48
2024,1,ENERO,MX,10,3
2024,1,ENERO,MX,30,8
2024,1,ENERO,MX,50,11
2024,1,ENERO,MX,100,24
2024,1,ENERO,MX,200,46
2024,1,ENERO,SP,10,3
2024,1,ENERO,SP,30,6
2024,1,ENERO,SP,50,9
2024,1,ENERO,SP,100,22
2024,1,ENERO,SP,200,46
2024,1,ENERO,CL,10,1
2024,1,ENERO,CL,30,2
2024,1,ENERO,CL,50,7
2024,1,ENERO,CL,100,20
2024,1,ENERO,CL,200,34
2024,1,ENERO,AR,10,0
2024,1,ENERO,AR,30,1
2024,1,ENERO,AR,50,3
2024,1,ENERO,AR,100,7
2024,1,ENERO,AR,200,19
2024,1,ENERO,BR,10,2
2024,1,ENERO,BR,30,4
2024,1,ENERO,BR,50,6
2024,1,ENERO,BR,100,11
2024,1,ENERO,BR,200,21
2024,1,ENERO,PT,10,0
2024,1,ENERO,PT,30,0
2024,1,ENERO,PT,50,2
2024,1,ENERO,PT,100,11
2024,1,ENERO,PT,200,32
2024,2,ENERO,CO,10,8
2024,2,ENERO,CO,30,15
2024,2,ENERO,CO,50,21
2024,2,ENERO,CO,100,38
2024,2,ENERO,CO,200,72
2024,2,ENERO,PE,10,4
2024,2,ENERO,PE,30,9
2024,2,ENERO,PE,50,13
2024,2,ENERO,PE,100,25
2024,2,ENERO,PE,200,49
2024,2,ENERO,EC,10,4
2024,2,ENERO,EC,30,10
2024,2,ENERO,EC,50,13
2024,2,ENERO,EC,100,32
2024,2,ENERO,EC,200,53
2024,2,ENERO,PN,10,4
2024,2,ENERO,PN,30,7
2024,2,ENERO,PN,50,13
2024,2,ENERO,PN,100,23
2024,2,ENERO,PN,200,43
2024,2,ENERO,CR,10,4
2024,2,ENERO,CR,30,9
2024,2,ENERO,CR,50,13
2024,2,ENERO,CR,100,27
2024,2,ENERO,CR,200,60
2024,2,ENERO,GT,10,5
2024,2,ENERO,GT,30,10
2024,2,ENERO,GT,50,12
2024,2,ENERO,GT,100,22
2024,2,ENERO,GT,200,41
2024,2,ENERO,SV,10,4
2024,2,ENERO,SV,30,8
2024,2,ENERO,SV,50,12
2024,2,ENERO,SV,100,26
2024,2,ENERO,SV,200,43
2024,2,ENERO,HN,10,4
2024,2,ENERO,HN,30,9
2024,2,ENERO,HN,50,13
2024,2,ENERO,HN,100,19
2024,2,ENERO,HN,200,48
2024,2,ENERO,NI,10,3
2024,2,ENERO,NI,30,10
2024,2,ENERO,NI,50,14
2024,2,ENERO,NI,100,22
2024,2,ENERO,NI,200,43
2024,2,ENERO,DO,10,0
2024,2,ENERO,DO,30,4
2024,2,ENERO,DO,50,8
2024,2,ENERO,DO,100,18
2024,2,ENERO,DO,200,28
2024,2,ENERO,VE,10,5
2024,2,ENERO,VE,30,9
2024,2,ENERO,VE,50,17
2024,2,ENERO,VE,100,28
2024,2,ENERO,VE,200,51
2024,2,ENERO,MX,10,3
2024,2,ENERO,MX,30,8
2024,2,ENERO,MX,50,12
2024,2,ENERO,MX,100,24
2024,2,ENERO,MX,200,44
2024,2,ENERO,SP,10,3
2024,2,ENERO,SP,30,5
2024,2,ENERO,SP,50,8
2024,2,ENERO,SP,100,21
2024,2,ENERO,SP,200,43
2024,2,ENERO,CL,10,2
2024,2,ENERO,CL,30,3
2024,2,ENERO,CL,50,8
2024,2,ENERO,CL,100,19
2024,2,ENERO,CL,200,38
2024,2,ENERO,AR,10,0
2024,2,ENERO,AR,30,2
2024,2,ENERO,AR,50,3
2024,2,ENERO,AR,100,8
2024,2,ENERO,AR,200,23
2024,2,ENERO,BR,10,1
2024,2,ENERO,BR,30,5
2024,2,ENERO,BR,50,7
2024,2,ENERO,BR,100,12
2024,2,ENERO,BR,200,23
2024,2,ENERO,PT,10,0
2024,2,ENERO,PT,30,0
2024,2,ENERO,PT,50,3
2024,2,ENERO,PT,100,10
2024,2,ENERO,PT,200,32
2024,3,ENERO,CO,10,8
2024,3,ENERO,CO,30,16
2024,3,ENERO,CO,50,23
2024,3,ENERO,CO,100,42
2024,3,ENERO,CO,200,75
2024,3,ENERO,PE,10,4
2024,3,ENERO,PE,30,11
2024,3,ENERO,PE,50,16
2024,3,ENERO,PE,100,29
2024,3,ENERO,PE,200,56
2024,3,ENERO,EC,10,4
2024,3,ENERO,EC,30,11
2024,3,ENERO,EC,50,17
2024,3,ENERO,EC,100,33
2024,3,ENERO,EC,200,56
2024,3,ENERO,PN,10,4
2024,3,ENERO,PN,30,9
2024,3,ENERO,PN,50,14
2024,3,ENERO,PN,100,25
2024,3,ENERO,PN,200,45
2024,3,ENERO,CR,10,4
2024,3,ENERO,CR,30,11
2024,3,ENERO,CR,50,14
2024,3,ENERO,CR,100,30
2024,3,ENERO,CR,200,61
2024,3,ENERO,GT,10,5
2024,3,ENERO,GT,30,11
2024,3,ENERO,GT,50,14
2024,3,ENERO,GT,100,25
2024,3,ENERO,GT,200,46
2024,3,ENERO,SV,10,4
2024,3,ENERO,SV,30,10
2024,3,ENERO,SV,50,16
2024,3,ENERO,SV,100,29
2024,3,ENERO,SV,200,49
2024,3,ENERO,HN,10,4
2024,3,ENERO,HN,30,11
2024,3,ENERO,HN,50,15
2024,3,ENERO,HN,100,22
2024,3,ENERO,HN,200,51
2024,3,ENERO,NI,10,4
2024,3,ENERO,NI,30,10
2024,3,ENERO,NI,50,16
2024,3,ENERO,NI,100,25
2024,3,ENERO,NI,200,47
2024,3,ENERO,DO,10,0
2024,3,ENERO,DO,30,4
2024,3,ENERO,DO,50,9
2024,3,ENERO,DO,100,20
2024,3,ENERO,DO,200,30
2024,3,ENERO,VE,10,6
2024,3,ENERO,VE,30,12
2024,3,ENERO,VE,50,19
2024,3,ENERO,VE,100,30
2024,3,ENERO,VE,200,55
2024,3,ENERO,MX,10,4
2024,3,ENERO,MX,30,10
2024,3,ENERO,MX,50,15
2024,3,ENERO,MX,100,25
2024,3,ENERO,MX,200,48
2024,3,ENERO,SP,10,3
2024,3,ENERO,SP,30,4
2024,3,ENERO,SP,50,9
2024,3,ENERO,SP,100,20
2024,3,ENERO,SP,200,44
2024,3,ENERO,CL,10,1
2024,3,ENERO,CL,30,4
2024,3,ENERO,CL,50,8
2024,3,ENERO,CL,100,22
2024,3,ENERO,CL,200,40
2024,3,ENERO,AR,10,0
2024,3,ENERO,AR,30,2
2024,3,ENERO,AR,50,3
2024,3,ENERO,AR,100,11
2024,3,ENERO,AR,200,24
2024,3,ENERO,BR,10,1
2024,3,ENERO,BR,30,6
2024,3,ENERO,BR,50,8
2024,3,ENERO,BR,100,12
2024,3,ENERO,BR,200,23
2024,3,ENERO,PT,10,1
2024,3,ENERO,PT,30,2
2024,3,ENERO,PT,50,5
2024,3,ENERO,PT,100,12
2024,3,ENERO,PT,200,34
2024,4,ENERO,CO,10,8
2024,4,ENERO,CO,30,15
2024,4,ENERO,CO,50,23
2024,4,ENERO,CO,100,37
2024,4,ENERO,CO,200,69
2024,4,ENERO,PE,10,4
2024,4,ENERO,PE,30,11
2024,4,ENERO,PE,50,17
2024,4,ENERO,PE,100,28
2024,4,ENERO,PE,200,52
2024,4,ENERO,EC,10,5
2024,4,ENERO,EC,30,11
2024,4,ENERO,EC,50,16
2024,4,ENERO,EC,100,29
2024,4,ENERO,EC,200,51
2024,4,ENERO,PN,10,3
2024,4,ENERO,PN,30,7
2024,4,ENERO,PN,50,10
2024,4,ENERO,PN,100,22
2024,4,ENERO,PN,200,42
2024,4,ENERO,CR,10,4
2024,4,ENERO,CR,30,8
2024,4,ENERO,CR,50,13
2024,4,ENERO,CR,100,26
2024,4,ENERO,CR,200,55
2024,4,ENERO,GT,10,4
2024,4,ENERO,GT,30,10
2024,4,ENERO,GT,50,14
2024,4,ENERO,GT,100,24
2024,4,ENERO,GT,200,47
2024,4,ENERO,SV,10,4
2024,4,ENERO,SV,30,9
2024,4,ENERO,SV,50,15
2024,4,ENERO,SV,100,26
2024,4,ENERO,SV,200,40
2024,4,ENERO,HN,10,5
2024,4,ENERO,HN,30,10
2024,4,ENERO,HN,50,14
2024,4,ENERO,HN,100,20
2024,4,ENERO,HN,200,42
2024,4,ENERO,NI,10,4
2024,4,ENERO,NI,30,10
2024,4,ENERO,NI,50,14
2024,4,ENERO,NI,100,25
2024,4,ENERO,NI,200,42
2024,4,ENERO,DO,10,1
2024,4,ENERO,DO,30,3
2024,4,ENERO,DO,50,6
2024,4,ENERO,DO,100,15
2024,4,ENERO,DO,200,28
2024,4,ENERO,VE,10,4
2024,4,ENERO,VE,30,8
2024,4,ENERO,VE,50,14
2024,4,ENERO,VE,100,26
2024,4,ENERO,VE,200,51
2024,4,ENERO,MX,10,4
2024,4,ENERO,MX,30,9
2024,4,ENERO,MX,50,15
2024,4,ENERO,MX,100,25
2024,4,ENERO,MX,200,47
2024,4,ENERO,SP,10,3
2024,4,ENERO,SP,30,4
2024,4,ENERO,SP,50,8
2024,4,ENERO,SP,100,18
2024,4,ENERO,SP,200,37
2024,4,ENERO,CL,10,1
2024,4,ENERO,CL,30,4
2024,4,ENERO,CL,50,8
2024,4,ENERO,CL,100,23
2024,4,ENERO,CL,200,39
2024,4,ENERO,AR,10,0
2024,4,ENERO,AR,30,2
2024,4,ENERO,AR,50,3
2024,4,ENERO,AR,100,7
2024,4,ENERO,AR,200,28
2024,4,ENERO,BR,10,1
2024,4,ENERO,BR,30,6
2024,4,ENERO,BR,50,7
2024,4,ENERO,BR,100,11
2024,4,ENERO,BR,200,24
2024,4,ENERO,PT,10,1
2024,4,ENERO,PT,30,2
2024,4,ENERO,PT,50,5
2024,4,ENERO,PT,100,13
2024,4,ENERO,PT,200,34
2024,5,FEBRERO,CO,10,6
2024,5,FEBRERO,CO,30,13
2024,5,FEBRERO,CO,50,18
2024,5,FEBRERO,CO,100,35
2024,5,FEBRERO,CO,200,64
2024,5,FEBRERO,PE,10,4
2024,5,FEBRERO,PE,30,11
2024,5,FEBRERO,PE,50,15
2024,5,FEBRERO,PE,100,28
2024,5,FEBRERO,PE,200,52
2024,5,FEBRERO,EC,10,4
2024,5,FEBRERO,EC,30,10
2024,5,FEBRERO,EC,50,16
2024,5,FEBRERO,EC,100,30
2024,5,FEBRERO,EC,200,53
2024,5,FEBRERO,PN,10,4
2024,5,FEBRERO,PN,30,9
2024,5,FEBRERO,PN,50,12
2024,5,FEBRERO,PN,100,22
2024,5,FEBRERO,PN,200,37
2024,5,FEBRERO,CR,10,5
2024,5,FEBRERO,CR,30,9
2024,5,FEBRERO,CR,50,12
2024,5,FEBRERO,CR,100,24
2024,5,FEBRERO,CR,200,56
2024,5,FEBRERO,GT,10,4
2024,5,FEBRERO,GT,30,9
2024,5,FEBRERO,GT,50,14
2024,5,FEBRERO,GT,100,22
2024,5,FEBRERO,GT,200,46
2024,5,FEBRERO,SV,10,4
2024,5,FEBRERO,SV,30,8
2024,5,FEBRERO,SV,50,14
2024,5,FEBRERO,SV,100,26
2024,5,FEBRERO,SV,200,40
2024,5,FEBRERO,HN,10,4
2024,5,FEBRERO,HN,30,9
2024,5,FEBRERO,HN,50,15
2024,5,FEBRERO,HN,100,20
2024,5,FEBRERO,HN,200,42
2024,5,FEBRERO,NI,10,4
2024,5,FEBRERO,NI,30,9
2024,5,FEBRERO,NI,50,14
2024,5,FEBRERO,NI,100,26
2024,5,FEBRERO,NI,200,42
2024,5,FEBRERO,DO,10,2
2024,5,FEBRERO,DO,30,5
2024,5,FEBRERO,DO,50,6
2024,5,FEBRERO,DO,100,14
2024,5,FEBRERO,DO,200,28
2024,5,FEBRERO,VE,10,6
2024,5,FEBRERO,VE,30,10
2024,5,FEBRERO,VE,50,17
2024,5,FEBRERO,VE,100,27
2024,5,FEBRERO,VE,200,48
2024,5,FEBRERO,MX,10,4
2024,5,FEBRERO,MX,30,10
2024,5,FEBRERO,MX,50,14
2024,5,FEBRERO,MX,100,25
2024,5,FEBRERO,MX,200,49
2024,5,FEBRERO,SP,10,3
2024,5,FEBRERO,SP,30,5
2024,5,FEBRERO,SP,50,10
2024,5,FEBRERO,SP,100,19
2024,5,FEBRERO,SP,200,44
2024,5,FEBRERO,CL,10,2
2024,5,FEBRERO,CL,30,4
2024,5,FEBRERO,CL,50,8
2024,5,FEBRERO,CL,100,19
2024,5,FEBRERO,CL,200,37
2024,5,FEBRERO,AR,10,1
2024,5,FEBRERO,AR,30,2
2024,5,FEBRERO,AR,50,3
2024,5,FEBRERO,AR,100,8
2024,5,FEBRERO,AR,200,27
2024,5,FEBRERO,BR,10,1
2024,5,FEBRERO,BR,30,5
2024,5,FEBRERO,BR,50,6
2024,5,FEBRERO,BR,100,9
2024,5,FEBRERO,BR,200,25
2024,5,FEBRERO,PT,10,0
2024,5,FEBRERO,PT,30,2
2024,5,FEBRERO,PT,50,5
2024,5,FEBRERO,PT,100,12
2024,5,FEBRERO,PT,200,32
2024,6,FEBRERO,CO,10,7
2024,6,FEBRERO,CO,30,13
2024,6,FEBRERO,CO,50,20
2024,6,FEBRERO,CO,100,37
2024,6,FEBRERO,CO,200,65
2024,6,FEBRERO,PE,10,3
2024,6,FEBRERO,PE,30,11
2024,6,FEBRERO,PE,50,15
2024,6,FEBRERO,PE,100,28
2024,6,FEBRERO,PE,200,52
2024,6,FEBRERO,EC,10,5
2024,6,FEBRERO,EC,30,10
2024,6,FEBRERO,EC,50,17
2024,6,FEBRERO,EC,100,31
2024,6,FEBRERO,EC,200,54
2024,6,FEBRERO,PN,10,3
2024,6,FEBRERO,PN,30,8
2024,6,FEBRERO,PN,50,12
2024,6,FEBRERO,PN,100,23
2024,6,FEBRERO,PN,200,37
2024,6,FEBRERO,CR,10,4
2024,6,FEBRERO,CR,30,9
2024,6,FEBRERO,CR,50,12
2024,6,FEBRERO,CR,100,28
2024,6,FEBRERO,CR,200,55
2024,6,FEBRERO,GT,10,4
2024,6,FEBRERO,GT,30,9
2024,6,FEBRERO,GT,50,15
2024,6,FEBRERO,GT,100,23
2024,6,FEBRERO,GT,200,49
2024,6,FEBRERO,SV,10,4
2024,6,FEBRERO,SV,30,8
2024,6,FEBRERO,SV,50,13
2024,6,FEBRERO,SV,100,29
2024,6,FEBRERO,SV,200,46
2024,6,FEBRERO,HN,10,3
2024,6,FEBRERO,HN,30,9
2024,6,FEBRERO,HN,50,15
2024,6,FEBRERO,HN,100,20
2024,6,FEBRERO,HN,200,41
2024,6,FEBRERO,NI,10,4
2024,6,FEBRERO,NI,30,9
2024,6,FEBRERO,NI,50,14
2024,6,FEBRERO,NI,100,23
2024,6,FEBRERO,NI,200,43
2024,6,FEBRERO,DO,10,1
2024,6,FEBRERO,DO,30,5
2024,6,FEBRERO,DO,50,6
2024,6,FEBRERO,DO,100,15
2024,6,FEBRERO,DO,200,30
2024,6,FEBRERO,VE,10,5
2024,6,FEBRERO,VE,30,9
2024,6,FEBRERO,VE,50,17
2024,6,FEBRERO,VE,100,29
2024,6,FEBRERO,VE,200,50
2024,6,FEBRERO,MX,10,4
2024,6,FEBRERO,MX,30,10
2024,6,FEBRERO,MX,50,15
2024,6,FEBRERO,MX,100,28
2024,6,FEBRERO,MX,200,51
2024,6,FEBRERO,SP,10,3
2024,6,FEBRERO,SP,30,6
2024,6,FEBRERO,SP,50,10
2024,6,FEBRERO,SP,100,19
2024,6,FEBRERO,SP,200,43
2024,6,FEBRERO,CL,10,1
2024,6,FEBRERO,CL,30,4
2024,6,FEBRERO,CL,50,8
2024,6,FEBRERO,CL,100,19
2024,6,FEBRERO,CL,200,38
2024,6,FEBRERO,AR,10,1
2024,6,FEBRERO,AR,30,2
2024,6,FEBRERO,AR,50,2
2024,6,FEBRERO,AR,100,7
2024,6,FEBRERO,AR,200,26
2024,6,FEBRERO,BR,10,1
2024,6,FEBRERO,BR,30,5
2024,6,FEBRERO,BR,50,7
2024,6,FEBRERO,BR,100,10
2024,6,FEBRERO,BR,200,24
2024,6,FEBRERO,PT,10,0
2024,6,FEBRERO,PT,30,1
2024,6,FEBRERO,PT,50,5
2024,6,FEBRERO,PT,100,13
2024,6,FEBRERO,PT,200,31
2024,7,FEBRERO,CO,10,7
2024,7,FEBRERO,CO,30,14
2024,7,FEBRERO,CO,50,20
2024,7,FEBRERO,CO,100,36
2024,7,FEBRERO,CO,200,63
2024,7,FEBRERO,PE,10,3
2024,7,FEBRERO,PE,30,11
2024,7,FEBRERO,PE,50,15
2024,7,FEBRERO,PE,100,29
2024,7,FEBRERO,PE,200,51
2024,7,FEBRERO,EC,10,5
2024,7,FEBRERO,EC,30,10
2024,7,FEBRERO,EC,50,18
2024,7,FEBRERO,EC,100,32
2024,7,FEBRERO,EC,200,52
2024,7,FEBRERO,PN,10,3
2024,7,FEBRERO,PN,30,8
2024,7,FEBRERO,PN,50,13
2024,7,FEBRERO,PN,100,23
2024,7,FEBRERO,PN,200,37
2024,7,FEBRERO,CR,10,4
2024,7,FEBRERO,CR,30,8
2024,7,FEBRERO,CR,50,16
2024,7,FEBRERO,CR,100,28
2024,7,FEBRERO,CR,200,55
2024,7,FEBRERO,GT,10,4
2024,7,FEBRERO,GT,30,10
2024,7,FEBRERO,GT,50,14
2024,7,FEBRERO,GT,100,23
2024,7,FEBRERO,GT,200,49
2024,7,FEBRERO,SV,10,4
2024,7,FEBRERO,SV,30,9
2024,7,FEBRERO,SV,50,13
2024,7,FEBRERO,SV,100,28
2024,7,FEBRERO,SV,200,44
2024,7,FEBRERO,HN,10,3
2024,7,FEBRERO,HN,30,9
2024,7,FEBRERO,HN,50,14
2024,7,FEBRERO,HN,100,21
2024,7,FEBRERO,HN,200,41
2024,7,FEBRERO,NI,10,4
2024,7,FEBRERO,NI,30,9
2024,7,FEBRERO,NI,50,15
2024,7,FEBRERO,NI,100,24
2024,7,FEBRERO,NI,200,42
2024,7,FEBRERO,DO,10,2
2024,7,FEBRERO,DO,30,4
2024,7,FEBRERO,DO,50,8
2024,7,FEBRERO,DO,100,17
2024,7,FEBRERO,DO,200,32
2024,7,FEBRERO,VE,10,5
2024,7,FEBRERO,VE,30,10
2024,7,FEBRERO,VE,50,17
2024,7,FEBRERO,VE,100,32
2024,7,FEBRERO,VE,200,48
2024,7,FEBRERO,MX,10,5
2024,7,FEBRERO,MX,30,11
2024,7,FEBRERO,MX,50,15
2024,7,FEBRERO,MX,100,28
2024,7,FEBRERO,MX,200,53
2024,7,FEBRERO,SP,10,2
2024,7,FEBRERO,SP,30,6
2024,7,FEBRERO,SP,50,10
2024,7,FEBRERO,SP,100,21
2024,7,FEBRERO,SP,200,44
2024,7,FEBRERO,CL,10,2
2024,7,FEBRERO,CL,30,4
2024,7,FEBRERO,CL,50,7
2024,7,FEBRERO,CL,100,20
2024,7,FEBRERO,CL,200,37
2024,7,FEBRERO,AR,10,1
2024,7,FEBRERO,AR,30,2
2024,7,FEBRERO,AR,50,2
2024,7,FEBRERO,AR,100,7
2024,7,FEBRERO,AR,200,21
2024,7,FEBRERO,BR,10,1
2024,7,FEBRERO,BR,30,4
2024,7,FEBRERO,BR,50,8
2024,7,FEBRERO,BR,100,15
2024,7,FEBRERO,BR,200,28
2024,7,FEBRERO,PT,10,0
2024,7,FEBRERO,PT,30,0
2024,7,FEBRERO,PT,50,3
2024,7,FEBRERO,PT,100,10
2024,7,FEBRERO,PT,200,28
2024,8,FEBRERO,CO,10,6
2024,8,FEBRERO,CO,30,14
2024,8,FEBRERO,CO,50,22
2024,8,FEBRERO,CO,100,35
2024,8,FEBRERO,CO,200,61
2024,8,FEBRERO,PE,10,3
2024,8,FEBRERO,PE,30,10
2024,8,FEBRERO,PE,50,16
2024,8,FEBRERO,PE,100,29
2024,8,FEBRERO,PE,200,48
2024,8,FEBRERO,EC,10,5
2024,8,FEBRERO,EC,30,10
2024,8,FEBRERO,EC,50,17
2024,8,FEBRERO,EC,100,31
2024,8,FEBRERO,EC,200,50
2024,8,FEBRERO,PN,10,3
2024,8,FEBRERO,PN,30,9
2024,8,FEBRERO,PN,50,12
2024,8,FEBRERO,PN,100,22
2024,8,FEBRERO,PN,200,40
2024,8,FEBRERO,CR,10,3
2024,8,FEBRERO,CR,30,9
2024,8,FEBRERO,CR,50,15
2024,8,FEBRERO,CR,100,29
2024,8,FEBRERO,CR,200,54
2024,8,FEBRERO,GT,10,4
2024,8,FEBRERO,GT,30,12
2024,8,FEBRERO,GT,50,15
2024,8,FEBRERO,GT,100,24
2024,8,FEBRERO,GT,200,48
2024,8,FEBRERO,SV,10,4
2024,8,FEBRERO,SV,30,10
2024,8,FEBRERO,SV,50,14
2024,8,FEBRERO,SV,100,27
2024,8,FEBRERO,SV,200,44
2024,8,FEBRERO,HN,10,4
2024,8,FEBRERO,HN,30,9
2024,8,FEBRERO,HN,50,15
2024,8,FEBRERO,HN,100,20
2024,8,FEBRERO,HN,200,44
2024,8,FEBRERO,NI,10,4
2024,8,FEBRERO,NI,30,9
2024,8,FEBRERO,NI,50,15
2024,8,FEBRERO,NI,100,24
2024,8,FEBRERO,NI,200,45
2024,8,FEBRERO,DO,10,2
2024,8,FEBRERO,DO,30,6
2024,8,FEBRERO,DO,50,7
2024,8,FEBRERO,DO,100,18
2024,8,FEBRERO,DO,200,32
2024,8,FEBRERO,VE,10,5
2024,8,FEBRERO,VE,30,9
2024,8,FEBRERO,VE,50,16
2024,8,FEBRERO,VE,100,31
2024,8,FEBRERO,VE,200,51
2024,8,FEBRERO,MX,10,5
2024,8,FEBRERO,MX,30,11
2024,8,FEBRERO,MX,50,16
2024,8,FEBRERO,MX,100,29
2024,8,FEBRERO,MX,200,54
2024,8,FEBRERO,SP,10,1
2024,8,FEBRERO,SP,30,7
2024,8,FEBRERO,SP,50,11
2024,8,FEBRERO,SP,100,18
2024,8,FEBRERO,SP,200,39
2024,8,FEBRERO,CL,10,1
2024,8,FEBRERO,CL,30,5
2024,8,FEBRERO,CL,50,7
2024,8,FEBRERO,CL,100,18
2024,8,FEBRERO,CL,200,32
2024,8,FEBRERO,AR,10,1
2024,8,FEBRERO,AR,30,2
2024,8,FEBRERO,AR,50,3
2024,8,FEBRERO,AR,100,8
2024,8,FEBRERO,AR,200,25
2024,8,FEBRERO,BR,10,1
2024,8,FEBRERO,BR,30,4
2024,8,FEBRERO,BR,50,6
2024,8,FEBRERO,BR,100,8
2024,8,FEBRERO,BR,200,25
2024,8,FEBRERO,PT,10,0
2024,8,FEBRERO,PT,30,0
2024,8,FEBRERO,PT,50,1
2024,8,FEBRERO,PT,100,8
2024,8,FEBRERO,PT,200,29
2024,9,FEBRERO,CO,10,6
2024,9,FEBRERO,CO,30,14
2024,9,FEBRERO,CO,50,21
2024,9,FEBRERO,CO,100,36
2024,9,FEBRERO,CO,200,63
2024,9,FEBRERO,PE,10,3
2024,9,FEBRERO,PE,30,10
2024,9,FEBRERO,PE,50,15
2024,9,FEBRERO,PE,100,29
2024,9,FEBRERO,PE,200,47
2024,9,FEBRERO,EC,10,4
2024,9,FEBRERO,EC,30,10
2024,9,FEBRERO,EC,50,17
2024,9,FEBRERO,EC,100,33
2024,9,FEBRERO,EC,200,50
2024,9,FEBRERO,PN,10,3
2024,9,FEBRERO,PN,30,8
2024,9,FEBRERO,PN,50,11
2024,9,FEBRERO,PN,100,24
2024,9,FEBRERO,PN,200,38
2024,9,FEBRERO,CR,10,4
2024,9,FEBRERO,CR,30,8
2024,9,FEBRERO,CR,50,15
2024,9,FEBRERO,CR,100,30
2024,9,FEBRERO,CR,200,56
2024,9,FEBRERO,GT,10,4
2024,9,FEBRERO,GT,30,12
2024,9,FEBRERO,GT,50,16
2024,9,FEBRERO,GT,100,28
2024,9,FEBRERO,GT,200,48
2024,9,FEBRERO,SV,10,4
2024,9,FEBRERO,SV,30,9
2024,9,FEBRERO,SV,50,16
2024,9,FEBRERO,SV,100,27
2024,9,FEBRERO,SV,200,46
2024,9,FEBRERO,HN,10,3
2024,9,FEBRERO,HN,30,9
2024,9,FEBRERO,HN,50,14
2024,9,FEBRERO,HN,100,21
2024,9,FEBRERO,HN,200,41
2024,9,FEBRERO,NI,10,3
2024,9,FEBRERO,NI,30,11
2024,9,FEBRERO,NI,50,15
2024,9,FEBRERO,NI,100,24
2024,9,FEBRERO,NI,200,43
2024,9,FEBRERO,DO,10,2
2024,9,FEBRERO,DO,30,5
2024,9,FEBRERO,DO,50,7
2024,9,FEBRERO,DO,100,18
2024,9,FEBRERO,DO,200,29
2024,9,FEBRERO,VE,10,4
2024,9,FEBRERO,VE,30,9
2024,9,FEBRERO,VE,50,16
2024,9,FEBRERO,VE,100,31
2024,9,FEBRERO,VE,200,50
2024,9,FEBRERO,MX,10,4
2024,9,FEBRERO,MX,30,8
2024,9,FEBRERO,MX,50,16
2024,9,FEBRERO,MX,100,28
2024,9,FEBRERO,MX,200,49
2024,9,FEBRERO,SP,10,2
2024,9,FEBRERO,SP,30,6
2024,9,FEBRERO,SP,50,10
2024,9,FEBRERO,SP,100,18
2024,9,FEBRERO,SP,200,38
2024,9,FEBRERO,CL,10,1
2024,9,FEBRERO,CL,30,4
2024,9,FEBRERO,CL,50,7
2024,9,FEBRERO,CL,100,18
2024,9,FEBRERO,CL,200,31
2024,9,FEBRERO,AR,10,1
2024,9,FEBRERO,AR,30,1
2024,9,FEBRERO,AR,50,4
2024,9,FEBRERO,AR,100,10
2024,9,FEBRERO,AR,200,27
2024,9,FEBRERO,BR,10,1
2024,9,FEBRERO,BR,30,2
2024,9,FEBRERO,BR,50,6
2024,9,FEBRERO,BR,100,7
2024,9,FEBRERO,BR,200,15
2024,9,FEBRERO,PT,10,0
2024,9,FEBRERO,PT,30,0
2024,9,FEBRERO,PT,50,1
2024,9,FEBRERO,PT,100,9
2024,9,FEBRERO,PT,200,27
2024,10,MARZO,CO,10,6
2024,10,MARZO,CO,30,14
2024,10,MARZO,CO,50,21
2024,10,MARZO,CO,100,35
2024,10,MARZO,CO,200,59
2024,10,MARZO,PE,10,3
2024,10,MARZO,PE,30,11
2024,10,MARZO,PE,50,15
2024,10,MARZO,PE,100,28
2024,10,MARZO,PE,200,46
2024,10,MARZO,EC,10,3
2024,10,MARZO,EC,30,11
2024,10,MARZO,EC,50,15
2024,10,MARZO,EC,100,34
2024,10,MARZO,EC,200,53
2024,10,MARZO,PN,10,3
2024,10,MARZO,PN,30,9
2024,10,MARZO,PN,50,11
2024,10,MARZO,PN,100,24
2024,10,MARZO,PN,200,40
2024,10,MARZO,CR,10,5
2024,10,MARZO,CR,30,11
2024,10,MARZO,CR,50,18
2024,10,MARZO,CR,100,38
2024,10,MARZO,CR,200,75
2024,10,MARZO,GT,10,5
2024,10,MARZO,GT,30,11
2024,10,MARZO,GT,50,20
2024,10,MARZO,GT,100,31
2024,10,MARZO,GT,200,56
2024,10,MARZO,SV,10,5
2024,10,MARZO,SV,30,12
2024,10,MARZO,SV,50,17
2024,10,MARZO,SV,100,32
2024,10,MARZO,SV,200,53
2024,10,MARZO,HN,10,3
2024,10,MARZO,HN,30,10
2024,10,MARZO,HN,50,14
2024,10,MARZO,HN,100,23
2024,10,MARZO,HN,200,41
2024,10,MARZO,NI,10,4
2024,10,MARZO,NI,30,11
2024,10,MARZO,NI,50,14
2024,10,MARZO,NI,100,24
2024,10,MARZO,NI,200,45
2024,10,MARZO,DO,10,2
2024,10,MARZO,DO,30,5
2024,10,MARZO,DO,50,8
2024,10,MARZO,DO,100,19
2024,10,MARZO,DO,200,29
2024,10,MARZO,VE,10,4
2024,10,MARZO,VE,30,8
2024,10,MARZO,VE,50,17
2024,10,MARZO,VE,100,33
2024,10,MARZO,VE,200,51
2024,10,MARZO,MX,10,4
2024,10,MARZO,MX,30,8
2024,10,MARZO,MX,50,16
2024,10,MARZO,MX,100,28
2024,10,MARZO,MX,200,51
2024,10,MARZO,SP,10,1
2024,10,MARZO,SP,30,6
2024,10,MARZO,SP,50,10
2024,10,MARZO,SP,100,18
2024,10,MARZO,SP,200,38
2024,10,MARZO,CL,10,1
2024,10,MARZO,CL,30,3
2024,10,MARZO,CL,50,6
2024,10,MARZO,CL,100,14
2024,10,MARZO,CL,200,31
2024,10,MARZO,AR,10,1
2024,10,MARZO,AR,30,1
2024,10,MARZO,AR,50,3
2024,10,MARZO,AR,100,8
2024,10,MARZO,AR,200,27
2024,10,MARZO,BR,10,1
2024,10,MARZO,BR,30,2
2024,10,MARZO,BR,50,6
2024,10,MARZO,BR,100,7
2024,10,MARZO,BR,200,12
2024,10,MARZO,PT,10,0
2024,10,MARZO,PT,30,0
2024,10,MARZO,PT,50,1
2024,10,MARZO,PT,100,8
2024,10,MARZO,PT,200,27
2024,11,MARZO,CO,10,6
2024,11,MARZO,CO,30,15
2024,11,MARZO,CO,50,23
2024,11,MARZO,CO,100,38
2024,11,MARZO,CO,200,59
2024,11,MARZO,PE,10,3
2024,11,MARZO,PE,30,12
2024,11,MARZO,PE,50,18
2024,11,MARZO,PE,100,32
2024,11,MARZO,PE,200,55
2024,11,MARZO,EC,10,4
2024,11,MARZO,EC,30,12
2024,11,MARZO,EC,50,16
2024,11,MARZO,EC,100,36
2024,11,MARZO,EC,200,57
2024,11,MARZO,PN,10,4
2024,11,MARZO,PN,30,11
2024,11,MARZO,PN,50,13
2024,11,MARZO,PN,100,30
2024,11,MARZO,PN,200,50
2024,11,MARZO,CR,10,7
2024,11,MARZO,CR,30,15
2024,11,MARZO,CR,50,27
2024,11,MARZO,CR,100,49
2024,11,MARZO,CR,200,83
2024,11,MARZO,GT,10,4
2024,11,MARZO,GT,30,10
2024,11,MARZO,GT,50,20
2024,11,MARZO,GT,100,28
2024,11,MARZO,GT,200,54
2024,11,MARZO,SV,10,5
2024,11,MARZO,SV,30,14
2024,11,MARZO,SV,50,16
2024,11,MARZO,SV,100,31
2024,11,MARZO,SV,200,59
2024,11,MARZO,HN,10,4
2024,11,MARZO,HN,30,13
2024,11,MARZO,HN,50,15
2024,11,MARZO,HN,100,23
2024,11,MARZO,HN,200,48
2024,11,MARZO,NI,10,4
2024,11,MARZO,NI,30,13
2024,11,MARZO,NI,50,15
2024,11,MARZO,NI,100,24
2024,11,MARZO,NI,200,53
2024,11,MARZO,DO,10,2
2024,11,MARZO,DO,30,7
2024,11,MARZO,DO,50,10
2024,11,MARZO,DO,100,22
2024,11,MARZO,DO,200,43
2024,11,MARZO,VE,10,5
2024,11,MARZO,VE,30,10
2024,11,MARZO,VE,50,19
2024,11,MARZO,VE,100,39
2024,11,MARZO,VE,200,63
2024,11,MARZO,MX,10,3
2024,11,MARZO,MX,30,9
2024,11,MARZO,MX,50,16
2024,11,MARZO,MX,100,30
2024,11,MARZO,MX,200,53
2024,11,MARZO,SP,10,2
2024,11,MARZO,SP,30,5
2024,11,MARZO,SP,50,10
2024,11,MARZO,SP,100,22
2024,11,MARZO,SP,200,44
2024,11,MARZO,CL,10,1
2024,11,MARZO,CL,30,3
2024,11,MARZO,CL,50,7
2024,11,MARZO,CL,100,17
2024,11,MARZO,CL,200,33
2024,11,MARZO,AR,10,1
2024,11,MARZO,AR,30,1
2024,11,MARZO,AR,50,4
2024,11,MARZO,AR,100,9
2024,11,MARZO,AR,200,34
2024,11,MARZO,BR,10,1
2024,11,MARZO,BR,30,3
2024,11,MARZO,BR,50,5
2024,11,MARZO,BR,100,16
2024,11,MARZO,BR,200,24
2024,11,MARZO,PT,10,1
2024,11,MARZO,PT,30,2
2024,11,MARZO,PT,50,5
2024,11,MARZO,PT,100,17
2024,11,MARZO,PT,200,36
2024,12,MARZO,CO,10,6
2024,12,MARZO,CO,30,13
2024,12,MARZO,CO,50,20
2024,12,MARZO,CO,100,38
2024,12,MARZO,CO,200,58
2024,12,MARZO,PE,10,3
2024,12,MARZO,PE,30,11
2024,12,MARZO,PE,50,16
2024,12,MARZO,PE,100,31
2024,12,MARZO,PE,200,53
2024,12,MARZO,EC,10,4
2024,12,MARZO,EC,30,11
2024,12,MARZO,EC,50,16
2024,12,MARZO,EC,100,33
2024,12,MARZO,EC,200,55
2024,12,MARZO,PN,10,4
2024,12,MARZO,PN,30,8
2024,12,MARZO,PN,50,14
2024,12,MARZO,PN,100,24
2024,12,MARZO,PN,200,46
2024,12,MARZO,CR,10,5
2024,12,MARZO,CR,30,13
2024,12,MARZO,CR,50,18
2024,12,MARZO,CR,100,34
2024,12,MARZO,CR,200,69
2024,12,MARZO,GT,10,4
2024,12,MARZO,GT,30,11
2024,12,MARZO,GT,50,16
2024,12,MARZO,GT,100,30
2024,12,MARZO,GT,200,59
2024,12,MARZO,SV,10,5
2024,12,MARZO,SV,30,12
2024,12,MARZO,SV,50,16
2024,12,MARZO,SV,100,28
2024,12,MARZO,SV,200,55
2024,12,MARZO,HN,10,3
2024,12,MARZO,HN,30,12
2024,12,MARZO,HN,50,13
2024,12,MARZO,HN,100,22
2024,12,MARZO,HN,200,47
2024,12,MARZO,NI,10,4
2024,12,MARZO,NI,30,11
2024,12,MARZO,NI,50,16
2024,12,MARZO,NI,100,27
2024,12,MARZO,NI,200,56
2024,12,MARZO,DO,10,4
2024,12,MARZO,DO,30,9
2024,12,MARZO,DO,50,14
2024,12,MARZO,DO,100,27
2024,12,MARZO,DO,200,48
2024,12,MARZO,VE,10,4
2024,12,MARZO,VE,30,12
2024,12,MARZO,VE,50,17
2024,12,MARZO,VE,100,33
2024,12,MARZO,VE,200,54
2024,12,MARZO,MX,10,3
2024,12,MARZO,MX,30,11
2024,12,MARZO,MX,50,15
2024,12,MARZO,MX,100,29
2024,12,MARZO,MX,200,49
2024,12,MARZO,SP,10,2
2024,12,MARZO,SP,30,4
2024,12,MARZO,SP,50,8
2024,12,MARZO,SP,100,20
2024,12,MARZO,SP,200,37
2024,12,MARZO,CL,10,1
2024,12,MARZO,CL,30,2
2024,12,MARZO,CL,50,7
2024,12,MARZO,CL,100,16
2024,12,MARZO,CL,200,30
2024,12,MARZO,AR,10,1
2024,12,MARZO,AR,30,1
2024,12,MARZO,AR,50,4
2024,12,MARZO,AR,100,11
2024,12,MARZO,AR,200,30
2024,12,MARZO,BR,10,0
2024,12,MARZO,BR,30,4
2024,12,MARZO,BR,50,6
2024,12,MARZO,BR,100,9
2024,12,MARZO,BR,200,16
2024,12,MARZO,PT,10,1
2024,12,MARZO,PT,30,1
2024,12,MARZO,PT,50,3
2024,12,MARZO,PT,100,10
2024,12,MARZO,PT,200,30
2024,13,MARZO,CO,10,5
2024,13,MARZO,CO,30,14
2024,13,MARZO,CO,50,23
2024,13,MARZO,CO,100,37
2024,13,MARZO,CO,200,60
2024,13,MARZO,PE,10,3
2024,13,MARZO,PE,30,9
2024,13,MARZO,PE,50,17
2024,13,MARZO,PE,100,33
2024,13,MARZO,PE,200,54
2024,13,MARZO,EC,10,4
2024,13,MARZO,EC,30,12
2024,13,MARZO,EC,50,16
2024,13,MARZO,EC,100,34
2024,13,MARZO,EC,200,57
2024,13,MARZO,PN,10,3
2024,13,MARZO,PN,30,9
2024,13,MARZO,PN,50,16
2024,13,MARZO,PN,100,25
2024,13,MARZO,PN,200,45
2024,13,MARZO,CR,10,5
2024,13,MARZO,CR,30,12
2024,13,MARZO,CR,50,17
2024,13,MARZO,CR,100,35
2024,13,MARZO,CR,200,64
2024,13,MARZO,GT,10,5
2024,13,MARZO,GT,30,11
2024,13,MARZO,GT,50,17
2024,13,MARZO,GT,100,29
2024,13,MARZO,GT,200,56
2024,13,MARZO,SV,10,5
2024,13,MARZO,SV,30,12
2024,13,MARZO,SV,50,16
2024,13,MARZO,SV,100,31
2024,13,MARZO,SV,200,52
2024,13,MARZO,HN,10,3
2024,13,MARZO,HN,30,12
2024,13,MARZO,HN,50,13
2024,13,MARZO,HN,100,22
2024,13,MARZO,HN,200,49
2024,13,MARZO,NI,10,4
2024,13,MARZO,NI,30,12
2024,13,MARZO,NI,50,15
2024,13,MARZO,NI,100,26
2024,13,MARZO,NI,200,51
2024,13,MARZO,DO,10,2
2024,13,MARZO,DO,30,6
2024,13,MARZO,DO,50,10
2024,13,MARZO,DO,100,22
2024,13,MARZO,DO,200,38
2024,13,MARZO,VE,10,7
2024,13,MARZO,VE,30,16
2024,13,MARZO,VE,50,24
2024,13,MARZO,VE,100,40
2024,13,MARZO,VE,200,70
2024,13,MARZO,MX,10,4
2024,13,MARZO,MX,30,10
2024,13,MARZO,MX,50,15
2024,13,MARZO,MX,100,29
2024,13,MARZO,MX,200,50
2024,13,MARZO,SP,10,2
2024,13,MARZO,SP,30,4
2024,13,MARZO,SP,50,8
2024,13,MARZO,SP,100,21
2024,13,MARZO,SP,200,39
2024,13,MARZO,CL,10,1
2024,13,MARZO,CL,30,1
2024,13,MARZO,CL,50,6
2024,13,MARZO,CL,100,17
2024,13,MARZO,CL,200,29
2024,13,MARZO,AR,10,1
2024,13,MARZO,AR,30,1
2024,13,MARZO,AR,50,4
2024,13,MARZO,AR,100,10
2024,13,MARZO,AR,200,28
2024,13,MARZO,BR,10,0
2024,13,MARZO,BR,30,3
2024,13,MARZO,BR,50,4
2024,13,MARZO,BR,100,10
2024,13,MARZO,BR,200,13
2024,13,MARZO,PT,10,0
2024,13,MARZO,PT,30,2
2024,13,MARZO,PT,50,4
2024,13,MARZO,PT,100,14
2024,13,MARZO,PT,200,35
2024,14,ABRIL,CO,10,5
2024,14,ABRIL,CO,30,14
2024,14,ABRIL,CO,50,22
2024,14,ABRIL,CO,100,35
2024,14,ABRIL,CO,200,57
2024,14,ABRIL,PE,10,4
2024,14,ABRIL,PE,30,9
2024,14,ABRIL,PE,50,16
2024,14,ABRIL,PE,100,29
2024,14,ABRIL,PE,200,52
2024,14,ABRIL,EC,10,4
2024,14,ABRIL,EC,30,12
2024,14,ABRIL,EC,50,16
2024,14,ABRIL,EC,100,33
2024,14,ABRIL,EC,200,54
2024,14,ABRIL,PN,10,4
2024,14,ABRIL,PN,30,6
2024,14,ABRIL,PN,50,12
2024,14,ABRIL,PN,100,22
2024,14,ABRIL,PN,200,41
2024,14,ABRIL,CR,10,4
2024,14,ABRIL,CR,30,10
2024,14,ABRIL,CR,50,16
2024,14,ABRIL,CR,100,30
2024,14,ABRIL,CR,200,59
2024,14,ABRIL,GT,10,4
2024,14,ABRIL,GT,30,10
2024,14,ABRIL,GT,50,17
2024,14,ABRIL,GT,100,28
2024,14,ABRIL,GT,200,55
2024,14,ABRIL,SV,10,4
2024,14,ABRIL,SV,30,12
2024,14,ABRIL,SV,50,14
2024,14,ABRIL,SV,100,31
2024,14,ABRIL,SV,200,53
2024,14,ABRIL,HN,10,4
2024,14,ABRIL,HN,30,11
2024,14,ABRIL,HN,50,14
2024,14,ABRIL,HN,100,20
2024,14,ABRIL,HN,200,45
2024,14,ABRIL,NI,10,3
2024,14,ABRIL,NI,30,12
2024,14,ABRIL,NI,50,15
2024,14,ABRIL,NI,100,27
2024,14,ABRIL,NI,200,53
2024,14,ABRIL,DO,10,1
2024,14,ABRIL,DO,30,4
2024,14,ABRIL,DO,50,9
2024,14,ABRIL,DO,100,19
2024,14,ABRIL,DO,200,34
2024,14,ABRIL,VE,10,3
2024,14,ABRIL,VE,30,11
2024,14,ABRIL,VE,50,16
2024,14,ABRIL,VE,100,31
2024,14,ABRIL,VE,200,56
2024,14,ABRIL,MX,10,5
2024,14,ABRIL,MX,30,10
2024,14,ABRIL,MX,50,15
2024,14,ABRIL,MX,100,27
2024,14,ABRIL,MX,200,53
2024,14,ABRIL,SP,10,2
2024,14,ABRIL,SP,30,4
2024,14,ABRIL,SP,50,7
2024,14,ABRIL,SP,100,22
2024,14,ABRIL,SP,200,38
2024,14,ABRIL,CL,10,1
2024,14,ABRIL,CL,30,1
2024,14,ABRIL,CL,50,4
2024,14,ABRIL,CL,100,16
2024,14,ABRIL,CL,200,29
2024,14,ABRIL,AR,10,1
2024,14,ABRIL,AR,30,1
2024,14,ABRIL,AR,50,4
2024,14,ABRIL,AR,100,11
2024,14,ABRIL,AR,200,29
2024,14,ABRIL,BR,10,1
2024,14,ABRIL,BR,30,3
2024,14,ABRIL,BR,50,4
2024,14,ABRIL,BR,100,9
2024,14,ABRIL,BR,200,14
2024,14,ABRIL,PT,10,0
2024,14,ABRIL,PT,30,2
2024,14,ABRIL,PT,50,3
2024,14,ABRIL,PT,100,10
2024,14,ABRIL,PT,200,29
2024,15,ABRIL,CO,10,5
2024,15,ABRIL,CO,30,16
2024,15,ABRIL,CO,50,25
2024,15,ABRIL,CO,100,38
2024,15,ABRIL,CO,200,71
2024,15,ABRIL,PE,10,3
2024,15,ABRIL,PE,30,9
2024,15,ABRIL,PE,50,14
2024,15,ABRIL,PE,100,31
2024,15,ABRIL,PE,200,57
2024,15,ABRIL,EC,10,4
2024,15,ABRIL,EC,30,12
2024,15,ABRIL,EC,50,15
2024,15,ABRIL,EC,100,34
2024,15,ABRIL,EC,200,60
2024,15,ABRIL,PN,10,3
2024,15,ABRIL,PN,30,7
2024,15,ABRIL,PN,50,12
2024,15,ABRIL,PN,100,24
2024,15,ABRIL,PN,200,48
2024,15,ABRIL,CR,10,4
2024,15,ABRIL,CR,30,8
2024,15,ABRIL,CR,50,15
2024,15,ABRIL,CR,100,33
2024,15,ABRIL,CR,200,59
2024,15,ABRIL,GT,10,4
2024,15,ABRIL,GT,30,10
2024,15,ABRIL,GT,50,15
2024,15,ABRIL,GT,100,28
2024,15,ABRIL,GT,200,56
2024,15,ABRIL,SV,10,4
2024,15,ABRIL,SV,30,13
2024,15,ABRIL,SV,50,14
2024,15,ABRIL,SV,100,26
2024,15,ABRIL,SV,200,54
2024,15,ABRIL,HN,10,4
2024,15,ABRIL,HN,30,10
2024,15,ABRIL,HN,50,16
2024,15,ABRIL,HN,100,21
2024,15,ABRIL,HN,200,49
2024,15,ABRIL,NI,10,4
2024,15,ABRIL,NI,30,12
2024,15,ABRIL,NI,50,16
2024,15,ABRIL,NI,100,24
2024,15,ABRIL,NI,200,56
2024,15,ABRIL,DO,10,1
2024,15,ABRIL,DO,30,5
2024,15,ABRIL,DO,50,9
2024,15,ABRIL,DO,100,19
2024,15,ABRIL,DO,200,35
2024,15,ABRIL,VE,10,3
2024,15,ABRIL,VE,30,12
2024,15,ABRIL,VE,50,18
2024,15,ABRIL,VE,100,33
2024,15,ABRIL,VE,200,57
2024,15,ABRIL,MX,10,3
2024,15,ABRIL,MX,30,10
2024,15,ABRIL,MX,50,13
2024,15,ABRIL,MX,100,26
2024,15,ABRIL,MX,200,52
2024,15,ABRIL,SP,10,1
2024,15,ABRIL,SP,30,4
2024,15,ABRIL,SP,50,7
2024,15,ABRIL,SP,100,22
2024,15,ABRIL,SP,200,39
2024,15,ABRIL,CL,10,1
2024,15,ABRIL,CL,30,1
2024,15,ABRIL,CL,50,4
2024,15,ABRIL,CL,100,18
2024,15,ABRIL,CL,200,32
2024,15,ABRIL,AR,10,1
2024,15,ABRIL,AR,30,1
2024,15,ABRIL,AR,50,4
2024,15,ABRIL,AR,100,10
2024,15,ABRIL,AR,200,28
2024,15,ABRIL,BR,10,0
2024,15,ABRIL,BR,30,3
2024,15,ABRIL,BR,50,4
2024,15,ABRIL,BR,100,8
2024,15,ABRIL,BR,200,16
2024,15,ABRIL,PT,10,0
2024,15,ABRIL,PT,30,1
2024,15,ABRIL,PT,50,2
2024,15,ABRIL,PT,100,9
2024,15,ABRIL,PT,200,30
2024,16,ABRIL,CO,10,6
2024,16,ABRIL,CO,30,17
2024,16,ABRIL,CO,50,26
2024,16,ABRIL,CO,100,42
2024,16,ABRIL,CO,200,64
2024,16,ABRIL,PE,10,4
2024,16,ABRIL,PE,30,9
2024,16,ABRIL,PE,50,18
2024,16,ABRIL,PE,100,33
2024,16,ABRIL,PE,200,57
2024,16,ABRIL,EC,10,4
2024,16,ABRIL,EC,30,13
2024,16,ABRIL,EC,50,16
2024,16,ABRIL,EC,100,34
2024,16,ABRIL,EC,200,59
2024,16,ABRIL,PN,10,4
2024,16,ABRIL,PN,30,6
2024,16,ABRIL,PN,50,11
2024,16,ABRIL,PN,100,21
2024,16,ABRIL,PN,200,42
2024,16,ABRIL,CR,10,5
2024,16,ABRIL,CR,30,7
2024,16,ABRIL,CR,50,15
2024,16,ABRIL,CR,100,29
2024,16,ABRIL,CR,200,56
2024,16,ABRIL,GT,10,5
2024,16,ABRIL,GT,30,10
2024,16,ABRIL,GT,50,14
2024,16,ABRIL,GT,100,28
2024,16,ABRIL,GT,200,54
2024,16,ABRIL,SV,10,4
2024,16,ABRIL,SV,30,12
2024,16,ABRIL,SV,50,15
2024,16,ABRIL,SV,100,24
2024,16,ABRIL,SV,200,51
2024,16,ABRIL,HN,10,4
2024,16,ABRIL,HN,30,11
2024,16,ABRIL,HN,50,15
2024,16,ABRIL,HN,100,19
2024,16,ABRIL,HN,200,45
2024,16,ABRIL,NI,10,4
2024,16,ABRIL,NI,30,14
2024,16,ABRIL,NI,50,15
2024,16,ABRIL,NI,100,23
2024,16,ABRIL,NI,200,54
2024,16,ABRIL,DO,10,2
2024,16,ABRIL,DO,30,5
2024,16,ABRIL,DO,50,8
2024,16,ABRIL,DO,100,17
2024,16,ABRIL,DO,200,31
2024,16,ABRIL,VE,10,3
2024,16,ABRIL,VE,30,11
2024,16,ABRIL,VE,50,18
2024,16,ABRIL,VE,100,33
2024,16,ABRIL,VE,200,57
2024,16,ABRIL,MX,10,3
2024,16,ABRIL,MX,30,9
2024,16,ABRIL,MX,50,11
2024,16,ABRIL,MX,100,27
2024,16,ABRIL,MX,200,48
2024,16,ABRIL,SP,10,1
2024,16,ABRIL,SP,30,3
2024,16,ABRIL,SP,50,7
2024,16,ABRIL,SP,100,21
2024,16,ABRIL,SP,200,40
2024,16,ABRIL,CL,10,0
2024,16,ABRIL,CL,30,2
2024,16,ABRIL,CL,50,3
2024,16,ABRIL,CL,100,18
2024,16,ABRIL,CL,200,32
2024,16,ABRIL,AR,10,1
2024,16,ABRIL,AR,30,1
2024,16,ABRIL,AR,50,2
2024,16,ABRIL,AR,100,7
2024,16,ABRIL,AR,200,28
2024,16,ABRIL,BR,10,0
2024,16,ABRIL,BR,30,3
2024,16,ABRIL,BR,50,4
2024,16,ABRIL,BR,100,8
2024,16,ABRIL,BR,200,14
2024,16,ABRIL,PT,10,0
2024,16,ABRIL,PT,30,1
2024,16,ABRIL,PT,50,3
2024,16,ABRIL,PT,100,9
2024,16,ABRIL,PT,200,29
2024,17,ABRIL,CO,10,3
2024,17,ABRIL,CO,30,13
2024,17,ABRIL,CO,50,23
2024,17,ABRIL,CO,100,36
2024,17,ABRIL,CO,200,62
2024,17,ABRIL,PE,10,2
2024,17,ABRIL,PE,30,7
2024,17,ABRIL,PE,50,12
2024,17,ABRIL,PE,100,29
2024,17,ABRIL,PE,200,53
2024,17,ABRIL,EC,10,2
2024,17,ABRIL,EC,30,11
2024,17,ABRIL,EC,50,15
2024,17,ABRIL,EC,100,30
2024,17,ABRIL,EC,200,57
2024,17,ABRIL,PN,10,1
2024,17,ABRIL,PN,30,7
2024,17,ABRIL,PN,50,13
2024,17,ABRIL,PN,100,28
2024,17,ABRIL,PN,200,46
2024,17,ABRIL,CR,10,3
2024,17,ABRIL,CR,30,8
2024,17,ABRIL,CR,50,15
2024,17,ABRIL,CR,100,35
2024,17,ABRIL,CR,200,64
2024,17,ABRIL,GT,10,5
2024,17,ABRIL,GT,30,9
2024,17,ABRIL,GT,50,12
2024,17,ABRIL,GT,100,24
2024,17,ABRIL,GT,200,52
2024,17,ABRIL,SV,10,2
2024,17,ABRIL,SV,30,11
2024,17,ABRIL,SV,50,15
2024,17,ABRIL,SV,100,26
2024,17,ABRIL,SV,200,53
2024,17,ABRIL,HN,10,3
2024,17,ABRIL,HN,30,11
2024,17,ABRIL,HN,50,12
2024,17,ABRIL,HN,100,25
2024,17,ABRIL,HN,200,44
2024,17,ABRIL,NI,10,3
2024,17,ABRIL,NI,30,13
2024,17,ABRIL,NI,50,15
2024,17,ABRIL,NI,100,25
2024,17,ABRIL,NI,200,58
2024,17,ABRIL,DO,10,1
2024,17,ABRIL,DO,30,4
2024,17,ABRIL,DO,50,9
2024,17,ABRIL,DO,100,15
2024,17,ABRIL,DO,200,35
2024,17,ABRIL,VE,10,3
2024,17,ABRIL,VE,30,10
2024,17,ABRIL,VE,50,19
2024,17,ABRIL,VE,100,35
2024,17,ABRIL,VE,200,66
2024,17,ABRIL,MX,10,2
2024,17,ABRIL,MX,30,8
2024,17,ABRIL,MX,50,12
2024,17,ABRIL,MX,100,27
2024,17,ABRIL,MX,200,57
2024,17,ABRIL,SP,10,0
2024,17,ABRIL,SP,30,3
2024,17,ABRIL,SP,50,6
2024,17,ABRIL,SP,100,24
2024,17,ABRIL,SP,200,51
2024,17,ABRIL,CL,10,0
2024,17,ABRIL,CL,30,3
2024,17,ABRIL,CL,50,8
2024,17,ABRIL,CL,100,23
2024,17,ABRIL,CL,200,48
2024,17,ABRIL,AR,10,1
2024,17,ABRIL,AR,30,2
2024,17,ABRIL,AR,50,8
2024,17,ABRIL,AR,100,18
2024,17,ABRIL,AR,200,41
2024,17,ABRIL,BR,10,1
2024,17,ABRIL,BR,30,3
2024,17,ABRIL,BR,50,6
2024,17,ABRIL,BR,100,19
2024,17,ABRIL,BR,200,30
2024,17,ABRIL,PT,10,1
2024,17,ABRIL,PT,30,10
2024,17,ABRIL,PT,50,15
2024,17,ABRIL,PT,100,26
2024,17,ABRIL,PT,200,51
2024,18,MAYO,CO,10,3
2024,18,MAYO,CO,30,12
2024,18,MAYO,CO,50,21
2024,18,MAYO,CO,100,35
2024,18,MAYO,CO,200,59
2024,18,MAYO,PE,10,2
2024,18,MAYO,PE,30,7
2024,18,MAYO,PE,50,11
2024,18,MAYO,PE,100,28
2024,18,MAYO,PE,200,51
2024,18,MAYO,EC,10,1
2024,18,MAYO,EC,30,10
2024,18,MAYO,EC,50,15
2024,18,MAYO,EC,100,27
2024,18,MAYO,EC,200,50
2024,18,MAYO,PN,10,1
2024,18,MAYO,PN,30,5
2024,18,MAYO,PN,50,10
2024,18,MAYO,PN,100,24
2024,18,MAYO,PN,200,36
2024,18,MAYO,CR,10,3
2024,18,MAYO,CR,30,6
2024,18,MAYO,CR,50,13
2024,18,MAYO,CR,100,28
2024,18,MAYO,CR,200,57
2024,18,MAYO,GT,10,4
2024,18,MAYO,GT,30,8
2024,18,MAYO,GT,50,11
2024,18,MAYO,GT,100,22
2024,18,MAYO,GT,200,48
2024,18,MAYO,SV,10,2
2024,18,MAYO,SV,30,11
2024,18,MAYO,SV,50,14
2024,18,MAYO,SV,100,24
2024,18,MAYO,SV,200,46
2024,18,MAYO,HN,10,2
2024,18,MAYO,HN,30,8
2024,18,MAYO,HN,50,12
2024,18,MAYO,HN,100,21
2024,18,MAYO,HN,200,45
2024,18,MAYO,NI,10,2
2024,18,MAYO,NI,30,11
2024,18,MAYO,NI,50,15
2024,18,MAYO,NI,100,21
2024,18,MAYO,NI,200,52
2024,18,MAYO,DO,10,0
2024,18,MAYO,DO,30,4
2024,18,MAYO,DO,50,7
2024,18,MAYO,DO,100,15
2024,18,MAYO,DO,200,26
2024,18,MAYO,VE,10,3
2024,18,MAYO,VE,30,10
2024,18,MAYO,VE,50,16
2024,18,MAYO,VE,100,29
2024,18,MAYO,VE,200,54
2024,18,MAYO,MX,10,2
2024,18,MAYO,MX,30,7
2024,18,MAYO,MX,50,12
2024,18,MAYO,MX,100,24
2024,18,MAYO,MX,200,50
2024,18,MAYO,SP,10,0
2024,18,MAYO,SP,30,3
2024,18,MAYO,SP,50,4
2024,18,MAYO,SP,100,13
2024,18,MAYO,SP,200,39
2024,18,MAYO,CL,10,0
2024,18,MAYO,CL,30,2
2024,18,MAYO,CL,50,4
2024,18,MAYO,CL,100,19
2024,18,MAYO,CL,200,38
2024,18,MAYO,AR,10,1
2024,18,MAYO,AR,30,1
2024,18,MAYO,AR,50,2
2024,18,MAYO,AR,100,10
2024,18,MAYO,AR,200,32
2024,18,MAYO,BR,10,1
2024,18,MAYO,BR,30,2
2024,18,MAYO,BR,50,6
2024,18,MAYO,BR,100,22
2024,18,MAYO,BR,200,31
2024,18,MAYO,PT,10,2
2024,18,MAYO,PT,30,4
2024,18,MAYO,PT,50,8
2024,18,MAYO,PT,100,17
2024,18,MAYO,PT,200,43
2024,19,MAYO,CO,10,4
2024,19,MAYO,CO,30,12
2024,19,MAYO,CO,50,18
2024,19,MAYO,CO,100,35
2024,19,MAYO,CO,200,60
2024,19,MAYO,PE,10,2
2024,19,MAYO,PE,30,7
2024,19,MAYO,PE,50,11
2024,19,MAYO,PE,100,31
2024,19,MAYO,PE,200,51
2024,19,MAYO,EC,10,3
2024,19,MAYO,EC,30,11
2024,19,MAYO,EC,50,13
2024,19,MAYO,EC,100,28
2024,19,MAYO,EC,200,51
2024,19,MAYO,PN,10,1
2024,19,MAYO,PN,30,7
2024,19,MAYO,PN,50,11
2024,19,MAYO,PN,100,22
2024,19,MAYO,PN,200,39
2024,19,MAYO,CR,10,2
2024,19,MAYO,CR,30,8
2024,19,MAYO,CR,50,14
2024,19,MAYO,CR,100,31
2024,19,MAYO,CR,200,55
2024,19,MAYO,GT,10,4
2024,19,MAYO,GT,30,8
2024,19,MAYO,GT,50,14
2024,19,MAYO,GT,100,22
2024,19,MAYO,GT,200,51
2024,19,MAYO,SV,10,3
2024,19,MAYO,SV,30,11
2024,19,MAYO,SV,50,15
2024,19,MAYO,SV,100,26
2024,19,MAYO,SV,200,47
2024,19,MAYO,HN,10,2
2024,19,MAYO,HN,30,10
2024,19,MAYO,HN,50,13
2024,19,MAYO,HN,100,21
2024,19,MAYO,HN,200,46
2024,19,MAYO,NI,10,2
2024,19,MAYO,NI,30,12
2024,19,MAYO,NI,50,15
2024,19,MAYO,NI,100,24
2024,19,MAYO,NI,200,51
2024,19,MAYO,DO,10,0
2024,19,MAYO,DO,30,4
2024,19,MAYO,DO,50,7
2024,19,MAYO,DO,100,16
2024,19,MAYO,DO,200,29
2024,19,MAYO,VE,10,3
2024,19,MAYO,VE,30,9
2024,19,MAYO,VE,50,16
2024,19,MAYO,VE,100,30
2024,19,MAYO,VE,200,51
2024,19,MAYO,MX,10,1
2024,19,MAYO,MX,30,7
2024,19,MAYO,MX,50,12
2024,19,MAYO,MX,100,22
2024,19,MAYO,MX,200,52
2024,19,MAYO,SP,10,1
2024,19,MAYO,SP,30,3
2024,19,MAYO,SP,50,4
2024,19,MAYO,SP,100,17
2024,19,MAYO,SP,200,39
2024,19,MAYO,CL,10,0
2024,19,MAYO,CL,30,1
2024,19,MAYO,CL,50,3
2024,19,MAYO,CL,100,18
2024,19,MAYO,CL,200,35
2024,19,MAYO,AR,10,1
2024,19,MAYO,AR,30,1
2024,19,MAYO,AR,50,3
2024,19,MAYO,AR,100,9
2024,19,MAYO,AR,200,30
2024,19,MAYO,BR,10,1
2024,19,MAYO,BR,30,2
2024,19,MAYO,BR,50,4
2024,19,MAYO,BR,100,12
2024,19,MAYO,BR,200,16
2024,19,MAYO,PT,10,2
2024,19,MAYO,PT,30,5
2024,19,MAYO,PT,50,8
2024,19,MAYO,PT,100,14
2024,19,MAYO,PT,200,40
2024,20,MAYO,CO,10,4
2024,20,MAYO,CO,30,13
2024,20,MAYO,CO,50,18
2024,20,MAYO,CO,100,32
2024,20,MAYO,CO,200,56
2024,20,MAYO,PE,10,2
2024,20,MAYO,PE,30,7
2024,20,MAYO,PE,50,11
2024,20,MAYO,PE,100,28
2024,20,MAYO,PE,200,50
2024,20,MAYO,EC,10,3
2024,20,MAYO,EC,30,10
2024,20,MAYO,EC,50,16
2024,20,MAYO,EC,100,25
2024,20,MAYO,EC,200,50
2024,20,MAYO,PN,10,1
2024,20,MAYO,PN,30,5
2024,20,MAYO,PN,50,11
2024,20,MAYO,PN,100,20
2024,20,MAYO,PN,200,41
2024,20,MAYO,CR,10,2
2024,20,MAYO,CR,30,8
2024,20,MAYO,CR,50,14
2024,20,MAYO,CR,100,31
2024,20,MAYO,CR,200,53
2024,20,MAYO,GT,10,4
2024,20,MAYO,GT,30,8
2024,20,MAYO,GT,50,13
2024,20,MAYO,GT,100,20
2024,20,MAYO,GT,200,52
2024,20,MAYO,SV,10,2
2024,20,MAYO,SV,30,10
2024,20,MAYO,SV,50,14
2024,20,MAYO,SV,100,22
2024,20,MAYO,SV,200,49
2024,20,MAYO,HN,10,2
2024,20,MAYO,HN,30,9
2024,20,MAYO,HN,50,13
2024,20,MAYO,HN,100,20
2024,20,MAYO,HN,200,43
2024,20,MAYO,NI,10,2
2024,20,MAYO,NI,30,13
2024,20,MAYO,NI,50,14
2024,20,MAYO,NI,100,21
2024,20,MAYO,NI,200,50
2024,20,MAYO,DO,10,0
2024,20,MAYO,DO,30,4
2024,20,MAYO,DO,50,6
2024,20,MAYO,DO,100,17
2024,20,MAYO,DO,200,28
2024,20,MAYO,VE,10,3
2024,20,MAYO,VE,30,9
2024,20,MAYO,VE,50,13
2024,20,MAYO,VE,100,29
2024,20,MAYO,VE,200,50
2024,20,MAYO,MX,10,2
2024,20,MAYO,MX,30,7
2024,20,MAYO,MX,50,12
2024,20,MAYO,MX,100,25
2024,20,MAYO,MX,200,50
2024,20,MAYO,SP,10,1
2024,20,MAYO,SP,30,3
2024,20,MAYO,SP,50,5
2024,20,MAYO,SP,100,20
2024,20,MAYO,SP,200,43
2024,20,MAYO,CL,10,0
2024,20,MAYO,CL,30,1
2024,20,MAYO,CL,50,4
2024,20,MAYO,CL,100,16
2024,20,MAYO,CL,200,34
2024,20,MAYO,AR,10,1
2024,20,MAYO,AR,30,1
2024,20,MAYO,AR,50,1
2024,20,MAYO,AR,100,9
2024,20,MAYO,AR,200,31
2024,20,MAYO,BR,10,1
2024,20,MAYO,BR,30,2
2024,20,MAYO,BR,50,4
2024,20,MAYO,BR,100,10
2024,20,MAYO,BR,200,17
2024,20,MAYO,PT,10,2
2024,20,MAYO,PT,30,4
2024,20,MAYO,PT,50,9
2024,20,MAYO,PT,100,18
2024,20,MAYO,PT,200,41
2024,21,MAYO,CO,10,4
2024,21,MAYO,CO,30,14
2024,21,MAYO,CO,50,18
2024,21,MAYO,CO,100,33
2024,21,MAYO,CO,200,57
2024,21,MAYO,PE,10,2
2024,21,MAYO,PE,30,8
2024,21,MAYO,PE,50,12
2024,21,MAYO,PE,100,29
2024,21,MAYO,PE,200,51
2024,21,MAYO,EC,10,3
2024,21,MAYO,EC,30,10
2024,21,MAYO,EC,50,15
2024,21,MAYO,EC,100,29
2024,21,MAYO,EC,200,59
2024,21,MAYO,PN,10,1
2024,21,MAYO,PN,30,7
2024,21,MAYO,PN,50,15
2024,21,MAYO,PN,100,28
2024,21,MAYO,PN,200,50
2024,21,MAYO,CR,10,2
2024,21,MAYO,CR,30,10
2024,21,MAYO,CR,50,15
2024,21,MAYO,CR,100,35
2024,21,MAYO,CR,200,64
2024,21,MAYO,GT,10,4
2024,21,MAYO,GT,30,8
2024,21,MAYO,GT,50,15
2024,21,MAYO,GT,100,25
2024,21,MAYO,GT,200,55
2024,21,MAYO,SV,10,2
2024,21,MAYO,SV,30,10
2024,21,MAYO,SV,50,16
2024,21,MAYO,SV,100,27
2024,21,MAYO,SV,200,56
2024,21,MAYO,HN,10,2
2024,21,MAYO,HN,30,10
2024,21,MAYO,HN,50,13
2024,21,MAYO,HN,100,21
2024,21,MAYO,HN,200,46
2024,21,MAYO,NI,10,2
2024,21,MAYO,NI,30,12
2024,21,MAYO,NI,50,14
2024,21,MAYO,NI,100,16
2024,21,MAYO,NI,200,45
2024,21,MAYO,DO,10,0
2024,21,MAYO,DO,30,4
2024,21,MAYO,DO,50,6
2024,21,MAYO,DO,100,16
2024,21,MAYO,DO,200,31
2024,21,MAYO,VE,10,4
2024,21,MAYO,VE,30,15
2024,21,MAYO,VE,50,24
2024,21,MAYO,VE,100,44
2024,21,MAYO,VE,200,72
2024,21,MAYO,MX,10,2
2024,21,MAYO,MX,30,7
2024,21,MAYO,MX,50,12
2024,21,MAYO,MX,100,25
2024,21,MAYO,MX,200,51
2024,21,MAYO,SP,10,1
2024,21,MAYO,SP,30,3
2024,21,MAYO,SP,50,7
2024,21,MAYO,SP,100,22
2024,21,MAYO,SP,200,49
2024,21,MAYO,CL,10,0
2024,21,MAYO,CL,30,1
2024,21,MAYO,CL,50,3
2024,21,MAYO,CL,100,15
2024,21,MAYO,CL,200,37
2024,21,MAYO,AR,10,1
2024,21,MAYO,AR,30,1
2024,21,MAYO,AR,50,2
2024,21,MAYO,AR,100,11
2024,21,MAYO,AR,200,34
2024,21,MAYO,BR,10,1
2024,21,MAYO,BR,30,4
2024,21,MAYO,BR,50,9
2024,21,MAYO,BR,100,19
2024,21,MAYO,BR,200,25
2024,21,MAYO,PT,10,4
2024,21,MAYO,PT,30,13
2024,21,MAYO,PT,50,17
2024,21,MAYO,PT,100,26
2024,21,MAYO,PT,200,49
2024,22,MAYO,CO,10,4
2024,22,MAYO,CO,30,13
2024,22,MAYO,CO,50,18
2024,22,MAYO,CO,100,33
2024,22,MAYO,CO,200,57
2024,22,MAYO,PE,10,2
2024,22,MAYO,PE,30,9
2024,22,MAYO,PE,50,12
2024,22,MAYO,PE,100,27
2024,22,MAYO,PE,200,47
2024,22,MAYO,EC,10,4
2024,22,MAYO,EC,30,10
2024,22,MAYO,EC,50,14
2024,22,MAYO,EC,100,26
2024,22,MAYO,EC,200,47
2024,22,MAYO,PN,10,1
2024,22,MAYO,PN,30,6
2024,22,MAYO,PN,50,11
2024,22,MAYO,PN,100,22
2024,22,MAYO,PN,200,39
2024,22,MAYO,CR,10,1
2024,22,MAYO,CR,30,9
2024,22,MAYO,CR,50,14
2024,22,MAYO,CR,100,29
2024,22,MAYO,CR,200,51
2024,22,MAYO,GT,10,4
2024,22,MAYO,GT,30,8
2024,22,MAYO,GT,50,17
2024,22,MAYO,GT,100,23
2024,22,MAYO,GT,200,50
2024,22,MAYO,SV,10,2
2024,22,MAYO,SV,30,8
2024,22,MAYO,SV,50,14
2024,22,MAYO,SV,100,23
2024,22,MAYO,SV,200,47
2024,22,MAYO,HN,10,2
2024,22,MAYO,HN,30,7
2024,22,MAYO,HN,50,14
2024,22,MAYO,HN,100,22
2024,22,MAYO,HN,200,40
2024,22,MAYO,NI,10,2
2024,22,MAYO,NI,30,7
2024,22,MAYO,NI,50,13
2024,22,MAYO,NI,100,16
2024,22,MAYO,NI,200,42
2024,22,MAYO,DO,10,0
2024,22,MAYO,DO,30,0
2024,22,MAYO,DO,50,2
2024,22,MAYO,DO,100,10
2024,22,MAYO,DO,200,29
2024,22,MAYO,VE,10,4
2024,22,MAYO,VE,30,10
2024,22,MAYO,VE,50,13
2024,22,MAYO,VE,100,32
2024,22,MAYO,VE,200,54
2024,22,MAYO,MX,10,3
2024,22,MAYO,MX,30,7
2024,22,MAYO,MX,50,12
2024,22,MAYO,MX,100,29
2024,22,MAYO,MX,200,55
2024,22,MAYO,SP,10,1
2024,22,MAYO,SP,30,3
2024,22,MAYO,SP,50,6
2024,22,MAYO,SP,100,23
2024,22,MAYO,SP,200,41
2024,22,MAYO,CL,10,0
2024,22,MAYO,CL,30,1
2024,22,MAYO,CL,50,4
2024,22,MAYO,CL,100,15
2024,22,MAYO,CL,200,33
2024,22,MAYO,AR,10,1
2024,22,MAYO,AR,30,1
2024,22,MAYO,AR,50,3
2024,22,MAYO,AR,100,11
2024,22,MAYO,AR,200,31
2024,22,MAYO,BR,10,1
2024,22,MAYO,BR,30,4
2024,22,MAYO,BR,50,8
2024,22,MAYO,BR,100,14
2024,22,MAYO,BR,200,19
2024,22,MAYO,PT,10,3
2024,22,MAYO,PT,30,8
2024,22,MAYO,PT,50,14
2024,22,MAYO,PT,100,23
2024,22,MAYO,PT,200,51
2024,23,JUNIO,CO,10,5
2024,23,JUNIO,CO,30,12
2024,23,JUNIO,CO,50,19
2024,23,JUNIO,CO,100,31
2024,23,JUNIO,CO,200,59
2024,23,JUNIO,PE,10,1
2024,23,JUNIO,PE,30,9
2024,23,JUNIO,PE,50,13
2024,23,JUNIO,PE,100,26
2024,23,JUNIO,PE,200,49
2024,23,JUNIO,EC,10,3
2024,23,JUNIO,EC,30,12
2024,23,JUNIO,EC,50,16
2024,23,JUNIO,EC,100,25
2024,23,JUNIO,EC,200,49
2024,23,JUNIO,PN,10,1
2024,23,JUNIO,PN,30,7
2024,23,JUNIO,PN,50,15
2024,23,JUNIO,PN,100,24
2024,23,JUNIO,PN,200,45
2024,23,JUNIO,CR,10,2
2024,23,JUNIO,CR,30,9
2024,23,JUNIO,CR,50,16
2024,23,JUNIO,CR,100,30
2024,23,JUNIO,CR,200,55
2024,23,JUNIO,GT,10,4
2024,23,JUNIO,GT,30,9
2024,23,JUNIO,GT,50,15
2024,23,JUNIO,GT,100,23
2024,23,JUNIO,GT,200,53
2024,23,JUNIO,SV,10,3
2024,23,JUNIO,SV,30,12
2024,23,JUNIO,SV,50,15
2024,23,JUNIO,SV,100,26
2024,23,JUNIO,SV,200,48
2024,23,JUNIO,HN,10,2
2024,23,JUNIO,HN,30,9
2024,23,JUNIO,HN,50,14
2024,23,JUNIO,HN,100,23
2024,23,JUNIO,HN,200,47
2024,23,JUNIO,NI,10,2
2024,23,JUNIO,NI,30,10
2024,23,JUNIO,NI,50,14
2024,23,JUNIO,NI,100,21
2024,23,JUNIO,NI,200,49
2024,23,JUNIO,DO,10,0
2024,23,JUNIO,DO,30,2
2024,23,JUNIO,DO,50,7
2024,23,JUNIO,DO,100,15
2024,23,JUNIO,DO,200,33
2024,23,JUNIO,VE,10,4
2024,23,JUNIO,VE,30,10
2024,23,JUNIO,VE,50,16
2024,23,JUNIO,VE,100,34
2024,23,JUNIO,VE,200,54
2024,23,JUNIO,MX,10,2
2024,23,JUNIO,MX,30,6
2024,23,JUNIO,MX,50,10
2024,23,JUNIO,MX,100,26
2024,23,JUNIO,MX,200,51
2024,23,JUNIO,SP,10,2
2024,23,JUNIO,SP,30,3
2024,23,JUNIO,SP,50,4
2024,23,JUNIO,SP,100,18
2024,23,JUNIO,SP,200,42
2024,23,JUNIO,CL,10,0
2024,23,JUNIO,CL,30,1
2024,23,JUNIO,CL,50,3
2024,23,JUNIO,CL,100,14
2024,23,JUNIO,CL,200,34
2024,23,JUNIO,AR,10,1
2024,23,JUNIO,AR,30,1
2024,23,JUNIO,AR,50,2
2024,23,JUNIO,AR,100,9
2024,23,JUNIO,AR,200,27
2024,23,JUNIO,BR,10,1
2024,23,JUNIO,BR,30,2
2024,23,JUNIO,BR,50,5
2024,23,JUNIO,BR,100,13
2024,23,JUNIO,BR,200,19
2024,23,JUNIO,PT,10,3
2024,23,JUNIO,PT,30,8
2024,23,JUNIO,PT,50,11
2024,23,JUNIO,PT,100,20
2024,23,JUNIO,PT,200,42
2024,24,JUNIO,CO,10,4
2024,24,JUNIO,CO,30,11
2024,24,JUNIO,CO,50,18
2024,24,JUNIO,CO,100,28
2024,24,JUNIO,CO,200,54
2024,24,JUNIO,PE,10,3
2024,24,JUNIO,PE,30,9
2024,24,JUNIO,PE,50,14
2024,24,JUNIO,PE,100,23
2024,24,JUNIO,PE,200,47
2024,24,JUNIO,EC,10,3
2024,24,JUNIO,EC,30,11
2024,24,JUNIO,EC,50,16
2024,24,JUNIO,EC,100,27
2024,24,JUNIO,EC,200,50
2024,24,JUNIO,PN,10,1
2024,24,JUNIO,PN,30,7
2024,24,JUNIO,PN,50,14
2024,24,JUNIO,PN,100,23
2024,24,JUNIO,PN,200,41
2024,24,JUNIO,CR,10,3
2024,24,JUNIO,CR,30,10
2024,24,JUNIO,CR,50,16
2024,24,JUNIO,CR,100,29
2024,24,JUNIO,CR,200,54
2024,24,JUNIO,GT,10,3
2024,24,JUNIO,GT,30,11
2024,24,JUNIO,GT,50,15
2024,24,JUNIO,GT,100,24
2024,24,JUNIO,GT,200,51
2024,24,JUNIO,SV,10,2
2024,24,JUNIO,SV,30,11
2024,24,JUNIO,SV,50,14
2024,24,JUNIO,SV,100,26
2024,24,JUNIO,SV,200,49
2024,24,JUNIO,HN,10,3
2024,24,JUNIO,HN,30,9
2024,24,JUNIO,HN,50,16
2024,24,JUNIO,HN,100,22
2024,24,JUNIO,HN,200,43
2024,24,JUNIO,NI,10,1
2024,24,JUNIO,NI,30,10
2024,24,JUNIO,NI,50,14
2024,24,JUNIO,NI,100,23
2024,24,JUNIO,NI,200,46
2024,24,JUNIO,DO,10,0
2024,24,JUNIO,DO,30,3
2024,24,JUNIO,DO,50,10
2024,24,JUNIO,DO,100,18
2024,24,JUNIO,DO,200,30
2024,24,JUNIO,VE,10,3
2024,24,JUNIO,VE,30,12
2024,24,JUNIO,VE,50,13
2024,24,JUNIO,VE,100,28
2024,24,JUNIO,VE,200,51
2024,24,JUNIO,MX,10,2
2024,24,JUNIO,MX,30,7
2024,24,JUNIO,MX,50,9
2024,24,JUNIO,MX,100,26
2024,24,JUNIO,MX,200,51
2024,24,JUNIO,SP,10,1
2024,24,JUNIO,SP,30,4
2024,24,JUNIO,SP,50,7
2024,24,JUNIO,SP,100,19
2024,24,JUNIO,SP,200,42
2024,24,JUNIO,CL,10,0
2024,24,JUNIO,CL,30,2
2024,24,JUNIO,CL,50,6
2024,24,JUNIO,CL,100,16
2024,24,JUNIO,CL,200,35
2024,24,JUNIO,AR,10,0
2024,24,JUNIO,AR,30,1
2024,24,JUNIO,AR,50,2
2024,24,JUNIO,AR,100,12
2024,24,JUNIO,AR,200,28
2024,24,JUNIO,BR,10,0
2024,24,JUNIO,BR,30,1
2024,24,JUNIO,BR,50,7
2024,24,JUNIO,BR,100,13
2024,24,JUNIO,BR,200,20
2024,24,JUNIO,PT,10,4
2024,24,JUNIO,PT,30,8
2024,24,JUNIO,PT,50,12
2024,24,JUNIO,PT,100,20
2024,24,JUNIO,PT,200,44
2024,25,JUNIO,CO,10,4
2024,25,JUNIO,CO,30,11
2024,25,JUNIO,CO,50,19
2024,25,JUNIO,CO,100,33
2024,25,JUNIO,CO,200,56
2024,25,JUNIO,PE,10,2
2024,25,JUNIO,PE,30,12
2024,25,JUNIO,PE,50,16
2024,25,JUNIO,PE,100,26
2024,25,JUNIO,PE,200,48
2024,25,JUNIO,EC,10,3
2024,25,JUNIO,EC,30,12
2024,25,JUNIO,EC,50,18
2024,25,JUNIO,EC,100,29
2024,25,JUNIO,EC,200,52
2024,25,JUNIO,PN,10,2
2024,25,JUNIO,PN,30,9
2024,25,JUNIO,PN,50,15
2024,25,JUNIO,PN,100,22
2024,25,JUNIO,PN,200,42
2024,25,JUNIO,CR,10,2
2024,25,JUNIO,CR,30,10
2024,25,JUNIO,CR,50,16
2024,25,JUNIO,CR,100,32
2024,25,JUNIO,CR,200,53
2024,25,JUNIO,GT,10,4
2024,25,JUNIO,GT,30,9
2024,25,JUNIO,GT,50,16
2024,25,JUNIO,GT,100,29
2024,25,JUNIO,GT,200,53
2024,25,JUNIO,SV,10,2
2024,25,JUNIO,SV,30,12
2024,25,JUNIO,SV,50,16
2024,25,JUNIO,SV,100,26
2024,25,JUNIO,SV,200,49
2024,25,JUNIO,HN,10,2
2024,25,JUNIO,HN,30,9
2024,25,JUNIO,HN,50,16
2024,25,JUNIO,HN,100,24
2024,25,JUNIO,HN,200,45
2024,25,JUNIO,NI,10,1
2024,25,JUNIO,NI,30,10
2024,25,JUNIO,NI,50,15
2024,25,JUNIO,NI,100,22
2024,25,JUNIO,NI,200,46
2024,25,JUNIO,DO,10,0
2024,25,JUNIO,DO,30,2
2024,25,JUNIO,DO,50,7
2024,25,JUNIO,DO,100,16
2024,25,JUNIO,DO,200,33
2024,25,JUNIO,VE,10,4
2024,25,JUNIO,VE,30,11
2024,25,JUNIO,VE,50,15
2024,25,JUNIO,VE,100,29
2024,25,JUNIO,VE,200,54
2024,25,JUNIO,MX,10,2
2024,25,JUNIO,MX,30,7
2024,25,JUNIO,MX,50,12
2024,25,JUNIO,MX,100,24
2024,25,JUNIO,MX,200,49
2024,25,JUNIO,SP,10,2
2024,25,JUNIO,SP,30,5
2024,25,JUNIO,SP,50,8
2024,25,JUNIO,SP,100,18
2024,25,JUNIO,SP,200,39
2024,25,JUNIO,CL,10,0
2024,25,JUNIO,CL,30,3
2024,25,JUNIO,CL,50,6
2024,25,JUNIO,CL,100,12
2024,25,JUNIO,CL,200,39
2024,25,JUNIO,AR,10,0
2024,25,JUNIO,AR,30,1
2024,25,JUNIO,AR,50,3
2024,25,JUNIO,AR,100,10
2024,25,JUNIO,AR,200,28
2024,25,JUNIO,BR,10,0
2024,25,JUNIO,BR,30,2
2024,25,JUNIO,BR,50,3
2024,25,JUNIO,BR,100,12
2024,25,JUNIO,BR,200,17
2024,25,JUNIO,PT,10,3
2024,25,JUNIO,PT,30,7
2024,25,JUNIO,PT,50,11
2024,25,JUNIO,PT,100,19
2024,25,JUNIO,PT,200,41
2024,26,JUNIO,CO,10,5
2024,26,JUNIO,CO,30,10
2024,26,JUNIO,CO,50,20
2024,26,JUNIO,CO,100,34
2024,26,JUNIO,CO,200,57
2024,26,JUNIO,PE,10,3
2024,26,JUNIO,PE,30,12
2024,26,JUNIO,PE,50,16
2024,26,JUNIO,PE,100,26
2024,26,JUNIO,PE,200,47
2024,26,JUNIO,EC,10,4
2024,26,JUNIO,EC,30,14
2024,26,JUNIO,EC,50,17
2024,26,JUNIO,EC,100,29
2024,26,JUNIO,EC,200,51
2024,26,JUNIO,PN,10,3
2024,26,JUNIO,PN,30,8
2024,26,JUNIO,PN,50,15
2024,26,JUNIO,PN,100,24
2024,26,JUNIO,PN,200,44
2024,26,JUNIO,CR,10,4
2024,26,JUNIO,CR,30,11
2024,26,JUNIO,CR,50,18
2024,26,JUNIO,CR,100,31
2024,26,JUNIO,CR,200,57
2024,26,JUNIO,GT,10,4
2024,26,JUNIO,GT,30,10
2024,26,JUNIO,GT,50,17
2024,26,JUNIO,GT,100,26
2024,26,JUNIO,GT,200,50
2024,26,JUNIO,SV,10,3
2024,26,JUNIO,SV,30,12
2024,26,JUNIO,SV,50,16
2024,26,JUNIO,SV,100,29
2024,26,JUNIO,SV,200,46
2024,26,JUNIO,HN,10,2
2024,26,JUNIO,HN,30,9
2024,26,JUNIO,HN,50,16
2024,26,JUNIO,HN,100,25
2024,26,JUNIO,HN,200,43
2024,26,JUNIO,NI,10,3
2024,26,JUNIO,NI,30,9
2024,26,JUNIO,NI,50,15
2024,26,JUNIO,NI,100,23
2024,26,JUNIO,NI,200,48
2024,26,JUNIO,DO,10,1
2024,26,JUNIO,DO,30,3
2024,26,JUNIO,DO,50,8
2024,26,JUNIO,DO,100,19
2024,26,JUNIO,DO,200,35
2024,26,JUNIO,VE,10,5
2024,26,JUNIO,VE,30,11
2024,26,JUNIO,VE,50,16
2024,26,JUNIO,VE,100,28
2024,26,JUNIO,VE,200,57
2024,26,JUNIO,MX,10,3
2024,26,JUNIO,MX,30,6
2024,26,JUNIO,MX,50,10
2024,26,JUNIO,MX,100,19
2024,26,JUNIO,MX,200,45
2024,26,JUNIO,SP,10,2
2024,26,JUNIO,SP,30,5
2024,26,JUNIO,SP,50,8
2024,26,JUNIO,SP,100,19
2024,26,JUNIO,SP,200,37
2024,26,JUNIO,CL,10,1
2024,26,JUNIO,CL,30,4
2024,26,JUNIO,CL,50,7
2024,26,JUNIO,CL,100,14
2024,26,JUNIO,CL,200,36
2024,26,JUNIO,AR,10,0
2024,26,JUNIO,AR,30,1
2024,26,JUNIO,AR,50,5
2024,26,JUNIO,AR,100,11
2024,26,JUNIO,AR,200,31
2024,26,JUNIO,BR,10,0
2024,26,JUNIO,BR,30,1
2024,26,JUNIO,BR,50,3
2024,26,JUNIO,BR,100,12
2024,26,JUNIO,BR,200,19
2024,26,JUNIO,PT,10,3
2024,26,JUNIO,PT,30,8
2024,26,JUNIO,PT,50,12
2024,26,JUNIO,PT,100,19
2024,26,JUNIO,PT,200,41
2024,27,JULIO,CO,10,5
2024,27,JULIO,CO,30,10
2024,27,JULIO,CO,50,18
2024,27,JULIO,CO,100,31
2024,27,JULIO,CO,200,56
2024,27,JULIO,PE,10,3
2024,27,JULIO,PE,30,12
2024,27,JULIO,PE,50,15
2024,27,JULIO,PE,100,25
2024,27,JULIO,PE,200,42
2024,27,JULIO,EC,10,4
2024,27,JULIO,EC,30,12
2024,27,JULIO,EC,50,18
2024,27,JULIO,EC,100,28
2024,27,JULIO,EC,200,51
2024,27,JULIO,PN,10,3
2024,27,JULIO,PN,30,6
2024,27,JULIO,PN,50,13
2024,27,JULIO,PN,100,22
2024,27,JULIO,PN,200,40
2024,27,JULIO,CR,10,3
2024,27,JULIO,CR,30,11
2024,27,JULIO,CR,50,17
2024,27,JULIO,CR,100,29
2024,27,JULIO,CR,200,56
2024,27,JULIO,GT,10,5
2024,27,JULIO,GT,30,10
2024,27,JULIO,GT,50,15
2024,27,JULIO,GT,100,28
2024,27,JULIO,GT,200,51
2024,27,JULIO,SV,10,4
2024,27,JULIO,SV,30,11
2024,27,JULIO,SV,50,16
2024,27,JULIO,SV,100,27
2024,27,JULIO,SV,200,48
2024,27,JULIO,HN,10,3
2024,27,JULIO,HN,30,8
2024,27,JULIO,HN,50,13
2024,27,JULIO,HN,100,24
2024,27,JULIO,HN,200,41
2024,27,JULIO,NI,10,3
2024,27,JULIO,NI,30,9
2024,27,JULIO,NI,50,14
2024,27,JULIO,NI,100,21
2024,27,JULIO,NI,200,49
2024,27,JULIO,DO,10,1
2024,27,JULIO,DO,30,3
2024,27,JULIO,DO,50,8
2024,27,JULIO,DO,100,17
2024,27,JULIO,DO,200,33
2024,27,JULIO,VE,10,4
2024,27,JULIO,VE,30,10
2024,27,JULIO,VE,50,14
2024,27,JULIO,VE,100,27
2024,27,JULIO,VE,200,52
2024,27,JULIO,MX,10,3
2024,27,JULIO,MX,30,6
2024,27,JULIO,MX,50,11
2024,27,JULIO,MX,100,21
2024,27,JULIO,MX,200,42
2024,27,JULIO,SP,10,2
2024,27,JULIO,SP,30,5
2024,27,JULIO,SP,50,7
2024,27,JULIO,SP,100,19
2024,27,JULIO,SP,200,36
2024,27,JULIO,CL,10,1
2024,27,JULIO,CL,30,3
2024,27,JULIO,CL,50,8
2024,27,JULIO,CL,100,16
2024,27,JULIO,CL,200,37
2024,27,JULIO,AR,10,1
2024,27,JULIO,AR,30,2
2024,27,JULIO,AR,50,4
2024,27,JULIO,AR,100,10
2024,27,JULIO,AR,200,31
2024,27,JULIO,BR,10,0
2024,27,JULIO,BR,30,1
2024,27,JULIO,BR,50,2
2024,27,JULIO,BR,100,10
2024,27,JULIO,BR,200,19
2024,27,JULIO,PT,10,3
2024,27,JULIO,PT,30,7
2024,27,JULIO,PT,50,10
2024,27,JULIO,PT,100,18
2024,27,JULIO,PT,200,41
2024,28,JULIO,CO,10,5
2024,28,JULIO,CO,30,11
2024,28,JULIO,CO,50,20
2024,28,JULIO,CO,100,36
2024,28,JULIO,CO,200,58
2024,28,JULIO,PE,10,3
2024,28,JULIO,PE,30,11
2024,28,JULIO,PE,50,16
2024,28,JULIO,PE,100,25
2024,28,JULIO,PE,200,50
2024,28,JULIO,EC,10,4
2024,28,JULIO,EC,30,12
2024,28,JULIO,EC,50,17
2024,28,JULIO,EC,100,30
2024,28,JULIO,EC,200,52
2024,28,JULIO,PN,10,2
2024,28,JULIO,PN,30,6
2024,28,JULIO,PN,50,12
2024,28,JULIO,PN,100,23
2024,28,JULIO,PN,200,41
2024,28,JULIO,CR,10,3
2024,28,JULIO,CR,30,9
2024,28,JULIO,CR,50,18
2024,28,JULIO,CR,100,32
2024,28,JULIO,CR,200,51
2024,28,JULIO,GT,10,4
2024,28,JULIO,GT,30,11
2024,28,JULIO,GT,50,17
2024,28,JULIO,GT,100,30
2024,28,JULIO,GT,200,55
2024,28,JULIO,SV,10,3
2024,28,JULIO,SV,30,12
2024,28,JULIO,SV,50,15
2024,28,JULIO,SV,100,27
2024,28,JULIO,SV,200,54
2024,28,JULIO,HN,10,2
2024,28,JULIO,HN,30,10
2024,28,JULIO,HN,50,14
2024,28,JULIO,HN,100,24
2024,28,JULIO,HN,200,47
2024,28,JULIO,NI,10,2
2024,28,JULIO,NI,30,8
2024,28,JULIO,NI,50,15
2024,28,JULIO,NI,100,25
2024,28,JULIO,NI,200,52
2024,28,JULIO,DO,10,1
2024,28,JULIO,DO,30,5
2024,28,JULIO,DO,50,9
2024,28,JULIO,DO,100,19
2024,28,JULIO,DO,200,34
2024,28,JULIO,VE,10,5
2024,28,JULIO,VE,30,10
2024,28,JULIO,VE,50,15
2024,28,JULIO,VE,100,27
2024,28,JULIO,VE,200,49
2024,28,JULIO,MX,10,3
2024,28,JULIO,MX,30,7
2024,28,JULIO,MX,50,10
2024,28,JULIO,MX,100,23
2024,28,JULIO,MX,200,45
2024,28,JULIO,SP,10,2
2024,28,JULIO,SP,30,5
2024,28,JULIO,SP,50,9
2024,28,JULIO,SP,100,23
2024,28,JULIO,SP,200,38
2024,28,JULIO,CL,10,1
2024,28,JULIO,CL,30,2
2024,28,JULIO,CL,50,8
2024,28,JULIO,CL,100,18
2024,28,JULIO,CL,200,36
2024,28,JULIO,AR,10,0
2024,28,JULIO,AR,30,2
2024,28,JULIO,AR,50,3
2024,28,JULIO,AR,100,11
2024,28,JULIO,AR,200,30
2024,28,JULIO,BR,10,0
2024,28,JULIO,BR,30,1
2024,28,JULIO,BR,50,3
2024,28,JULIO,BR,100,13
2024,28,JULIO,BR,200,21
2024,28,JULIO,PT,10,2
2024,28,JULIO,PT,30,6
2024,28,JULIO,PT,50,11
2024,28,JULIO,PT,100,18
2024,28,JULIO,PT,200,42
2024,29,JULIO,CO,10,4
2024,29,JULIO,CO,30,12
2024,29,JULIO,CO,50,19
2024,29,JULIO,CO,100,31
2024,29,JULIO,CO,200,55
2024,29,JULIO,PE,10,3
2024,29,JULIO,PE,30,11
2024,29,JULIO,PE,50,16
2024,29,JULIO,PE,100,25
2024,29,JULIO,PE,200,45
2024,29,JULIO,EC,10,4
2024,29,JULIO,EC,30,13
2024,29,JULIO,EC,50,14
2024,29,JULIO,EC,100,27
2024,29,JULIO,EC,200,49
2024,29,JULIO,PN,10,2
2024,29,JULIO,PN,30,7
2024,29,JULIO,PN,50,11
2024,29,JULIO,PN,100,21
2024,29,JULIO,PN,200,36
2024,29,JULIO,CR,10,3
2024,29,JULIO,CR,30,8
2024,29,JULIO,CR,50,16
2024,29,JULIO,CR,100,28
2024,29,JULIO,CR,200,47
2024,29,JULIO,GT,10,3
2024,29,JULIO,GT,30,10
2024,29,JULIO,GT,50,16
2024,29,JULIO,GT,100,28
2024,29,JULIO,GT,200,50
2024,29,JULIO,SV,10,3
2024,29,JULIO,SV,30,11
2024,29,JULIO,SV,50,15
2024,29,JULIO,SV,100,27
2024,29,JULIO,SV,200,51
2024,29,JULIO,HN,10,2
2024,29,JULIO,HN,30,8
2024,29,JULIO,HN,50,11
2024,29,JULIO,HN,100,22
2024,29,JULIO,HN,200,42
2024,29,JULIO,NI,10,2
2024,29,JULIO,NI,30,7
2024,29,JULIO,NI,50,13
2024,29,JULIO,NI,100,22
2024,29,JULIO,NI,200,46
2024,29,JULIO,DO,10,1
2024,29,JULIO,DO,30,4
2024,29,JULIO,DO,50,8
2024,29,JULIO,DO,100,17
2024,29,JULIO,DO,200,30
2024,29,JULIO,VE,10,4
2024,29,JULIO,VE,30,9
2024,29,JULIO,VE,50,14
2024,29,JULIO,VE,100,26
2024,29,JULIO,VE,200,49
2024,29,JULIO,MX,10,3
2024,29,JULIO,MX,30,6
2024,29,JULIO,MX,50,9
2024,29,JULIO,MX,100,20
2024,29,JULIO,MX,200,42
2024,29,JULIO,SP,10,2
2024,29,JULIO,SP,30,4
2024,29,JULIO,SP,50,7
2024,29,JULIO,SP,100,21
2024,29,JULIO,SP,200,35
2024,29,JULIO,CL,10,1
2024,29,JULIO,CL,30,2
2024,29,JULIO,CL,50,6
2024,29,JULIO,CL,100,13
2024,29,JULIO,CL,200,33
2024,29,JULIO,AR,10,0
2024,29,JULIO,AR,30,2
2024,29,JULIO,AR,50,3
2024,29,JULIO,AR,100,9
2024,29,JULIO,AR,200,25
2024,29,JULIO,BR,10,0
2024,29,JULIO,BR,30,3
2024,29,JULIO,BR,50,4
2024,29,JULIO,BR,100,12
2024,29,JULIO,BR,200,24
2024,29,JULIO,PT,10,2
2024,29,JULIO,PT,30,9
2024,29,JULIO,PT,50,12
2024,29,JULIO,PT,100,20
2024,29,JULIO,PT,200,47
2024,30,JULIO,CO,10,5
2024,30,JULIO,CO,30,11
2024,30,JULIO,CO,50,18
2024,30,JULIO,CO,100,30
2024,30,JULIO,CO,200,53
2024,30,JULIO,PE,10,3
2024,30,JULIO,PE,30,10
2024,30,JULIO,PE,50,15
2024,30,JULIO,PE,100,25
2024,30,JULIO,PE,200,43
2024,30,JULIO,EC,10,5
2024,30,JULIO,EC,30,11
2024,30,JULIO,EC,50,16
2024,30,JULIO,EC,100,28
2024,30,JULIO,EC,200,50
2024,30,JULIO,PN,10,2
2024,30,JULIO,PN,30,6
2024,30,JULIO,PN,50,10
2024,30,JULIO,PN,100,24
2024,30,JULIO,PN,200,38
2024,30,JULIO,CR,10,3
2024,30,JULIO,CR,30,8
2024,30,JULIO,CR,50,14
2024,30,JULIO,CR,100,27
2024,30,JULIO,CR,200,47
2024,30,JULIO,GT,10,3
2024,30,JULIO,GT,30,9
2024,30,JULIO,GT,50,16
2024,30,JULIO,GT,100,27
2024,30,JULIO,GT,200,53
2024,30,JULIO,SV,10,3
2024,30,JULIO,SV,30,11
2024,30,JULIO,SV,50,13
2024,30,JULIO,SV,100,26
2024,30,JULIO,SV,200,53
2024,30,JULIO,HN,10,2
2024,30,JULIO,HN,30,8
2024,30,JULIO,HN,50,11
2024,30,JULIO,HN,100,22
2024,30,JULIO,HN,200,44
2024,30,JULIO,NI,10,2
2024,30,JULIO,NI,30,7
2024,30,JULIO,NI,50,14
2024,30,JULIO,NI,100,22
2024,30,JULIO,NI,200,46
2024,30,JULIO,DO,10,1
2024,30,JULIO,DO,30,4
2024,30,JULIO,DO,50,8
2024,30,JULIO,DO,100,17
2024,30,JULIO,DO,200,29
2024,30,JULIO,VE,10,4
2024,30,JULIO,VE,30,8
2024,30,JULIO,VE,50,11
2024,30,JULIO,VE,100,25
2024,30,JULIO,VE,200,44
2024,30,JULIO,MX,10,2
2024,30,JULIO,MX,30,7
2024,30,JULIO,MX,50,10
2024,30,JULIO,MX,100,24
2024,30,JULIO,MX,200,47
2024,30,JULIO,SP,10,2
2024,30,JULIO,SP,30,6
2024,30,JULIO,SP,50,9
2024,30,JULIO,SP,100,20
2024,30,JULIO,SP,200,43
2024,30,JULIO,CL,10,1
2024,30,JULIO,CL,30,2
2024,30,JULIO,CL,50,5
2024,30,JULIO,CL,100,15
2024,30,JULIO,CL,200,34
2024,30,JULIO,AR,10,1
2024,30,JULIO,AR,30,2
2024,30,JULIO,AR,50,3
2024,30,JULIO,AR,100,12
2024,30,JULIO,AR,200,30
2024,30,JULIO,BR,10,0
2024,30,JULIO,BR,30,3
2024,30,JULIO,BR,50,4
2024,30,JULIO,BR,100,9
2024,30,JULIO,BR,200,22
2024,30,JULIO,PT,10,2
2024,30,JULIO,PT,30,8
2024,30,JULIO,PT,50,11
2024,30,JULIO,PT,100,22
2024,30,JULIO,PT,200,41
2024,31,AGOSTO,CO,10,5
2024,31,AGOSTO,CO,30,12
2024,31,AGOSTO,CO,50,19
2024,31,AGOSTO,CO,100,29
2024,31,AGOSTO,CO,200,51
2024,31,AGOSTO,PE,10,3
2024,31,AGOSTO,PE,30,10
2024,31,AGOSTO,PE,50,15
2024,31,AGOSTO,PE,100,24
2024,31,AGOSTO,PE,200,43
2024,31,AGOSTO,EC,10,5
2024,31,AGOSTO,EC,30,10
2024,31,AGOSTO,EC,50,15
2024,31,AGOSTO,EC,100,25
2024,31,AGOSTO,EC,200,51
2024,31,AGOSTO,PN,10,2
2024,31,AGOSTO,PN,30,8
2024,31,AGOSTO,PN,50,10
2024,31,AGOSTO,PN,100,21
2024,31,AGOSTO,PN,200,36
2024,31,AGOSTO,CR,10,3
2024,31,AGOSTO,CR,30,8
2024,31,AGOSTO,CR,50,14
2024,31,AGOSTO,CR,100,27
2024,31,AGOSTO,CR,200,46
2024,31,AGOSTO,GT,10,3
2024,31,AGOSTO,GT,30,9
2024,31,AGOSTO,GT,50,16
2024,31,AGOSTO,GT,100,23
2024,31,AGOSTO,GT,200,46
2024,31,AGOSTO,SV,10,4
2024,31,AGOSTO,SV,30,10
2024,31,AGOSTO,SV,50,12
2024,31,AGOSTO,SV,100,23
2024,31,AGOSTO,SV,200,50
2024,31,AGOSTO,HN,10,2
2024,31,AGOSTO,HN,30,8
2024,31,AGOSTO,HN,50,12
2024,31,AGOSTO,HN,100,22
2024,31,AGOSTO,HN,200,44
2024,31,AGOSTO,NI,10,2
2024,31,AGOSTO,NI,30,8
2024,31,AGOSTO,NI,50,13
2024,31,AGOSTO,NI,100,24
2024,31,AGOSTO,NI,200,49
2024,31,AGOSTO,DO,10,1
2024,31,AGOSTO,DO,30,5
2024,31,AGOSTO,DO,50,9
2024,31,AGOSTO,DO,100,14
2024,31,AGOSTO,DO,200,28
2024,31,AGOSTO,VE,10,3
2024,31,AGOSTO,VE,30,7
2024,31,AGOSTO,VE,50,11
2024,31,AGOSTO,VE,100,22
2024,31,AGOSTO,VE,200,39
2024,31,AGOSTO,MX,10,2
2024,31,AGOSTO,MX,30,7
2024,31,AGOSTO,MX,50,9
2024,31,AGOSTO,MX,100,23
2024,31,AGOSTO,MX,200,42
2024,31,AGOSTO,SP,10,2
2024,31,AGOSTO,SP,30,6
2024,31,AGOSTO,SP,50,10
2024,31,AGOSTO,SP,100,19
2024,31,AGOSTO,SP,200,43
2024,31,AGOSTO,CL,10,1
2024,31,AGOSTO,CL,30,3
2024,31,AGOSTO,CL,50,5
2024,31,AGOSTO,CL,100,13
2024,31,AGOSTO,CL,200,30
2024,31,AGOSTO,AR,10,1
2024,31,AGOSTO,AR,30,2
2024,31,AGOSTO,AR,50,3
2024,31,AGOSTO,AR,100,11
2024,31,AGOSTO,AR,200,29
2024,31,AGOSTO,BR,10,0
2024,31,AGOSTO,BR,30,4
2024,31,AGOSTO,BR,50,4
2024,31,AGOSTO,BR,100,10
2024,31,AGOSTO,BR,200,20
2024,31,AGOSTO,PT,10,2
2024,31,AGOSTO,PT,30,8
2024,31,AGOSTO,PT,50,11
2024,31,AGOSTO,PT,100,20
2024,31,AGOSTO,PT,200,39
2024,32,AGOSTO,CO,10,5
2024,32,AGOSTO,CO,30,11
2024,32,AGOSTO,CO,50,17
2024,32,AGOSTO,CO,100,29
2024,32,AGOSTO,CO,200,46
2024,32,AGOSTO,PE,10,3
2024,32,AGOSTO,PE,30,10
2024,32,AGOSTO,PE,50,14
2024,32,AGOSTO,PE,100,22
2024,32,AGOSTO,PE,200,40
2024,32,AGOSTO,EC,10,4
2024,32,AGOSTO,EC,30,9
2024,32,AGOSTO,EC,50,14
2024,32,AGOSTO,EC,100,23
2024,32,AGOSTO,EC,200,46
2024,32,AGOSTO,PN,10,2
2024,32,AGOSTO,PN,30,8
2024,32,AGOSTO,PN,50,9
2024,32,AGOSTO,PN,100,20
2024,32,AGOSTO,PN,200,36
2024,32,AGOSTO,CR,10,3
2024,32,AGOSTO,CR,30,7
2024,32,AGOSTO,CR,50,12
2024,32,AGOSTO,CR,100,25
2024,32,AGOSTO,CR,200,45
2024,32,AGOSTO,GT,10,3
2024,32,AGOSTO,GT,30,8
2024,32,AGOSTO,GT,50,14
2024,32,AGOSTO,GT,100,20
2024,32,AGOSTO,GT,200,44
2024,32,AGOSTO,SV,10,3
2024,32,AGOSTO,SV,30,8
2024,32,AGOSTO,SV,50,13
2024,32,AGOSTO,SV,100,22
2024,32,AGOSTO,SV,200,47
2024,32,AGOSTO,HN,10,2
2024,32,AGOSTO,HN,30,6
2024,32,AGOSTO,HN,50,13
2024,32,AGOSTO,HN,100,21
2024,32,AGOSTO,HN,200,38
2024,32,AGOSTO,NI,10,2
2024,32,AGOSTO,NI,30,5
2024,32,AGOSTO,NI,50,12
2024,32,AGOSTO,NI,100,20
2024,32,AGOSTO,NI,200,47
2024,32,AGOSTO,DO,10,1
2024,32,AGOSTO,DO,30,5
2024,32,AGOSTO,DO,50,7
2024,32,AGOSTO,DO,100,15
2024,32,AGOSTO,DO,200,30
2024,32,AGOSTO,VE,10,3
2024,32,AGOSTO,VE,30,7
2024,32,AGOSTO,VE,50,13
2024,32,AGOSTO,VE,100,20
2024,32,AGOSTO,VE,200,39
2024,32,AGOSTO,MX,10,2
2024,32,AGOSTO,MX,30,7
2024,32,AGOSTO,MX,50,10
2024,32,AGOSTO,MX,100,22
2024,32,AGOSTO,MX,200,42
2024,32,AGOSTO,SP,10,2
2024,32,AGOSTO,SP,30,6
2024,32,AGOSTO,SP,50,7
2024,32,AGOSTO,SP,100,19
2024,32,AGOSTO,SP,200,41
2024,32,AGOSTO,CL,10,1
2024,32,AGOSTO,CL,30,3
2024,32,AGOSTO,CL,50,5
2024,32,AGOSTO,CL,100,12
2024,32,AGOSTO,CL,200,30
2024,32,AGOSTO,AR,10,1
2024,32,AGOSTO,AR,30,2
2024,32,AGOSTO,AR,50,3
2024,32,AGOSTO,AR,100,14
2024,32,AGOSTO,AR,200,29
2024,32,AGOSTO,BR,10,1
2024,32,AGOSTO,BR,30,4
2024,32,AGOSTO,BR,50,4
2024,32,AGOSTO,BR,100,7
2024,32,AGOSTO,BR,200,19
2024,32,AGOSTO,PT,10,2
2024,32,AGOSTO,PT,30,9
2024,32,AGOSTO,PT,50,12
2024,32,AGOSTO,PT,100,19
2024,32,AGOSTO,PT,200,39
2024,33,AGOSTO,CO,10,4
2024,33,AGOSTO,CO,30,12
2024,33,AGOSTO,CO,50,18
2024,33,AGOSTO,CO,100,29
2024,33,AGOSTO,CO,200,50
2024,33,AGOSTO,PE,10,3
2024,33,AGOSTO,PE,30,9
2024,33,AGOSTO,PE,50,14
2024,33,AGOSTO,PE,100,23
2024,33,AGOSTO,PE,200,42
2024,33,AGOSTO,EC,10,4
2024,33,AGOSTO,EC,30,10
2024,33,AGOSTO,EC,50,15
2024,33,AGOSTO,EC,100,25
2024,33,AGOSTO,EC,200,46
2024,33,AGOSTO,PN,10,2
2024,33,AGOSTO,PN,30,8
2024,33,AGOSTO,PN,50,9
2024,33,AGOSTO,PN,100,21
2024,33,AGOSTO,PN,200,38
2024,33,AGOSTO,CR,10,3
2024,33,AGOSTO,CR,30,7
2024,33,AGOSTO,CR,50,13
2024,33,AGOSTO,CR,100,26
2024,33,AGOSTO,CR,200,48
2024,33,AGOSTO,GT,10,3
2024,33,AGOSTO,GT,30,9
2024,33,AGOSTO,GT,50,14
2024,33,AGOSTO,GT,100,24
2024,33,AGOSTO,GT,200,48
2024,33,AGOSTO,SV,10,3
2024,33,AGOSTO,SV,30,9
2024,33,AGOSTO,SV,50,13
2024,33,AGOSTO,SV,100,23
2024,33,AGOSTO,SV,200,47
2024,33,AGOSTO,HN,10,2
2024,33,AGOSTO,HN,30,7
2024,33,AGOSTO,HN,50,12
2024,33,AGOSTO,HN,100,22
2024,33,AGOSTO,HN,200,42
2024,33,AGOSTO,NI,10,2
2024,33,AGOSTO,NI,30,6
2024,33,AGOSTO,NI,50,12
2024,33,AGOSTO,NI,100,19
2024,33,AGOSTO,NI,200,47
2024,33,AGOSTO,DO,10,1
2024,33,AGOSTO,DO,30,4
2024,33,AGOSTO,DO,50,6
2024,33,AGOSTO,DO,100,13
2024,33,AGOSTO,DO,200,30
2024,33,AGOSTO,VE,10,4
2024,33,AGOSTO,VE,30,9
2024,33,AGOSTO,VE,50,14
2024,33,AGOSTO,VE,100,22
2024,33,AGOSTO,VE,200,45
2024,33,AGOSTO,MX,10,1
2024,33,AGOSTO,MX,30,5
2024,33,AGOSTO,MX,50,10
2024,33,AGOSTO,MX,100,22
2024,33,AGOSTO,MX,200,44
2024,33,AGOSTO,SP,10,2
2024,33,AGOSTO,SP,30,6
2024,33,AGOSTO,SP,50,8
2024,33,AGOSTO,SP,100,22
2024,33,AGOSTO,SP,200,41
2024,33,AGOSTO,CL,10,1
2024,33,AGOSTO,CL,30,3
2024,33,AGOSTO,CL,50,5
2024,33,AGOSTO,CL,100,12
2024,33,AGOSTO,CL,200,31
2024,33,AGOSTO,AR,10,1
2024,33,AGOSTO,AR,30,2
2024,33,AGOSTO,AR,50,3
2024,33,AGOSTO,AR,100,14
2024,33,AGOSTO,AR,200,29
2024,33,AGOSTO,BR,10,0
2024,33,AGOSTO,BR,30,3
2024,33,AGOSTO,BR,50,6
2024,33,AGOSTO,BR,100,7
2024,33,AGOSTO,BR,200,21
2024,33,AGOSTO,PT,10,2
2024,33,AGOSTO,PT,30,8
2024,33,AGOSTO,PT,50,9
2024,33,AGOSTO,PT,100,20
2024,33,AGOSTO,PT,200,35
2024,34,AGOSTO,CO,10,3
2024,34,AGOSTO,CO,30,12
2024,34,AGOSTO,CO,50,16
2024,34,AGOSTO,CO,100,30
2024,34,AGOSTO,CO,200,48
2024,34,AGOSTO,PE,10,3
2024,34,AGOSTO,PE,30,10
2024,34,AGOSTO,PE,50,15
2024,34,AGOSTO,PE,100,23
2024,34,AGOSTO,PE,200,38
2024,34,AGOSTO,EC,10,3
2024,34,AGOSTO,EC,30,10
2024,34,AGOSTO,EC,50,15
2024,34,AGOSTO,EC,100,23
2024,34,AGOSTO,EC,200,45
2024,34,AGOSTO,PN,10,2
2024,34,AGOSTO,PN,30,8
2024,34,AGOSTO,PN,50,9
2024,34,AGOSTO,PN,100,21
2024,34,AGOSTO,PN,200,34
2024,34,AGOSTO,CR,10,3
2024,34,AGOSTO,CR,30,8
2024,34,AGOSTO,CR,50,13
2024,34,AGOSTO,CR,100,23
2024,34,AGOSTO,CR,200,46
2024,34,AGOSTO,GT,10,3
2024,34,AGOSTO,GT,30,9
2024,34,AGOSTO,GT,50,13
2024,34,AGOSTO,GT,100,24
2024,34,AGOSTO,GT,200,45
2024,34,AGOSTO,SV,10,3
2024,34,AGOSTO,SV,30,10
2024,34,AGOSTO,SV,50,14
2024,34,AGOSTO,SV,100,20
2024,34,AGOSTO,SV,200,46
2024,34,AGOSTO,HN,10,2
2024,34,AGOSTO,HN,30,7
2024,34,AGOSTO,HN,50,14
2024,34,AGOSTO,HN,100,19
2024,34,AGOSTO,HN,200,39
2024,34,AGOSTO,NI,10,2
2024,34,AGOSTO,NI,30,6
2024,34,AGOSTO,NI,50,12
2024,34,AGOSTO,NI,100,19
2024,34,AGOSTO,NI,200,42
2024,34,AGOSTO,DO,10,1
2024,34,AGOSTO,DO,30,3
2024,34,AGOSTO,DO,50,5
2024,34,AGOSTO,DO,100,12
2024,34,AGOSTO,DO,200,25
2024,34,AGOSTO,VE,10,3
2024,34,AGOSTO,VE,30,9
2024,34,AGOSTO,VE,50,14
2024,34,AGOSTO,VE,100,24
2024,34,AGOSTO,VE,200,44
2024,34,AGOSTO,MX,10,2
2024,34,AGOSTO,MX,30,6
2024,34,AGOSTO,MX,50,11
2024,34,AGOSTO,MX,100,23
2024,34,AGOSTO,MX,200,46
2024,34,AGOSTO,SP,10,2
2024,34,AGOSTO,SP,30,6
2024,34,AGOSTO,SP,50,9
2024,34,AGOSTO,SP,100,23
2024,34,AGOSTO,SP,200,43
2024,34,AGOSTO,CL,10,1
2024,34,AGOSTO,CL,30,2
2024,34,AGOSTO,CL,50,7
2024,34,AGOSTO,CL,100,14
2024,34,AGOSTO,CL,200,31
2024,34,AGOSTO,AR,10,1
2024,34,AGOSTO,AR,30,2
2024,34,AGOSTO,AR,50,2
2024,34,AGOSTO,AR,100,13
2024,34,AGOSTO,AR,200,28
2024,34,AGOSTO,BR,10,0
2024,34,AGOSTO,BR,30,4
2024,34,AGOSTO,BR,50,7
2024,34,AGOSTO,BR,100,7
2024,34,AGOSTO,BR,200,23
2024,34,AGOSTO,PT,10,2
2024,34,AGOSTO,PT,30,8
2024,34,AGOSTO,PT,50,12
2024,34,AGOSTO,PT,100,22
2024,34,AGOSTO,PT,200,38
2024,35,AGOSTO,CO,10,4
2024,35,AGOSTO,CO,30,12
2024,35,AGOSTO,CO,50,19
2024,35,AGOSTO,CO,100,30
2024,35,AGOSTO,CO,200,47
2024,35,AGOSTO,PE,10,4
2024,35,AGOSTO,PE,30,11
2024,35,AGOSTO,PE,50,16
2024,35,AGOSTO,PE,100,23
2024,35,AGOSTO,PE,200,41
2024,35,AGOSTO,EC,10,4
2024,35,AGOSTO,EC,30,11
2024,35,AGOSTO,EC,50,16
2024,35,AGOSTO,EC,100,26
2024,35,AGOSTO,EC,200,45
2024,35,AGOSTO,PN,10,2
2024,35,AGOSTO,PN,30,8
2024,35,AGOSTO,PN,50,13
2024,35,AGOSTO,PN,100,23
2024,35,AGOSTO,PN,200,33
2024,35,AGOSTO,CR,10,4
2024,35,AGOSTO,CR,30,9
2024,35,AGOSTO,CR,50,17
2024,35,AGOSTO,CR,100,27
2024,35,AGOSTO,CR,200,47
2024,35,AGOSTO,GT,10,2
2024,35,AGOSTO,GT,30,7
2024,35,AGOSTO,GT,50,15
2024,35,AGOSTO,GT,100,23
2024,35,AGOSTO,GT,200,43
2024,35,AGOSTO,SV,10,4
2024,35,AGOSTO,SV,30,10
2024,35,AGOSTO,SV,50,15
2024,35,AGOSTO,SV,100,24
2024,35,AGOSTO,SV,200,45
2024,35,AGOSTO,HN,10,2
2024,35,AGOSTO,HN,30,6
2024,35,AGOSTO,HN,50,14
2024,35,AGOSTO,HN,100,20
2024,35,AGOSTO,HN,200,42
2024,35,AGOSTO,NI,10,2
2024,35,AGOSTO,NI,30,5
2024,35,AGOSTO,NI,50,10
2024,35,AGOSTO,NI,100,22
2024,35,AGOSTO,NI,200,42
2024,35,AGOSTO,DO,10,1
2024,35,AGOSTO,DO,30,3
2024,35,AGOSTO,DO,50,6
2024,35,AGOSTO,DO,100,14
2024,35,AGOSTO,DO,200,24
2024,35,AGOSTO,VE,10,4
2024,35,AGOSTO,VE,30,11
2024,35,AGOSTO,VE,50,16
2024,35,AGOSTO,VE,100,25
2024,35,AGOSTO,VE,200,43
2024,35,AGOSTO,MX,10,2
2024,35,AGOSTO,MX,30,6
2024,35,AGOSTO,MX,50,10
2024,35,AGOSTO,MX,100,22
2024,35,AGOSTO,MX,200,40
2024,35,AGOSTO,SP,10,2
2024,35,AGOSTO,SP,30,6
2024,35,AGOSTO,SP,50,9
2024,35,AGOSTO,SP,100,22
2024,35,AGOSTO,SP,200,40
2024,35,AGOSTO,CL,10,1
2024,35,AGOSTO,CL,30,3
2024,35,AGOSTO,CL,50,9
2024,35,AGOSTO,CL,100,16
2024,35,AGOSTO,CL,200,31
2024,35,AGOSTO,AR,10,1
2024,35,AGOSTO,AR,30,2
2024,35,AGOSTO,AR,50,3
2024,35,AGOSTO,AR,100,16
2024,35,AGOSTO,AR,200,27
2024,35,AGOSTO,BR,10,0
2024,35,AGOSTO,BR,30,4
2024,35,AGOSTO,BR,50,8
2024,35,AGOSTO,BR,100,11
2024,35,AGOSTO,BR,200,22
2024,35,AGOSTO,PT,10,6
2024,35,AGOSTO,PT,30,10
2024,35,AGOSTO,PT,50,15
2024,35,AGOSTO,PT,100,27
2024,35,AGOSTO,PT,200,44
2024,36,SEPTIEMBRE,CO,10,5
2024,36,SEPTIEMBRE,CO,30,10
2024,36,SEPTIEMBRE,CO,50,18
2024,36,SEPTIEMBRE,CO,100,29
2024,36,SEPTIEMBRE,CO,200,47
2024,36,SEPTIEMBRE,PE,10,5
2024,36,SEPTIEMBRE,PE,30,9
2024,36,SEPTIEMBRE,PE,50,17
2024,36,SEPTIEMBRE,PE,100,22
2024,36,SEPTIEMBRE,PE,200,43
2024,36,SEPTIEMBRE,EC,10,5
2024,36,SEPTIEMBRE,EC,30,11
2024,36,SEPTIEMBRE,EC,50,17
2024,36,SEPTIEMBRE,EC,100,24
2024,36,SEPTIEMBRE,EC,200,45
2024,36,SEPTIEMBRE,PN,10,3
2024,36,SEPTIEMBRE,PN,30,9
2024,36,SEPTIEMBRE,PN,50,14
2024,36,SEPTIEMBRE,PN,100,24
2024,36,SEPTIEMBRE,PN,200,35
2024,36,SEPTIEMBRE,CR,10,4
2024,36,SEPTIEMBRE,CR,30,11
2024,36,SEPTIEMBRE,CR,50,17
2024,36,SEPTIEMBRE,CR,100,27
2024,36,SEPTIEMBRE,CR,200,51
2024,36,SEPTIEMBRE,GT,10,3
2024,36,SEPTIEMBRE,GT,30,9
2024,36,SEPTIEMBRE,GT,50,15
2024,36,SEPTIEMBRE,GT,100,25
2024,36,SEPTIEMBRE,GT,200,40
2024,36,SEPTIEMBRE,SV,10,4
2024,36,SEPTIEMBRE,SV,30,12
2024,36,SEPTIEMBRE,SV,50,16
2024,36,SEPTIEMBRE,SV,100,25
2024,36,SEPTIEMBRE,SV,200,46
2024,36,SEPTIEMBRE,HN,10,3
2024,36,SEPTIEMBRE,HN,30,7
2024,36,SEPTIEMBRE,HN,50,12
2024,36,SEPTIEMBRE,HN,100,23
2024,36,SEPTIEMBRE,HN,200,38
2024,36,SEPTIEMBRE,NI,10,3
2024,36,SEPTIEMBRE,NI,30,7
2024,36,SEPTIEMBRE,NI,50,11
2024,36,SEPTIEMBRE,NI,100,22
2024,36,SEPTIEMBRE,NI,200,42
2024,36,SEPTIEMBRE,DO,10,1
2024,36,SEPTIEMBRE,DO,30,3
2024,36,SEPTIEMBRE,DO,50,7
2024,36,SEPTIEMBRE,DO,100,15
2024,36,SEPTIEMBRE,DO,200,25
2024,36,SEPTIEMBRE,VE,10,4
2024,36,SEPTIEMBRE,VE,30,10
2024,36,SEPTIEMBRE,VE,50,17
2024,36,SEPTIEMBRE,VE,100,27
2024,36,SEPTIEMBRE,VE,200,46
2024,36,SEPTIEMBRE,MX,10,2
2024,36,SEPTIEMBRE,MX,30,6
2024,36,SEPTIEMBRE,MX,50,10
2024,36,SEPTIEMBRE,MX,100,23
2024,36,SEPTIEMBRE,MX,200,40
2024,36,SEPTIEMBRE,SP,10,2
2024,36,SEPTIEMBRE,SP,30,6
2024,36,SEPTIEMBRE,SP,50,8
2024,36,SEPTIEMBRE,SP,100,23
2024,36,SEPTIEMBRE,SP,200,42
2024,36,SEPTIEMBRE,CL,10,1
2024,36,SEPTIEMBRE,CL,30,4
2024,36,SEPTIEMBRE,CL,50,9
2024,36,SEPTIEMBRE,CL,100,14
2024,36,SEPTIEMBRE,CL,200,30
2024,36,SEPTIEMBRE,AR,10,1
2024,36,SEPTIEMBRE,AR,30,3
2024,36,SEPTIEMBRE,AR,50,4
2024,36,SEPTIEMBRE,AR,100,15
2024,36,SEPTIEMBRE,AR,200,28
2024,36,SEPTIEMBRE,BR,10,0
2024,36,SEPTIEMBRE,BR,30,6
2024,36,SEPTIEMBRE,BR,50,8
2024,36,SEPTIEMBRE,BR,100,11
2024,36,SEPTIEMBRE,BR,200,21
2024,36,SEPTIEMBRE,PT,10,6
2024,36,SEPTIEMBRE,PT,30,10
2024,36,SEPTIEMBRE,PT,50,13
2024,36,SEPTIEMBRE,PT,100,24
2024,36,SEPTIEMBRE,PT,200,38
2024,37,SEPTIEMBRE,CO,10,5
2024,37,SEPTIEMBRE,CO,30,10
2024,37,SEPTIEMBRE,CO,50,18
2024,37,SEPTIEMBRE,CO,100,27
2024,37,SEPTIEMBRE,CO,200,48
2024,37,SEPTIEMBRE,PE,10,5
2024,37,SEPTIEMBRE,PE,30,9
2024,37,SEPTIEMBRE,PE,50,16
2024,37,SEPTIEMBRE,PE,100,22
2024,37,SEPTIEMBRE,PE,200,44
2024,37,SEPTIEMBRE,EC,10,5
2024,37,SEPTIEMBRE,EC,30,11
2024,37,SEPTIEMBRE,EC,50,14
2024,37,SEPTIEMBRE,EC,100,22
2024,37,SEPTIEMBRE,EC,200,43
2024,37,SEPTIEMBRE,PN,10,4
2024,37,SEPTIEMBRE,PN,30,8
2024,37,SEPTIEMBRE,PN,50,12
2024,37,SEPTIEMBRE,PN,100,25
2024,37,SEPTIEMBRE,PN,200,40
2024,37,SEPTIEMBRE,CR,10,4
2024,37,SEPTIEMBRE,CR,30,12
2024,37,SEPTIEMBRE,CR,50,16
2024,37,SEPTIEMBRE,CR,100,28
2024,37,SEPTIEMBRE,CR,200,56
2024,37,SEPTIEMBRE,GT,10,3
2024,37,SEPTIEMBRE,GT,30,8
2024,37,SEPTIEMBRE,GT,50,15
2024,37,SEPTIEMBRE,GT,100,25
2024,37,SEPTIEMBRE,GT,200,40
2024,37,SEPTIEMBRE,SV,10,5
2024,37,SEPTIEMBRE,SV,30,12
2024,37,SEPTIEMBRE,SV,50,15
2024,37,SEPTIEMBRE,SV,100,23
2024,37,SEPTIEMBRE,SV,200,49
2024,37,SEPTIEMBRE,HN,10,3
2024,37,SEPTIEMBRE,HN,30,6
2024,37,SEPTIEMBRE,HN,50,13
2024,37,SEPTIEMBRE,HN,100,21
2024,37,SEPTIEMBRE,HN,200,42
2024,37,SEPTIEMBRE,NI,10,2
2024,37,SEPTIEMBRE,NI,30,6
2024,37,SEPTIEMBRE,NI,50,10
2024,37,SEPTIEMBRE,NI,100,19
2024,37,SEPTIEMBRE,NI,200,43
2024,37,SEPTIEMBRE,DO,10,1
2024,37,SEPTIEMBRE,DO,30,2
2024,37,SEPTIEMBRE,DO,50,7
2024,37,SEPTIEMBRE,DO,100,17
2024,37,SEPTIEMBRE,DO,200,35
2024,37,SEPTIEMBRE,VE,10,3
2024,37,SEPTIEMBRE,VE,30,11
2024,37,SEPTIEMBRE,VE,50,16
2024,37,SEPTIEMBRE,VE,100,30
2024,37,SEPTIEMBRE,VE,200,57
2024,37,SEPTIEMBRE,MX,10,1
2024,37,SEPTIEMBRE,MX,30,5
2024,37,SEPTIEMBRE,MX,50,9
2024,37,SEPTIEMBRE,MX,100,20
2024,37,SEPTIEMBRE,MX,200,43
2024,37,SEPTIEMBRE,SP,10,2
2024,37,SEPTIEMBRE,SP,30,6
2024,37,SEPTIEMBRE,SP,50,9
2024,37,SEPTIEMBRE,SP,100,22
2024,37,SEPTIEMBRE,SP,200,43
2024,37,SEPTIEMBRE,CL,10,1
2024,37,SEPTIEMBRE,CL,30,4
2024,37,SEPTIEMBRE,CL,50,6
2024,37,SEPTIEMBRE,CL,100,13
2024,37,SEPTIEMBRE,CL,200,28
2024,37,SEPTIEMBRE,AR,10,1
2024,37,SEPTIEMBRE,AR,30,2
2024,37,SEPTIEMBRE,AR,50,3
2024,37,SEPTIEMBRE,AR,100,16
2024,37,SEPTIEMBRE,AR,200,28
2024,37,SEPTIEMBRE,BR,10,1
2024,37,SEPTIEMBRE,BR,30,6
2024,37,SEPTIEMBRE,BR,50,6
2024,37,SEPTIEMBRE,BR,100,10
2024,37,SEPTIEMBRE,BR,200,17
2024,37,SEPTIEMBRE,PT,10,5
2024,37,SEPTIEMBRE,PT,30,10
2024,37,SEPTIEMBRE,PT,50,12
2024,37,SEPTIEMBRE,PT,100,18
2024,37,SEPTIEMBRE,PT,200,34
2024,38,SEPTIEMBRE,CO,10,5
2024,38,SEPTIEMBRE,CO,30,10
2024,38,SEPTIEMBRE,CO,50,19
2024,38,SEPTIEMBRE,CO,100,27
2024,38,SEPTIEMBRE,CO,200,45
2024,38,SEPTIEMBRE,PE,10,5
2024,38,SEPTIEMBRE,PE,30,10
2024,38,SEPTIEMBRE,PE,50,17
2024,38,SEPTIEMBRE,PE,100,22
2024,38,SEPTIEMBRE,PE,200,44
2024,38,SEPTIEMBRE,EC,10,5
2024,38,SEPTIEMBRE,EC,30,11
2024,38,SEPTIEMBRE,EC,50,15
2024,38,SEPTIEMBRE,EC,100,20
2024,38,SEPTIEMBRE,EC,200,44
2024,38,SEPTIEMBRE,PN,10,3
2024,38,SEPTIEMBRE,PN,30,7
2024,38,SEPTIEMBRE,PN,50,12
2024,38,SEPTIEMBRE,PN,100,24
2024,38,SEPTIEMBRE,PN,200,36
2024,38,SEPTIEMBRE,CR,10,4
2024,38,SEPTIEMBRE,CR,30,15
2024,38,SEPTIEMBRE,CR,50,18
2024,38,SEPTIEMBRE,CR,100,32
2024,38,SEPTIEMBRE,CR,200,59
2024,38,SEPTIEMBRE,GT,10,3
2024,38,SEPTIEMBRE,GT,30,8
2024,38,SEPTIEMBRE,GT,50,14
2024,38,SEPTIEMBRE,GT,100,25
2024,38,SEPTIEMBRE,GT,200,39
2024,38,SEPTIEMBRE,SV,10,4
2024,38,SEPTIEMBRE,SV,30,12
2024,38,SEPTIEMBRE,SV,50,14
2024,38,SEPTIEMBRE,SV,100,21
2024,38,SEPTIEMBRE,SV,200,46
2024,38,SEPTIEMBRE,HN,10,3
2024,38,SEPTIEMBRE,HN,30,8
2024,38,SEPTIEMBRE,HN,50,13
2024,38,SEPTIEMBRE,HN,100,20
2024,38,SEPTIEMBRE,HN,200,41
2024,38,SEPTIEMBRE,NI,10,2
2024,38,SEPTIEMBRE,NI,30,5
2024,38,SEPTIEMBRE,NI,50,9
2024,38,SEPTIEMBRE,NI,100,20
2024,38,SEPTIEMBRE,NI,200,43
2024,38,SEPTIEMBRE,DO,10,1
2024,38,SEPTIEMBRE,DO,30,4
2024,38,SEPTIEMBRE,DO,50,7
2024,38,SEPTIEMBRE,DO,100,16
2024,38,SEPTIEMBRE,DO,200,31
2024,38,SEPTIEMBRE,VE,10,3
2024,38,SEPTIEMBRE,VE,30,11
2024,38,SEPTIEMBRE,VE,50,14
2024,38,SEPTIEMBRE,VE,100,25
2024,38,SEPTIEMBRE,VE,200,49
2024,38,SEPTIEMBRE,MX,10,1
2024,38,SEPTIEMBRE,MX,30,5
2024,38,SEPTIEMBRE,MX,50,10
2024,38,SEPTIEMBRE,MX,100,20
2024,38,SEPTIEMBRE,MX,200,46
2024,38,SEPTIEMBRE,SP,10,2
2024,38,SEPTIEMBRE,SP,30,6
2024,38,SEPTIEMBRE,SP,50,8
2024,38,SEPTIEMBRE,SP,100,22
2024,38,SEPTIEMBRE,SP,200,44
2024,38,SEPTIEMBRE,CL,10,1
2024,38,SEPTIEMBRE,CL,30,3
2024,38,SEPTIEMBRE,CL,50,6
2024,38,SEPTIEMBRE,CL,100,13
2024,38,SEPTIEMBRE,CL,200,30
2024,38,SEPTIEMBRE,AR,10,1
2024,38,SEPTIEMBRE,AR,30,2
2024,38,SEPTIEMBRE,AR,50,3
2024,38,SEPTIEMBRE,AR,100,12
2024,38,SEPTIEMBRE,AR,200,28
2024,38,SEPTIEMBRE,BR,10,1
2024,38,SEPTIEMBRE,BR,30,4
2024,38,SEPTIEMBRE,BR,50,7
2024,38,SEPTIEMBRE,BR,100,13
2024,38,SEPTIEMBRE,BR,200,23
2024,38,SEPTIEMBRE,PT,10,5
2024,38,SEPTIEMBRE,PT,30,9
2024,38,SEPTIEMBRE,PT,50,13
2024,38,SEPTIEMBRE,PT,100,19
2024,38,SEPTIEMBRE,PT,200,41
2024,39,SEPTIEMBRE,CO,10,5
2024,39,SEPTIEMBRE,CO,30,12
2024,39,SEPTIEMBRE,CO,50,19
2024,39,SEPTIEMBRE,CO,100,27
2024,39,SEPTIEMBRE,CO,200,45
2024,39,SEPTIEMBRE,PE,10,5
2024,39,SEPTIEMBRE,PE,30,10
2024,39,SEPTIEMBRE,PE,50,18
2024,39,SEPTIEMBRE,PE,100,23
2024,39,SEPTIEMBRE,PE,200,43
2024,39,SEPTIEMBRE,EC,10,6
2024,39,SEPTIEMBRE,EC,30,11
2024,39,SEPTIEMBRE,EC,50,15
2024,39,SEPTIEMBRE,EC,100,20
2024,39,SEPTIEMBRE,EC,200,45
2024,39,SEPTIEMBRE,PN,10,3
2024,39,SEPTIEMBRE,PN,30,9
2024,39,SEPTIEMBRE,PN,50,12
2024,39,SEPTIEMBRE,PN,100,23
2024,39,SEPTIEMBRE,PN,200,36
2024,39,SEPTIEMBRE,CR,10,4
2024,39,SEPTIEMBRE,CR,30,12
2024,39,SEPTIEMBRE,CR,50,15
2024,39,SEPTIEMBRE,CR,100,25
2024,39,SEPTIEMBRE,CR,200,42
2024,39,SEPTIEMBRE,GT,10,4
2024,39,SEPTIEMBRE,GT,30,7
2024,39,SEPTIEMBRE,GT,50,14
2024,39,SEPTIEMBRE,GT,100,25
2024,39,SEPTIEMBRE,GT,200,44
2024,39,SEPTIEMBRE,SV,10,4
2024,39,SEPTIEMBRE,SV,30,12
2024,39,SEPTIEMBRE,SV,50,14
2024,39,SEPTIEMBRE,SV,100,22
2024,39,SEPTIEMBRE,SV,200,44
2024,39,SEPTIEMBRE,HN,10,3
2024,39,SEPTIEMBRE,HN,30,5
2024,39,SEPTIEMBRE,HN,50,14
2024,39,SEPTIEMBRE,HN,100,20
2024,39,SEPTIEMBRE,HN,200,40
2024,39,SEPTIEMBRE,NI,10,2
2024,39,SEPTIEMBRE,NI,30,5
2024,39,SEPTIEMBRE,NI,50,10
2024,39,SEPTIEMBRE,NI,100,20
2024,39,SEPTIEMBRE,NI,200,41
2024,39,SEPTIEMBRE,DO,10,1
2024,39,SEPTIEMBRE,DO,30,4
2024,39,SEPTIEMBRE,DO,50,7
2024,39,SEPTIEMBRE,DO,100,14
2024,39,SEPTIEMBRE,DO,200,26
2024,39,SEPTIEMBRE,VE,10,3
2024,39,SEPTIEMBRE,VE,30,10
2024,39,SEPTIEMBRE,VE,50,15
2024,39,SEPTIEMBRE,VE,100,21
2024,39,SEPTIEMBRE,VE,200,42
2024,39,SEPTIEMBRE,MX,10,0
2024,39,SEPTIEMBRE,MX,30,5
2024,39,SEPTIEMBRE,MX,50,9
2024,39,SEPTIEMBRE,MX,100,19
2024,39,SEPTIEMBRE,MX,200,45
2024,39,SEPTIEMBRE,SP,10,3
2024,39,SEPTIEMBRE,SP,30,7
2024,39,SEPTIEMBRE,SP,50,9
2024,39,SEPTIEMBRE,SP,100,21
2024,39,SEPTIEMBRE,SP,200,39
2024,39,SEPTIEMBRE,CL,10,1
2024,39,SEPTIEMBRE,CL,30,4
2024,39,SEPTIEMBRE,CL,50,6
2024,39,SEPTIEMBRE,CL,100,14
2024,39,SEPTIEMBRE,CL,200,30
2024,39,SEPTIEMBRE,AR,10,1
2024,39,SEPTIEMBRE,AR,30,2
2024,39,SEPTIEMBRE,AR,50,4
2024,39,SEPTIEMBRE,AR,100,12
2024,39,SEPTIEMBRE,AR,200,26
2024,39,SEPTIEMBRE,BR,10,1
2024,39,SEPTIEMBRE,BR,30,4
2024,39,SEPTIEMBRE,BR,50,6
2024,39,SEPTIEMBRE,BR,100,11
2024,39,SEPTIEMBRE,BR,200,23
2024,39,SEPTIEMBRE,PT,10,4
2024,39,SEPTIEMBRE,PT,30,10
2024,39,SEPTIEMBRE,PT,50,14
2024,39,SEPTIEMBRE,PT,100,19
2024,39,SEPTIEMBRE,PT,200,37
2024,40,OCTUBRE,CO,10,4
2024,40,OCTUBRE,CO,30,10
2024,40,OCTUBRE,CO,50,16
2024,40,OCTUBRE,CO,100,24
2024,40,OCTUBRE,CO,200,42
2024,40,OCTUBRE,PE,10,5
2024,40,OCTUBRE,PE,30,9
2024,40,OCTUBRE,PE,50,16
2024,40,OCTUBRE,PE,100,21
2024,40,OCTUBRE,PE,200,40
2024,40,OCTUBRE,EC,10,6
2024,40,OCTUBRE,EC,30,10
2024,40,OCTUBRE,EC,50,15
2024,40,OCTUBRE,EC,100,20
2024,40,OCTUBRE,EC,200,42
2024,40,OCTUBRE,PN,10,3
2024,40,OCTUBRE,PN,30,7
2024,40,OCTUBRE,PN,50,10
2024,40,OCTUBRE,PN,100,20
2024,40,OCTUBRE,PN,200,33
2024,40,OCTUBRE,CR,10,3
2024,40,OCTUBRE,CR,30,10
2024,40,OCTUBRE,CR,50,14
2024,40,OCTUBRE,CR,100,22
2024,40,OCTUBRE,CR,200,43
2024,40,OCTUBRE,GT,10,3
2024,40,OCTUBRE,GT,30,7
2024,40,OCTUBRE,GT,50,12
2024,40,OCTUBRE,GT,100,24
2024,40,OCTUBRE,GT,200,40
2024,40,OCTUBRE,SV,10,3
2024,40,OCTUBRE,SV,30,11
2024,40,OCTUBRE,SV,50,14
2024,40,OCTUBRE,SV,100,21
2024,40,OCTUBRE,SV,200,43
2024,40,OCTUBRE,HN,10,2
2024,40,OCTUBRE,HN,30,5
2024,40,OCTUBRE,HN,50,13
2024,40,OCTUBRE,HN,100,18
2024,40,OCTUBRE,HN,200,38
2024,40,OCTUBRE,NI,10,2
2024,40,OCTUBRE,NI,30,4
2024,40,OCTUBRE,NI,50,9
2024,40,OCTUBRE,NI,100,19
2024,40,OCTUBRE,NI,200,41
2024,40,OCTUBRE,DO,10,1
2024,40,OCTUBRE,DO,30,3
2024,40,OCTUBRE,DO,50,5
2024,40,OCTUBRE,DO,100,11
2024,40,OCTUBRE,DO,200,25
2024,40,OCTUBRE,VE,10,3
2024,40,OCTUBRE,VE,30,9
2024,40,OCTUBRE,VE,50,12
2024,40,OCTUBRE,VE,100,21
2024,40,OCTUBRE,VE,200,42
2024,40,OCTUBRE,MX,10,0
2024,40,OCTUBRE,MX,30,4
2024,40,OCTUBRE,MX,50,8
2024,40,OCTUBRE,MX,100,19
2024,40,OCTUBRE,MX,200,44
2024,40,OCTUBRE,SP,10,3
2024,40,OCTUBRE,SP,30,5
2024,40,OCTUBRE,SP,50,9
2024,40,OCTUBRE,SP,100,19
2024,40,OCTUBRE,SP,200,38
2024,40,OCTUBRE,CL,10,1
2024,40,OCTUBRE,CL,30,3
2024,40,OCTUBRE,CL,50,8
2024,40,OCTUBRE,CL,100,14
2024,40,OCTUBRE,CL,200,32
2024,40,OCTUBRE,AR,10,1
2024,40,OCTUBRE,AR,30,2
2024,40,OCTUBRE,AR,50,4
2024,40,OCTUBRE,AR,100,11
2024,40,OCTUBRE,AR,200,26
2024,40,OCTUBRE,BR,10,1
2024,40,OCTUBRE,BR,30,4
2024,40,OCTUBRE,BR,50,7
2024,40,OCTUBRE,BR,100,10
2024,40,OCTUBRE,BR,200,22
2024,40,OCTUBRE,PT,10,5
2024,40,OCTUBRE,PT,30,10
2024,40,OCTUBRE,PT,50,13
2024,40,OCTUBRE,PT,100,19
2024,40,OCTUBRE,PT,200,40
2024,41,OCTUBRE,CO,10,3
2024,41,OCTUBRE,CO,30,9
2024,41,OCTUBRE,CO,50,14
2024,41,OCTUBRE,CO,100,22
2024,41,OCTUBRE,CO,200,42
2024,41,OCTUBRE,PE,10,4
2024,41,OCTUBRE,PE,30,8
2024,41,OCTUBRE,PE,50,14
2024,41,OCTUBRE,PE,100,21
2024,41,OCTUBRE,PE,200,45
2024,41,OCTUBRE,EC,10,4
2024,41,OCTUBRE,EC,30,9
2024,41,OCTUBRE,EC,50,16
2024,41,OCTUBRE,EC,100,20
2024,41,OCTUBRE,EC,200,42
2024,41,OCTUBRE,PN,10,2
2024,41,OCTUBRE,PN,30,6
2024,41,OCTUBRE,PN,50,9
2024,41,OCTUBRE,PN,100,20
2024,41,OCTUBRE,PN,200,35
2024,41,OCTUBRE,CR,10,3
2024,41,OCTUBRE,CR,30,8
2024,41,OCTUBRE,CR,50,14
2024,41,OCTUBRE,CR,100,23
2024,41,OCTUBRE,CR,200,43
2024,41,OCTUBRE,GT,10,3
2024,41,OCTUBRE,GT,30,5
2024,41,OCTUBRE,GT,50,12
2024,41,OCTUBRE,GT,100,22
2024,41,OCTUBRE,GT,200,38
2024,41,OCTUBRE,SV,10,3
2024,41,OCTUBRE,SV,30,10
2024,41,OCTUBRE,SV,50,15
2024,41,OCTUBRE,SV,100,19
2024,41,OCTUBRE,SV,200,43
2024,41,OCTUBRE,HN,10,2
2024,41,OCTUBRE,HN,30,6
2024,41,OCTUBRE,HN,50,11
2024,41,OCTUBRE,HN,100,17
2024,41,OCTUBRE,HN,200,36
2024,41,OCTUBRE,NI,10,2
2024,41,OCTUBRE,NI,30,6
2024,41,OCTUBRE,NI,50,10
2024,41,OCTUBRE,NI,100,18
2024,41,OCTUBRE,NI,200,40
2024,41,OCTUBRE,DO,10,1
2024,41,OCTUBRE,DO,30,3
2024,41,OCTUBRE,DO,50,4
2024,41,OCTUBRE,DO,100,11
2024,41,OCTUBRE,DO,200,24
2024,41,OCTUBRE,VE,10,2
2024,41,OCTUBRE,VE,30,7
2024,41,OCTUBRE,VE,50,13
2024,41,OCTUBRE,VE,100,23
2024,41,OCTUBRE,VE,200,42
2024,41,OCTUBRE,MX,10,0
2024,41,OCTUBRE,MX,30,5
2024,41,OCTUBRE,MX,50,8
2024,41,OCTUBRE,MX,100,19
2024,41,OCTUBRE,MX,200,45
2024,41,OCTUBRE,SP,10,2
2024,41,OCTUBRE,SP,30,7
2024,41,OCTUBRE,SP,50,10
2024,41,OCTUBRE,SP,100,18
2024,41,OCTUBRE,SP,200,35
2024,41,OCTUBRE,CL,10,1
2024,41,OCTUBRE,CL,30,3
2024,41,OCTUBRE,CL,50,8
2024,41,OCTUBRE,CL,100,13
2024,41,OCTUBRE,CL,200,30
2024,41,OCTUBRE,AR,10,1
2024,41,OCTUBRE,AR,30,2
2024,41,OCTUBRE,AR,50,4
2024,41,OCTUBRE,AR,100,11
2024,41,OCTUBRE,AR,200,24
2024,41,OCTUBRE,BR,10,1
2024,41,OCTUBRE,BR,30,3
2024,41,OCTUBRE,BR,50,6
2024,41,OCTUBRE,BR,100,9
2024,41,OCTUBRE,BR,200,20
2024,41,OCTUBRE,PT,10,5
2024,41,OCTUBRE,PT,30,11
2024,41,OCTUBRE,PT,50,12
2024,41,OCTUBRE,PT,100,20
2024,41,OCTUBRE,PT,200,38
2024,42,OCTUBRE,CO,10,3
2024,42,OCTUBRE,CO,30,9
2024,42,OCTUBRE,CO,50,13
2024,42,OCTUBRE,CO,100,26
2024,42,OCTUBRE,CO,200,42
2024,42,OCTUBRE,PE,10,4
2024,42,OCTUBRE,PE,30,9
2024,42,OCTUBRE,PE,50,14
2024,42,OCTUBRE,PE,100,23
2024,42,OCTUBRE,PE,200,41
2024,42,OCTUBRE,EC,10,4
2024,42,OCTUBRE,EC,30,10
2024,42,OCTUBRE,EC,50,16
2024,42,OCTUBRE,EC,100,20
2024,42,OCTUBRE,EC,200,39
2024,42,OCTUBRE,PN,10,1
2024,42,OCTUBRE,PN,30,6
2024,42,OCTUBRE,PN,50,10
2024,42,OCTUBRE,PN,100,21
2024,42,OCTUBRE,PN,200,35
2024,42,OCTUBRE,CR,10,3
2024,42,OCTUBRE,CR,30,8
2024,42,OCTUBRE,CR,50,15
2024,42,OCTUBRE,CR,100,28
2024,42,OCTUBRE,CR,200,46
2024,42,OCTUBRE,GT,10,1
2024,42,OCTUBRE,GT,30,5
2024,42,OCTUBRE,GT,50,9
2024,42,OCTUBRE,GT,100,19
2024,42,OCTUBRE,GT,200,38
2024,42,OCTUBRE,SV,10,3
2024,42,OCTUBRE,SV,30,10
2024,42,OCTUBRE,SV,50,14
2024,42,OCTUBRE,SV,100,17
2024,42,OCTUBRE,SV,200,40
2024,42,OCTUBRE,HN,10,2
2024,42,OCTUBRE,HN,30,5
2024,42,OCTUBRE,HN,50,11
2024,42,OCTUBRE,HN,100,16
2024,42,OCTUBRE,HN,200,35
2024,42,OCTUBRE,NI,10,2
2024,42,OCTUBRE,NI,30,4
2024,42,OCTUBRE,NI,50,10
2024,42,OCTUBRE,NI,100,19
2024,42,OCTUBRE,NI,200,41
2024,42,OCTUBRE,DO,10,1
2024,42,OCTUBRE,DO,30,3
2024,42,OCTUBRE,DO,50,4
2024,42,OCTUBRE,DO,100,11
2024,42,OCTUBRE,DO,200,23
2024,42,OCTUBRE,VE,10,2
2024,42,OCTUBRE,VE,30,7
2024,42,OCTUBRE,VE,50,14
2024,42,OCTUBRE,VE,100,21
2024,42,OCTUBRE,VE,200,43
2024,42,OCTUBRE,MX,10,0
2024,42,OCTUBRE,MX,30,5
2024,42,OCTUBRE,MX,50,8
2024,42,OCTUBRE,MX,100,18
2024,42,OCTUBRE,MX,200,43
2024,42,OCTUBRE,SP,10,2
2024,42,OCTUBRE,SP,30,6
2024,42,OCTUBRE,SP,50,8
2024,42,OCTUBRE,SP,100,17
2024,42,OCTUBRE,SP,200,35
2024,42,OCTUBRE,CL,10,1
2024,42,OCTUBRE,CL,30,4
2024,42,OCTUBRE,CL,50,8
2024,42,OCTUBRE,CL,100,13
2024,42,OCTUBRE,CL,200,28
2024,42,OCTUBRE,AR,10,1
2024,42,OCTUBRE,AR,30,2
2024,42,OCTUBRE,AR,50,3
2024,42,OCTUBRE,AR,100,7
2024,42,OCTUBRE,AR,200,27
2024,42,OCTUBRE,BR,10,1
2024,42,OCTUBRE,BR,30,2
2024,42,OCTUBRE,BR,50,4
2024,42,OCTUBRE,BR,100,9
2024,42,OCTUBRE,BR,200,18
2024,42,OCTUBRE,PT,10,4
2024,42,OCTUBRE,PT,30,12
2024,42,OCTUBRE,PT,50,14
2024,42,OCTUBRE,PT,100,19
2024,42,OCTUBRE,PT,200,39
2024,43,OCTUBRE,CO,10,3
2024,43,OCTUBRE,CO,30,8
2024,43,OCTUBRE,CO,50,15
2024,43,OCTUBRE,CO,100,26
2024,43,OCTUBRE,CO,200,43
2024,43,OCTUBRE,PE,10,4
2024,43,OCTUBRE,PE,30,9
2024,43,OCTUBRE,PE,50,14
2024,43,OCTUBRE,PE,100,20
2024,43,OCTUBRE,PE,200,41
2024,43,OCTUBRE,EC,10,4
2024,43,OCTUBRE,EC,30,9
2024,43,OCTUBRE,EC,50,15
2024,43,OCTUBRE,EC,100,19
2024,43,OCTUBRE,EC,200,34
2024,43,OCTUBRE,PN,10,1
2024,43,OCTUBRE,PN,30,6
2024,43,OCTUBRE,PN,50,9
2024,43,OCTUBRE,PN,100,20
2024,43,OCTUBRE,PN,200,35
2024,43,OCTUBRE,CR,10,3
2024,43,OCTUBRE,CR,30,8
2024,43,OCTUBRE,CR,50,14
2024,43,OCTUBRE,CR,100,25
2024,43,OCTUBRE,CR,200,46
2024,43,OCTUBRE,GT,10,1
2024,43,OCTUBRE,GT,30,5
2024,43,OCTUBRE,GT,50,10
2024,43,OCTUBRE,GT,100,17
2024,43,OCTUBRE,GT,200,40
2024,43,OCTUBRE,SV,10,3
2024,43,OCTUBRE,SV,30,7
2024,43,OCTUBRE,SV,50,14
2024,43,OCTUBRE,SV,100,18
2024,43,OCTUBRE,SV,200,38
2024,43,OCTUBRE,HN,10,2
2024,43,OCTUBRE,HN,30,5
2024,43,OCTUBRE,HN,50,9
2024,43,OCTUBRE,HN,100,15
2024,43,OCTUBRE,HN,200,37
2024,43,OCTUBRE,NI,10,2
2024,43,OCTUBRE,NI,30,4
2024,43,OCTUBRE,NI,50,8
2024,43,OCTUBRE,NI,100,19
2024,43,OCTUBRE,NI,200,39
2024,43,OCTUBRE,DO,10,0
2024,43,OCTUBRE,DO,30,2
2024,43,OCTUBRE,DO,50,4
2024,43,OCTUBRE,DO,100,9
2024,43,OCTUBRE,DO,200,25
2024,43,OCTUBRE,VE,10,2
2024,43,OCTUBRE,VE,30,6
2024,43,OCTUBRE,VE,50,11
2024,43,OCTUBRE,VE,100,19
2024,43,OCTUBRE,VE,200,39
2024,43,OCTUBRE,MX,10,0
2024,43,OCTUBRE,MX,30,5
2024,43,OCTUBRE,MX,50,8
2024,43,OCTUBRE,MX,100,17
2024,43,OCTUBRE,MX,200,46
2024,43,OCTUBRE,SP,10,2
2024,43,OCTUBRE,SP,30,5
2024,43,OCTUBRE,SP,50,8
2024,43,OCTUBRE,SP,100,15
2024,43,OCTUBRE,SP,200,31
2024,43,OCTUBRE,CL,10,1
2024,43,OCTUBRE,CL,30,3
2024,43,OCTUBRE,CL,50,7
2024,43,OCTUBRE,CL,100,12
2024,43,OCTUBRE,CL,200,27
2024,43,OCTUBRE,AR,10,1
2024,43,OCTUBRE,AR,30,1
2024,43,OCTUBRE,AR,50,3
2024,43,OCTUBRE,AR,100,8
2024,43,OCTUBRE,AR,200,29
2024,43,OCTUBRE,BR,10,1
2024,43,OCTUBRE,BR,30,2
2024,43,OCTUBRE,BR,50,3
2024,43,OCTUBRE,BR,100,8
2024,43,OCTUBRE,BR,200,18
2024,43,OCTUBRE,PT,10,4
2024,43,OCTUBRE,PT,30,12
2024,43,OCTUBRE,PT,50,13
2024,43,OCTUBRE,PT,100,17
2024,43,OCTUBRE,PT,200,36
2024,44,OCTUBRE,CO,10,3
2024,44,OCTUBRE,CO,30,8
2024,44,OCTUBRE,CO,50,14
2024,44,OCTUBRE,CO,100,25
2024,44,OCTUBRE,CO,200,45
2024,44,OCTUBRE,PE,10,4
2024,44,OCTUBRE,PE,30,7
2024,44,OCTUBRE,PE,50,14
2024,44,OCTUBRE,PE,100,19
2024,44,OCTUBRE,PE,200,44
2024,44,OCTUBRE,EC,10,4
2024,44,OCTUBRE,EC,30,9
2024,44,OCTUBRE,EC,50,15
2024,44,OCTUBRE,EC,100,19
2024,44,OCTUBRE,EC,200,35
2024,44,OCTUBRE,PN,10,1
2024,44,OCTUBRE,PN,30,5
2024,44,OCTUBRE,PN,50,9
2024,44,OCTUBRE,PN,100,20
2024,44,OCTUBRE,PN,200,38
2024,44,OCTUBRE,CR,10,3
2024,44,OCTUBRE,CR,30,7
2024,44,OCTUBRE,CR,50,13
2024,44,OCTUBRE,CR,100,24
2024,44,OCTUBRE,CR,200,44
2024,44,OCTUBRE,GT,10,1
2024,44,OCTUBRE,GT,30,6
2024,44,OCTUBRE,GT,50,9
2024,44,OCTUBRE,GT,100,20
2024,44,OCTUBRE,GT,200,40
2024,44,OCTUBRE,SV,10,4
2024,44,OCTUBRE,SV,30,7
2024,44,OCTUBRE,SV,50,13
2024,44,OCTUBRE,SV,100,18
2024,44,OCTUBRE,SV,200,43
2024,44,OCTUBRE,HN,10,2
2024,44,OCTUBRE,HN,30,5
2024,44,OCTUBRE,HN,50,8
2024,44,OCTUBRE,HN,100,16
2024,44,OCTUBRE,HN,200,37
2024,44,OCTUBRE,NI,10,2
2024,44,OCTUBRE,NI,30,4
2024,44,OCTUBRE,NI,50,8
2024,44,OCTUBRE,NI,100,20
2024,44,OCTUBRE,NI,200,40
2024,44,OCTUBRE,DO,10,0
2024,44,OCTUBRE,DO,30,2
2024,44,OCTUBRE,DO,50,3
2024,44,OCTUBRE,DO,100,10
2024,44,OCTUBRE,DO,200,26
2024,44,OCTUBRE,VE,10,2
2024,44,OCTUBRE,VE,30,5
2024,44,OCTUBRE,VE,50,10
2024,44,OCTUBRE,VE,100,22
2024,44,OCTUBRE,VE,200,39
2024,44,OCTUBRE,MX,10,1
2024,44,OCTUBRE,MX,30,4
2024,44,OCTUBRE,MX,50,7
2024,44,OCTUBRE,MX,100,17
2024,44,OCTUBRE,MX,200,40
2024,44,OCTUBRE,SP,10,2
2024,44,OCTUBRE,SP,30,4
2024,44,OCTUBRE,SP,50,8
2024,44,OCTUBRE,SP,100,14
2024,44,OCTUBRE,SP,200,33
2024,44,OCTUBRE,CL,10,1
2024,44,OCTUBRE,CL,30,3
2024,44,OCTUBRE,CL,50,5
2024,44,OCTUBRE,CL,100,12
2024,44,OCTUBRE,CL,200,26
2024,44,OCTUBRE,AR,10,1
2024,44,OCTUBRE,AR,30,2
2024,44,OCTUBRE,AR,50,4
2024,44,OCTUBRE,AR,100,8
2024,44,OCTUBRE,AR,200,29
2024,44,OCTUBRE,BR,10,1
2024,44,OCTUBRE,BR,30,2
2024,44,OCTUBRE,BR,50,4
2024,44,OCTUBRE,BR,100,7
2024,44,OCTUBRE,BR,200,19
2024,44,OCTUBRE,PT,10,4
2024,44,OCTUBRE,PT,30,12
2024,44,OCTUBRE,PT,50,15
2024,44,OCTUBRE,PT,100,18
2024,44,OCTUBRE,PT,200,38
2024,45,NOVIEMBRE,CO,10,3
2024,45,NOVIEMBRE,CO,30,9
2024,45,NOVIEMBRE,CO,50,13
2024,45,NOVIEMBRE,CO,100,25
2024,45,NOVIEMBRE,CO,200,47
2024,45,NOVIEMBRE,PE,10,3
2024,45,NOVIEMBRE,PE,30,7
2024,45,NOVIEMBRE,PE,50,14
2024,45,NOVIEMBRE,PE,100,17
2024,45,NOVIEMBRE,PE,200,43
2024,45,NOVIEMBRE,EC,10,4
2024,45,NOVIEMBRE,EC,30,9
2024,45,NOVIEMBRE,EC,50,16
2024,45,NOVIEMBRE,EC,100,20
2024,45,NOVIEMBRE,EC,200,37
2024,45,NOVIEMBRE,PN,10,1
2024,45,NOVIEMBRE,PN,30,5
2024,45,NOVIEMBRE,PN,50,7
2024,45,NOVIEMBRE,PN,100,20
2024,45,NOVIEMBRE,PN,200,36
2024,45,NOVIEMBRE,CR,10,3
2024,45,NOVIEMBRE,CR,30,7
2024,45,NOVIEMBRE,CR,50,11
2024,45,NOVIEMBRE,CR,100,21
2024,45,NOVIEMBRE,CR,200,41
2024,45,NOVIEMBRE,GT,10,1
2024,45,NOVIEMBRE,GT,30,5
2024,45,NOVIEMBRE,GT,50,8
2024,45,NOVIEMBRE,GT,100,20
2024,45,NOVIEMBRE,GT,200,45
2024,45,NOVIEMBRE,SV,10,3
2024,45,NOVIEMBRE,SV,30,6
2024,45,NOVIEMBRE,SV,50,11
2024,45,NOVIEMBRE,SV,100,21
2024,45,NOVIEMBRE,SV,200,43
2024,45,NOVIEMBRE,HN,10,2
2024,45,NOVIEMBRE,HN,30,4
2024,45,NOVIEMBRE,HN,50,9
2024,45,NOVIEMBRE,HN,100,16
2024,45,NOVIEMBRE,HN,200,34
2024,45,NOVIEMBRE,NI,10,0
2024,45,NOVIEMBRE,NI,30,4
2024,45,NOVIEMBRE,NI,50,6
2024,45,NOVIEMBRE,NI,100,17
2024,45,NOVIEMBRE,NI,200,38
2024,45,NOVIEMBRE,DO,10,0
2024,45,NOVIEMBRE,DO,30,1
2024,45,NOVIEMBRE,DO,50,3
2024,45,NOVIEMBRE,DO,100,7
2024,45,NOVIEMBRE,DO,200,23
2024,45,NOVIEMBRE,VE,10,2
2024,45,NOVIEMBRE,VE,30,4
2024,45,NOVIEMBRE,VE,50,8
2024,45,NOVIEMBRE,VE,100,20
2024,45,NOVIEMBRE,VE,200,38
2024,45,NOVIEMBRE,MX,10,1
2024,45,NOVIEMBRE,MX,30,4
2024,45,NOVIEMBRE,MX,50,8
2024,45,NOVIEMBRE,MX,100,17
2024,45,NOVIEMBRE,MX,200,40
2024,45,NOVIEMBRE,SP,10,2
2024,45,NOVIEMBRE,SP,30,4
2024,45,NOVIEMBRE,SP,50,6
2024,45,NOVIEMBRE,SP,100,12
2024,45,NOVIEMBRE,SP,200,31
2024,45,NOVIEMBRE,CL,10,2
2024,45,NOVIEMBRE,CL,30,3
2024,45,NOVIEMBRE,CL,50,3
2024,45,NOVIEMBRE,CL,100,12
2024,45,NOVIEMBRE,CL,200,25
2024,45,NOVIEMBRE,AR,10,1
2024,45,NOVIEMBRE,AR,30,1
2024,45,NOVIEMBRE,AR,50,3
2024,45,NOVIEMBRE,AR,100,7
2024,45,NOVIEMBRE,AR,200,26
2024,45,NOVIEMBRE,BR,10,2
2024,45,NOVIEMBRE,BR,30,2
2024,45,NOVIEMBRE,BR,50,3
2024,45,NOVIEMBRE,BR,100,7
2024,45,NOVIEMBRE,BR,200,18
2024,45,NOVIEMBRE,PT,10,5
2024,45,NOVIEMBRE,PT,30,12
2024,45,NOVIEMBRE,PT,50,15
2024,45,NOVIEMBRE,PT,100,18
2024,45,NOVIEMBRE,PT,200,41
2024,46,NOVIEMBRE,CO,10,4
2024,46,NOVIEMBRE,CO,30,9
2024,46,NOVIEMBRE,CO,50,15
2024,46,NOVIEMBRE,CO,100,29
2024,46,NOVIEMBRE,CO,200,49
2024,46,NOVIEMBRE,PE,10,4
2024,46,NOVIEMBRE,PE,30,8
2024,46,NOVIEMBRE,PE,50,15
2024,46,NOVIEMBRE,PE,100,24
2024,46,NOVIEMBRE,PE,200,51
2024,46,NOVIEMBRE,EC,10,5
2024,46,NOVIEMBRE,EC,30,10
2024,46,NOVIEMBRE,EC,50,14
2024,46,NOVIEMBRE,EC,100,26
2024,46,NOVIEMBRE,EC,200,48
2024,46,NOVIEMBRE,PN,10,2
2024,46,NOVIEMBRE,PN,30,7
2024,46,NOVIEMBRE,PN,50,9
2024,46,NOVIEMBRE,PN,100,23
2024,46,NOVIEMBRE,PN,200,38
2024,46,NOVIEMBRE,CR,10,4
2024,46,NOVIEMBRE,CR,30,8
2024,46,NOVIEMBRE,CR,50,14
2024,46,NOVIEMBRE,CR,100,27
2024,46,NOVIEMBRE,CR,200,51
2024,46,NOVIEMBRE,GT,10,1
2024,46,NOVIEMBRE,GT,30,5
2024,46,NOVIEMBRE,GT,50,11
2024,46,NOVIEMBRE,GT,100,21
2024,46,NOVIEMBRE,GT,200,45
2024,46,NOVIEMBRE,SV,10,3
2024,46,NOVIEMBRE,SV,30,7
2024,46,NOVIEMBRE,SV,50,13
2024,46,NOVIEMBRE,SV,100,21
2024,46,NOVIEMBRE,SV,200,45
2024,46,NOVIEMBRE,HN,10,2
2024,46,NOVIEMBRE,HN,30,6
2024,46,NOVIEMBRE,HN,50,11
2024,46,NOVIEMBRE,HN,100,18
2024,46,NOVIEMBRE,HN,200,43
2024,46,NOVIEMBRE,NI,10,2
2024,46,NOVIEMBRE,NI,30,4
2024,46,NOVIEMBRE,NI,50,11
2024,46,NOVIEMBRE,NI,100,25
2024,46,NOVIEMBRE,NI,200,48
2024,46,NOVIEMBRE,DO,10,0
2024,46,NOVIEMBRE,DO,30,1
2024,46,NOVIEMBRE,DO,50,4
2024,46,NOVIEMBRE,DO,100,10
2024,46,NOVIEMBRE,DO,200,22
2024,46,NOVIEMBRE,VE,10,3
2024,46,NOVIEMBRE,VE,30,6
2024,46,NOVIEMBRE,VE,50,10
2024,46,NOVIEMBRE,VE,100,25
2024,46,NOVIEMBRE,VE,200,45
2024,46,NOVIEMBRE,MX,10,1
2024,46,NOVIEMBRE,MX,30,4
2024,46,NOVIEMBRE,MX,50,8
2024,46,NOVIEMBRE,MX,100,18
2024,46,NOVIEMBRE,MX,200,40
2024,46,NOVIEMBRE,SP,10,3
2024,46,NOVIEMBRE,SP,30,5
2024,46,NOVIEMBRE,SP,50,8
2024,46,NOVIEMBRE,SP,100,16
2024,46,NOVIEMBRE,SP,200,32
2024,46,NOVIEMBRE,CL,10,2
2024,46,NOVIEMBRE,CL,30,4
2024,46,NOVIEMBRE,CL,50,6
2024,46,NOVIEMBRE,CL,100,13
2024,46,NOVIEMBRE,CL,200,27
2024,46,NOVIEMBRE,AR,10,1
2024,46,NOVIEMBRE,AR,30,2
2024,46,NOVIEMBRE,AR,50,3
2024,46,NOVIEMBRE,AR,100,8
2024,46,NOVIEMBRE,AR,200,25
2024,46,NOVIEMBRE,BR,10,0
2024,46,NOVIEMBRE,BR,30,3
2024,46,NOVIEMBRE,BR,50,3
2024,46,NOVIEMBRE,BR,100,9
2024,46,NOVIEMBRE,BR,200,20
2024,46,NOVIEMBRE,PT,10,5
2024,46,NOVIEMBRE,PT,30,8
2024,46,NOVIEMBRE,PT,50,13
2024,46,NOVIEMBRE,PT,100,18
2024,46,NOVIEMBRE,PT,200,37
2024,47,NOVIEMBRE,CO,10,4
2024,47,NOVIEMBRE,CO,30,6
2024,47,NOVIEMBRE,CO,50,14
2024,47,NOVIEMBRE,CO,100,26
2024,47,NOVIEMBRE,CO,200,47
2024,47,NOVIEMBRE,PE,10,3
2024,47,NOVIEMBRE,PE,30,6
2024,47,NOVIEMBRE,PE,50,14
2024,47,NOVIEMBRE,PE,100,19
2024,47,NOVIEMBRE,PE,200,45
2024,47,NOVIEMBRE,EC,10,4
2024,47,NOVIEMBRE,EC,30,8
2024,47,NOVIEMBRE,EC,50,15
2024,47,NOVIEMBRE,EC,100,21
2024,47,NOVIEMBRE,EC,200,40
2024,47,NOVIEMBRE,PN,10,0
2024,47,NOVIEMBRE,PN,30,4
2024,47,NOVIEMBRE,PN,50,8
2024,47,NOVIEMBRE,PN,100,19
2024,47,NOVIEMBRE,PN,200,38
2024,47,NOVIEMBRE,CR,10,3
2024,47,NOVIEMBRE,CR,30,6
2024,47,NOVIEMBRE,CR,50,9
2024,47,NOVIEMBRE,CR,100,15
2024,47,NOVIEMBRE,CR,200,47
2024,47,NOVIEMBRE,GT,10,1
2024,47,NOVIEMBRE,GT,30,6
2024,47,NOVIEMBRE,GT,50,10
2024,47,NOVIEMBRE,GT,100,20
2024,47,NOVIEMBRE,GT,200,44
2024,47,NOVIEMBRE,SV,10,2
2024,47,NOVIEMBRE,SV,30,7
2024,47,NOVIEMBRE,SV,50,8
2024,47,NOVIEMBRE,SV,100,18
2024,47,NOVIEMBRE,SV,200,37
2024,47,NOVIEMBRE,HN,10,0
2024,47,NOVIEMBRE,HN,30,6
2024,47,NOVIEMBRE,HN,50,10
2024,47,NOVIEMBRE,HN,100,13
2024,47,NOVIEMBRE,HN,200,35
2024,47,NOVIEMBRE,NI,10,2
2024,47,NOVIEMBRE,NI,30,4
2024,47,NOVIEMBRE,NI,50,9
2024,47,NOVIEMBRE,NI,100,18
2024,47,NOVIEMBRE,NI,200,39
2024,47,NOVIEMBRE,DO,10,0
2024,47,NOVIEMBRE,DO,30,1
2024,47,NOVIEMBRE,DO,50,3
2024,47,NOVIEMBRE,DO,100,8
2024,47,NOVIEMBRE,DO,200,20
2024,47,NOVIEMBRE,VE,10,2
2024,47,NOVIEMBRE,VE,30,4
2024,47,NOVIEMBRE,VE,50,7
2024,47,NOVIEMBRE,VE,100,17
2024,47,NOVIEMBRE,VE,200,39
2024,47,NOVIEMBRE,MX,10,2
2024,47,NOVIEMBRE,MX,30,3
2024,47,NOVIEMBRE,MX,50,7
2024,47,NOVIEMBRE,MX,100,18
2024,47,NOVIEMBRE,MX,200,37
2024,47,NOVIEMBRE,SP,10,2
2024,47,NOVIEMBRE,SP,30,5
2024,47,NOVIEMBRE,SP,50,7
2024,47,NOVIEMBRE,SP,100,15
2024,47,NOVIEMBRE,SP,200,30
2024,47,NOVIEMBRE,CL,10,1
2024,47,NOVIEMBRE,CL,30,4
2024,47,NOVIEMBRE,CL,50,5
2024,47,NOVIEMBRE,CL,100,10
2024,47,NOVIEMBRE,CL,200,29
2024,47,NOVIEMBRE,AR,10,1
2024,47,NOVIEMBRE,AR,30,2
2024,47,NOVIEMBRE,AR,50,3
2024,47,NOVIEMBRE,AR,100,6
2024,47,NOVIEMBRE,AR,200,24
2024,47,NOVIEMBRE,BR,10,0
2024,47,NOVIEMBRE,BR,30,1
2024,47,NOVIEMBRE,BR,50,2
2024,47,NOVIEMBRE,BR,100,9
2024,47,NOVIEMBRE,BR,200,18
2024,47,NOVIEMBRE,PT,10,3
2024,47,NOVIEMBRE,PT,30,8
2024,47,NOVIEMBRE,PT,50,12
2024,47,NOVIEMBRE,PT,100,18
2024,47,NOVIEMBRE,PT,200,35
2024,48,NOVIEMBRE,CO,10,3
2024,48,NOVIEMBRE,CO,30,6
2024,48,NOVIEMBRE,CO,50,14
2024,48,NOVIEMBRE,CO,100,25
2024,48,NOVIEMBRE,CO,200,51
2024,48,NOVIEMBRE,PE,10,4
2024,48,NOVIEMBRE,PE,30,7
2024,48,NOVIEMBRE,PE,50,13
2024,48,NOVIEMBRE,PE,100,19
2024,48,NOVIEMBRE,PE,200,50
2024,48,NOVIEMBRE,EC,10,4
2024,48,NOVIEMBRE,EC,30,7
2024,48,NOVIEMBRE,EC,50,13
2024,48,NOVIEMBRE,EC,100,22
2024,48,NOVIEMBRE,EC,200,45
2024,48,NOVIEMBRE,PN,10,0
2024,48,NOVIEMBRE,PN,30,5
2024,48,NOVIEMBRE,PN,50,7
2024,48,NOVIEMBRE,PN,100,18
2024,48,NOVIEMBRE,PN,200,37
2024,48,NOVIEMBRE,CR,10,3
2024,48,NOVIEMBRE,CR,30,5
2024,48,NOVIEMBRE,CR,50,11
2024,48,NOVIEMBRE,CR,100,21
2024,48,NOVIEMBRE,CR,200,49
2024,48,NOVIEMBRE,GT,10,2
2024,48,NOVIEMBRE,GT,30,6
2024,48,NOVIEMBRE,GT,50,10
2024,48,NOVIEMBRE,GT,100,21
2024,48,NOVIEMBRE,GT,200,48
2024,48,NOVIEMBRE,SV,10,2
2024,48,NOVIEMBRE,SV,30,7
2024,48,NOVIEMBRE,SV,50,11
2024,48,NOVIEMBRE,SV,100,20
2024,48,NOVIEMBRE,SV,200,44
2024,48,NOVIEMBRE,HN,10,1
2024,48,NOVIEMBRE,HN,30,5
2024,48,NOVIEMBRE,HN,50,10
2024,48,NOVIEMBRE,HN,100,16
2024,48,NOVIEMBRE,HN,200,39
2024,48,NOVIEMBRE,NI,10,2
2024,48,NOVIEMBRE,NI,30,4
2024,48,NOVIEMBRE,NI,50,8
2024,48,NOVIEMBRE,NI,100,19
2024,48,NOVIEMBRE,NI,200,45
2024,48,NOVIEMBRE,DO,10,0
2024,48,NOVIEMBRE,DO,30,1
2024,48,NOVIEMBRE,DO,50,3
2024,48,NOVIEMBRE,DO,100,8
2024,48,NOVIEMBRE,DO,200,18
2024,48,NOVIEMBRE,VE,10,1
2024,48,NOVIEMBRE,VE,30,3
2024,48,NOVIEMBRE,VE,50,6
2024,48,NOVIEMBRE,VE,100,17
2024,48,NOVIEMBRE,VE,200,38
2024,48,NOVIEMBRE,MX,10,2
2024,48,NOVIEMBRE,MX,30,2
2024,48,NOVIEMBRE,MX,50,5
2024,48,NOVIEMBRE,MX,100,15
2024,48,NOVIEMBRE,MX,200,35
2024,48,NOVIEMBRE,SP,10,0
2024,48,NOVIEMBRE,SP,30,2
2024,48,NOVIEMBRE,SP,50,6
2024,48,NOVIEMBRE,SP,100,12
2024,48,NOVIEMBRE,SP,200,30
2024,48,NOVIEMBRE,CL,10,1
2024,48,NOVIEMBRE,CL,30,4
2024,48,NOVIEMBRE,CL,50,5
2024,48,NOVIEMBRE,CL,100,11
2024,48,NOVIEMBRE,CL,200,28
2024,48,NOVIEMBRE,AR,10,1
2024,48,NOVIEMBRE,AR,30,2
2024,48,NOVIEMBRE,AR,50,3
2024,48,NOVIEMBRE,AR,100,7
2024,48,NOVIEMBRE,AR,200,23
2024,48,NOVIEMBRE,BR,10,0
2024,48,NOVIEMBRE,BR,30,1
2024,48,NOVIEMBRE,BR,50,3
2024,48,NOVIEMBRE,BR,100,8
2024,48,NOVIEMBRE,BR,200,17
2024,48,NOVIEMBRE,PT,10,4
2024,48,NOVIEMBRE,PT,30,10
2024,48,NOVIEMBRE,PT,50,18
2024,48,NOVIEMBRE,PT,100,28
2024,48,NOVIEMBRE,PT,200,45
2024,49,DICIEMBRE,CO,10,3
2024,49,DICIEMBRE,CO,30,8
2024,49,DICIEMBRE,CO,50,17
2024,49,DICIEMBRE,CO,100,32
2024,49,DICIEMBRE,CO,200,58
2024,49,DICIEMBRE,PE,10,4
2024,49,DICIEMBRE,PE,30,7
2024,49,DICIEMBRE,PE,50,14
2024,49,DICIEMBRE,PE,100,20
2024,49,DICIEMBRE,PE,200,53
2024,49,DICIEMBRE,EC,10,3
2024,49,DICIEMBRE,EC,30,7
2024,49,DICIEMBRE,EC,50,14
2024,49,DICIEMBRE,EC,100,24
2024,49,DICIEMBRE,EC,200,48
2024,49,DICIEMBRE,PN,10,0
2024,49,DICIEMBRE,PN,30,3
2024,49,DICIEMBRE,PN,50,7
2024,49,DICIEMBRE,PN,100,17
2024,49,DICIEMBRE,PN,200,37
2024,49,DICIEMBRE,CR,10,4
2024,49,DICIEMBRE,CR,30,6
2024,49,DICIEMBRE,CR,50,13
2024,49,DICIEMBRE,CR,100,23
2024,49,DICIEMBRE,CR,200,54
2024,49,DICIEMBRE,GT,10,2
2024,49,DICIEMBRE,GT,30,6
2024,49,DICIEMBRE,GT,50,10
2024,49,DICIEMBRE,GT,100,23
2024,49,DICIEMBRE,GT,200,55
2024,49,DICIEMBRE,SV,10,2
2024,49,DICIEMBRE,SV,30,7
2024,49,DICIEMBRE,SV,50,12
2024,49,DICIEMBRE,SV,100,21
2024,49,DICIEMBRE,SV,200,48
2024,49,DICIEMBRE,HN,10,1
2024,49,DICIEMBRE,HN,30,5
2024,49,DICIEMBRE,HN,50,9
2024,49,DICIEMBRE,HN,100,21
2024,49,DICIEMBRE,HN,200,46
2024,49,DICIEMBRE,NI,10,1
2024,49,DICIEMBRE,NI,30,6
2024,49,DICIEMBRE,NI,50,11
2024,49,DICIEMBRE,NI,100,22
2024,49,DICIEMBRE,NI,200,47
2024,49,DICIEMBRE,DO,10,0
2024,49,DICIEMBRE,DO,30,2
2024,49,DICIEMBRE,DO,50,3
2024,49,DICIEMBRE,DO,100,10
2024,49,DICIEMBRE,DO,200,21
2024,49,DICIEMBRE,VE,10,1
2024,49,DICIEMBRE,VE,30,4
2024,49,DICIEMBRE,VE,50,7
2024,49,DICIEMBRE,VE,100,18
2024,49,DICIEMBRE,VE,200,38
2024,49,DICIEMBRE,MX,10,2
2024,49,DICIEMBRE,MX,30,3
2024,49,DICIEMBRE,MX,50,6
2024,49,DICIEMBRE,MX,100,16
2024,49,DICIEMBRE,MX,200,38
2024,49,DICIEMBRE,SP,10,1
2024,49,DICIEMBRE,SP,30,4
2024,49,DICIEMBRE,SP,50,9
2024,49,DICIEMBRE,SP,100,15
2024,49,DICIEMBRE,SP,200,31
2024,49,DICIEMBRE,CL,10,2
2024,49,DICIEMBRE,CL,30,3
2024,49,DICIEMBRE,CL,50,6
2024,49,DICIEMBRE,CL,100,13
2024,49,DICIEMBRE,CL,200,31
2024,49,DICIEMBRE,AR,10,1
2024,49,DICIEMBRE,AR,30,2
2024,49,DICIEMBRE,AR,50,4
2024,49,DICIEMBRE,AR,100,6
2024,49,DICIEMBRE,AR,200,26
2024,49,DICIEMBRE,BR,10,0
2024,49,DICIEMBRE,BR,30,2
2024,49,DICIEMBRE,BR,50,3
2024,49,DICIEMBRE,BR,100,8
2024,49,DICIEMBRE,BR,200,19
2024,49,DICIEMBRE,PT,10,3
2024,49,DICIEMBRE,PT,30,8
2024,49,DICIEMBRE,PT,50,16
2024,49,DICIEMBRE,PT,100,26
2024,49,DICIEMBRE,PT,200,45
2024,50,DICIEMBRE,CO,10,3
2024,50,DICIEMBRE,CO,30,8
2024,50,DICIEMBRE,CO,50,16
2024,50,DICIEMBRE,CO,100,27
2024,50,DICIEMBRE,CO,200,48
2024,50,DICIEMBRE,PE,10,4
2024,50,DICIEMBRE,PE,30,6
2024,50,DICIEMBRE,PE,50,13
2024,50,DICIEMBRE,PE,100,22
2024,50,DICIEMBRE,PE,200,48
2024,50,DICIEMBRE,EC,10,3
2024,50,DICIEMBRE,EC,30,8
2024,50,DICIEMBRE,EC,50,16
2024,50,DICIEMBRE,EC,100,22
2024,50,DICIEMBRE,EC,200,41
2024,50,DICIEMBRE,PN,10,2
2024,50,DICIEMBRE,PN,30,4
2024,50,DICIEMBRE,PN,50,10
2024,50,DICIEMBRE,PN,100,21
2024,50,DICIEMBRE,PN,200,41
2024,50,DICIEMBRE,CR,10,3
2024,50,DICIEMBRE,CR,30,7
2024,50,DICIEMBRE,CR,50,14
2024,50,DICIEMBRE,CR,100,24
2024,50,DICIEMBRE,CR,200,56
2024,50,DICIEMBRE,GT,10,2
2024,50,DICIEMBRE,GT,30,6
2024,50,DICIEMBRE,GT,50,9
2024,50,DICIEMBRE,GT,100,22
2024,50,DICIEMBRE,GT,200,46
2024,50,DICIEMBRE,SV,10,2
2024,50,DICIEMBRE,SV,30,8
2024,50,DICIEMBRE,SV,50,14
2024,50,DICIEMBRE,SV,100,20
2024,50,DICIEMBRE,SV,200,47
2024,50,DICIEMBRE,HN,10,2
2024,50,DICIEMBRE,HN,30,5
2024,50,DICIEMBRE,HN,50,9
2024,50,DICIEMBRE,HN,100,23
2024,50,DICIEMBRE,HN,200,44
2024,50,DICIEMBRE,NI,10,2
2024,50,DICIEMBRE,NI,30,7
2024,50,DICIEMBRE,NI,50,12
2024,50,DICIEMBRE,NI,100,25
2024,50,DICIEMBRE,NI,200,50
2024,50,DICIEMBRE,DO,10,0
2024,50,DICIEMBRE,DO,30,2
2024,50,DICIEMBRE,DO,50,4
2024,50,DICIEMBRE,DO,100,9
2024,50,DICIEMBRE,DO,200,19
2024,50,DICIEMBRE,VE,10,1
2024,50,DICIEMBRE,VE,30,5
2024,50,DICIEMBRE,VE,50,8
2024,50,DICIEMBRE,VE,100,17
2024,50,DICIEMBRE,VE,200,39
2024,50,DICIEMBRE,MX,10,2
2024,50,DICIEMBRE,MX,30,4
2024,50,DICIEMBRE,MX,50,6
2024,50,DICIEMBRE,MX,100,15
2024,50,DICIEMBRE,MX,200,41
2024,50,DICIEMBRE,SP,10,1
2024,50,DICIEMBRE,SP,30,4
2024,50,DICIEMBRE,SP,50,7
2024,50,DICIEMBRE,SP,100,18
2024,50,DICIEMBRE,SP,200,36
2024,50,DICIEMBRE,CL,10,1
2024,50,DICIEMBRE,CL,30,3
2024,50,DICIEMBRE,CL,50,6
2024,50,DICIEMBRE,CL,100,13
2024,50,DICIEMBRE,CL,200,32
2024,50,DICIEMBRE,AR,10,2
2024,50,DICIEMBRE,AR,30,3
2024,50,DICIEMBRE,AR,50,4
2024,50,DICIEMBRE,AR,100,9
2024,50,DICIEMBRE,AR,200,24
2024,50,DICIEMBRE,BR,10,0
2024,50,DICIEMBRE,BR,30,2
2024,50,DICIEMBRE,BR,50,3
2024,50,DICIEMBRE,BR,100,8
2024,50,DICIEMBRE,BR,200,20
2024,50,DICIEMBRE,PT,10,3
2024,50,DICIEMBRE,PT,30,8
2024,50,DICIEMBRE,PT,50,14
2024,50,DICIEMBRE,PT,100,25
2024,50,DICIEMBRE,PT,200,36
2024,51,DICIEMBRE,CO,10,3
2024,51,DICIEMBRE,CO,30,8
2024,51,DICIEMBRE,CO,50,15
2024,51,DICIEMBRE,CO,100,26
2024,51,DICIEMBRE,CO,200,49
2024,51,DICIEMBRE,PE,10,4
2024,51,DICIEMBRE,PE,30,8
2024,51,DICIEMBRE,PE,50,14
2024,51,DICIEMBRE,PE,100,22
2024,51,DICIEMBRE,PE,200,50
2024,51,DICIEMBRE,EC,10,3
2024,51,DICIEMBRE,EC,30,8
2024,51,DICIEMBRE,EC,50,11
2024,51,DICIEMBRE,EC,100,22
2024,51,DICIEMBRE,EC,200,45
2024,51,DICIEMBRE,PN,10,1
2024,51,DICIEMBRE,PN,30,5
2024,51,DICIEMBRE,PN,50,11
2024,51,DICIEMBRE,PN,100,19
2024,51,DICIEMBRE,PN,200,35
2024,51,DICIEMBRE,CR,10,3
2024,51,DICIEMBRE,CR,30,8
2024,51,DICIEMBRE,CR,50,14
2024,51,DICIEMBRE,CR,100,23
2024,51,DICIEMBRE,CR,200,49
2024,51,DICIEMBRE,GT,10,2
2024,51,DICIEMBRE,GT,30,6
2024,51,DICIEMBRE,GT,50,11
2024,51,DICIEMBRE,GT,100,24
2024,51,DICIEMBRE,GT,200,54
2024,51,DICIEMBRE,SV,10,2
2024,51,DICIEMBRE,SV,30,8
2024,51,DICIEMBRE,SV,50,14
2024,51,DICIEMBRE,SV,100,24
2024,51,DICIEMBRE,SV,200,47
2024,51,DICIEMBRE,HN,10,1
2024,51,DICIEMBRE,HN,30,6
2024,51,DICIEMBRE,HN,50,10
2024,51,DICIEMBRE,HN,100,21
2024,51,DICIEMBRE,HN,200,46
2024,51,DICIEMBRE,NI,10,2
2024,51,DICIEMBRE,NI,30,7
2024,51,DICIEMBRE,NI,50,12
2024,51,DICIEMBRE,NI,100,26
2024,51,DICIEMBRE,NI,200,51
2024,51,DICIEMBRE,DO,10,0
2024,51,DICIEMBRE,DO,30,2
2024,51,DICIEMBRE,DO,50,4
2024,51,DICIEMBRE,DO,100,9
2024,51,DICIEMBRE,DO,200,20
2024,51,DICIEMBRE,VE,10,1
2024,51,DICIEMBRE,VE,30,5
2024,51,DICIEMBRE,VE,50,8
2024,51,DICIEMBRE,VE,100,18
2024,51,DICIEMBRE,VE,200,37
2024,51,DICIEMBRE,MX,10,1
2024,51,DICIEMBRE,MX,30,2
2024,51,DICIEMBRE,MX,50,7
2024,51,DICIEMBRE,MX,100,18
2024,51,DICIEMBRE,MX,200,38
2024,51,DICIEMBRE,SP,10,1
2024,51,DICIEMBRE,SP,30,5
2024,51,DICIEMBRE,SP,50,7
2024,51,DICIEMBRE,SP,100,18
2024,51,DICIEMBRE,SP,200,36
2024,51,DICIEMBRE,CL,10,1
2024,51,DICIEMBRE,CL,30,3
2024,51,DICIEMBRE,CL,50,6
2024,51,DICIEMBRE,CL,100,15
2024,51,DICIEMBRE,CL,200,31
2024,51,DICIEMBRE,AR,10,1
2024,51,DICIEMBRE,AR,30,2
2024,51,DICIEMBRE,AR,50,3
2024,51,DICIEMBRE,AR,100,8
2024,51,DICIEMBRE,AR,200,24
2024,51,DICIEMBRE,BR,10,0
2024,51,DICIEMBRE,BR,30,2
2024,51,DICIEMBRE,BR,50,3
2024,51,DICIEMBRE,BR,100,8
2024,51,DICIEMBRE,BR,200,21
2024,51,DICIEMBRE,PT,10,4
2024,51,DICIEMBRE,PT,30,10
2024,51,DICIEMBRE,PT,50,14
2024,51,DICIEMBRE,PT,100,25
2024,51,DICIEMBRE,PT,200,38
2024,52,DICIEMBRE,CO,10,3
2024,52,DICIEMBRE,CO,30,6
2024,52,DICIEMBRE,CO,50,10
2024,52,DICIEMBRE,CO,100,22
2024,52,DICIEMBRE,CO,200,40
2024,52,DICIEMBRE,PE,10,4
2024,52,DICIEMBRE,PE,30,8
2024,52,DICIEMBRE,PE,50,14
2024,52,DICIEMBRE,PE,100,21
2024,52,DICIEMBRE,PE,200,46
2024,52,DICIEMBRE,EC,10,3
2024,52,DICIEMBRE,EC,30,7
2024,52,DICIEMBRE,EC,50,15
2024,52,DICIEMBRE,EC,100,24
2024,52,DICIEMBRE,EC,200,43
2024,52,DICIEMBRE,PN,10,1
2024,52,DICIEMBRE,PN,30,3
2024,52,DICIEMBRE,PN,50,12
2024,52,DICIEMBRE,PN,100,25
2024,52,DICIEMBRE,PN,200,46
2024,52,DICIEMBRE,CR,10,2
2024,52,DICIEMBRE,CR,30,9
2024,52,DICIEMBRE,CR,50,11
2024,52,DICIEMBRE,CR,100,27
2024,52,DICIEMBRE,CR,200,56
2024,52,DICIEMBRE,GT,10,2
2024,52,DICIEMBRE,GT,30,7
2024,52,DICIEMBRE,GT,50,11
2024,52,DICIEMBRE,GT,100,32
2024,52,DICIEMBRE,GT,200,58
2024,52,DICIEMBRE,SV,10,2
2024,52,DICIEMBRE,SV,30,6
2024,52,DICIEMBRE,SV,50,9
2024,52,DICIEMBRE,SV,100,22
2024,52,DICIEMBRE,SV,200,45
2024,52,DICIEMBRE,HN,10,2
2024,52,DICIEMBRE,HN,30,5
2024,52,DICIEMBRE,HN,50,11
2024,52,DICIEMBRE,HN,100,25
2024,52,DICIEMBRE,HN,200,51
2024,52,DICIEMBRE,NI,10,2
2024,52,DICIEMBRE,NI,30,8
2024,52,DICIEMBRE,NI,50,14
2024,52,DICIEMBRE,NI,100,28
2024,52,DICIEMBRE,NI,200,57
2024,52,DICIEMBRE,DO,10,0
2024,52,DICIEMBRE,DO,30,2
2024,52,DICIEMBRE,DO,50,4
2024,52,DICIEMBRE,DO,100,12
2024,52,DICIEMBRE,DO,200,24
2024,52,DICIEMBRE,VE,10,2
2024,52,DICIEMBRE,VE,30,4
2024,52,DICIEMBRE,VE,50,8
2024,52,DICIEMBRE,VE,100,16
2024,52,DICIEMBRE,VE,200,33
2024,52,DICIEMBRE,MX,10,1
2024,52,DICIEMBRE,MX,30,3
2024,52,DICIEMBRE,MX,50,6
2024,52,DICIEMBRE,MX,100,18
2024,52,DICIEMBRE,MX,200,38
2024,52,DICIEMBRE,SP,10,1
2024,52,DICIEMBRE,SP,30,8
2024,52,DICIEMBRE,SP,50,12
2024,52,DICIEMBRE,SP,100,20
2024,52,DICIEMBRE,SP,200,39
2024,52,DICIEMBRE,CL,10,1
2024,52,DICIEMBRE,CL,30,3
2024,52,DICIEMBRE,CL,50,5
2024,52,DICIEMBRE,CL,100,14
2024,52,DICIEMBRE,CL,200,30
2024,52,DICIEMBRE,AR,10,1
2024,52,DICIEMBRE,AR,30,2
2024,52,DICIEMBRE,AR,50,2
2024,52,DICIEMBRE,AR,100,7
2024,52,DICIEMBRE,AR,200,19
2024,52,DICIEMBRE,BR,10,0
2024,52,DICIEMBRE,BR,30,1
2024,52,DICIEMBRE,BR,50,4
2024,52,DICIEMBRE,BR,100,9
2024,52,DICIEMBRE,BR,200,19
2024,52,DICIEMBRE,PT,10,4
2024,52,DICIEMBRE,PT,30,9
2024,52,DICIEMBRE,PT,50,15
2024,52,DICIEMBRE,PT,100,31
2024,52,DICIEMBRE,PT,200,51
2025,1,ENERO,CO,10,3
2025,1,ENERO,CO,30,5
2025,1,ENERO,CO,50,10
2025,1,ENERO,CO,100,22
2025,1,ENERO,CO,200,37
2025,1,ENERO,PE,10,3
2025,1,ENERO,PE,30,7
2025,1,ENERO,PE,50,13
2025,1,ENERO,PE,100,21
2025,1,ENERO,PE,200,45
2025,1,ENERO,EC,10,3
2025,1,ENERO,EC,30,7
2025,1,ENERO,EC,50,12
2025,1,ENERO,EC,100,21
2025,1,ENERO,EC,200,43
2025,1,ENERO,PN,10,0
2025,1,ENERO,PN,30,3
2025,1,ENERO,PN,50,10
2025,1,ENERO,PN,100,18
2025,1,ENERO,PN,200,41
2025,1,ENERO,CR,10,2
2025,1,ENERO,CR,30,7
2025,1,ENERO,CR,50,11
2025,1,ENERO,CR,100,26
2025,1,ENERO,CR,200,59
2025,1,ENERO,GT,10,2
2025,1,ENERO,GT,30,7
2025,1,ENERO,GT,50,8
2025,1,ENERO,GT,100,26
2025,1,ENERO,GT,200,53
2025,1,ENERO,SV,10,3
2025,1,ENERO,SV,30,6
2025,1,ENERO,SV,50,10
2025,1,ENERO,SV,100,22
2025,1,ENERO,SV,200,45
2025,1,ENERO,HN,10,1
2025,1,ENERO,HN,30,5
2025,1,ENERO,HN,50,10
2025,1,ENERO,HN,100,23
2025,1,ENERO,HN,200,47
2025,1,ENERO,NI,10,2
2025,1,ENERO,NI,30,7
2025,1,ENERO,NI,50,12
2025,1,ENERO,NI,100,23
2025,1,ENERO,NI,200,55
2025,1,ENERO,DO,10,0
2025,1,ENERO,DO,30,1
2025,1,ENERO,DO,50,3
2025,1,ENERO,DO,100,8
2025,1,ENERO,DO,200,21
2025,1,ENERO,VE,10,2
2025,1,ENERO,VE,30,4
2025,1,ENERO,VE,50,9
2025,1,ENERO,VE,100,19
2025,1,ENERO,VE,200,36
2025,1,ENERO,MX,10,1
2025,1,ENERO,MX,30,3
2025,1,ENERO,MX,50,8
2025,1,ENERO,MX,100,18
2025,1,ENERO,MX,200,43
2025,1,ENERO,SP,10,1
2025,1,ENERO,SP,30,6
2025,1,ENERO,SP,50,8
2025,1,ENERO,SP,100,18
2025,1,ENERO,SP,200,32
2025,1,ENERO,CL,10,1
2025,1,ENERO,CL,30,3
2025,1,ENERO,CL,50,4
2025,1,ENERO,CL,100,13
2025,1,ENERO,CL,200,30
2025,1,ENERO,AR,10,1
2025,1,ENERO,AR,30,2
2025,1,ENERO,AR,50,2
2025,1,ENERO,AR,100,7
2025,1,ENERO,AR,200,19
2025,1,ENERO,BR,10,0
2025,1,ENERO,BR,30,0
2025,1,ENERO,BR,50,3
2025,1,ENERO,BR,100,8
2025,1,ENERO,BR,200,19
2025,1,ENERO,PT,10,2
2025,1,ENERO,PT,30,9
2025,1,ENERO,PT,50,15
2025,1,ENERO,PT,100,22
2025,1,ENERO,PT,200,33
2025,2,ENERO,CO,10,2
2025,2,ENERO,CO,30,4
2025,2,ENERO,CO,50,7
2025,2,ENERO,CO,100,21
2025,2,ENERO,CO,200,49
2025,2,ENERO,PE,10,1
2025,2,ENERO,PE,30,4
2025,2,ENERO,PE,50,9
2025,2,ENERO,PE,100,17
2025,2,ENERO,PE,200,46
2025,2,ENERO,EC,10,0
2025,2,ENERO,EC,30,3
2025,2,ENERO,EC,50,8
2025,2,ENERO,EC,100,20
2025,2,ENERO,EC,200,41
2025,2,ENERO,PN,10,0
2025,2,ENERO,PN,30,1
2025,2,ENERO,PN,50,5
2025,2,ENERO,PN,100,16
2025,2,ENERO,PN,200,38
2025,2,ENERO,CR,10,0
2025,2,ENERO,CR,30,4
2025,2,ENERO,CR,50,8
2025,2,ENERO,CR,100,20
2025,2,ENERO,CR,200,51
2025,2,ENERO,GT,10,0
2025,2,ENERO,GT,30,3
2025,2,ENERO,GT,50,7
2025,2,ENERO,GT,100,17
2025,2,ENERO,GT,200,46
2025,2,ENERO,SV,10,0
2025,2,ENERO,SV,30,4
2025,2,ENERO,SV,50,7
2025,2,ENERO,SV,100,20
2025,2,ENERO,SV,200,45
2025,2,ENERO,HN,10,0
2025,2,ENERO,HN,30,3
2025,2,ENERO,HN,50,5
2025,2,ENERO,HN,100,13
2025,2,ENERO,HN,200,44
2025,2,ENERO,NI,10,0
2025,2,ENERO,NI,30,4
2025,2,ENERO,NI,50,6
2025,2,ENERO,NI,100,18
2025,2,ENERO,NI,200,45
2025,2,ENERO,DO,10,0
2025,2,ENERO,DO,30,0
2025,2,ENERO,DO,50,4
2025,2,ENERO,DO,100,6
2025,2,ENERO,DO,200,25
2025,2,ENERO,VE,10,0
2025,2,ENERO,VE,30,2
2025,2,ENERO,VE,50,7
2025,2,ENERO,VE,100,18
2025,2,ENERO,VE,200,40
2025,2,ENERO,MX,10,1
2025,2,ENERO,MX,30,2
2025,2,ENERO,MX,50,5
2025,2,ENERO,MX,100,11
2025,2,ENERO,MX,200,33
2025,2,ENERO,SP,10,0
2025,2,ENERO,SP,30,1
2025,2,ENERO,SP,50,6
2025,2,ENERO,SP,100,14
2025,2,ENERO,SP,200,32
2025,2,ENERO,CL,10,1
2025,2,ENERO,CL,30,3
2025,2,ENERO,CL,50,3
2025,2,ENERO,CL,100,10
2025,2,ENERO,CL,200,30
2025,2,ENERO,AR,10,1
2025,2,ENERO,AR,30,2
2025,2,ENERO,AR,50,2
2025,2,ENERO,AR,100,6
2025,2,ENERO,AR,200,23
2025,2,ENERO,BR,10,0
2025,2,ENERO,BR,30,1
2025,2,ENERO,BR,50,2
2025,2,ENERO,BR,100,8
2025,2,ENERO,BR,200,20
2025,2,ENERO,PT,10,3
2025,2,ENERO,PT,30,8
2025,2,ENERO,PT,50,16
2025,2,ENERO,PT,100,22
2025,2,ENERO,PT,200,35
2025,3,ENERO,CO,10,0
2025,3,ENERO,CO,30,4
2025,3,ENERO,CO,50,7
2025,3,ENERO,CO,100,23
2025,3,ENERO,CO,200,47
2025,3,ENERO,PE,10,0
2025,3,ENERO,PE,30,4
2025,3,ENERO,PE,50,9
2025,3,ENERO,PE,100,18
2025,3,ENERO,PE,200,46
2025,3,ENERO,EC,10,0
2025,3,ENERO,EC,30,4
2025,3,ENERO,EC,50,8
2025,3,ENERO,EC,100,18
2025,3,ENERO,EC,200,44
2025,3,ENERO,PN,10,0
2025,3,ENERO,PN,30,0
2025,3,ENERO,PN,50,6
2025,3,ENERO,PN,100,15
2025,3,ENERO,PN,200,40
2025,3,ENERO,CR,10,0
2025,3,ENERO,CR,30,3
2025,3,ENERO,CR,50,7
2025,3,ENERO,CR,100,19
2025,3,ENERO,CR,200,47
2025,3,ENERO,GT,10,0
2025,3,ENERO,GT,30,3
2025,3,ENERO,GT,50,7
2025,3,ENERO,GT,100,15
2025,3,ENERO,GT,200,43
2025,3,ENERO,SV,10,0
2025,3,ENERO,SV,30,4
2025,3,ENERO,SV,50,7
2025,3,ENERO,SV,100,19
2025,3,ENERO,SV,200,48
2025,3,ENERO,HN,10,0
2025,3,ENERO,HN,30,3
2025,3,ENERO,HN,50,5
2025,3,ENERO,HN,100,15
2025,3,ENERO,HN,200,43
2025,3,ENERO,NI,10,0
2025,3,ENERO,NI,30,3
2025,3,ENERO,NI,50,5
2025,3,ENERO,NI,100,16
2025,3,ENERO,NI,200,47
2025,3,ENERO,DO,10,0
2025,3,ENERO,DO,30,0
2025,3,ENERO,DO,50,2
2025,3,ENERO,DO,100,7
2025,3,ENERO,DO,200,24
2025,3,ENERO,VE,10,0
2025,3,ENERO,VE,30,3
2025,3,ENERO,VE,50,7
2025,3,ENERO,VE,100,18
2025,3,ENERO,VE,200,44
2025,3,ENERO,MX,10,1
2025,3,ENERO,MX,30,2
2025,3,ENERO,MX,50,4
2025,3,ENERO,MX,100,10
2025,3,ENERO,MX,200,38
2025,3,ENERO,SP,10,0
2025,3,ENERO,SP,30,1
2025,3,ENERO,SP,50,6
2025,3,ENERO,SP,100,15
2025,3,ENERO,SP,200,32
2025,3,ENERO,CL,10,0
2025,3,ENERO,CL,30,2
2025,3,ENERO,CL,50,3
2025,3,ENERO,CL,100,12
2025,3,ENERO,CL,200,30
2025,3,ENERO,AR,10,0
2025,3,ENERO,AR,30,1
2025,3,ENERO,AR,50,2
2025,3,ENERO,AR,100,6
2025,3,ENERO,AR,200,25
2025,3,ENERO,BR,10,0
2025,3,ENERO,BR,30,1
2025,3,ENERO,BR,50,2
2025,3,ENERO,BR,100,7
2025,3,ENERO,BR,200,22
2025,3,ENERO,PT,10,2
2025,3,ENERO,PT,30,7
2025,3,ENERO,PT,50,8
2025,3,ENERO,PT,100,19
2025,3,ENERO,PT,200,29
2025,4,ENERO,CO,10,1
2025,4,ENERO,CO,30,4
2025,4,ENERO,CO,50,7
2025,4,ENERO,CO,100,23
2025,4,ENERO,CO,200,50
2025,4,ENERO,PE,10,0
2025,4,ENERO,PE,30,5
2025,4,ENERO,PE,50,9
2025,4,ENERO,PE,100,18
2025,4,ENERO,PE,200,47
2025,4,ENERO,EC,10,0
2025,4,ENERO,EC,30,4
2025,4,ENERO,EC,50,8
2025,4,ENERO,EC,100,20
2025,4,ENERO,EC,200,44
2025,4,ENERO,PN,10,0
2025,4,ENERO,PN,30,1
2025,4,ENERO,PN,50,5
2025,4,ENERO,PN,100,15
2025,4,ENERO,PN,200,40
2025,4,ENERO,CR,10,0
2025,4,ENERO,CR,30,4
2025,4,ENERO,CR,50,8
2025,4,ENERO,CR,100,19
2025,4,ENERO,CR,200,52
2025,4,ENERO,GT,10,0
2025,4,ENERO,GT,30,4
2025,4,ENERO,GT,50,6
2025,4,ENERO,GT,100,15
2025,4,ENERO,GT,200,46
2025,4,ENERO,SV,10,0
2025,4,ENERO,SV,30,3
2025,4,ENERO,SV,50,7
2025,4,ENERO,SV,100,19
2025,4,ENERO,SV,200,46
2025,4,ENERO,HN,10,0
2025,4,ENERO,HN,30,2
2025,4,ENERO,HN,50,5
2025,4,ENERO,HN,100,15
2025,4,ENERO,HN,200,45
2025,4,ENERO,NI,10,0
2025,4,ENERO,NI,30,3
2025,4,ENERO,NI,50,5
2025,4,ENERO,NI,100,16
2025,4,ENERO,NI,200,46
2025,4,ENERO,DO,10,0
2025,4,ENERO,DO,30,0
2025,4,ENERO,DO,50,2
2025,4,ENERO,DO,100,6
2025,4,ENERO,DO,200,25
2025,4,ENERO,VE,10,0
2025,4,ENERO,VE,30,3
2025,4,ENERO,VE,50,6
2025,4,ENERO,VE,100,18
2025,4,ENERO,VE,200,42
2025,4,ENERO,MX,10,1
2025,4,ENERO,MX,30,2
2025,4,ENERO,MX,50,4
2025,4,ENERO,MX,100,10
2025,4,ENERO,MX,200,40
2025,4,ENERO,SP,10,1
2025,4,ENERO,SP,30,3
2025,4,ENERO,SP,50,8
2025,4,ENERO,SP,100,16
2025,4,ENERO,SP,200,34
2025,4,ENERO,CL,10,0
2025,4,ENERO,CL,30,3
2025,4,ENERO,CL,50,3
2025,4,ENERO,CL,100,10
2025,4,ENERO,CL,200,31
2025,4,ENERO,AR,10,0
2025,4,ENERO,AR,30,2
2025,4,ENERO,AR,50,2
2025,4,ENERO,AR,100,6
2025,4,ENERO,AR,200,25
2025,4,ENERO,BR,10,0
2025,4,ENERO,BR,30,1
2025,4,ENERO,BR,50,3
2025,4,ENERO,BR,100,7
2025,4,ENERO,BR,200,21
2025,4,ENERO,PT,10,2
2025,4,ENERO,PT,30,7
2025,4,ENERO,PT,50,9
2025,4,ENERO,PT,100,19
2025,4,ENERO,PT,200,29
2025,5,ENERO,CO,10,1
2025,5,ENERO,CO,30,4
2025,5,ENERO,CO,50,8
2025,5,ENERO,CO,100,22
2025,5,ENERO,CO,200,47
2025,5,ENERO,PE,10,0
2025,5,ENERO,PE,30,6
2025,5,ENERO,PE,50,9
2025,5,ENERO,PE,100,19
2025,5,ENERO,PE,200,48
2025,5,ENERO,EC,10,0
2025,5,ENERO,EC,30,4
2025,5,ENERO,EC,50,8
2025,5,ENERO,EC,100,21
2025,5,ENERO,EC,200,42
2025,5,ENERO,PN,10,0
2025,5,ENERO,PN,30,1
2025,5,ENERO,PN,50,6
2025,5,ENERO,PN,100,15
2025,5,ENERO,PN,200,41
2025,5,ENERO,CR,10,0
2025,5,ENERO,CR,30,5
2025,5,ENERO,CR,50,7
2025,5,ENERO,CR,100,21
2025,5,ENERO,CR,200,53
2025,5,ENERO,GT,10,0
2025,5,ENERO,GT,30,4
2025,5,ENERO,GT,50,6
2025,5,ENERO,GT,100,15
2025,5,ENERO,GT,200,44
2025,5,ENERO,SV,10,0
2025,5,ENERO,SV,30,3
2025,5,ENERO,SV,50,7
2025,5,ENERO,SV,100,18
2025,5,ENERO,SV,200,49
2025,5,ENERO,HN,10,0
2025,5,ENERO,HN,30,2
2025,5,ENERO,HN,50,5
2025,5,ENERO,HN,100,14
2025,5,ENERO,HN,200,45
2025,5,ENERO,NI,10,0
2025,5,ENERO,NI,30,4
2025,5,ENERO,NI,50,5
2025,5,ENERO,NI,100,17
2025,5,ENERO,NI,200,44
2025,5,ENERO,DO,10,0
2025,5,ENERO,DO,30,0
2025,5,ENERO,DO,50,2
2025,5,ENERO,DO,100,6
2025,5,ENERO,DO,200,26
2025,5,ENERO,VE,10,0
2025,5,ENERO,VE,30,4
2025,5,ENERO,VE,50,6
2025,5,ENERO,VE,100,19
2025,5,ENERO,VE,200,40
2025,5,ENERO,MX,10,1
2025,5,ENERO,MX,30,2
2025,5,ENERO,MX,50,5
2025,5,ENERO,MX,100,14
2025,5,ENERO,MX,200,42
2025,5,ENERO,SP,10,1
2025,5,ENERO,SP,30,4
2025,5,ENERO,SP,50,9
2025,5,ENERO,SP,100,15
2025,5,ENERO,SP,200,31
2025,5,ENERO,CL,10,0
2025,5,ENERO,CL,30,3
2025,5,ENERO,CL,50,3
2025,5,ENERO,CL,100,12
2025,5,ENERO,CL,200,29
2025,5,ENERO,AR,10,0
2025,5,ENERO,AR,30,2
2025,5,ENERO,AR,50,3
2025,5,ENERO,AR,100,7
2025,5,ENERO,AR,200,24
2025,5,ENERO,BR,10,0
2025,5,ENERO,BR,30,1
2025,5,ENERO,BR,50,4
2025,5,ENERO,BR,100,10
2025,5,ENERO,BR,200,21
2025,5,ENERO,PT,10,2
2025,5,ENERO,PT,30,8
2025,5,ENERO,PT,50,11
2025,5,ENERO,PT,100,19
2025,5,ENERO,PT,200,31
2025,6,FEBRERO,CO,10,0
2025,6,FEBRERO,CO,30,4
2025,6,FEBRERO,CO,50,9
2025,6,FEBRERO,CO,100,20
2025,6,FEBRERO,CO,200,47
2025,6,FEBRERO,PE,10,0
2025,6,FEBRERO,PE,30,6
2025,6,FEBRERO,PE,50,9
2025,6,FEBRERO,PE,100,19
2025,6,FEBRERO,PE,200,44
2025,6,FEBRERO,EC,10,0
2025,6,FEBRERO,EC,30,5
2025,6,FEBRERO,EC,50,8
2025,6,FEBRERO,EC,100,17
2025,6,FEBRERO,EC,200,44
2025,6,FEBRERO,PN,10,0
2025,6,FEBRERO,PN,30,4
2025,6,FEBRERO,PN,50,7
2025,6,FEBRERO,PN,100,20
2025,6,FEBRERO,PN,200,40
2025,6,FEBRERO,CR,10,0
2025,6,FEBRERO,CR,30,6
2025,6,FEBRERO,CR,50,7
2025,6,FEBRERO,CR,100,19
2025,6,FEBRERO,CR,200,52
2025,6,FEBRERO,GT,10,1
2025,6,FEBRERO,GT,30,4
2025,6,FEBRERO,GT,50,8
2025,6,FEBRERO,GT,100,14
2025,6,FEBRERO,GT,200,42
2025,6,FEBRERO,SV,10,0
2025,6,FEBRERO,SV,30,4
2025,6,FEBRERO,SV,50,9
2025,6,FEBRERO,SV,100,16
2025,6,FEBRERO,SV,200,48
2025,6,FEBRERO,HN,10,0
2025,6,FEBRERO,HN,30,4
2025,6,FEBRERO,HN,50,7
2025,6,FEBRERO,HN,100,14
2025,6,FEBRERO,HN,200,44
2025,6,FEBRERO,NI,10,0
2025,6,FEBRERO,NI,30,4
2025,6,FEBRERO,NI,50,8
2025,6,FEBRERO,NI,100,17
2025,6,FEBRERO,NI,200,41
2025,6,FEBRERO,DO,10,0
2025,6,FEBRERO,DO,30,0
2025,6,FEBRERO,DO,50,4
2025,6,FEBRERO,DO,100,8
2025,6,FEBRERO,DO,200,27
2025,6,FEBRERO,VE,10,0
2025,6,FEBRERO,VE,30,4
2025,6,FEBRERO,VE,50,6
2025,6,FEBRERO,VE,100,16
2025,6,FEBRERO,VE,200,46
2025,6,FEBRERO,MX,10,2
2025,6,FEBRERO,MX,30,3
2025,6,FEBRERO,MX,50,5
2025,6,FEBRERO,MX,100,14
2025,6,FEBRERO,MX,200,38
2025,6,FEBRERO,SP,10,1
2025,6,FEBRERO,SP,30,3
2025,6,FEBRERO,SP,50,9
2025,6,FEBRERO,SP,100,18
2025,6,FEBRERO,SP,200,40
2025,6,FEBRERO,CL,10,0
2025,6,FEBRERO,CL,30,3
2025,6,FEBRERO,CL,50,3
2025,6,FEBRERO,CL,100,13
2025,6,FEBRERO,CL,200,29
2025,6,FEBRERO,AR,10,0
2025,6,FEBRERO,AR,30,2
2025,6,FEBRERO,AR,50,3
2025,6,FEBRERO,AR,100,9
2025,6,FEBRERO,AR,200,26
2025,6,FEBRERO,BR,10,1
2025,6,FEBRERO,BR,30,2
2025,6,FEBRERO,BR,50,6
2025,6,FEBRERO,BR,100,12
2025,6,FEBRERO,BR,200,25
2025,6,FEBRERO,PT,10,2
2025,6,FEBRERO,PT,30,10
2025,6,FEBRERO,PT,50,13
2025,6,FEBRERO,PT,100,29
2025,6,FEBRERO,PT,200,43
2025,7,FEBRERO,CO,10,0
2025,7,FEBRERO,CO,30,4
2025,7,FEBRERO,CO,50,10
2025,7,FEBRERO,CO,100,21
2025,7,FEBRERO,CO,200,49
2025,7,FEBRERO,PE,10,0
2025,7,FEBRERO,PE,30,6
2025,7,FEBRERO,PE,50,10
2025,7,FEBRERO,PE,100,21
2025,7,FEBRERO,PE,200,49
2025,7,FEBRERO,EC,10,0
2025,7,FEBRERO,EC,30,5
2025,7,FEBRERO,EC,50,9
2025,7,FEBRERO,EC,100,20
2025,7,FEBRERO,EC,200,46
2025,7,FEBRERO,PN,10,0
2025,7,FEBRERO,PN,30,6
2025,7,FEBRERO,PN,50,9
2025,7,FEBRERO,PN,100,21
2025,7,FEBRERO,PN,200,45
2025,7,FEBRERO,CR,10,0
2025,7,FEBRERO,CR,30,7
2025,7,FEBRERO,CR,50,10
2025,7,FEBRERO,CR,100,22
2025,7,FEBRERO,CR,200,55
2025,7,FEBRERO,GT,10,1
2025,7,FEBRERO,GT,30,4
2025,7,FEBRERO,GT,50,8
2025,7,FEBRERO,GT,100,16
2025,7,FEBRERO,GT,200,48
2025,7,FEBRERO,SV,10,0
2025,7,FEBRERO,SV,30,6
2025,7,FEBRERO,SV,50,9
2025,7,FEBRERO,SV,100,21
2025,7,FEBRERO,SV,200,53
2025,7,FEBRERO,HN,10,0
2025,7,FEBRERO,HN,30,4
2025,7,FEBRERO,HN,50,8
2025,7,FEBRERO,HN,100,19
2025,7,FEBRERO,HN,200,43
2025,7,FEBRERO,NI,10,0
2025,7,FEBRERO,NI,30,5
2025,7,FEBRERO,NI,50,9
2025,7,FEBRERO,NI,100,20
2025,7,FEBRERO,NI,200,46
2025,7,FEBRERO,DO,10,0
2025,7,FEBRERO,DO,30,1
2025,7,FEBRERO,DO,50,6
2025,7,FEBRERO,DO,100,11
2025,7,FEBRERO,DO,200,27
2025,7,FEBRERO,VE,10,0
2025,7,FEBRERO,VE,30,5
2025,7,FEBRERO,VE,50,7
2025,7,FEBRERO,VE,100,17
2025,7,FEBRERO,VE,200,41
2025,7,FEBRERO,MX,10,2
2025,7,FEBRERO,MX,30,3
2025,7,FEBRERO,MX,50,6
2025,7,FEBRERO,MX,100,19
2025,7,FEBRERO,MX,200,42
2025,7,FEBRERO,SP,10,1
2025,7,FEBRERO,SP,30,3
2025,7,FEBRERO,SP,50,11
2025,7,FEBRERO,SP,100,17
2025,7,FEBRERO,SP,200,39
2025,7,FEBRERO,CL,10,0
2025,7,FEBRERO,CL,30,4
2025,7,FEBRERO,CL,50,6
2025,7,FEBRERO,CL,100,13
2025,7,FEBRERO,CL,200,31
2025,7,FEBRERO,AR,10,0
2025,7,FEBRERO,AR,30,2
2025,7,FEBRERO,AR,50,3
2025,7,FEBRERO,AR,100,9
2025,7,FEBRERO,AR,200,21
2025,7,FEBRERO,BR,10,1
2025,7,FEBRERO,BR,30,4
2025,7,FEBRERO,BR,50,6
2025,7,FEBRERO,BR,100,13
2025,7,FEBRERO,BR,200,26
2025,7,FEBRERO,PT,10,4
2025,7,FEBRERO,PT,30,14
2025,7,FEBRERO,PT,50,19
2025,7,FEBRERO,PT,100,29
2025,7,FEBRERO,PT,200,47
2025,8,FEBRERO,CO,10,2
2025,8,FEBRERO,CO,30,5
2025,8,FEBRERO,CO,50,9
2025,8,FEBRERO,CO,100,19
2025,8,FEBRERO,CO,200,47
2025,8,FEBRERO,PE,10,1
2025,8,FEBRERO,PE,30,7
2025,8,FEBRERO,PE,50,10
2025,8,FEBRERO,PE,100,21
2025,8,FEBRERO,PE,200,44
2025,8,FEBRERO,EC,10,0
2025,8,FEBRERO,EC,30,6
2025,8,FEBRERO,EC,50,9
2025,8,FEBRERO,EC,100,18
2025,8,FEBRERO,EC,200,44
2025,8,FEBRERO,PN,10,1
2025,8,FEBRERO,PN,30,6
2025,8,FEBRERO,PN,50,9
2025,8,FEBRERO,PN,100,20
2025,8,FEBRERO,PN,200,41
2025,8,FEBRERO,CR,10,1
2025,8,FEBRERO,CR,30,8
2025,8,FEBRERO,CR,50,10
2025,8,FEBRERO,CR,100,22
2025,8,FEBRERO,CR,200,49
2025,8,FEBRERO,GT,10,1
2025,8,FEBRERO,GT,30,5
2025,8,FEBRERO,GT,50,9
2025,8,FEBRERO,GT,100,18
2025,8,FEBRERO,GT,200,47
2025,8,FEBRERO,SV,10,1
2025,8,FEBRERO,SV,30,5
2025,8,FEBRERO,SV,50,11
2025,8,FEBRERO,SV,100,20
2025,8,FEBRERO,SV,200,52
2025,8,FEBRERO,HN,10,0
2025,8,FEBRERO,HN,30,5
2025,8,FEBRERO,HN,50,10
2025,8,FEBRERO,HN,100,16
2025,8,FEBRERO,HN,200,43
2025,8,FEBRERO,NI,10,0
2025,8,FEBRERO,NI,30,5
2025,8,FEBRERO,NI,50,9
2025,8,FEBRERO,NI,100,18
2025,8,FEBRERO,NI,200,46
2025,8,FEBRERO,DO,10,0
2025,8,FEBRERO,DO,30,1
2025,8,FEBRERO,DO,50,4
2025,8,FEBRERO,DO,100,10
2025,8,FEBRERO,DO,200,23
2025,8,FEBRERO,VE,10,0
2025,8,FEBRERO,VE,30,5
2025,8,FEBRERO,VE,50,7
2025,8,FEBRERO,VE,100,19
2025,8,FEBRERO,VE,200,39
2025,8,FEBRERO,MX,10,2
2025,8,FEBRERO,MX,30,4
2025,8,FEBRERO,MX,50,6
2025,8,FEBRERO,MX,100,17
2025,8,FEBRERO,MX,200,37
2025,8,FEBRERO,SP,10,1
2025,8,FEBRERO,SP,30,4
2025,8,FEBRERO,SP,50,9
2025,8,FEBRERO,SP,100,16
2025,8,FEBRERO,SP,200,37
2025,8,FEBRERO,CL,10,0
2025,8,FEBRERO,CL,30,4
2025,8,FEBRERO,CL,50,6
2025,8,FEBRERO,CL,100,13
2025,8,FEBRERO,CL,200,31
2025,8,FEBRERO,AR,10,0
2025,8,FEBRERO,AR,30,3
2025,8,FEBRERO,AR,50,5
2025,8,FEBRERO,AR,100,9
2025,8,FEBRERO,AR,200,26
2025,8,FEBRERO,BR,10,1
2025,8,FEBRERO,BR,30,3
2025,8,FEBRERO,BR,50,6
2025,8,FEBRERO,BR,100,12
2025,8,FEBRERO,BR,200,23
2025,8,FEBRERO,PT,10,4
2025,8,FEBRERO,PT,30,13
2025,8,FEBRERO,PT,50,18
2025,8,FEBRERO,PT,100,34
2025,8,FEBRERO,PT,200,52
2025,9,FEBRERO,CO,10,1
2025,9,FEBRERO,CO,30,4
2025,9,FEBRERO,CO,50,9
2025,9,FEBRERO,CO,100,18
2025,9,FEBRERO,CO,200,44
2025,9,FEBRERO,PE,10,1
2025,9,FEBRERO,PE,30,5
2025,9,FEBRERO,PE,50,8
2025,9,FEBRERO,PE,100,18
2025,9,FEBRERO,PE,200,45
2025,9,FEBRERO,EC,10,1
2025,9,FEBRERO,EC,30,5
2025,9,FEBRERO,EC,50,9
2025,9,FEBRERO,EC,100,17
2025,9,FEBRERO,EC,200,45
2025,9,FEBRERO,PN,10,0
2025,9,FEBRERO,PN,30,4
2025,9,FEBRERO,PN,50,8
2025,9,FEBRERO,PN,100,17
2025,9,FEBRERO,PN,200,37
2025,9,FEBRERO,CR,10,0
2025,9,FEBRERO,CR,30,7
2025,9,FEBRERO,CR,50,9
2025,9,FEBRERO,CR,100,20
2025,9,FEBRERO,CR,200,49
2025,9,FEBRERO,GT,10,2
2025,9,FEBRERO,GT,30,4
2025,9,FEBRERO,GT,50,7
2025,9,FEBRERO,GT,100,18
2025,9,FEBRERO,GT,200,46
2025,9,FEBRERO,SV,10,1
2025,9,FEBRERO,SV,30,5
2025,9,FEBRERO,SV,50,9
2025,9,FEBRERO,SV,100,18
2025,9,FEBRERO,SV,200,48
2025,9,FEBRERO,HN,10,0
2025,9,FEBRERO,HN,30,5
2025,9,FEBRERO,HN,50,9
2025,9,FEBRERO,HN,100,15
2025,9,FEBRERO,HN,200,43
2025,9,FEBRERO,NI,10,0
2025,9,FEBRERO,NI,30,5
2025,9,FEBRERO,NI,50,8
2025,9,FEBRERO,NI,100,17
2025,9,FEBRERO,NI,200,41
2025,9,FEBRERO,DO,10,0
2025,9,FEBRERO,DO,30,0
2025,9,FEBRERO,DO,50,3
2025,9,FEBRERO,DO,100,9
2025,9,FEBRERO,DO,200,23
2025,9,FEBRERO,VE,10,0
2025,9,FEBRERO,VE,30,3
2025,9,FEBRERO,VE,50,8
2025,9,FEBRERO,VE,100,17
2025,9,FEBRERO,VE,200,37
2025,9,FEBRERO,MX,10,1
2025,9,FEBRERO,MX,30,3
2025,9,FEBRERO,MX,50,6
2025,9,FEBRERO,MX,100,17
2025,9,FEBRERO,MX,200,39
2025,9,FEBRERO,SP,10,1
2025,9,FEBRERO,SP,30,3
2025,9,FEBRERO,SP,50,7
2025,9,FEBRERO,SP,100,16
2025,9,FEBRERO,SP,200,32
2025,9,FEBRERO,CL,10,0
2025,9,FEBRERO,CL,30,3
2025,9,FEBRERO,CL,50,4
2025,9,FEBRERO,CL,100,10
2025,9,FEBRERO,CL,200,32
2025,9,FEBRERO,AR,10,0
2025,9,FEBRERO,AR,30,3
2025,9,FEBRERO,AR,50,4
2025,9,FEBRERO,AR,100,8
2025,9,FEBRERO,AR,200,24
2025,9,FEBRERO,BR,10,1
2025,9,FEBRERO,BR,30,4
2025,9,FEBRERO,BR,50,4
2025,9,FEBRERO,BR,100,10
2025,9,FEBRERO,BR,200,24
2025,9,FEBRERO,PT,10,3
2025,9,FEBRERO,PT,30,13
2025,9,FEBRERO,PT,50,16
2025,9,FEBRERO,PT,100,29
2025,9,FEBRERO,PT,200,44
2025,10,MARZO,CO,10,0
2025,10,MARZO,CO,30,4
2025,10,MARZO,CO,50,7
2025,10,MARZO,CO,100,16
2025,10,MARZO,CO,200,46
2025,10,MARZO,PE,10,1
2025,10,MARZO,PE,30,5
2025,10,MARZO,PE,50,8
2025,10,MARZO,PE,100,15
2025,10,MARZO,PE,200,43
2025,10,MARZO,EC,10,0
2025,10,MARZO,EC,30,5
2025,10,MARZO,EC,50,8
2025,10,MARZO,EC,100,13
2025,10,MARZO,EC,200,44
2025,10,MARZO,PN,10,0
2025,10,MARZO,PN,30,2
2025,10,MARZO,PN,50,5
2025,10,MARZO,PN,100,12
2025,10,MARZO,PN,200,38
2025,10,MARZO,CR,10,0
2025,10,MARZO,CR,30,5
2025,10,MARZO,CR,50,7
2025,10,MARZO,CR,100,20
2025,10,MARZO,CR,200,50
2025,10,MARZO,GT,10,2
2025,10,MARZO,GT,30,3
2025,10,MARZO,GT,50,7
2025,10,MARZO,GT,100,16
2025,10,MARZO,GT,200,44
2025,10,MARZO,SV,10,1
2025,10,MARZO,SV,30,4
2025,10,MARZO,SV,50,7
2025,10,MARZO,SV,100,16
2025,10,MARZO,SV,200,46
2025,10,MARZO,HN,10,0
2025,10,MARZO,HN,30,3
2025,10,MARZO,HN,50,8
2025,10,MARZO,HN,100,12
2025,10,MARZO,HN,200,37
2025,10,MARZO,NI,10,0
2025,10,MARZO,NI,30,5
2025,10,MARZO,NI,50,8
2025,10,MARZO,NI,100,16
2025,10,MARZO,NI,200,40
2025,10,MARZO,DO,10,0
2025,10,MARZO,DO,30,0
2025,10,MARZO,DO,50,5
2025,10,MARZO,DO,100,11
2025,10,MARZO,DO,200,24
2025,10,MARZO,VE,10,0
2025,10,MARZO,VE,30,3
2025,10,MARZO,VE,50,6
2025,10,MARZO,VE,100,17
2025,10,MARZO,VE,200,39
2025,10,MARZO,MX,10,2
2025,10,MARZO,MX,30,2
2025,10,MARZO,MX,50,5
2025,10,MARZO,MX,100,16
2025,10,MARZO,MX,200,35
2025,10,MARZO,SP,10,1
2025,10,MARZO,SP,30,2
2025,10,MARZO,SP,50,6
2025,10,MARZO,SP,100,15
2025,10,MARZO,SP,200,33
2025,10,MARZO,CL,10,0
2025,10,MARZO,CL,30,2
2025,10,MARZO,CL,50,3
2025,10,MARZO,CL,100,9
2025,10,MARZO,CL,200,33
2025,10,MARZO,AR,10,0
2025,10,MARZO,AR,30,2
2025,10,MARZO,AR,50,5
2025,10,MARZO,AR,100,9
2025,10,MARZO,AR,200,24
2025,10,MARZO,BR,10,1
2025,10,MARZO,BR,30,3
2025,10,MARZO,BR,50,5
2025,10,MARZO,BR,100,9
2025,10,MARZO,BR,200,22
2025,10,MARZO,PT,10,2
2025,10,MARZO,PT,30,11
2025,10,MARZO,PT,50,13
2025,10,MARZO,PT,100,24
2025,10,MARZO,PT,200,43
2025,11,MARZO,CO,10,0
2025,11,MARZO,CO,30,4
2025,11,MARZO,CO,50,7
2025,11,MARZO,CO,100,16
2025,11,MARZO,CO,200,41
2025,11,MARZO,PE,10,1
2025,11,MARZO,PE,30,4
2025,11,MARZO,PE,50,8
2025,11,MARZO,PE,100,15
2025,11,MARZO,PE,200,38
2025,11,MARZO,EC,10,0
2025,11,MARZO,EC,30,5
2025,11,MARZO,EC,50,8
2025,11,MARZO,EC,100,14
2025,11,MARZO,EC,200,40
2025,11,MARZO,PN,10,0
2025,11,MARZO,PN,30,3
2025,11,MARZO,PN,50,5
2025,11,MARZO,PN,100,15
2025,11,MARZO,PN,200,38
2025,11,MARZO,CR,10,0
2025,11,MARZO,CR,30,4
2025,11,MARZO,CR,50,7
2025,11,MARZO,CR,100,20
2025,11,MARZO,CR,200,47
2025,11,MARZO,GT,10,2
2025,11,MARZO,GT,30,3
2025,11,MARZO,GT,50,7
2025,11,MARZO,GT,100,15
2025,11,MARZO,GT,200,41
2025,11,MARZO,SV,10,1
2025,11,MARZO,SV,30,4
2025,11,MARZO,SV,50,6
2025,11,MARZO,SV,100,16
2025,11,MARZO,SV,200,42
2025,11,MARZO,HN,10,0
2025,11,MARZO,HN,30,3
2025,11,MARZO,HN,50,7
2025,11,MARZO,HN,100,11
2025,11,MARZO,HN,200,31
2025,11,MARZO,NI,10,0
2025,11,MARZO,NI,30,4
2025,11,MARZO,NI,50,7
2025,11,MARZO,NI,100,15
2025,11,MARZO,NI,200,34
2025,11,MARZO,DO,10,1
2025,11,MARZO,DO,30,1
2025,11,MARZO,DO,50,4
2025,11,MARZO,DO,100,10
2025,11,MARZO,DO,200,19
2025,11,MARZO,VE,10,0
2025,11,MARZO,VE,30,3
2025,11,MARZO,VE,50,6
2025,11,MARZO,VE,100,17
2025,11,MARZO,VE,200,32
2025,11,MARZO,MX,10,1
2025,11,MARZO,MX,30,2
2025,11,MARZO,MX,50,5
2025,11,MARZO,MX,100,14
2025,11,MARZO,MX,200,36
2025,11,MARZO,SP,10,1
2025,11,MARZO,SP,30,2
2025,11,MARZO,SP,50,6
2025,11,MARZO,SP,100,15
2025,11,MARZO,SP,200,33
2025,11,MARZO,CL,10,0
2025,11,MARZO,CL,30,0
2025,11,MARZO,CL,50,3
2025,11,MARZO,CL,100,7
2025,11,MARZO,CL,200,24
2025,11,MARZO,AR,10,0
2025,11,MARZO,AR,30,2
2025,11,MARZO,AR,50,4
2025,11,MARZO,AR,100,9
2025,11,MARZO,AR,200,23
2025,11,MARZO,BR,10,1
2025,11,MARZO,BR,30,3
2025,11,MARZO,BR,50,5
2025,11,MARZO,BR,100,10
2025,11,MARZO,BR,200,30
2025,11,MARZO,PT,10,2
2025,11,MARZO,PT,30,8
2025,11,MARZO,PT,50,14
2025,11,MARZO,PT,100,28
2025,11,MARZO,PT,200,43
2025,12,MARZO,CO,10,0
2025,12,MARZO,CO,30,4
2025,12,MARZO,CO,50,7
2025,12,MARZO,CO,100,16
2025,12,MARZO,CO,200,39
2025,12,MARZO,PE,10,1
2025,12,MARZO,PE,30,4
2025,12,MARZO,PE,50,8
2025,12,MARZO,PE,100,15
2025,12,MARZO,PE,200,41
2025,12,MARZO,EC,10,0
2025,12,MARZO,EC,30,2
2025,12,MARZO,EC,50,9
2025,12,MARZO,EC,100,16
2025,12,MARZO,EC,200,41
2025,12,MARZO,PN,10,0
2025,12,MARZO,PN,30,2
2025,12,MARZO,PN,50,4
2025,12,MARZO,PN,100,15
2025,12,MARZO,PN,200,35
2025,12,MARZO,CR,10,0
2025,12,MARZO,CR,30,3
2025,12,MARZO,CR,50,8
2025,12,MARZO,CR,100,22
2025,12,MARZO,CR,200,45
2025,12,MARZO,GT,10,2
2025,12,MARZO,GT,30,3
2025,12,MARZO,GT,50,6
2025,12,MARZO,GT,100,14
2025,12,MARZO,GT,200,42
2025,12,MARZO,SV,10,1
2025,12,MARZO,SV,30,4
2025,12,MARZO,SV,50,6
2025,12,MARZO,SV,100,16
2025,12,MARZO,SV,200,41
2025,12,MARZO,HN,10,0
2025,12,MARZO,HN,30,3
2025,12,MARZO,HN,50,6
2025,12,MARZO,HN,100,11
2025,12,MARZO,HN,200,33
2025,12,MARZO,NI,10,0
2025,12,MARZO,NI,30,4
2025,12,MARZO,NI,50,6
2025,12,MARZO,NI,100,16
2025,12,MARZO,NI,200,34
2025,12,MARZO,DO,10,0
2025,12,MARZO,DO,30,0
2025,12,MARZO,DO,50,3
2025,12,MARZO,DO,100,10
2025,12,MARZO,DO,200,19
2025,12,MARZO,VE,10,0
2025,12,MARZO,VE,30,2
2025,12,MARZO,VE,50,7
2025,12,MARZO,VE,100,17
2025,12,MARZO,VE,200,33
2025,12,MARZO,MX,10,1
2025,12,MARZO,MX,30,3
2025,12,MARZO,MX,50,7
2025,12,MARZO,MX,100,19
2025,12,MARZO,MX,200,40
2025,12,MARZO,SP,10,1
2025,12,MARZO,SP,30,3
2025,12,MARZO,SP,50,6
2025,12,MARZO,SP,100,16
2025,12,MARZO,SP,200,33
2025,12,MARZO,CL,10,0
2025,12,MARZO,CL,30,1
2025,12,MARZO,CL,50,3
2025,12,MARZO,CL,100,5
2025,12,MARZO,CL,200,26
2025,12,MARZO,AR,10,0
2025,12,MARZO,AR,30,2
2025,12,MARZO,AR,50,4
2025,12,MARZO,AR,100,8
2025,12,MARZO,AR,200,20
2025,12,MARZO,BR,10,1
2025,12,MARZO,BR,30,5
2025,12,MARZO,BR,50,5
2025,12,MARZO,BR,100,10
2025,12,MARZO,BR,200,25
2025,12,MARZO,PT,10,1
2025,12,MARZO,PT,30,10
2025,12,MARZO,PT,50,19
2025,12,MARZO,PT,100,36
2025,12,MARZO,PT,200,59
2025,13,MARZO,CO,10,0
2025,13,MARZO,CO,30,4
2025,13,MARZO,CO,50,6
2025,13,MARZO,CO,100,14
2025,13,MARZO,CO,200,40
2025,13,MARZO,PE,10,1
2025,13,MARZO,PE,30,4
2025,13,MARZO,PE,50,7
2025,13,MARZO,PE,100,14
2025,13,MARZO,PE,200,37
2025,13,MARZO,EC,10,0
2025,13,MARZO,EC,30,3
2025,13,MARZO,EC,50,8
2025,13,MARZO,EC,100,14
2025,13,MARZO,EC,200,40
2025,13,MARZO,PN,10,0
2025,13,MARZO,PN,30,0
2025,13,MARZO,PN,50,4
2025,13,MARZO,PN,100,14
2025,13,MARZO,PN,200,31
2025,13,MARZO,CR,10,0
2025,13,MARZO,CR,30,3
2025,13,MARZO,CR,50,8
2025,13,MARZO,CR,100,19
2025,13,MARZO,CR,200,39
2025,13,MARZO,GT,10,2
2025,13,MARZO,GT,30,3
2025,13,MARZO,GT,50,6
2025,13,MARZO,GT,100,16
2025,13,MARZO,GT,200,37
2025,13,MARZO,SV,10,1
2025,13,MARZO,SV,30,2
2025,13,MARZO,SV,50,6
2025,13,MARZO,SV,100,14
2025,13,MARZO,SV,200,38
2025,13,MARZO,HN,10,1
2025,13,MARZO,HN,30,3
2025,13,MARZO,HN,50,6
2025,13,MARZO,HN,100,10
2025,13,MARZO,HN,200,30
2025,13,MARZO,NI,10,1
2025,13,MARZO,NI,30,3
2025,13,MARZO,NI,50,6
2025,13,MARZO,NI,100,14
2025,13,MARZO,NI,200,37
2025,13,MARZO,DO,10,0
2025,13,MARZO,DO,30,0
2025,13,MARZO,DO,50,3
2025,13,MARZO,DO,100,9
2025,13,MARZO,DO,200,17
2025,13,MARZO,VE,10,0
2025,13,MARZO,VE,30,2
2025,13,MARZO,VE,50,6
2025,13,MARZO,VE,100,13
2025,13,MARZO,VE,200,31
2025,13,MARZO,MX,10,1
2025,13,MARZO,MX,30,4
2025,13,MARZO,MX,50,5
2025,13,MARZO,MX,100,14
2025,13,MARZO,MX,200,34
2025,13,MARZO,SP,10,0
2025,13,MARZO,SP,30,3
2025,13,MARZO,SP,50,6
2025,13,MARZO,SP,100,12
2025,13,MARZO,SP,200,27
2025,13,MARZO,CL,10,0
2025,13,MARZO,CL,30,0
2025,13,MARZO,CL,50,3
2025,13,MARZO,CL,100,4
2025,13,MARZO,CL,200,24
2025,13,MARZO,AR,10,0
2025,13,MARZO,AR,30,2
2025,13,MARZO,AR,50,3
2025,13,MARZO,AR,100,9
2025,13,MARZO,AR,200,23
2025,13,MARZO,BR,10,1
2025,13,MARZO,BR,30,5
2025,13,MARZO,BR,50,7
2025,13,MARZO,BR,100,10
2025,13,MARZO,BR,200,22
2025,13,MARZO,PT,10,1
2025,13,MARZO,PT,30,8
2025,13,MARZO,PT,50,15
2025,13,MARZO,PT,100,29
2025,13,MARZO,PT,200,39
2025,14,ABRIL,CO,10,0
2025,14,ABRIL,CO,30,5
2025,14,ABRIL,CO,50,6
2025,14,ABRIL,CO,100,17
2025,14,ABRIL,CO,200,44
2025,14,ABRIL,PE,10,0
2025,14,ABRIL,PE,30,3
2025,14,ABRIL,PE,50,7
2025,14,ABRIL,PE,100,17
2025,14,ABRIL,PE,200,42
2025,14,ABRIL,EC,10,0
2025,14,ABRIL,EC,30,4
2025,14,ABRIL,EC,50,8
2025,14,ABRIL,EC,100,17
2025,14,ABRIL,EC,200,41
2025,14,ABRIL,PN,10,0
2025,14,ABRIL,PN,30,0
2025,14,ABRIL,PN,50,4
2025,14,ABRIL,PN,100,15
2025,14,ABRIL,PN,200,34
2025,14,ABRIL,CR,10,0
2025,14,ABRIL,CR,30,4
2025,14,ABRIL,CR,50,8
2025,14,ABRIL,CR,100,16
2025,14,ABRIL,CR,200,44
2025,14,ABRIL,GT,10,2
2025,14,ABRIL,GT,30,3
2025,14,ABRIL,GT,50,6
2025,14,ABRIL,GT,100,16
2025,14,ABRIL,GT,200,40
2025,14,ABRIL,SV,10,1
2025,14,ABRIL,SV,30,3
2025,14,ABRIL,SV,50,5
2025,14,ABRIL,SV,100,13
2025,14,ABRIL,SV,200,36
2025,14,ABRIL,HN,10,1
2025,14,ABRIL,HN,30,3
2025,14,ABRIL,HN,50,6
2025,14,ABRIL,HN,100,11
2025,14,ABRIL,HN,200,32
2025,14,ABRIL,NI,10,1
2025,14,ABRIL,NI,30,3
2025,14,ABRIL,NI,50,6
2025,14,ABRIL,NI,100,13
2025,14,ABRIL,NI,200,34
2025,14,ABRIL,DO,10,0
2025,14,ABRIL,DO,30,0
2025,14,ABRIL,DO,50,3
2025,14,ABRIL,DO,100,9
2025,14,ABRIL,DO,200,17
2025,14,ABRIL,VE,10,0
2025,14,ABRIL,VE,30,1
2025,14,ABRIL,VE,50,6
2025,14,ABRIL,VE,100,13
2025,14,ABRIL,VE,200,32
2025,14,ABRIL,MX,10,1
2025,14,ABRIL,MX,30,4
2025,14,ABRIL,MX,50,4
2025,14,ABRIL,MX,100,13
2025,14,ABRIL,MX,200,35
2025,14,ABRIL,SP,10,0
2025,14,ABRIL,SP,30,2
2025,14,ABRIL,SP,50,6
2025,14,ABRIL,SP,100,16
2025,14,ABRIL,SP,200,30
2025,14,ABRIL,CL,10,0
2025,14,ABRIL,CL,30,0
2025,14,ABRIL,CL,50,3
2025,14,ABRIL,CL,100,4
2025,14,ABRIL,CL,200,23
2025,14,ABRIL,AR,10,0
2025,14,ABRIL,AR,30,2
2025,14,ABRIL,AR,50,3
2025,14,ABRIL,AR,100,8
2025,14,ABRIL,AR,200,25
2025,14,ABRIL,BR,10,1
2025,14,ABRIL,BR,30,7
2025,14,ABRIL,BR,50,7
2025,14,ABRIL,BR,100,9
2025,14,ABRIL,BR,200,23
2025,14,ABRIL,PT,10,1
2025,14,ABRIL,PT,30,9
2025,14,ABRIL,PT,50,12
2025,14,ABRIL,PT,100,30
2025,14,ABRIL,PT,200,43
2025,15,ABRIL,CO,10,0
2025,15,ABRIL,CO,30,5
2025,15,ABRIL,CO,50,6
2025,15,ABRIL,CO,100,13
2025,15,ABRIL,CO,200,42
2025,15,ABRIL,PE,10,0
2025,15,ABRIL,PE,30,3
2025,15,ABRIL,PE,50,7
2025,15,ABRIL,PE,100,17
2025,15,ABRIL,PE,200,39
2025,15,ABRIL,EC,10,0
2025,15,ABRIL,EC,30,3
2025,15,ABRIL,EC,50,7
2025,15,ABRIL,EC,100,17
2025,15,ABRIL,EC,200,40
2025,15,ABRIL,PN,10,0
2025,15,ABRIL,PN,30,0
2025,15,ABRIL,PN,50,3
2025,15,ABRIL,PN,100,8
2025,15,ABRIL,PN,200,25
2025,15,ABRIL,CR,10,0
2025,15,ABRIL,CR,30,4
2025,15,ABRIL,CR,50,6
2025,15,ABRIL,CR,100,15
2025,15,ABRIL,CR,200,32
2025,15,ABRIL,GT,10,2
2025,15,ABRIL,GT,30,3
2025,15,ABRIL,GT,50,6
2025,15,ABRIL,GT,100,15
2025,15,ABRIL,GT,200,41
2025,15,ABRIL,SV,10,1
2025,15,ABRIL,SV,30,2
2025,15,ABRIL,SV,50,5
2025,15,ABRIL,SV,100,11
2025,15,ABRIL,SV,200,35
2025,15,ABRIL,HN,10,1
2025,15,ABRIL,HN,30,2
2025,15,ABRIL,HN,50,5
2025,15,ABRIL,HN,100,11
2025,15,ABRIL,HN,200,31
2025,15,ABRIL,NI,10,1
2025,15,ABRIL,NI,30,3
2025,15,ABRIL,NI,50,5
2025,15,ABRIL,NI,100,15
2025,15,ABRIL,NI,200,34
2025,15,ABRIL,DO,10,0
2025,15,ABRIL,DO,30,0
2025,15,ABRIL,DO,50,1
2025,15,ABRIL,DO,100,8
2025,15,ABRIL,DO,200,14
2025,15,ABRIL,VE,10,0
2025,15,ABRIL,VE,30,1
2025,15,ABRIL,VE,50,4
2025,15,ABRIL,VE,100,12
2025,15,ABRIL,VE,200,28
2025,15,ABRIL,MX,10,1
2025,15,ABRIL,MX,30,4
2025,15,ABRIL,MX,50,5
2025,15,ABRIL,MX,100,14
2025,15,ABRIL,MX,200,34
2025,15,ABRIL,SP,10,0
2025,15,ABRIL,SP,30,2
2025,15,ABRIL,SP,50,3
2025,15,ABRIL,SP,100,13
2025,15,ABRIL,SP,200,25
2025,15,ABRIL,CL,10,0
2025,15,ABRIL,CL,30,0
2025,15,ABRIL,CL,50,3
2025,15,ABRIL,CL,100,5
2025,15,ABRIL,CL,200,21
2025,15,ABRIL,AR,10,0
2025,15,ABRIL,AR,30,2
2025,15,ABRIL,AR,50,4
2025,15,ABRIL,AR,100,8
2025,15,ABRIL,AR,200,25
2025,15,ABRIL,BR,10,1
2025,15,ABRIL,BR,30,6
2025,15,ABRIL,BR,50,6
2025,15,ABRIL,BR,100,10
2025,15,ABRIL,BR,200,25
2025,15,ABRIL,PT,10,0
2025,15,ABRIL,PT,30,8
2025,15,ABRIL,PT,50,11
2025,15,ABRIL,PT,100,25
2025,15,ABRIL,PT,200,37
2025,16,ABRIL,CO,10,0
2025,16,ABRIL,CO,30,5
2025,16,ABRIL,CO,50,6
2025,16,ABRIL,CO,100,18
2025,16,ABRIL,CO,200,46
2025,16,ABRIL,PE,10,1
2025,16,ABRIL,PE,30,3
2025,16,ABRIL,PE,50,7
2025,16,ABRIL,PE,100,16
2025,16,ABRIL,PE,200,43
2025,16,ABRIL,EC,10,0
2025,16,ABRIL,EC,30,3
2025,16,ABRIL,EC,50,8
2025,16,ABRIL,EC,100,18
2025,16,ABRIL,EC,200,43
2025,16,ABRIL,PN,10,0
2025,16,ABRIL,PN,30,1
2025,16,ABRIL,PN,50,5
2025,16,ABRIL,PN,100,14
2025,16,ABRIL,PN,200,33
2025,16,ABRIL,CR,10,0
2025,16,ABRIL,CR,30,4
2025,16,ABRIL,CR,50,8
2025,16,ABRIL,CR,100,17
2025,16,ABRIL,CR,200,39
2025,16,ABRIL,GT,10,2
2025,16,ABRIL,GT,30,2
2025,16,ABRIL,GT,50,6
2025,16,ABRIL,GT,100,15
2025,16,ABRIL,GT,200,40
2025,16,ABRIL,SV,10,1
2025,16,ABRIL,SV,30,2
2025,16,ABRIL,SV,50,5
2025,16,ABRIL,SV,100,15
2025,16,ABRIL,SV,200,37
2025,16,ABRIL,HN,10,1
2025,16,ABRIL,HN,30,2
2025,16,ABRIL,HN,50,5
2025,16,ABRIL,HN,100,12
2025,16,ABRIL,HN,200,30
2025,16,ABRIL,NI,10,1
2025,16,ABRIL,NI,30,2
2025,16,ABRIL,NI,50,5
2025,16,ABRIL,NI,100,16
2025,16,ABRIL,NI,200,35
2025,16,ABRIL,DO,10,0
2025,16,ABRIL,DO,30,0
2025,16,ABRIL,DO,50,2
2025,16,ABRIL,DO,100,9
2025,16,ABRIL,DO,200,15
2025,16,ABRIL,VE,10,0
2025,16,ABRIL,VE,30,1
2025,16,ABRIL,VE,50,6
2025,16,ABRIL,VE,100,13
2025,16,ABRIL,VE,200,31
2025,16,ABRIL,MX,10,1
2025,16,ABRIL,MX,30,4
2025,16,ABRIL,MX,50,5
2025,16,ABRIL,MX,100,13
2025,16,ABRIL,MX,200,37
2025,16,ABRIL,SP,10,0
2025,16,ABRIL,SP,30,2
2025,16,ABRIL,SP,50,5
2025,16,ABRIL,SP,100,13
2025,16,ABRIL,SP,200,26
2025,16,ABRIL,CL,10,0
2025,16,ABRIL,CL,30,0
2025,16,ABRIL,CL,50,3
2025,16,ABRIL,CL,100,5
2025,16,ABRIL,CL,200,22
2025,16,ABRIL,AR,10,0
2025,16,ABRIL,AR,30,2
2025,16,ABRIL,AR,50,5
2025,16,ABRIL,AR,100,9
2025,16,ABRIL,AR,200,26
2025,16,ABRIL,BR,10,1
2025,16,ABRIL,BR,30,6
2025,16,ABRIL,BR,50,7
2025,16,ABRIL,BR,100,10
2025,16,ABRIL,BR,200,25
2025,16,ABRIL,PT,10,0
2025,16,ABRIL,PT,30,8
2025,16,ABRIL,PT,50,11
2025,16,ABRIL,PT,100,24
2025,16,ABRIL,PT,200,39
2025,17,ABRIL,CO,10,0
2025,17,ABRIL,CO,30,5
2025,17,ABRIL,CO,50,7
2025,17,ABRIL,CO,100,20
2025,17,ABRIL,CO,200,49
2025,17,ABRIL,PE,10,1
2025,17,ABRIL,PE,30,4
2025,17,ABRIL,PE,50,6
2025,17,ABRIL,PE,100,19
2025,17,ABRIL,PE,200,43
2025,17,ABRIL,EC,10,0
2025,17,ABRIL,EC,30,4
2025,17,ABRIL,EC,50,9
2025,17,ABRIL,EC,100,22
2025,17,ABRIL,EC,200,44
2025,17,ABRIL,PN,10,0
2025,17,ABRIL,PN,30,1
2025,17,ABRIL,PN,50,6
2025,17,ABRIL,PN,100,15
2025,17,ABRIL,PN,200,38
2025,17,ABRIL,CR,10,0
2025,17,ABRIL,CR,30,4
2025,17,ABRIL,CR,50,8
2025,17,ABRIL,CR,100,17
2025,17,ABRIL,CR,200,45
2025,17,ABRIL,GT,10,2
2025,17,ABRIL,GT,30,3
2025,17,ABRIL,GT,50,8
2025,17,ABRIL,GT,100,15
2025,17,ABRIL,GT,200,49
2025,17,ABRIL,SV,10,1
2025,17,ABRIL,SV,30,2
2025,17,ABRIL,SV,50,6
2025,17,ABRIL,SV,100,16
2025,17,ABRIL,SV,200,43
2025,17,ABRIL,HN,10,1
2025,17,ABRIL,HN,30,2
2025,17,ABRIL,HN,50,5
2025,17,ABRIL,HN,100,12
2025,17,ABRIL,HN,200,33
2025,17,ABRIL,NI,10,1
2025,17,ABRIL,NI,30,3
2025,17,ABRIL,NI,50,7
2025,17,ABRIL,NI,100,15
2025,17,ABRIL,NI,200,42
2025,17,ABRIL,DO,10,0
2025,17,ABRIL,DO,30,0
2025,17,ABRIL,DO,50,3
2025,17,ABRIL,DO,100,10
2025,17,ABRIL,DO,200,18
2025,17,ABRIL,VE,10,0
2025,17,ABRIL,VE,30,3
2025,17,ABRIL,VE,50,6
2025,17,ABRIL,VE,100,14
2025,17,ABRIL,VE,200,37
2025,17,ABRIL,MX,10,1
2025,17,ABRIL,MX,30,4
2025,17,ABRIL,MX,50,6
2025,17,ABRIL,MX,100,17
2025,17,ABRIL,MX,200,37
2025,17,ABRIL,SP,10,0
2025,17,ABRIL,SP,30,3
2025,17,ABRIL,SP,50,5
2025,17,ABRIL,SP,100,13
2025,17,ABRIL,SP,200,28
2025,17,ABRIL,CL,10,0
2025,17,ABRIL,CL,30,0
2025,17,ABRIL,CL,50,3
2025,17,ABRIL,CL,100,6
2025,17,ABRIL,CL,200,28
2025,17,ABRIL,AR,10,0
2025,17,ABRIL,AR,30,3
2025,17,ABRIL,AR,50,6
2025,17,ABRIL,AR,100,11
2025,17,ABRIL,AR,200,31
2025,17,ABRIL,BR,10,2
2025,17,ABRIL,BR,30,5
2025,17,ABRIL,BR,50,8
2025,17,ABRIL,BR,100,10
2025,17,ABRIL,BR,200,27
2025,17,ABRIL,PT,10,0
2025,17,ABRIL,PT,30,8
2025,17,ABRIL,PT,50,11
2025,17,ABRIL,PT,100,25
2025,17,ABRIL,PT,200,37
2025,18,MAYO,CO,10,0
2025,18,MAYO,CO,30,3
2025,18,MAYO,CO,50,7
2025,18,MAYO,CO,100,18
2025,18,MAYO,CO,200,50
2025,18,MAYO,PE,10,0
2025,18,MAYO,PE,30,4
2025,18,MAYO,PE,50,7
2025,18,MAYO,PE,100,17
2025,18,MAYO,PE,200,44
2025,18,MAYO,EC,10,0
2025,18,MAYO,EC,30,4
2025,18,MAYO,EC,50,8
2025,18,MAYO,EC,100,19
2025,18,MAYO,EC,200,44
2025,18,MAYO,PN,10,0
2025,18,MAYO,PN,30,1
2025,18,MAYO,PN,50,6
2025,18,MAYO,PN,100,13
2025,18,MAYO,PN,200,33
2025,18,MAYO,CR,10,0
2025,18,MAYO,CR,30,4
2025,18,MAYO,CR,50,7
2025,18,MAYO,CR,100,15
2025,18,MAYO,CR,200,37
2025,18,MAYO,GT,10,2
2025,18,MAYO,GT,30,3
2025,18,MAYO,GT,50,8
2025,18,MAYO,GT,100,16
2025,18,MAYO,GT,200,49
2025,18,MAYO,SV,10,1
2025,18,MAYO,SV,30,3
2025,18,MAYO,SV,50,6
2025,18,MAYO,SV,100,13
2025,18,MAYO,SV,200,42
2025,18,MAYO,HN,10,1
2025,18,MAYO,HN,30,3
2025,18,MAYO,HN,50,5
2025,18,MAYO,HN,100,12
2025,18,MAYO,HN,200,34
2025,18,MAYO,NI,10,1
2025,18,MAYO,NI,30,3
2025,18,MAYO,NI,50,6
2025,18,MAYO,NI,100,14
2025,18,MAYO,NI,200,43
2025,18,MAYO,DO,10,0
2025,18,MAYO,DO,30,0
2025,18,MAYO,DO,50,4
2025,18,MAYO,DO,100,9
2025,18,MAYO,DO,200,18
2025,18,MAYO,VE,10,0
2025,18,MAYO,VE,30,2
2025,18,MAYO,VE,50,7
2025,18,MAYO,VE,100,15
2025,18,MAYO,VE,200,34
2025,18,MAYO,MX,10,0
2025,18,MAYO,MX,30,4
2025,18,MAYO,MX,50,5
2025,18,MAYO,MX,100,14
2025,18,MAYO,MX,200,34
2025,18,MAYO,SP,10,0
2025,18,MAYO,SP,30,3
2025,18,MAYO,SP,50,4
2025,18,MAYO,SP,100,14
2025,18,MAYO,SP,200,30
2025,18,MAYO,CL,10,0
2025,18,MAYO,CL,30,0
2025,18,MAYO,CL,50,2
2025,18,MAYO,CL,100,6
2025,18,MAYO,CL,200,23
2025,18,MAYO,AR,10,0
2025,18,MAYO,AR,30,3
2025,18,MAYO,AR,50,4
2025,18,MAYO,AR,100,10
2025,18,MAYO,AR,200,25
2025,18,MAYO,BR,10,2
2025,18,MAYO,BR,30,5
2025,18,MAYO,BR,50,6
2025,18,MAYO,BR,100,11
2025,18,MAYO,BR,200,25
2025,18,MAYO,PT,10,0
2025,18,MAYO,PT,30,8
2025,18,MAYO,PT,50,11
2025,18,MAYO,PT,100,23
2025,18,MAYO,PT,200,40
2025,19,MAYO,CO,10,0
2025,19,MAYO,CO,30,5
2025,19,MAYO,CO,50,7
2025,19,MAYO,CO,100,17
2025,19,MAYO,CO,200,49
2025,19,MAYO,PE,10,1
2025,19,MAYO,PE,30,4
2025,19,MAYO,PE,50,7
2025,19,MAYO,PE,100,19
2025,19,MAYO,PE,200,42
2025,19,MAYO,EC,10,0
2025,19,MAYO,EC,30,4
2025,19,MAYO,EC,50,8
2025,19,MAYO,EC,100,18
2025,19,MAYO,EC,200,44
2025,19,MAYO,PN,10,0
2025,19,MAYO,PN,30,3
2025,19,MAYO,PN,50,7
2025,19,MAYO,PN,100,14
2025,19,MAYO,PN,200,35
2025,19,MAYO,CR,10,0
2025,19,MAYO,CR,30,5
2025,19,MAYO,CR,50,7
2025,19,MAYO,CR,100,17
2025,19,MAYO,CR,200,43
2025,19,MAYO,GT,10,1
2025,19,MAYO,GT,30,3
2025,19,MAYO,GT,50,8
2025,19,MAYO,GT,100,18
2025,19,MAYO,GT,200,56
2025,19,MAYO,SV,10,1
2025,19,MAYO,SV,30,3
2025,19,MAYO,SV,50,5
2025,19,MAYO,SV,100,14
2025,19,MAYO,SV,200,42
2025,19,MAYO,HN,10,1
2025,19,MAYO,HN,30,3
2025,19,MAYO,HN,50,5
2025,19,MAYO,HN,100,12
2025,19,MAYO,HN,200,37
2025,19,MAYO,NI,10,1
2025,19,MAYO,NI,30,3
2025,19,MAYO,NI,50,5
2025,19,MAYO,NI,100,15
2025,19,MAYO,NI,200,42
2025,19,MAYO,DO,10,0
2025,19,MAYO,DO,30,0
2025,19,MAYO,DO,50,4
2025,19,MAYO,DO,100,9
2025,19,MAYO,DO,200,19
2025,19,MAYO,VE,10,0
2025,19,MAYO,VE,30,3
2025,19,MAYO,VE,50,7
2025,19,MAYO,VE,100,17
2025,19,MAYO,VE,200,38
2025,19,MAYO,MX,10,0
2025,19,MAYO,MX,30,4
2025,19,MAYO,MX,50,5
2025,19,MAYO,MX,100,15
2025,19,MAYO,MX,200,37
2025,19,MAYO,SP,10,0
2025,19,MAYO,SP,30,4
2025,19,MAYO,SP,50,5
2025,19,MAYO,SP,100,13
2025,19,MAYO,SP,200,30
2025,19,MAYO,CL,10,0
2025,19,MAYO,CL,30,0
2025,19,MAYO,CL,50,3
2025,19,MAYO,CL,100,9
2025,19,MAYO,CL,200,26
2025,19,MAYO,AR,10,0
2025,19,MAYO,AR,30,3
2025,19,MAYO,AR,50,5
2025,19,MAYO,AR,100,12
2025,19,MAYO,AR,200,30
2025,19,MAYO,BR,10,2
2025,19,MAYO,BR,30,8
2025,19,MAYO,BR,50,10
2025,19,MAYO,BR,100,19
2025,19,MAYO,BR,200,38
2025,19,MAYO,PT,10,0
2025,19,MAYO,PT,30,6
2025,19,MAYO,PT,50,10
2025,19,MAYO,PT,100,21
2025,19,MAYO,PT,200,38
2025,20,MAYO,CO,10,1
2025,20,MAYO,CO,30,6
2025,20,MAYO,CO,50,7
2025,20,MAYO,CO,100,20
2025,20,MAYO,CO,200,47
2025,20,MAYO,PE,10,0
2025,20,MAYO,PE,30,4
2025,20,MAYO,PE,50,7
2025,20,MAYO,PE,100,18
2025,20,MAYO,PE,200,38
2025,20,MAYO,EC,10,0
2025,20,MAYO,EC,30,4
2025,20,MAYO,EC,50,8
2025,20,MAYO,EC,100,18
2025,20,MAYO,EC,200,44
2025,20,MAYO,PN,10,0
2025,20,MAYO,PN,30,1
2025,20,MAYO,PN,50,7
2025,20,MAYO,PN,100,17
2025,20,MAYO,PN,200,37
2025,20,MAYO,CR,10,0
2025,20,MAYO,CR,30,4
2025,20,MAYO,CR,50,8
2025,20,MAYO,CR,100,20
2025,20,MAYO,CR,200,38
2025,20,MAYO,GT,10,1
2025,20,MAYO,GT,30,3
2025,20,MAYO,GT,50,7
2025,20,MAYO,GT,100,16
2025,20,MAYO,GT,200,48
2025,20,MAYO,SV,10,1
2025,20,MAYO,SV,30,3
2025,20,MAYO,SV,50,4
2025,20,MAYO,SV,100,13
2025,20,MAYO,SV,200,45
2025,20,MAYO,HN,10,0
2025,20,MAYO,HN,30,2
2025,20,MAYO,HN,50,5
2025,20,MAYO,HN,100,12
2025,20,MAYO,HN,200,36
2025,20,MAYO,NI,10,0
2025,20,MAYO,NI,30,2
2025,20,MAYO,NI,50,5
2025,20,MAYO,NI,100,12
2025,20,MAYO,NI,200,37
2025,20,MAYO,DO,10,0
2025,20,MAYO,DO,30,0
2025,20,MAYO,DO,50,5
2025,20,MAYO,DO,100,11
2025,20,MAYO,DO,200,23
2025,20,MAYO,VE,10,0
2025,20,MAYO,VE,30,2
2025,20,MAYO,VE,50,7
2025,20,MAYO,VE,100,19
2025,20,MAYO,VE,200,43
2025,20,MAYO,MX,10,0
2025,20,MAYO,MX,30,3
2025,20,MAYO,MX,50,5
2025,20,MAYO,MX,100,14
2025,20,MAYO,MX,200,35
2025,20,MAYO,SP,10,1
2025,20,MAYO,SP,30,2
2025,20,MAYO,SP,50,6
2025,20,MAYO,SP,100,15
2025,20,MAYO,SP,200,32
2025,20,MAYO,CL,10,0
2025,20,MAYO,CL,30,1
2025,20,MAYO,CL,50,3
2025,20,MAYO,CL,100,11
2025,20,MAYO,CL,200,24
2025,20,MAYO,AR,10,0
2025,20,MAYO,AR,30,2
2025,20,MAYO,AR,50,5
2025,20,MAYO,AR,100,11
2025,20,MAYO,AR,200,30
2025,20,MAYO,BR,10,1
2025,20,MAYO,BR,30,6
2025,20,MAYO,BR,50,8
2025,20,MAYO,BR,100,15
2025,20,MAYO,BR,200,31
2025,20,MAYO,PT,10,1
2025,20,MAYO,PT,30,6
2025,20,MAYO,PT,50,11
2025,20,MAYO,PT,100,19
2025,20,MAYO,PT,200,35
2025,21,MAYO,CO,10,1
2025,21,MAYO,CO,30,6
2025,21,MAYO,CO,50,7
2025,21,MAYO,CO,100,19
2025,21,MAYO,CO,200,44
2025,21,MAYO,PE,10,1
2025,21,MAYO,PE,30,4
2025,21,MAYO,PE,50,7
2025,21,MAYO,PE,100,18
2025,21,MAYO,PE,200,38
2025,21,MAYO,EC,10,0
2025,21,MAYO,EC,30,4
2025,21,MAYO,EC,50,7
2025,21,MAYO,EC,100,16
2025,21,MAYO,EC,200,37
2025,21,MAYO,PN,10,0
2025,21,MAYO,PN,30,2
2025,21,MAYO,PN,50,5
2025,21,MAYO,PN,100,12
2025,21,MAYO,PN,200,27
2025,21,MAYO,CR,10,0
2025,21,MAYO,CR,30,5
2025,21,MAYO,CR,50,7
2025,21,MAYO,CR,100,17
2025,21,MAYO,CR,200,33
2025,21,MAYO,GT,10,1
2025,21,MAYO,GT,30,2
2025,21,MAYO,GT,50,5
2025,21,MAYO,GT,100,13
2025,21,MAYO,GT,200,42
2025,21,MAYO,SV,10,1
2025,21,MAYO,SV,30,4
2025,21,MAYO,SV,50,4
2025,21,MAYO,SV,100,13
2025,21,MAYO,SV,200,42
2025,21,MAYO,HN,10,0
2025,21,MAYO,HN,30,2
2025,21,MAYO,HN,50,5
2025,21,MAYO,HN,100,11
2025,21,MAYO,HN,200,29
2025,21,MAYO,NI,10,0
2025,21,MAYO,NI,30,2
2025,21,MAYO,NI,50,5
2025,21,MAYO,NI,100,10
2025,21,MAYO,NI,200,35
2025,21,MAYO,DO,10,0
2025,21,MAYO,DO,30,0
2025,21,MAYO,DO,50,7
2025,21,MAYO,DO,100,10
2025,21,MAYO,DO,200,20
2025,21,MAYO,VE,10,0
2025,21,MAYO,VE,30,1
2025,21,MAYO,VE,50,5
2025,21,MAYO,VE,100,14
2025,21,MAYO,VE,200,33
2025,21,MAYO,MX,10,0
2025,21,MAYO,MX,30,2
2025,21,MAYO,MX,50,6
2025,21,MAYO,MX,100,14
2025,21,MAYO,MX,200,36
2025,21,MAYO,SP,10,1
2025,21,MAYO,SP,30,3
2025,21,MAYO,SP,50,4
2025,21,MAYO,SP,100,11
2025,21,MAYO,SP,200,29
2025,21,MAYO,CL,10,0
2025,21,MAYO,CL,30,2
2025,21,MAYO,CL,50,3
2025,21,MAYO,CL,100,8
2025,21,MAYO,CL,200,26
2025,21,MAYO,AR,10,0
2025,21,MAYO,AR,30,3
2025,21,MAYO,AR,50,4
2025,21,MAYO,AR,100,12
2025,21,MAYO,AR,200,29
2025,21,MAYO,BR,10,1
2025,21,MAYO,BR,30,5
2025,21,MAYO,BR,50,6
2025,21,MAYO,BR,100,11
2025,21,MAYO,BR,200,29
2025,21,MAYO,PT,10,1
2025,21,MAYO,PT,30,5
2025,21,MAYO,PT,50,10
2025,21,MAYO,PT,100,18
2025,21,MAYO,PT,200,37
2025,22,MAYO,CO,10,1
2025,22,MAYO,CO,30,5
2025,22,MAYO,CO,50,9
2025,22,MAYO,CO,100,16
2025,22,MAYO,CO,200,43
2025,22,MAYO,PE,10,0
2025,22,MAYO,PE,30,4
2025,22,MAYO,PE,50,8
2025,22,MAYO,PE,100,18
2025,22,MAYO,PE,200,38
2025,22,MAYO,EC,10,0
2025,22,MAYO,EC,30,3
2025,22,MAYO,EC,50,6
2025,22,MAYO,EC,100,15
2025,22,MAYO,EC,200,36
2025,22,MAYO,PN,10,0
2025,22,MAYO,PN,30,1
2025,22,MAYO,PN,50,5
2025,22,MAYO,PN,100,15
2025,22,MAYO,PN,200,30
2025,22,MAYO,CR,10,0
2025,22,MAYO,CR,30,5
2025,22,MAYO,CR,50,8
2025,22,MAYO,CR,100,19
2025,22,MAYO,CR,200,35
2025,22,MAYO,GT,10,1
2025,22,MAYO,GT,30,2
2025,22,MAYO,GT,50,5
2025,22,MAYO,GT,100,14
2025,22,MAYO,GT,200,42
2025,22,MAYO,SV,10,1
2025,22,MAYO,SV,30,3
2025,22,MAYO,SV,50,5
2025,22,MAYO,SV,100,14
2025,22,MAYO,SV,200,41
2025,22,MAYO,HN,10,0
2025,22,MAYO,HN,30,2
2025,22,MAYO,HN,50,5
2025,22,MAYO,HN,100,11
2025,22,MAYO,HN,200,28
2025,22,MAYO,NI,10,0
2025,22,MAYO,NI,30,2
2025,22,MAYO,NI,50,4
2025,22,MAYO,NI,100,11
2025,22,MAYO,NI,200,36
2025,22,MAYO,DO,10,0
2025,22,MAYO,DO,30,0
2025,22,MAYO,DO,50,5
2025,22,MAYO,DO,100,10
2025,22,MAYO,DO,200,21
2025,22,MAYO,VE,10,0
2025,22,MAYO,VE,30,1
2025,22,MAYO,VE,50,6
2025,22,MAYO,VE,100,17
2025,22,MAYO,VE,200,36
2025,22,MAYO,MX,10,0
2025,22,MAYO,MX,30,1
2025,22,MAYO,MX,50,6
2025,22,MAYO,MX,100,16
2025,22,MAYO,MX,200,38
2025,22,MAYO,SP,10,0
2025,22,MAYO,SP,30,3
2025,22,MAYO,SP,50,4
2025,22,MAYO,SP,100,11
2025,22,MAYO,SP,200,29
2025,22,MAYO,CL,10,0
2025,22,MAYO,CL,30,0
2025,22,MAYO,CL,50,4
2025,22,MAYO,CL,100,7
2025,22,MAYO,CL,200,24
2025,22,MAYO,AR,10,0
2025,22,MAYO,AR,30,2
2025,22,MAYO,AR,50,3
2025,22,MAYO,AR,100,9
2025,22,MAYO,AR,200,26
2025,22,MAYO,BR,10,0
2025,22,MAYO,BR,30,5
2025,22,MAYO,BR,50,6
2025,22,MAYO,BR,100,11
2025,22,MAYO,BR,200,27
2025,22,MAYO,PT,10,1
2025,22,MAYO,PT,30,7
2025,22,MAYO,PT,50,9
2025,22,MAYO,PT,100,19
2025,22,MAYO,PT,200,38
2025,23,JUNIO,CO,10,0
2025,23,JUNIO,CO,30,5
2025,23,JUNIO,CO,50,6
2025,23,JUNIO,CO,100,14
2025,23,JUNIO,CO,200,36
2025,23,JUNIO,PE,10,0
2025,23,JUNIO,PE,30,3
2025,23,JUNIO,PE,50,6
2025,23,JUNIO,PE,100,14
2025,23,JUNIO,PE,200,35
2025,23,JUNIO,EC,10,0
2025,23,JUNIO,EC,30,3
2025,23,JUNIO,EC,50,7
2025,23,JUNIO,EC,100,11
2025,23,JUNIO,EC,200,32
2025,23,JUNIO,PN,10,0
2025,23,JUNIO,PN,30,1
2025,23,JUNIO,PN,50,5
2025,23,JUNIO,PN,100,14
2025,23,JUNIO,PN,200,23
2025,23,JUNIO,CR,10,0
2025,23,JUNIO,CR,30,3
2025,23,JUNIO,CR,50,8
2025,23,JUNIO,CR,100,16
2025,23,JUNIO,CR,200,33
2025,23,JUNIO,GT,10,1
2025,23,JUNIO,GT,30,2
2025,23,JUNIO,GT,50,5
2025,23,JUNIO,GT,100,11
2025,23,JUNIO,GT,200,38
2025,23,JUNIO,SV,10,0
2025,23,JUNIO,SV,30,4
2025,23,JUNIO,SV,50,5
2025,23,JUNIO,SV,100,13
2025,23,JUNIO,SV,200,34
2025,23,JUNIO,HN,10,0
2025,23,JUNIO,HN,30,2
2025,23,JUNIO,HN,50,5
2025,23,JUNIO,HN,100,10
2025,23,JUNIO,HN,200,27
2025,23,JUNIO,NI,10,0
2025,23,JUNIO,NI,30,2
2025,23,JUNIO,NI,50,5
2025,23,JUNIO,NI,100,11
2025,23,JUNIO,NI,200,33
2025,23,JUNIO,DO,10,0
2025,23,JUNIO,DO,30,0
2025,23,JUNIO,DO,50,3
2025,23,JUNIO,DO,100,10
2025,23,JUNIO,DO,200,21
2025,23,JUNIO,VE,10,0
2025,23,JUNIO,VE,30,1
2025,23,JUNIO,VE,50,6
2025,23,JUNIO,VE,100,16
2025,23,JUNIO,VE,200,30
2025,23,JUNIO,MX,10,0
2025,23,JUNIO,MX,30,1
2025,23,JUNIO,MX,50,4
2025,23,JUNIO,MX,100,16
2025,23,JUNIO,MX,200,36
2025,23,JUNIO,SP,10,2
2025,23,JUNIO,SP,30,5
2025,23,JUNIO,SP,50,12
2025,23,JUNIO,SP,100,27
2025,23,JUNIO,SP,200,41
2025,23,JUNIO,CL,10,0
2025,23,JUNIO,CL,30,1
2025,23,JUNIO,CL,50,3
2025,23,JUNIO,CL,100,6
2025,23,JUNIO,CL,200,23
2025,23,JUNIO,AR,10,0
2025,23,JUNIO,AR,30,2
2025,23,JUNIO,AR,50,3
2025,23,JUNIO,AR,100,9
2025,23,JUNIO,AR,200,31
2025,23,JUNIO,BR,10,0
2025,23,JUNIO,BR,30,4
2025,23,JUNIO,BR,50,5
2025,23,JUNIO,BR,100,11
2025,23,JUNIO,BR,200,22
2025,23,JUNIO,PT,10,2
2025,23,JUNIO,PT,30,7
2025,23,JUNIO,PT,50,9
2025,23,JUNIO,PT,100,18
2025,23,JUNIO,PT,200,36
2025,24,JUNIO,CO,10,0
2025,24,JUNIO,CO,30,5
2025,24,JUNIO,CO,50,8
2025,24,JUNIO,CO,100,12
2025,24,JUNIO,CO,200,35
2025,24,JUNIO,PE,10,0
2025,24,JUNIO,PE,30,3
2025,24,JUNIO,PE,50,7
2025,24,JUNIO,PE,100,16
2025,24,JUNIO,PE,200,32
2025,24,JUNIO,EC,10,0
2025,24,JUNIO,EC,30,2
2025,24,JUNIO,EC,50,6
2025,24,JUNIO,EC,100,10
2025,24,JUNIO,EC,200,33
2025,24,JUNIO,PN,10,0
2025,24,JUNIO,PN,30,0
2025,24,JUNIO,PN,50,4
2025,24,JUNIO,PN,100,14
2025,24,JUNIO,PN,200,29
2025,24,JUNIO,CR,10,0
2025,24,JUNIO,CR,30,3
2025,24,JUNIO,CR,50,7
2025,24,JUNIO,CR,100,18
2025,24,JUNIO,CR,200,32
2025,24,JUNIO,GT,10,0
2025,24,JUNIO,GT,30,2
2025,24,JUNIO,GT,50,5
2025,24,JUNIO,GT,100,12
2025,24,JUNIO,GT,200,38
2025,24,JUNIO,SV,10,0
2025,24,JUNIO,SV,30,3
2025,24,JUNIO,SV,50,5
2025,24,JUNIO,SV,100,10
2025,24,JUNIO,SV,200,37
2025,24,JUNIO,HN,10,0
2025,24,JUNIO,HN,30,2
2025,24,JUNIO,HN,50,3
2025,24,JUNIO,HN,100,9
2025,24,JUNIO,HN,200,29
2025,24,JUNIO,NI,10,0
2025,24,JUNIO,NI,30,2
2025,24,JUNIO,NI,50,4
2025,24,JUNIO,NI,100,9
2025,24,JUNIO,NI,200,34
2025,24,JUNIO,DO,10,0
2025,24,JUNIO,DO,30,0
2025,24,JUNIO,DO,50,1
2025,24,JUNIO,DO,100,9
2025,24,JUNIO,DO,200,20
2025,24,JUNIO,VE,10,0
2025,24,JUNIO,VE,30,0
2025,24,JUNIO,VE,50,5
2025,24,JUNIO,VE,100,14
2025,24,JUNIO,VE,200,29
2025,24,JUNIO,MX,10,0
2025,24,JUNIO,MX,30,1
2025,24,JUNIO,MX,50,4
2025,24,JUNIO,MX,100,13
2025,24,JUNIO,MX,200,33
2025,24,JUNIO,SP,10,1
2025,24,JUNIO,SP,30,4
2025,24,JUNIO,SP,50,8
2025,24,JUNIO,SP,100,22
2025,24,JUNIO,SP,200,40
2025,24,JUNIO,CL,10,0
2025,24,JUNIO,CL,30,0
2025,24,JUNIO,CL,50,2
2025,24,JUNIO,CL,100,7
2025,24,JUNIO,CL,200,22
2025,24,JUNIO,AR,10,0
2025,24,JUNIO,AR,30,2
2025,24,JUNIO,AR,50,4
2025,24,JUNIO,AR,100,9
2025,24,JUNIO,AR,200,29
2025,24,JUNIO,BR,10,0
2025,24,JUNIO,BR,30,3
2025,24,JUNIO,BR,50,6
2025,24,JUNIO,BR,100,12
2025,24,JUNIO,BR,200,26
2025,24,JUNIO,PT,10,2
2025,24,JUNIO,PT,30,6
2025,24,JUNIO,PT,50,10
2025,24,JUNIO,PT,100,21
2025,24,JUNIO,PT,200,38
2025,25,JUNIO,CO,10,0
2025,25,JUNIO,CO,30,5
2025,25,JUNIO,CO,50,7
2025,25,JUNIO,CO,100,14
2025,25,JUNIO,CO,200,38
2025,25,JUNIO,PE,10,1
2025,25,JUNIO,PE,30,3
2025,25,JUNIO,PE,50,7
2025,25,JUNIO,PE,100,15
2025,25,JUNIO,PE,200,34
2025,25,JUNIO,EC,10,0
2025,25,JUNIO,EC,30,2
2025,25,JUNIO,EC,50,7
2025,25,JUNIO,EC,100,15
2025,25,JUNIO,EC,200,37
2025,25,JUNIO,PN,10,0
2025,25,JUNIO,PN,30,0
2025,25,JUNIO,PN,50,4
2025,25,JUNIO,PN,100,13
2025,25,JUNIO,PN,200,30
2025,25,JUNIO,CR,10,0
2025,25,JUNIO,CR,30,2
2025,25,JUNIO,CR,50,7
2025,25,JUNIO,CR,100,16
2025,25,JUNIO,CR,200,31
2025,25,JUNIO,GT,10,0
2025,25,JUNIO,GT,30,2
2025,25,JUNIO,GT,50,5
2025,25,JUNIO,GT,100,12
2025,25,JUNIO,GT,200,41
2025,25,JUNIO,SV,10,0
2025,25,JUNIO,SV,30,3
2025,25,JUNIO,SV,50,4
2025,25,JUNIO,SV,100,12
2025,25,JUNIO,SV,200,40
2025,25,JUNIO,HN,10,0
2025,25,JUNIO,HN,30,2
2025,25,JUNIO,HN,50,4
2025,25,JUNIO,HN,100,8
2025,25,JUNIO,HN,200,34
2025,25,JUNIO,NI,10,0
2025,25,JUNIO,NI,30,3
2025,25,JUNIO,NI,50,4
2025,25,JUNIO,NI,100,11
2025,25,JUNIO,NI,200,35
2025,25,JUNIO,DO,10,0
2025,25,JUNIO,DO,30,0
2025,25,JUNIO,DO,50,2
2025,25,JUNIO,DO,100,9
2025,25,JUNIO,DO,200,21
2025,25,JUNIO,VE,10,0
2025,25,JUNIO,VE,30,0
2025,25,JUNIO,VE,50,5
2025,25,JUNIO,VE,100,14
2025,25,JUNIO,VE,200,31
2025,25,JUNIO,MX,10,0
2025,25,JUNIO,MX,30,1
2025,25,JUNIO,MX,50,4
2025,25,JUNIO,MX,100,13
2025,25,JUNIO,MX,200,34
2025,25,JUNIO,SP,10,1
2025,25,JUNIO,SP,30,4
2025,25,JUNIO,SP,50,6
2025,25,JUNIO,SP,100,15
2025,25,JUNIO,SP,200,38
2025,25,JUNIO,CL,10,0
2025,25,JUNIO,CL,30,1
2025,25,JUNIO,CL,50,2
2025,25,JUNIO,CL,100,8
2025,25,JUNIO,CL,200,23
2025,25,JUNIO,AR,10,0
2025,25,JUNIO,AR,30,2
2025,25,JUNIO,AR,50,4
2025,25,JUNIO,AR,100,9
2025,25,JUNIO,AR,200,27
2025,25,JUNIO,BR,10,1
2025,25,JUNIO,BR,30,4
2025,25,JUNIO,BR,50,6
2025,25,JUNIO,BR,100,15
2025,25,JUNIO,BR,200,27
2025,25,JUNIO,PT,10,2
2025,25,JUNIO,PT,30,7
2025,25,JUNIO,PT,50,11
2025,25,JUNIO,PT,100,20
2025,25,JUNIO,PT,200,38
2025,26,JUNIO,CO,10,2
2025,26,JUNIO,CO,30,11
2025,26,JUNIO,CO,50,21
2025,26,JUNIO,CO,100,30
2025,26,JUNIO,CO,200,56
2025,26,JUNIO,PE,10,0
2025,26,JUNIO,PE,30,3
2025,26,JUNIO,PE,50,10
2025,26,JUNIO,PE,100,22
2025,26,JUNIO,PE,200,49
2025,26,JUNIO,EC,10,0
2025,26,JUNIO,EC,30,6
2025,26,JUNIO,EC,50,10
2025,26,JUNIO,EC,100,24
2025,26,JUNIO,EC,200,53
2025,26,JUNIO,PN,10,1
2025,26,JUNIO,PN,30,7
2025,26,JUNIO,PN,50,10
2025,26,JUNIO,PN,100,33
2025,26,JUNIO,PN,200,57
2025,26,JUNIO,CR,10,4
2025,26,JUNIO,CR,30,10
2025,26,JUNIO,CR,50,19
2025,26,JUNIO,CR,100,32
2025,26,JUNIO,CR,200,56
2025,26,JUNIO,GT,10,0
2025,26,JUNIO,GT,30,3
2025,26,JUNIO,GT,50,7
2025,26,JUNIO,GT,100,18
2025,26,JUNIO,GT,200,53
2025,26,JUNIO,SV,10,0
2025,26,JUNIO,SV,30,7
2025,26,JUNIO,SV,50,10
2025,26,JUNIO,SV,100,17
2025,26,JUNIO,SV,200,57
2025,26,JUNIO,HN,10,0
2025,26,JUNIO,HN,30,1
2025,26,JUNIO,HN,50,4
2025,26,JUNIO,HN,100,11
2025,26,JUNIO,HN,200,43
2025,26,JUNIO,NI,10,0
2025,26,JUNIO,NI,30,2
2025,26,JUNIO,NI,50,4
2025,26,JUNIO,NI,100,15
2025,26,JUNIO,NI,200,39
2025,26,JUNIO,DO,10,0
2025,26,JUNIO,DO,30,1
2025,26,JUNIO,DO,50,5
2025,26,JUNIO,DO,100,17
2025,26,JUNIO,DO,200,34
2025,26,JUNIO,VE,10,0
2025,26,JUNIO,VE,30,4
2025,26,JUNIO,VE,50,12
2025,26,JUNIO,VE,100,29
2025,26,JUNIO,VE,200,54
2025,26,JUNIO,MX,10,0
2025,26,JUNIO,MX,30,1
2025,26,JUNIO,MX,50,4
2025,26,JUNIO,MX,100,16
2025,26,JUNIO,MX,200,41
2025,26,JUNIO,SP,10,0
2025,26,JUNIO,SP,30,4
2025,26,JUNIO,SP,50,6
2025,26,JUNIO,SP,100,22
2025,26,JUNIO,SP,200,41
2025,26,JUNIO,CL,10,0
2025,26,JUNIO,CL,30,3
2025,26,JUNIO,CL,50,7
2025,26,JUNIO,CL,100,20
2025,26,JUNIO,CL,200,40
2025,26,JUNIO,AR,10,1
2025,26,JUNIO,AR,30,3
2025,26,JUNIO,AR,50,5
2025,26,JUNIO,AR,100,10
2025,26,JUNIO,AR,200,30
2025,26,JUNIO,BR,10,1
2025,26,JUNIO,BR,30,3
2025,26,JUNIO,BR,50,6
2025,26,JUNIO,BR,100,13
2025,26,JUNIO,BR,200,27
2025,26,JUNIO,PT,10,1
2025,26,JUNIO,PT,30,7
2025,26,JUNIO,PT,50,12
2025,26,JUNIO,PT,100,22
2025,26,JUNIO,PT,200,41
2025,27,JULIO,CO,10,3
2025,27,JULIO,CO,30,11
2025,27,JULIO,CO,50,16
2025,27,JULIO,CO,100,27
2025,27,JULIO,CO,200,50
2025,27,JULIO,PE,10,0
2025,27,JULIO,PE,30,5
2025,27,JULIO,PE,50,9
2025,27,JULIO,PE,100,22
2025,27,JULIO,PE,200,45
2025,27,JULIO,EC,10,3
2025,27,JULIO,EC,30,7
2025,27,JULIO,EC,50,13
2025,27,JULIO,EC,100,23
2025,27,JULIO,EC,200,46
2025,27,JULIO,PN,10,1
2025,27,JULIO,PN,30,6
2025,27,JULIO,PN,50,10
2025,27,JULIO,PN,100,21
2025,27,JULIO,PN,200,49
2025,27,JULIO,CR,10,3
2025,27,JULIO,CR,30,9
2025,27,JULIO,CR,50,15
2025,27,JULIO,CR,100,27
2025,27,JULIO,CR,200,49
2025,27,JULIO,GT,10,1
2025,27,JULIO,GT,30,4
2025,27,JULIO,GT,50,8
2025,27,JULIO,GT,100,18
2025,27,JULIO,GT,200,44
2025,27,JULIO,SV,10,2
2025,27,JULIO,SV,30,8
2025,27,JULIO,SV,50,9
2025,27,JULIO,SV,100,14
2025,27,JULIO,SV,200,44
2025,27,JULIO,HN,10,0
2025,27,JULIO,HN,30,2
2025,27,JULIO,HN,50,5
2025,27,JULIO,HN,100,11
2025,27,JULIO,HN,200,34
2025,27,JULIO,NI,10,0
2025,27,JULIO,NI,30,4
2025,27,JULIO,NI,50,5
2025,27,JULIO,NI,100,15
2025,27,JULIO,NI,200,40
2025,27,JULIO,DO,10,0
2025,27,JULIO,DO,30,2
2025,27,JULIO,DO,50,5
2025,27,JULIO,DO,100,16
2025,27,JULIO,DO,200,26
2025,27,JULIO,VE,10,1
2025,27,JULIO,VE,30,5
2025,27,JULIO,VE,50,12
2025,27,JULIO,VE,100,23
2025,27,JULIO,VE,200,46
2025,27,JULIO,MX,10,0
2025,27,JULIO,MX,30,2
2025,27,JULIO,MX,50,4
2025,27,JULIO,MX,100,15
2025,27,JULIO,MX,200,36
2025,27,JULIO,SP,10,0
2025,27,JULIO,SP,30,3
2025,27,JULIO,SP,50,6
2025,27,JULIO,SP,100,16
2025,27,JULIO,SP,200,37
2025,27,JULIO,CL,10,0
2025,27,JULIO,CL,30,2
2025,27,JULIO,CL,50,6
2025,27,JULIO,CL,100,14
2025,27,JULIO,CL,200,37
2025,27,JULIO,AR,10,0
2025,27,JULIO,AR,30,1
2025,27,JULIO,AR,50,3
2025,27,JULIO,AR,100,9
2025,27,JULIO,AR,200,30
2025,27,JULIO,BR,10,0
2025,27,JULIO,BR,30,2
2025,27,JULIO,BR,50,5
2025,27,JULIO,BR,100,9
2025,27,JULIO,BR,200,24
2025,27,JULIO,PT,10,1
2025,27,JULIO,PT,30,6
2025,27,JULIO,PT,50,11
2025,27,JULIO,PT,100,22
2025,27,JULIO,PT,200,42
2025,28,JULIO,CO,10,3
2025,28,JULIO,CO,30,8
2025,28,JULIO,CO,50,13
2025,28,JULIO,CO,100,24
2025,28,JULIO,CO,200,47
2025,28,JULIO,PE,10,0
2025,28,JULIO,PE,30,5
2025,28,JULIO,PE,50,7
2025,28,JULIO,PE,100,18
2025,28,JULIO,PE,200,39
2025,28,JULIO,EC,10,3
2025,28,JULIO,EC,30,7
2025,28,JULIO,EC,50,10
2025,28,JULIO,EC,100,21
2025,28,JULIO,EC,200,41
2025,28,JULIO,PN,10,1
2025,28,JULIO,PN,30,6
2025,28,JULIO,PN,50,9
2025,28,JULIO,PN,100,19
2025,28,JULIO,PN,200,36
2025,28,JULIO,CR,10,2
2025,28,JULIO,CR,30,9
2025,28,JULIO,CR,50,12
2025,28,JULIO,CR,100,22
2025,28,JULIO,CR,200,46
2025,28,JULIO,GT,10,1
2025,28,JULIO,GT,30,3
2025,28,JULIO,GT,50,6
2025,28,JULIO,GT,100,16
2025,28,JULIO,GT,200,41
2025,28,JULIO,SV,10,2
2025,28,JULIO,SV,30,6
2025,28,JULIO,SV,50,9
2025,28,JULIO,SV,100,15
2025,28,JULIO,SV,200,38
2025,28,JULIO,HN,10,0
2025,28,JULIO,HN,30,3
2025,28,JULIO,HN,50,5
2025,28,JULIO,HN,100,13
2025,28,JULIO,HN,200,33
2025,28,JULIO,NI,10,0
2025,28,JULIO,NI,30,3
2025,28,JULIO,NI,50,5
2025,28,JULIO,NI,100,14
2025,28,JULIO,NI,200,40
2025,28,JULIO,DO,10,0
2025,28,JULIO,DO,30,1
2025,28,JULIO,DO,50,6
2025,28,JULIO,DO,100,13
2025,28,JULIO,DO,200,25
2025,28,JULIO,VE,10,1
2025,28,JULIO,VE,30,5
2025,28,JULIO,VE,50,10
2025,28,JULIO,VE,100,22
2025,28,JULIO,VE,200,42
2025,28,JULIO,MX,10,0
2025,28,JULIO,MX,30,1
2025,28,JULIO,MX,50,3
2025,28,JULIO,MX,100,13
2025,28,JULIO,MX,200,39
2025,28,JULIO,SP,10,0
2025,28,JULIO,SP,30,3
2025,28,JULIO,SP,50,6
2025,28,JULIO,SP,100,15
2025,28,JULIO,SP,200,37
2025,28,JULIO,CL,10,0
2025,28,JULIO,CL,30,4
2025,28,JULIO,CL,50,6
2025,28,JULIO,CL,100,13
2025,28,JULIO,CL,200,32
2025,28,JULIO,AR,10,0
2025,28,JULIO,AR,30,2
2025,28,JULIO,AR,50,2
2025,28,JULIO,AR,100,6
2025,28,JULIO,AR,200,29
2025,28,JULIO,BR,10,0
2025,28,JULIO,BR,30,3
2025,28,JULIO,BR,50,5
2025,28,JULIO,BR,100,10
2025,28,JULIO,BR,200,25
2025,28,JULIO,PT,10,1
2025,28,JULIO,PT,30,6
2025,28,JULIO,PT,50,11
2025,28,JULIO,PT,100,23
2025,28,JULIO,PT,200,45
2025,29,JULIO,CO,10,2
2025,29,JULIO,CO,30,9
2025,29,JULIO,CO,50,10
2025,29,JULIO,CO,100,20
2025,29,JULIO,CO,200,44
2025,29,JULIO,PE,10,0
2025,29,JULIO,PE,30,6
2025,29,JULIO,PE,50,7
2025,29,JULIO,PE,100,16
2025,29,JULIO,PE,200,39
2025,29,JULIO,EC,10,3
2025,29,JULIO,EC,30,7
2025,29,JULIO,EC,50,8
2025,29,JULIO,EC,100,18
2025,29,JULIO,EC,200,40
2025,29,JULIO,PN,10,1
2025,29,JULIO,PN,30,3
2025,29,JULIO,PN,50,9
2025,29,JULIO,PN,100,15
2025,29,JULIO,PN,200,34
2025,29,JULIO,CR,10,2
2025,29,JULIO,CR,30,6
2025,29,JULIO,CR,50,10
2025,29,JULIO,CR,100,20
2025,29,JULIO,CR,200,43
2025,29,JULIO,GT,10,0
2025,29,JULIO,GT,30,3
2025,29,JULIO,GT,50,6
2025,29,JULIO,GT,100,13
2025,29,JULIO,GT,200,38
2025,29,JULIO,SV,10,1
2025,29,JULIO,SV,30,5
2025,29,JULIO,SV,50,8
2025,29,JULIO,SV,100,14
2025,29,JULIO,SV,200,39
2025,29,JULIO,HN,10,0
2025,29,JULIO,HN,30,3
2025,29,JULIO,HN,50,5
2025,29,JULIO,HN,100,11
2025,29,JULIO,HN,200,32
2025,29,JULIO,NI,10,0
2025,29,JULIO,NI,30,3
2025,29,JULIO,NI,50,5
2025,29,JULIO,NI,100,15
2025,29,JULIO,NI,200,35
2025,29,JULIO,DO,10,0
2025,29,JULIO,DO,30,1
2025,29,JULIO,DO,50,5
2025,29,JULIO,DO,100,13
2025,29,JULIO,DO,200,26
2025,29,JULIO,VE,10,1
2025,29,JULIO,VE,30,4
2025,29,JULIO,VE,50,9
2025,29,JULIO,VE,100,21
2025,29,JULIO,VE,200,41
2025,29,JULIO,MX,10,0
2025,29,JULIO,MX,30,1
2025,29,JULIO,MX,50,3
2025,29,JULIO,MX,100,14
2025,29,JULIO,MX,200,38
2025,29,JULIO,SP,10,0
2025,29,JULIO,SP,30,3
2025,29,JULIO,SP,50,4
2025,29,JULIO,SP,100,14
2025,29,JULIO,SP,200,33
2025,29,JULIO,CL,10,0
2025,29,JULIO,CL,30,2
2025,29,JULIO,CL,50,6
2025,29,JULIO,CL,100,11
2025,29,JULIO,CL,200,30
2025,29,JULIO,AR,10,0
2025,29,JULIO,AR,30,1
2025,29,JULIO,AR,50,2
2025,29,JULIO,AR,100,6
2025,29,JULIO,AR,200,27
2025,29,JULIO,BR,10,0
2025,29,JULIO,BR,30,2
2025,29,JULIO,BR,50,6
2025,29,JULIO,BR,100,15
2025,29,JULIO,BR,200,31
2025,29,JULIO,PT,10,1
2025,29,JULIO,PT,30,6
2025,29,JULIO,PT,50,12
2025,29,JULIO,PT,100,25
2025,29,JULIO,PT,200,49
2025,30,JULIO,CO,10,1
2025,30,JULIO,CO,30,8
2025,30,JULIO,CO,50,11
2025,30,JULIO,CO,100,19
2025,30,JULIO,CO,200,41
2025,30,JULIO,PE,10,0
2025,30,JULIO,PE,30,5
2025,30,JULIO,PE,50,7
2025,30,JULIO,PE,100,14
2025,30,JULIO,PE,200,34
2025,30,JULIO,EC,10,1
2025,30,JULIO,EC,30,6
2025,30,JULIO,EC,50,7
2025,30,JULIO,EC,100,14
2025,30,JULIO,EC,200,36
2025,30,JULIO,PN,10,0
2025,30,JULIO,PN,30,2
2025,30,JULIO,PN,50,7
2025,30,JULIO,PN,100,16
2025,30,JULIO,PN,200,31
2025,30,JULIO,CR,10,2
2025,30,JULIO,CR,30,4
2025,30,JULIO,CR,50,9
2025,30,JULIO,CR,100,20
2025,30,JULIO,CR,200,38
2025,30,JULIO,GT,10,0
2025,30,JULIO,GT,30,3
2025,30,JULIO,GT,50,5
2025,30,JULIO,GT,100,11
2025,30,JULIO,GT,200,37
2025,30,JULIO,SV,10,0
2025,30,JULIO,SV,30,4
2025,30,JULIO,SV,50,6
2025,30,JULIO,SV,100,11
2025,30,JULIO,SV,200,36
2025,30,JULIO,HN,10,0
2025,30,JULIO,HN,30,3
2025,30,JULIO,HN,50,6
2025,30,JULIO,HN,100,9
2025,30,JULIO,HN,200,31
2025,30,JULIO,NI,10,0
2025,30,JULIO,NI,30,1
2025,30,JULIO,NI,50,5
2025,30,JULIO,NI,100,13
2025,30,JULIO,NI,200,34
2025,30,JULIO,DO,10,0
2025,30,JULIO,DO,30,1
2025,30,JULIO,DO,50,4
2025,30,JULIO,DO,100,12
2025,30,JULIO,DO,200,24
2025,30,JULIO,VE,10,0
2025,30,JULIO,VE,30,2
2025,30,JULIO,VE,50,8
2025,30,JULIO,VE,100,17
2025,30,JULIO,VE,200,34
2025,30,JULIO,MX,10,0
2025,30,JULIO,MX,30,1
2025,30,JULIO,MX,50,3
2025,30,JULIO,MX,100,15
2025,30,JULIO,MX,200,36
2025,30,JULIO,SP,10,0
2025,30,JULIO,SP,30,3
2025,30,JULIO,SP,50,6
2025,30,JULIO,SP,100,14
2025,30,JULIO,SP,200,35
2025,30,JULIO,CL,10,0
2025,30,JULIO,CL,30,2
2025,30,JULIO,CL,50,6
2025,30,JULIO,CL,100,10
2025,30,JULIO,CL,200,26
2025,30,JULIO,AR,10,0
2025,30,JULIO,AR,30,1
2025,30,JULIO,AR,50,3
2025,30,JULIO,AR,100,6
2025,30,JULIO,AR,200,24
2025,30,JULIO,BR,10,0
2025,30,JULIO,BR,30,3
2025,30,JULIO,BR,50,5
2025,30,JULIO,BR,100,12
2025,30,JULIO,BR,200,26
2025,30,JULIO,PT,10,1
2025,30,JULIO,PT,30,8
2025,30,JULIO,PT,50,13
2025,30,JULIO,PT,100,23
2025,30,JULIO,PT,200,43
2025,31,JULIO,CO,10,1
2025,31,JULIO,CO,30,6
2025,31,JULIO,CO,50,9
2025,31,JULIO,CO,100,16
2025,31,JULIO,CO,200,38
2025,31,JULIO,PE,10,0
2025,31,JULIO,PE,30,5
2025,31,JULIO,PE,50,7
2025,31,JULIO,PE,100,13
2025,31,JULIO,PE,200,30
2025,31,JULIO,EC,10,1
2025,31,JULIO,EC,30,5
2025,31,JULIO,EC,50,8
2025,31,JULIO,EC,100,15
2025,31,JULIO,EC,200,34
2025,31,JULIO,PN,10,0
2025,31,JULIO,PN,30,1
2025,31,JULIO,PN,50,5
2025,31,JULIO,PN,100,16
2025,31,JULIO,PN,200,31
2025,31,JULIO,CR,10,2
2025,31,JULIO,CR,30,4
2025,31,JULIO,CR,50,9
2025,31,JULIO,CR,100,18
2025,31,JULIO,CR,200,38
2025,31,JULIO,GT,10,0
2025,31,JULIO,GT,30,3
2025,31,JULIO,GT,50,6
2025,31,JULIO,GT,100,12
2025,31,JULIO,GT,200,37
2025,31,JULIO,SV,10,0
2025,31,JULIO,SV,30,5
2025,31,JULIO,SV,50,5
2025,31,JULIO,SV,100,11
2025,31,JULIO,SV,200,36
2025,31,JULIO,HN,10,0
2025,31,JULIO,HN,30,1
2025,31,JULIO,HN,50,5
2025,31,JULIO,HN,100,10
2025,31,JULIO,HN,200,31
2025,31,JULIO,NI,10,0
2025,31,JULIO,NI,30,3
2025,31,JULIO,NI,50,6
2025,31,JULIO,NI,100,14
2025,31,JULIO,NI,200,37
2025,31,JULIO,DO,10,0
2025,31,JULIO,DO,30,1
2025,31,JULIO,DO,50,4
2025,31,JULIO,DO,100,13
2025,31,JULIO,DO,200,24
2025,31,JULIO,VE,10,1
2025,31,JULIO,VE,30,2
2025,31,JULIO,VE,50,8
2025,31,JULIO,VE,100,16
2025,31,JULIO,VE,200,34
2025,31,JULIO,MX,10,0
2025,31,JULIO,MX,30,0
2025,31,JULIO,MX,50,3
2025,31,JULIO,MX,100,13
2025,31,JULIO,MX,200,34
2025,31,JULIO,SP,10,0
2025,31,JULIO,SP,30,3
2025,31,JULIO,SP,50,5
2025,31,JULIO,SP,100,14
2025,31,JULIO,SP,200,33
2025,31,JULIO,CL,10,0
2025,31,JULIO,CL,30,1
2025,31,JULIO,CL,50,4
2025,31,JULIO,CL,100,9
2025,31,JULIO,CL,200,26
2025,31,JULIO,AR,10,0
2025,31,JULIO,AR,30,1
2025,31,JULIO,AR,50,3
2025,31,JULIO,AR,100,7
2025,31,JULIO,AR,200,27
2025,31,JULIO,BR,10,0
2025,31,JULIO,BR,30,3
2025,31,JULIO,BR,50,5
2025,31,JULIO,BR,100,12
2025,31,JULIO,BR,200,22
2025,31,JULIO,PT,10,1
2025,31,JULIO,PT,30,7
2025,31,JULIO,PT,50,13
2025,31,JULIO,PT,100,25
2025,31,JULIO,PT,200,45
2025,32,AGOSTO,CO,10,1
2025,32,AGOSTO,CO,30,5
2025,32,AGOSTO,CO,50,11
2025,32,AGOSTO,CO,100,15
2025,32,AGOSTO,CO,200,37
2025,32,AGOSTO,PE,10,0
2025,32,AGOSTO,PE,30,4
2025,32,AGOSTO,PE,50,7
2025,32,AGOSTO,PE,100,14
2025,32,AGOSTO,PE,200,32
2025,32,AGOSTO,EC,10,1
2025,32,AGOSTO,EC,30,4
2025,32,AGOSTO,EC,50,9
2025,32,AGOSTO,EC,100,15
2025,32,AGOSTO,EC,200,35
2025,32,AGOSTO,PN,10,1
2025,32,AGOSTO,PN,30,1
2025,32,AGOSTO,PN,50,5
2025,32,AGOSTO,PN,100,15
2025,32,AGOSTO,PN,200,34
2025,32,AGOSTO,CR,10,1
2025,32,AGOSTO,CR,30,3
2025,32,AGOSTO,CR,50,9
2025,32,AGOSTO,CR,100,16
2025,32,AGOSTO,CR,200,35
2025,32,AGOSTO,GT,10,1
2025,32,AGOSTO,GT,30,2
2025,32,AGOSTO,GT,50,5
2025,32,AGOSTO,GT,100,11
2025,32,AGOSTO,GT,200,32
2025,32,AGOSTO,SV,10,0
2025,32,AGOSTO,SV,30,4
2025,32,AGOSTO,SV,50,5
2025,32,AGOSTO,SV,100,11
2025,32,AGOSTO,SV,200,33
2025,32,AGOSTO,HN,10,0
2025,32,AGOSTO,HN,30,3
2025,32,AGOSTO,HN,50,5
2025,32,AGOSTO,HN,100,7
2025,32,AGOSTO,HN,200,29
2025,32,AGOSTO,NI,10,0
2025,32,AGOSTO,NI,30,3
2025,32,AGOSTO,NI,50,5
2025,32,AGOSTO,NI,100,10
2025,32,AGOSTO,NI,200,31
2025,32,AGOSTO,DO,10,0
2025,32,AGOSTO,DO,30,1
2025,32,AGOSTO,DO,50,4
2025,32,AGOSTO,DO,100,13
2025,32,AGOSTO,DO,200,23
2025,32,AGOSTO,VE,10,0
2025,32,AGOSTO,VE,30,1
2025,32,AGOSTO,VE,50,6
2025,32,AGOSTO,VE,100,13
2025,32,AGOSTO,VE,200,28
2025,32,AGOSTO,MX,10,0
2025,32,AGOSTO,MX,30,1
2025,32,AGOSTO,MX,50,4
2025,32,AGOSTO,MX,100,14
2025,32,AGOSTO,MX,200,37
2025,32,AGOSTO,SP,10,0
2025,32,AGOSTO,SP,30,3
2025,32,AGOSTO,SP,50,6
2025,32,AGOSTO,SP,100,15
2025,32,AGOSTO,SP,200,32
2025,32,AGOSTO,CL,10,0
2025,32,AGOSTO,CL,30,1
2025,32,AGOSTO,CL,50,3
2025,32,AGOSTO,CL,100,10
2025,32,AGOSTO,CL,200,26
2025,32,AGOSTO,AR,10,0
2025,32,AGOSTO,AR,30,1
2025,32,AGOSTO,AR,50,2
2025,32,AGOSTO,AR,100,8
2025,32,AGOSTO,AR,200,23
2025,32,AGOSTO,BR,10,0
2025,32,AGOSTO,BR,30,3
2025,32,AGOSTO,BR,50,5
2025,32,AGOSTO,BR,100,12
2025,32,AGOSTO,BR,200,25
2025,32,AGOSTO,PT,10,1
2025,32,AGOSTO,PT,30,6
2025,32,AGOSTO,PT,50,14
2025,32,AGOSTO,PT,100,26
2025,32,AGOSTO,PT,200,49
2025,33,AGOSTO,CO,10,1
2025,33,AGOSTO,CO,30,4
2025,33,AGOSTO,CO,50,7
2025,33,AGOSTO,CO,100,15
2025,33,AGOSTO,CO,200,34
2025,33,AGOSTO,PE,10,0
2025,33,AGOSTO,PE,30,3
2025,33,AGOSTO,PE,50,7
2025,33,AGOSTO,PE,100,12
2025,33,AGOSTO,PE,200,29
2025,33,AGOSTO,EC,10,1
2025,33,AGOSTO,EC,30,5
2025,33,AGOSTO,EC,50,7
2025,33,AGOSTO,EC,100,14
2025,33,AGOSTO,EC,200,33
2025,33,AGOSTO,PN,10,0
2025,33,AGOSTO,PN,30,1
2025,33,AGOSTO,PN,50,4
2025,33,AGOSTO,PN,100,14
2025,33,AGOSTO,PN,200,34
2025,33,AGOSTO,CR,10,1
2025,33,AGOSTO,CR,30,3
2025,33,AGOSTO,CR,50,7
2025,33,AGOSTO,CR,100,17
2025,33,AGOSTO,CR,200,32
2025,33,AGOSTO,GT,10,0
2025,33,AGOSTO,GT,30,2
2025,33,AGOSTO,GT,50,4
2025,33,AGOSTO,GT,100,11
2025,33,AGOSTO,GT,200,31
2025,33,AGOSTO,SV,10,0
2025,33,AGOSTO,SV,30,4
2025,33,AGOSTO,SV,50,5
2025,33,AGOSTO,SV,100,8
2025,33,AGOSTO,SV,200,29
2025,33,AGOSTO,HN,10,0
2025,33,AGOSTO,HN,30,3
2025,33,AGOSTO,HN,50,5
2025,33,AGOSTO,HN,100,7
2025,33,AGOSTO,HN,200,24
2025,33,AGOSTO,NI,10,1
2025,33,AGOSTO,NI,30,4
2025,33,AGOSTO,NI,50,8
2025,33,AGOSTO,NI,100,12
2025,33,AGOSTO,NI,200,30
2025,33,AGOSTO,DO,10,0
2025,33,AGOSTO,DO,30,1
2025,33,AGOSTO,DO,50,4
2025,33,AGOSTO,DO,100,13
2025,33,AGOSTO,DO,200,23
2025,33,AGOSTO,VE,10,0
2025,33,AGOSTO,VE,30,1
2025,33,AGOSTO,VE,50,5
2025,33,AGOSTO,VE,100,13
2025,33,AGOSTO,VE,200,29
2025,33,AGOSTO,MX,10,0
2025,33,AGOSTO,MX,30,1
2025,33,AGOSTO,MX,50,5
2025,33,AGOSTO,MX,100,19
2025,33,AGOSTO,MX,200,49
2025,33,AGOSTO,SP,10,0
2025,33,AGOSTO,SP,30,3
2025,33,AGOSTO,SP,50,5
2025,33,AGOSTO,SP,100,16
2025,33,AGOSTO,SP,200,35
2025,33,AGOSTO,CL,10,0
2025,33,AGOSTO,CL,30,0
2025,33,AGOSTO,CL,50,2
2025,33,AGOSTO,CL,100,9
2025,33,AGOSTO,CL,200,23
2025,33,AGOSTO,AR,10,0
2025,33,AGOSTO,AR,30,2
2025,33,AGOSTO,AR,50,3
2025,33,AGOSTO,AR,100,9
2025,33,AGOSTO,AR,200,23
2025,33,AGOSTO,BR,10,0
2025,33,AGOSTO,BR,30,3
2025,33,AGOSTO,BR,50,4
2025,33,AGOSTO,BR,100,12
2025,33,AGOSTO,BR,200,22
2025,33,AGOSTO,PT,10,1
2025,33,AGOSTO,PT,30,7
2025,33,AGOSTO,PT,50,13
2025,33,AGOSTO,PT,100,25
2025,33,AGOSTO,PT,200,46
2025,34,AGOSTO,CO,10,0
2025,34,AGOSTO,CO,30,5
2025,34,AGOSTO,CO,50,6
2025,34,AGOSTO,CO,100,13
2025,34,AGOSTO,CO,200,31
2025,34,AGOSTO,PE,10,0
2025,34,AGOSTO,PE,30,2
2025,34,AGOSTO,PE,50,6
2025,34,AGOSTO,PE,100,10
2025,34,AGOSTO,PE,200,26
2025,34,AGOSTO,EC,10,0
2025,34,AGOSTO,EC,30,5
2025,34,AGOSTO,EC,50,8
2025,34,AGOSTO,EC,100,13
2025,34,AGOSTO,EC,200,34
2025,34,AGOSTO,PN,10,0
2025,34,AGOSTO,PN,30,1
2025,34,AGOSTO,PN,50,3
2025,34,AGOSTO,PN,100,14
2025,34,AGOSTO,PN,200,32
2025,34,AGOSTO,CR,10,0
2025,34,AGOSTO,CR,30,3
2025,34,AGOSTO,CR,50,6
2025,34,AGOSTO,CR,100,16
2025,34,AGOSTO,CR,200,33
2025,34,AGOSTO,GT,10,0
2025,34,AGOSTO,GT,30,1
2025,34,AGOSTO,GT,50,4
2025,34,AGOSTO,GT,100,13
2025,34,AGOSTO,GT,200,35
2025,34,AGOSTO,SV,10,0
2025,34,AGOSTO,SV,30,4
2025,34,AGOSTO,SV,50,5
2025,34,AGOSTO,SV,100,7
2025,34,AGOSTO,SV,200,34
2025,34,AGOSTO,HN,10,0
2025,34,AGOSTO,HN,30,2
2025,34,AGOSTO,HN,50,4
2025,34,AGOSTO,HN,100,7
2025,34,AGOSTO,HN,200,26
2025,34,AGOSTO,NI,10,1
2025,34,AGOSTO,NI,30,3
2025,34,AGOSTO,NI,50,6
2025,34,AGOSTO,NI,100,14
2025,34,AGOSTO,NI,200,31
2025,34,AGOSTO,DO,10,0
2025,34,AGOSTO,DO,30,1
2025,34,AGOSTO,DO,50,3
2025,34,AGOSTO,DO,100,12
2025,34,AGOSTO,DO,200,22
2025,34,AGOSTO,VE,10,0
2025,34,AGOSTO,VE,30,1
2025,34,AGOSTO,VE,50,5
2025,34,AGOSTO,VE,100,13
2025,34,AGOSTO,VE,200,24
2025,34,AGOSTO,MX,10,0
2025,34,AGOSTO,MX,30,2
2025,34,AGOSTO,MX,50,6
2025,34,AGOSTO,MX,100,21
2025,34,AGOSTO,MX,200,55
2025,34,AGOSTO,SP,10,0
2025,34,AGOSTO,SP,30,3
2025,34,AGOSTO,SP,50,6
2025,34,AGOSTO,SP,100,14
2025,34,AGOSTO,SP,200,33
2025,34,AGOSTO,CL,10,0
2025,34,AGOSTO,CL,30,0
2025,34,AGOSTO,CL,50,3
2025,34,AGOSTO,CL,100,10
2025,34,AGOSTO,CL,200,24
2025,34,AGOSTO,AR,10,0
2025,34,AGOSTO,AR,30,1
2025,34,AGOSTO,AR,50,3
2025,34,AGOSTO,AR,100,8
2025,34,AGOSTO,AR,200,22
2025,34,AGOSTO,BR,10,0
2025,34,AGOSTO,BR,30,4
2025,34,AGOSTO,BR,50,4
2025,34,AGOSTO,BR,100,11
2025,34,AGOSTO,BR,200,20
2025,34,AGOSTO,PT,10,1
2025,34,AGOSTO,PT,30,8
2025,34,AGOSTO,PT,50,14
2025,34,AGOSTO,PT,100,25
2025,34,AGOSTO,PT,200,46
2025,35,AGOSTO,CO,10,0
2025,35,AGOSTO,CO,30,5
2025,35,AGOSTO,CO,50,7
2025,35,AGOSTO,CO,100,16
2025,35,AGOSTO,CO,200,34
2025,35,AGOSTO,PE,10,0
2025,35,AGOSTO,PE,30,2
2025,35,AGOSTO,PE,50,6
2025,35,AGOSTO,PE,100,10
2025,35,AGOSTO,PE,200,31
2025,35,AGOSTO,EC,10,1
2025,35,AGOSTO,EC,30,4
2025,35,AGOSTO,EC,50,8
2025,35,AGOSTO,EC,100,14
2025,35,AGOSTO,EC,200,29
2025,35,AGOSTO,PN,10,0
2025,35,AGOSTO,PN,30,1
2025,35,AGOSTO,PN,50,4
2025,35,AGOSTO,PN,100,14
2025,35,AGOSTO,PN,200,35
2025,35,AGOSTO,CR,10,0
2025,35,AGOSTO,CR,30,4
2025,35,AGOSTO,CR,50,6
2025,35,AGOSTO,CR,100,16
2025,35,AGOSTO,CR,200,33
2025,35,AGOSTO,GT,10,0
2025,35,AGOSTO,GT,30,1
2025,35,AGOSTO,GT,50,4
2025,35,AGOSTO,GT,100,12
2025,35,AGOSTO,GT,200,32
2025,35,AGOSTO,SV,10,0
2025,35,AGOSTO,SV,30,3
2025,35,AGOSTO,SV,50,5
2025,35,AGOSTO,SV,100,8
2025,35,AGOSTO,SV,200,34
2025,35,AGOSTO,HN,10,0
2025,35,AGOSTO,HN,30,1
2025,35,AGOSTO,HN,50,4
2025,35,AGOSTO,HN,100,8
2025,35,AGOSTO,HN,200,22
2025,35,AGOSTO,NI,10,0
2025,35,AGOSTO,NI,30,3
2025,35,AGOSTO,NI,50,5
2025,35,AGOSTO,NI,100,11
2025,35,AGOSTO,NI,200,29
2025,35,AGOSTO,DO,10,0
2025,35,AGOSTO,DO,30,2
2025,35,AGOSTO,DO,50,3
2025,35,AGOSTO,DO,100,11
2025,35,AGOSTO,DO,200,23
2025,35,AGOSTO,VE,10,1
2025,35,AGOSTO,VE,30,1
2025,35,AGOSTO,VE,50,4
2025,35,AGOSTO,VE,100,13
2025,35,AGOSTO,VE,200,27
2025,35,AGOSTO,MX,10,0
2025,35,AGOSTO,MX,30,1
2025,35,AGOSTO,MX,50,5
2025,35,AGOSTO,MX,100,15
2025,35,AGOSTO,MX,200,51
2025,35,AGOSTO,SP,10,0
2025,35,AGOSTO,SP,30,4
2025,35,AGOSTO,SP,50,7
2025,35,AGOSTO,SP,100,15
2025,35,AGOSTO,SP,200,29
2025,35,AGOSTO,CL,10,0
2025,35,AGOSTO,CL,30,0
2025,35,AGOSTO,CL,50,4
2025,35,AGOSTO,CL,100,10
2025,35,AGOSTO,CL,200,23
2025,35,AGOSTO,AR,10,0
2025,35,AGOSTO,AR,30,1
2025,35,AGOSTO,AR,50,2
2025,35,AGOSTO,AR,100,8
2025,35,AGOSTO,AR,200,20
2025,35,AGOSTO,BR,10,0
2025,35,AGOSTO,BR,30,3
2025,35,AGOSTO,BR,50,4
2025,35,AGOSTO,BR,100,9
2025,35,AGOSTO,BR,200,19
2025,35,AGOSTO,PT,10,0
2025,35,AGOSTO,PT,30,7
2025,35,AGOSTO,PT,50,13
2025,35,AGOSTO,PT,100,23
2025,35,AGOSTO,PT,200,45
2025,36,SEPTIEMBRE,CO,10,0
2025,36,SEPTIEMBRE,CO,30,3
2025,36,SEPTIEMBRE,CO,50,8
2025,36,SEPTIEMBRE,CO,100,14
2025,36,SEPTIEMBRE,CO,200,30
2025,36,SEPTIEMBRE,PE,10,0
2025,36,SEPTIEMBRE,PE,30,2
2025,36,SEPTIEMBRE,PE,50,6
2025,36,SEPTIEMBRE,PE,100,11
2025,36,SEPTIEMBRE,PE,200,30
2025,36,SEPTIEMBRE,EC,10,0
2025,36,SEPTIEMBRE,EC,30,5
2025,36,SEPTIEMBRE,EC,50,8
2025,36,SEPTIEMBRE,EC,100,13
2025,36,SEPTIEMBRE,EC,200,29
2025,36,SEPTIEMBRE,PN,10,0
2025,36,SEPTIEMBRE,PN,30,2
2025,36,SEPTIEMBRE,PN,50,3
2025,36,SEPTIEMBRE,PN,100,13
2025,36,SEPTIEMBRE,PN,200,32
2025,36,SEPTIEMBRE,CR,10,0
2025,36,SEPTIEMBRE,CR,30,4
2025,36,SEPTIEMBRE,CR,50,4
2025,36,SEPTIEMBRE,CR,100,16
2025,36,SEPTIEMBRE,CR,200,30
2025,36,SEPTIEMBRE,GT,10,0
2025,36,SEPTIEMBRE,GT,30,1
2025,36,SEPTIEMBRE,GT,50,4
2025,36,SEPTIEMBRE,GT,100,11
2025,36,SEPTIEMBRE,GT,200,29
2025,36,SEPTIEMBRE,SV,10,0
2025,36,SEPTIEMBRE,SV,30,3
2025,36,SEPTIEMBRE,SV,50,5
2025,36,SEPTIEMBRE,SV,100,7
2025,36,SEPTIEMBRE,SV,200,32
2025,36,SEPTIEMBRE,HN,10,0
2025,36,SEPTIEMBRE,HN,30,1
2025,36,SEPTIEMBRE,HN,50,3
2025,36,SEPTIEMBRE,HN,100,8
2025,36,SEPTIEMBRE,HN,200,22
2025,36,SEPTIEMBRE,NI,10,0
2025,36,SEPTIEMBRE,NI,30,3
2025,36,SEPTIEMBRE,NI,50,3
2025,36,SEPTIEMBRE,NI,100,8
2025,36,SEPTIEMBRE,NI,200,29
2025,36,SEPTIEMBRE,DO,10,0
2025,36,SEPTIEMBRE,DO,30,1
2025,36,SEPTIEMBRE,DO,50,3
2025,36,SEPTIEMBRE,DO,100,7
2025,36,SEPTIEMBRE,DO,200,20
2025,36,SEPTIEMBRE,VE,10,0
2025,36,SEPTIEMBRE,VE,30,2
2025,36,SEPTIEMBRE,VE,50,4
2025,36,SEPTIEMBRE,VE,100,14
2025,36,SEPTIEMBRE,VE,200,28
2025,36,SEPTIEMBRE,MX,10,0
2025,36,SEPTIEMBRE,MX,30,1
2025,36,SEPTIEMBRE,MX,50,3
2025,36,SEPTIEMBRE,MX,100,13
2025,36,SEPTIEMBRE,MX,200,45
2025,36,SEPTIEMBRE,SP,10,0
2025,36,SEPTIEMBRE,SP,30,1
2025,36,SEPTIEMBRE,SP,50,7
2025,36,SEPTIEMBRE,SP,100,15
2025,36,SEPTIEMBRE,SP,200,37
2025,36,SEPTIEMBRE,CL,10,0
2025,36,SEPTIEMBRE,CL,30,0
2025,36,SEPTIEMBRE,CL,50,3
2025,36,SEPTIEMBRE,CL,100,11
2025,36,SEPTIEMBRE,CL,200,23
2025,36,SEPTIEMBRE,AR,10,0
2025,36,SEPTIEMBRE,AR,30,2
2025,36,SEPTIEMBRE,AR,50,4
2025,36,SEPTIEMBRE,AR,100,11
2025,36,SEPTIEMBRE,AR,200,28
2025,36,SEPTIEMBRE,BR,10,0
2025,36,SEPTIEMBRE,BR,30,3
2025,36,SEPTIEMBRE,BR,50,5
2025,36,SEPTIEMBRE,BR,100,14
2025,36,SEPTIEMBRE,BR,200,25
2025,36,SEPTIEMBRE,PT,10,1
2025,36,SEPTIEMBRE,PT,30,12
2025,36,SEPTIEMBRE,PT,50,20
2025,36,SEPTIEMBRE,PT,100,30
2025,36,SEPTIEMBRE,PT,200,53
2025,37,SEPTIEMBRE,CO,10,0
2025,37,SEPTIEMBRE,CO,30,4
2025,37,SEPTIEMBRE,CO,50,8
2025,37,SEPTIEMBRE,CO,100,14
2025,37,SEPTIEMBRE,CO,200,37
2025,37,SEPTIEMBRE,PE,10,0
2025,37,SEPTIEMBRE,PE,30,2
2025,37,SEPTIEMBRE,PE,50,6
2025,37,SEPTIEMBRE,PE,100,12
2025,37,SEPTIEMBRE,PE,200,36
2025,37,SEPTIEMBRE,EC,10,0
2025,37,SEPTIEMBRE,EC,30,6
2025,37,SEPTIEMBRE,EC,50,8
2025,37,SEPTIEMBRE,EC,100,13
2025,37,SEPTIEMBRE,EC,200,34
2025,37,SEPTIEMBRE,PN,10,0
2025,37,SEPTIEMBRE,PN,30,1
2025,37,SEPTIEMBRE,PN,50,3
2025,37,SEPTIEMBRE,PN,100,14
2025,37,SEPTIEMBRE,PN,200,34
2025,37,SEPTIEMBRE,CR,10,0
2025,37,SEPTIEMBRE,CR,30,3
2025,37,SEPTIEMBRE,CR,50,5
2025,37,SEPTIEMBRE,CR,100,16
2025,37,SEPTIEMBRE,CR,200,33
2025,37,SEPTIEMBRE,GT,10,0
2025,37,SEPTIEMBRE,GT,30,1
2025,37,SEPTIEMBRE,GT,50,4
2025,37,SEPTIEMBRE,GT,100,13
2025,37,SEPTIEMBRE,GT,200,31
2025,37,SEPTIEMBRE,SV,10,0
2025,37,SEPTIEMBRE,SV,30,3
2025,37,SEPTIEMBRE,SV,50,4
2025,37,SEPTIEMBRE,SV,100,10
2025,37,SEPTIEMBRE,SV,200,39
2025,37,SEPTIEMBRE,HN,10,0
2025,37,SEPTIEMBRE,HN,30,1
2025,37,SEPTIEMBRE,HN,50,3
2025,37,SEPTIEMBRE,HN,100,8
2025,37,SEPTIEMBRE,HN,200,27
2025,37,SEPTIEMBRE,NI,10,0
2025,37,SEPTIEMBRE,NI,30,3
2025,37,SEPTIEMBRE,NI,50,3
2025,37,SEPTIEMBRE,NI,100,10
2025,37,SEPTIEMBRE,NI,200,35
2025,37,SEPTIEMBRE,DO,10,0
2025,37,SEPTIEMBRE,DO,30,0
2025,37,SEPTIEMBRE,DO,50,3
2025,37,SEPTIEMBRE,DO,100,6
2025,37,SEPTIEMBRE,DO,200,19
2025,37,SEPTIEMBRE,VE,10,0
2025,37,SEPTIEMBRE,VE,30,1
2025,37,SEPTIEMBRE,VE,50,3
2025,37,SEPTIEMBRE,VE,100,14
2025,37,SEPTIEMBRE,VE,200,32
2025,37,SEPTIEMBRE,MX,10,0
2025,37,SEPTIEMBRE,MX,30,1
2025,37,SEPTIEMBRE,MX,50,2
2025,37,SEPTIEMBRE,MX,100,11
2025,37,SEPTIEMBRE,MX,200,32
2025,37,SEPTIEMBRE,SP,10,0
2025,37,SEPTIEMBRE,SP,30,1
2025,37,SEPTIEMBRE,SP,50,6
2025,37,SEPTIEMBRE,SP,100,14
2025,37,SEPTIEMBRE,SP,200,31
2025,37,SEPTIEMBRE,CL,10,0
2025,37,SEPTIEMBRE,CL,30,0
2025,37,SEPTIEMBRE,CL,50,2
2025,37,SEPTIEMBRE,CL,100,10
2025,37,SEPTIEMBRE,CL,200,29
2025,37,SEPTIEMBRE,AR,10,0
2025,37,SEPTIEMBRE,AR,30,1
2025,37,SEPTIEMBRE,AR,50,4
2025,37,SEPTIEMBRE,AR,100,8
2025,37,SEPTIEMBRE,AR,200,23
2025,37,SEPTIEMBRE,BR,10,0
2025,37,SEPTIEMBRE,BR,30,3
2025,37,SEPTIEMBRE,BR,50,4
2025,37,SEPTIEMBRE,BR,100,12
2025,37,SEPTIEMBRE,BR,200,27
2025,37,SEPTIEMBRE,PT,10,1
2025,37,SEPTIEMBRE,PT,30,9
2025,37,SEPTIEMBRE,PT,50,13
2025,37,SEPTIEMBRE,PT,100,33
2025,37,SEPTIEMBRE,PT,200,51
2025,38,SEPTIEMBRE,CO,10,0
2025,38,SEPTIEMBRE,CO,30,2
2025,38,SEPTIEMBRE,CO,50,7
2025,38,SEPTIEMBRE,CO,100,16
2025,38,SEPTIEMBRE,CO,200,36
2025,38,SEPTIEMBRE,PE,10,0
2025,38,SEPTIEMBRE,PE,30,2
2025,38,SEPTIEMBRE,PE,50,6
2025,38,SEPTIEMBRE,PE,100,12
2025,38,SEPTIEMBRE,PE,200,36
2025,38,SEPTIEMBRE,EC,10,0
2025,38,SEPTIEMBRE,EC,30,5
2025,38,SEPTIEMBRE,EC,50,7
2025,38,SEPTIEMBRE,EC,100,14
2025,38,SEPTIEMBRE,EC,200,36
2025,38,SEPTIEMBRE,PN,10,0
2025,38,SEPTIEMBRE,PN,30,1
2025,38,SEPTIEMBRE,PN,50,2
2025,38,SEPTIEMBRE,PN,100,13
2025,38,SEPTIEMBRE,PN,200,34
2025,38,SEPTIEMBRE,CR,10,0
2025,38,SEPTIEMBRE,CR,30,3
2025,38,SEPTIEMBRE,CR,50,5
2025,38,SEPTIEMBRE,CR,100,17
2025,38,SEPTIEMBRE,CR,200,39
2025,38,SEPTIEMBRE,GT,10,1
2025,38,SEPTIEMBRE,GT,30,1
2025,38,SEPTIEMBRE,GT,50,3
2025,38,SEPTIEMBRE,GT,100,16
2025,38,SEPTIEMBRE,GT,200,41
2025,38,SEPTIEMBRE,SV,10,0
2025,38,SEPTIEMBRE,SV,30,2
2025,38,SEPTIEMBRE,SV,50,4
2025,38,SEPTIEMBRE,SV,100,12
2025,38,SEPTIEMBRE,SV,200,38
2025,38,SEPTIEMBRE,HN,10,0
2025,38,SEPTIEMBRE,HN,30,2
2025,38,SEPTIEMBRE,HN,50,4
2025,38,SEPTIEMBRE,HN,100,8
2025,38,SEPTIEMBRE,HN,200,31
2025,38,SEPTIEMBRE,NI,10,0
2025,38,SEPTIEMBRE,NI,30,3
2025,38,SEPTIEMBRE,NI,50,3
2025,38,SEPTIEMBRE,NI,100,11
2025,38,SEPTIEMBRE,NI,200,37
2025,38,SEPTIEMBRE,DO,10,0
2025,38,SEPTIEMBRE,DO,30,0
2025,38,SEPTIEMBRE,DO,50,3
2025,38,SEPTIEMBRE,DO,100,6
2025,38,SEPTIEMBRE,DO,200,19
2025,38,SEPTIEMBRE,VE,10,0
2025,38,SEPTIEMBRE,VE,30,1
2025,38,SEPTIEMBRE,VE,50,3
2025,38,SEPTIEMBRE,VE,100,14
2025,38,SEPTIEMBRE,VE,200,36
2025,38,SEPTIEMBRE,MX,10,0
2025,38,SEPTIEMBRE,MX,30,2
2025,38,SEPTIEMBRE,MX,50,3
2025,38,SEPTIEMBRE,MX,100,11
2025,38,SEPTIEMBRE,MX,200,36
2025,38,SEPTIEMBRE,SP,10,0
2025,38,SEPTIEMBRE,SP,30,2
2025,38,SEPTIEMBRE,SP,50,5
2025,38,SEPTIEMBRE,SP,100,12
2025,38,SEPTIEMBRE,SP,200,32
2025,38,SEPTIEMBRE,CL,10,0
2025,38,SEPTIEMBRE,CL,30,0
2025,38,SEPTIEMBRE,CL,50,3
2025,38,SEPTIEMBRE,CL,100,7
2025,38,SEPTIEMBRE,CL,200,23
2025,38,SEPTIEMBRE,AR,10,0
2025,38,SEPTIEMBRE,AR,30,1
2025,38,SEPTIEMBRE,AR,50,2
2025,38,SEPTIEMBRE,AR,100,8
2025,38,SEPTIEMBRE,AR,200,22
2025,38,SEPTIEMBRE,BR,10,0
2025,38,SEPTIEMBRE,BR,30,3
2025,38,SEPTIEMBRE,BR,50,4
2025,38,SEPTIEMBRE,BR,100,9
2025,38,SEPTIEMBRE,BR,200,25
2025,38,SEPTIEMBRE,PT,10,1
2025,38,SEPTIEMBRE,PT,30,8
2025,38,SEPTIEMBRE,PT,50,15
2025,38,SEPTIEMBRE,PT,100,28
2025,38,SEPTIEMBRE,PT,200,53
2025,39,SEPTIEMBRE,CO,10,0
2025,39,SEPTIEMBRE,CO,30,2
2025,39,SEPTIEMBRE,CO,50,6
2025,39,SEPTIEMBRE,CO,100,14
2025,39,SEPTIEMBRE,CO,200,35
2025,39,SEPTIEMBRE,PE,10,0
2025,39,SEPTIEMBRE,PE,30,3
2025,39,SEPTIEMBRE,PE,50,5
2025,39,SEPTIEMBRE,PE,100,14
2025,39,SEPTIEMBRE,PE,200,34
2025,39,SEPTIEMBRE,EC,10,0
2025,39,SEPTIEMBRE,EC,30,3
2025,39,SEPTIEMBRE,EC,50,6
2025,39,SEPTIEMBRE,EC,100,15
2025,39,SEPTIEMBRE,EC,200,41
2025,39,SEPTIEMBRE,PN,10,0
2025,39,SEPTIEMBRE,PN,30,1
2025,39,SEPTIEMBRE,PN,50,3
2025,39,SEPTIEMBRE,PN,100,13
2025,39,SEPTIEMBRE,PN,200,33
2025,39,SEPTIEMBRE,CR,10,0
2025,39,SEPTIEMBRE,CR,30,3
2025,39,SEPTIEMBRE,CR,50,5
2025,39,SEPTIEMBRE,CR,100,14
2025,39,SEPTIEMBRE,CR,200,35
2025,39,SEPTIEMBRE,GT,10,0
2025,39,SEPTIEMBRE,GT,30,2
2025,39,SEPTIEMBRE,GT,50,4
2025,39,SEPTIEMBRE,GT,100,13
2025,39,SEPTIEMBRE,GT,200,39
2025,39,SEPTIEMBRE,SV,10,0
2025,39,SEPTIEMBRE,SV,30,2
2025,39,SEPTIEMBRE,SV,50,4
2025,39,SEPTIEMBRE,SV,100,10
2025,39,SEPTIEMBRE,SV,200,35
2025,39,SEPTIEMBRE,HN,10,0
2025,39,SEPTIEMBRE,HN,30,1
2025,39,SEPTIEMBRE,HN,50,3
2025,39,SEPTIEMBRE,HN,100,11
2025,39,SEPTIEMBRE,HN,200,30
2025,39,SEPTIEMBRE,NI,10,0
2025,39,SEPTIEMBRE,NI,30,2
2025,39,SEPTIEMBRE,NI,50,4
2025,39,SEPTIEMBRE,NI,100,12
2025,39,SEPTIEMBRE,NI,200,39
2025,39,SEPTIEMBRE,DO,10,0
2025,39,SEPTIEMBRE,DO,30,0
2025,39,SEPTIEMBRE,DO,50,5
2025,39,SEPTIEMBRE,DO,100,8
2025,39,SEPTIEMBRE,DO,200,21
2025,39,SEPTIEMBRE,VE,10,1
2025,39,SEPTIEMBRE,VE,30,2
2025,39,SEPTIEMBRE,VE,50,3
2025,39,SEPTIEMBRE,VE,100,11
2025,39,SEPTIEMBRE,VE,200,33
2025,39,SEPTIEMBRE,MX,10,0
2025,39,SEPTIEMBRE,MX,30,2
2025,39,SEPTIEMBRE,MX,50,3
2025,39,SEPTIEMBRE,MX,100,12
2025,39,SEPTIEMBRE,MX,200,37
2025,39,SEPTIEMBRE,SP,10,0
2025,39,SEPTIEMBRE,SP,30,3
2025,39,SEPTIEMBRE,SP,50,5
2025,39,SEPTIEMBRE,SP,100,11
2025,39,SEPTIEMBRE,SP,200,29
2025,39,SEPTIEMBRE,CL,10,0
2025,39,SEPTIEMBRE,CL,30,0
2025,39,SEPTIEMBRE,CL,50,2
2025,39,SEPTIEMBRE,CL,100,8
2025,39,SEPTIEMBRE,CL,200,25
2025,39,SEPTIEMBRE,AR,10,0
2025,39,SEPTIEMBRE,AR,30,1
2025,39,SEPTIEMBRE,AR,50,2
2025,39,SEPTIEMBRE,AR,100,9
2025,39,SEPTIEMBRE,AR,200,22
2025,39,SEPTIEMBRE,BR,10,0
2025,39,SEPTIEMBRE,BR,30,2
2025,39,SEPTIEMBRE,BR,50,5
2025,39,SEPTIEMBRE,BR,100,8
2025,39,SEPTIEMBRE,BR,200,21
2025,39,SEPTIEMBRE,PT,10,1
2025,39,SEPTIEMBRE,PT,30,7
2025,39,SEPTIEMBRE,PT,50,16
2025,39,SEPTIEMBRE,PT,100,24
2025,39,SEPTIEMBRE,PT,200,50
2025,40,OCTUBRE,CO,10,0
2025,40,OCTUBRE,CO,30,2
2025,40,OCTUBRE,CO,50,5
2025,40,OCTUBRE,CO,100,14
2025,40,OCTUBRE,CO,200,35
2025,40,OCTUBRE,PE,10,0
2025,40,OCTUBRE,PE,30,2
2025,40,OCTUBRE,PE,50,4
2025,40,OCTUBRE,PE,100,12
2025,40,OCTUBRE,PE,200,32
2025,40,OCTUBRE,EC,10,0
2025,40,OCTUBRE,EC,30,4
2025,40,OCTUBRE,EC,50,6
2025,40,OCTUBRE,EC,100,13
2025,40,OCTUBRE,EC,200,37
2025,40,OCTUBRE,PN,10,0
2025,40,OCTUBRE,PN,30,1
2025,40,OCTUBRE,PN,50,4
2025,40,OCTUBRE,PN,100,11
2025,40,OCTUBRE,PN,200,27
2025,40,OCTUBRE,CR,10,0
2025,40,OCTUBRE,CR,30,3
2025,40,OCTUBRE,CR,50,5
2025,40,OCTUBRE,CR,100,14
2025,40,OCTUBRE,CR,200,34
2025,40,OCTUBRE,GT,10,0
2025,40,OCTUBRE,GT,30,2
2025,40,OCTUBRE,GT,50,4
2025,40,OCTUBRE,GT,100,13
2025,40,OCTUBRE,GT,200,34
2025,40,OCTUBRE,SV,10,0
2025,40,OCTUBRE,SV,30,3
2025,40,OCTUBRE,SV,50,4
2025,40,OCTUBRE,SV,100,10
2025,40,OCTUBRE,SV,200,33
2025,40,OCTUBRE,HN,10,0
2025,40,OCTUBRE,HN,30,2
2025,40,OCTUBRE,HN,50,4
2025,40,OCTUBRE,HN,100,11
2025,40,OCTUBRE,HN,200,28
2025,40,OCTUBRE,NI,10,0
2025,40,OCTUBRE,NI,30,3
2025,40,OCTUBRE,NI,50,4
2025,40,OCTUBRE,NI,100,13
2025,40,OCTUBRE,NI,200,34
2025,40,OCTUBRE,DO,10,0
2025,40,OCTUBRE,DO,30,1
2025,40,OCTUBRE,DO,50,3
2025,40,OCTUBRE,DO,100,7
2025,40,OCTUBRE,DO,200,20
2025,40,OCTUBRE,VE,10,1
2025,40,OCTUBRE,VE,30,2
2025,40,OCTUBRE,VE,50,4
2025,40,OCTUBRE,VE,100,12
2025,40,OCTUBRE,VE,200,31
2025,40,OCTUBRE,MX,10,0
2025,40,OCTUBRE,MX,30,3
2025,40,OCTUBRE,MX,50,3
2025,40,OCTUBRE,MX,100,12
2025,40,OCTUBRE,MX,200,39
2025,40,OCTUBRE,SP,10,0
2025,40,OCTUBRE,SP,30,2
2025,40,OCTUBRE,SP,50,5
2025,40,OCTUBRE,SP,100,10
2025,40,OCTUBRE,SP,200,27
2025,40,OCTUBRE,CL,10,0
2025,40,OCTUBRE,CL,30,0
2025,40,OCTUBRE,CL,50,2
2025,40,OCTUBRE,CL,100,10
2025,40,OCTUBRE,CL,200,22
2025,40,OCTUBRE,AR,10,0
2025,40,OCTUBRE,AR,30,1
2025,40,OCTUBRE,AR,50,2
2025,40,OCTUBRE,AR,100,6
2025,40,OCTUBRE,AR,200,20
2025,40,OCTUBRE,BR,10,0
2025,40,OCTUBRE,BR,30,2
2025,40,OCTUBRE,BR,50,5
2025,40,OCTUBRE,BR,100,8
2025,40,OCTUBRE,BR,200,20
2025,40,OCTUBRE,PT,10,1
2025,40,OCTUBRE,PT,30,6
2025,40,OCTUBRE,PT,50,15
2025,40,OCTUBRE,PT,100,23
2025,40,OCTUBRE,PT,200,47
2025,41,OCTUBRE,CO,10,0
2025,41,OCTUBRE,CO,30,2
2025,41,OCTUBRE,CO,50,7
2025,41,OCTUBRE,CO,100,15
2025,41,OCTUBRE,CO,200,40
2025,41,OCTUBRE,PE,10,0
2025,41,OCTUBRE,PE,30,3
2025,41,OCTUBRE,PE,50,6
2025,41,OCTUBRE,PE,100,17
2025,41,OCTUBRE,PE,200,43
2025,41,OCTUBRE,EC,10,0
2025,41,OCTUBRE,EC,30,4
2025,41,OCTUBRE,EC,50,8
2025,41,OCTUBRE,EC,100,18
2025,41,OCTUBRE,EC,200,42
2025,41,OCTUBRE,PN,10,1
2025,41,OCTUBRE,PN,30,3
2025,41,OCTUBRE,PN,50,8
2025,41,OCTUBRE,PN,100,20
2025,41,OCTUBRE,PN,200,41
2025,41,OCTUBRE,CR,10,1
2025,41,OCTUBRE,CR,30,5
2025,41,OCTUBRE,CR,50,8
2025,41,OCTUBRE,CR,100,24
2025,41,OCTUBRE,CR,200,41
2025,41,OCTUBRE,GT,10,0
2025,41,OCTUBRE,GT,30,3
2025,41,OCTUBRE,GT,50,6
2025,41,OCTUBRE,GT,100,16
2025,41,OCTUBRE,GT,200,41
2025,41,OCTUBRE,SV,10,1
2025,41,OCTUBRE,SV,30,5
2025,41,OCTUBRE,SV,50,8
2025,41,OCTUBRE,SV,100,23
2025,41,OCTUBRE,SV,200,45
2025,41,OCTUBRE,HN,10,1
2025,41,OCTUBRE,HN,30,4
2025,41,OCTUBRE,HN,50,7
2025,41,OCTUBRE,HN,100,17
2025,41,OCTUBRE,HN,200,37
2025,41,OCTUBRE,NI,10,2
2025,41,OCTUBRE,NI,30,4
2025,41,OCTUBRE,NI,50,6
2025,41,OCTUBRE,NI,100,17
2025,41,OCTUBRE,NI,200,42
2025,41,OCTUBRE,DO,10,0
2025,41,OCTUBRE,DO,30,1
2025,41,OCTUBRE,DO,50,4
2025,41,OCTUBRE,DO,100,12
2025,41,OCTUBRE,DO,200,27
2025,41,OCTUBRE,VE,10,1
2025,41,OCTUBRE,VE,30,3
2025,41,OCTUBRE,VE,50,7
2025,41,OCTUBRE,VE,100,23
2025,41,OCTUBRE,VE,200,40
2025,41,OCTUBRE,MX,10,0
2025,41,OCTUBRE,MX,30,6
2025,41,OCTUBRE,MX,50,6
2025,41,OCTUBRE,MX,100,21
2025,41,OCTUBRE,MX,200,49
2025,41,OCTUBRE,SP,10,1
2025,41,OCTUBRE,SP,30,5
2025,41,OCTUBRE,SP,50,14
2025,41,OCTUBRE,SP,100,22
2025,41,OCTUBRE,SP,200,38
2025,41,OCTUBRE,CL,10,0
2025,41,OCTUBRE,CL,30,2
2025,41,OCTUBRE,CL,50,4
2025,41,OCTUBRE,CL,100,14
2025,41,OCTUBRE,CL,200,35
2025,41,OCTUBRE,AR,10,1
2025,41,OCTUBRE,AR,30,6
2025,41,OCTUBRE,AR,50,12
2025,41,OCTUBRE,AR,100,15
2025,41,OCTUBRE,AR,200,29
2025,41,OCTUBRE,BR,10,1
2025,41,OCTUBRE,BR,30,4
2025,41,OCTUBRE,BR,50,10
2025,41,OCTUBRE,BR,100,18
2025,41,OCTUBRE,BR,200,32
2025,41,OCTUBRE,PT,10,8
2025,41,OCTUBRE,PT,30,15
2025,41,OCTUBRE,PT,50,20
2025,41,OCTUBRE,PT,100,33
2025,41,OCTUBRE,PT,200,59
2025,42,OCTUBRE,CO,10,0
2025,42,OCTUBRE,CO,30,2
2025,42,OCTUBRE,CO,50,6
2025,42,OCTUBRE,CO,100,17
2025,42,OCTUBRE,CO,200,40
2025,42,OCTUBRE,PE,10,0
2025,42,OCTUBRE,PE,30,4
2025,42,OCTUBRE,PE,50,6
2025,42,OCTUBRE,PE,100,16
2025,42,OCTUBRE,PE,200,37
2025,42,OCTUBRE,EC,10,0
2025,42,OCTUBRE,EC,30,3
2025,42,OCTUBRE,EC,50,7
2025,42,OCTUBRE,EC,100,15
2025,42,OCTUBRE,EC,200,39
2025,42,OCTUBRE,PN,10,0
2025,42,OCTUBRE,PN,30,3
2025,42,OCTUBRE,PN,50,7
2025,42,OCTUBRE,PN,100,13
2025,42,OCTUBRE,PN,200,37
2025,42,OCTUBRE,CR,10,0
2025,42,OCTUBRE,CR,30,4
2025,42,OCTUBRE,CR,50,8
2025,42,OCTUBRE,CR,100,16
2025,42,OCTUBRE,CR,200,34
2025,42,OCTUBRE,GT,10,0
2025,42,OCTUBRE,GT,30,2
2025,42,OCTUBRE,GT,50,6
2025,42,OCTUBRE,GT,100,15
2025,42,OCTUBRE,GT,200,39
2025,42,OCTUBRE,SV,10,1
2025,42,OCTUBRE,SV,30,4
2025,42,OCTUBRE,SV,50,7
2025,42,OCTUBRE,SV,100,14
2025,42,OCTUBRE,SV,200,40
2025,42,OCTUBRE,HN,10,0
2025,42,OCTUBRE,HN,30,2
2025,42,OCTUBRE,HN,50,6
2025,42,OCTUBRE,HN,100,12
2025,42,OCTUBRE,HN,200,35
2025,42,OCTUBRE,NI,10,0
2025,42,OCTUBRE,NI,30,4
2025,42,OCTUBRE,NI,50,5
2025,42,OCTUBRE,NI,100,15
2025,42,OCTUBRE,NI,200,39
2025,42,OCTUBRE,DO,10,0
2025,42,OCTUBRE,DO,30,0
2025,42,OCTUBRE,DO,50,4
2025,42,OCTUBRE,DO,100,10
2025,42,OCTUBRE,DO,200,21
2025,42,OCTUBRE,VE,10,1
2025,42,OCTUBRE,VE,30,3
2025,42,OCTUBRE,VE,50,6
2025,42,OCTUBRE,VE,100,16
2025,42,OCTUBRE,VE,200,35
2025,42,OCTUBRE,MX,10,0
2025,42,OCTUBRE,MX,30,4
2025,42,OCTUBRE,MX,50,6
2025,42,OCTUBRE,MX,100,16
2025,42,OCTUBRE,MX,200,40
2025,42,OCTUBRE,SP,10,1
2025,42,OCTUBRE,SP,30,4
2025,42,OCTUBRE,SP,50,7
2025,42,OCTUBRE,SP,100,14
2025,42,OCTUBRE,SP,200,42
2025,42,OCTUBRE,CL,10,0
2025,42,OCTUBRE,CL,30,2
2025,42,OCTUBRE,CL,50,3
2025,42,OCTUBRE,CL,100,11
2025,42,OCTUBRE,CL,200,27
2025,42,OCTUBRE,AR,10,1
2025,42,OCTUBRE,AR,30,3
2025,42,OCTUBRE,AR,50,4
2025,42,OCTUBRE,AR,100,9
2025,42,OCTUBRE,AR,200,29
2025,42,OCTUBRE,BR,10,0
2025,42,OCTUBRE,BR,30,2
2025,42,OCTUBRE,BR,50,5
2025,42,OCTUBRE,BR,100,11
2025,42,OCTUBRE,BR,200,25
2025,42,OCTUBRE,PT,10,3
2025,42,OCTUBRE,PT,30,14
2025,42,OCTUBRE,PT,50,19
2025,42,OCTUBRE,PT,100,34
2025,42,OCTUBRE,PT,200,65
2025,43,OCTUBRE,CO,10,0
2025,43,OCTUBRE,CO,30,2
2025,43,OCTUBRE,CO,50,9
2025,43,OCTUBRE,CO,100,19
2025,43,OCTUBRE,CO,200,38
2025,43,OCTUBRE,PE,10,0
2025,43,OCTUBRE,PE,30,4
2025,43,OCTUBRE,PE,50,8
2025,43,OCTUBRE,PE,100,18
2025,43,OCTUBRE,PE,200,38
2025,43,OCTUBRE,EC,10,0
2025,43,OCTUBRE,EC,30,4
2025,43,OCTUBRE,EC,50,10
2025,43,OCTUBRE,EC,100,19
2025,43,OCTUBRE,EC,200,37
2025,43,OCTUBRE,PN,10,0
2025,43,OCTUBRE,PN,30,3
2025,43,OCTUBRE,PN,50,7
2025,43,OCTUBRE,PN,100,14
2025,43,OCTUBRE,PN,200,32
2025,43,OCTUBRE,CR,10,0
2025,43,OCTUBRE,CR,30,6
2025,43,OCTUBRE,CR,50,8
2025,43,OCTUBRE,CR,100,20
2025,43,OCTUBRE,CR,200,34
2025,43,OCTUBRE,GT,10,0
2025,43,OCTUBRE,GT,30,3
2025,43,OCTUBRE,GT,50,7
2025,43,OCTUBRE,GT,100,19
2025,43,OCTUBRE,GT,200,43
2025,43,OCTUBRE,SV,10,0
2025,43,OCTUBRE,SV,30,4
2025,43,OCTUBRE,SV,50,9
2025,43,OCTUBRE,SV,100,16
2025,43,OCTUBRE,SV,200,40
2025,43,OCTUBRE,HN,10,0
2025,43,OCTUBRE,HN,30,1
2025,43,OCTUBRE,HN,50,6
2025,43,OCTUBRE,HN,100,14
2025,43,OCTUBRE,HN,200,39
2025,43,OCTUBRE,NI,10,0
2025,43,OCTUBRE,NI,30,2
2025,43,OCTUBRE,NI,50,4
2025,43,OCTUBRE,NI,100,18
2025,43,OCTUBRE,NI,200,46
2025,43,OCTUBRE,DO,10,0
2025,43,OCTUBRE,DO,30,0
2025,43,OCTUBRE,DO,50,3
2025,43,OCTUBRE,DO,100,10
2025,43,OCTUBRE,DO,200,22
2025,43,OCTUBRE,VE,10,0
2025,43,OCTUBRE,VE,30,1
2025,43,OCTUBRE,VE,50,5
2025,43,OCTUBRE,VE,100,15
2025,43,OCTUBRE,VE,200,33
2025,43,OCTUBRE,MX,10,0
2025,43,OCTUBRE,MX,30,3
2025,43,OCTUBRE,MX,50,6
2025,43,OCTUBRE,MX,100,15
2025,43,OCTUBRE,MX,200,40
2025,43,OCTUBRE,SP,10,2
2025,43,OCTUBRE,SP,30,4
2025,43,OCTUBRE,SP,50,6
2025,43,OCTUBRE,SP,100,17
2025,43,OCTUBRE,SP,200,40
2025,43,OCTUBRE,CL,10,0
2025,43,OCTUBRE,CL,30,2
2025,43,OCTUBRE,CL,50,5
2025,43,OCTUBRE,CL,100,11
2025,43,OCTUBRE,CL,200,27
2025,43,OCTUBRE,AR,10,0
2025,43,OCTUBRE,AR,30,2
2025,43,OCTUBRE,AR,50,4
2025,43,OCTUBRE,AR,100,8
2025,43,OCTUBRE,AR,200,24
2025,43,OCTUBRE,BR,10,0
2025,43,OCTUBRE,BR,30,4
2025,43,OCTUBRE,BR,50,6
2025,43,OCTUBRE,BR,100,11
2025,43,OCTUBRE,BR,200,24
2025,43,OCTUBRE,PT,10,2
2025,43,OCTUBRE,PT,30,10
2025,43,OCTUBRE,PT,50,13
2025,43,OCTUBRE,PT,100,30
2025,43,OCTUBRE,PT,200,63
2025,44,OCTUBRE,CO,10,0
2025,44,OCTUBRE,CO,30,1
2025,44,OCTUBRE,CO,50,8
2025,44,OCTUBRE,CO,100,17
2025,44,OCTUBRE,CO,200,38
2025,44,OCTUBRE,PE,10,0
2025,44,OCTUBRE,PE,30,3
2025,44,OCTUBRE,PE,50,7
2025,44,OCTUBRE,PE,100,19
2025,44,OCTUBRE,PE,200,38
2025,44,OCTUBRE,EC,10,0
2025,44,OCTUBRE,EC,30,3
2025,44,OCTUBRE,EC,50,10
2025,44,OCTUBRE,EC,100,20
2025,44,OCTUBRE,EC,200,36
2025,44,OCTUBRE,PN,10,0
2025,44,OCTUBRE,PN,30,3
2025,44,OCTUBRE,PN,50,6
2025,44,OCTUBRE,PN,100,11
2025,44,OCTUBRE,PN,200,33
2025,44,OCTUBRE,CR,10,0
2025,44,OCTUBRE,CR,30,3
2025,44,OCTUBRE,CR,50,10
2025,44,OCTUBRE,CR,100,20
2025,44,OCTUBRE,CR,200,31
2025,44,OCTUBRE,GT,10,0
2025,44,OCTUBRE,GT,30,3
2025,44,OCTUBRE,GT,50,6
2025,44,OCTUBRE,GT,100,19
2025,44,OCTUBRE,GT,200,40
2025,44,OCTUBRE,SV,10,0
2025,44,OCTUBRE,SV,30,4
2025,44,OCTUBRE,SV,50,10
2025,44,OCTUBRE,SV,100,15
2025,44,OCTUBRE,SV,200,41
2025,44,OCTUBRE,HN,10,0
2025,44,OCTUBRE,HN,30,1
2025,44,OCTUBRE,HN,50,5
2025,44,OCTUBRE,HN,100,11
2025,44,OCTUBRE,HN,200,33
2025,44,OCTUBRE,NI,10,0
2025,44,OCTUBRE,NI,30,2
2025,44,OCTUBRE,NI,50,4
2025,44,OCTUBRE,NI,100,16
2025,44,OCTUBRE,NI,200,43
2025,44,OCTUBRE,DO,10,0
2025,44,OCTUBRE,DO,30,1
2025,44,OCTUBRE,DO,50,3
2025,44,OCTUBRE,DO,100,9
2025,44,OCTUBRE,DO,200,25
2025,44,OCTUBRE,VE,10,0
2025,44,OCTUBRE,VE,30,2
2025,44,OCTUBRE,VE,50,5
2025,44,OCTUBRE,VE,100,17
2025,44,OCTUBRE,VE,200,30
2025,44,OCTUBRE,MX,10,0
2025,44,OCTUBRE,MX,30,3
2025,44,OCTUBRE,MX,50,6
2025,44,OCTUBRE,MX,100,16
2025,44,OCTUBRE,MX,200,41
2025,44,OCTUBRE,SP,10,1
2025,44,OCTUBRE,SP,30,3
2025,44,OCTUBRE,SP,50,7
2025,44,OCTUBRE,SP,100,16
2025,44,OCTUBRE,SP,200,37
2025,44,OCTUBRE,CL,10,0
2025,44,OCTUBRE,CL,30,1
2025,44,OCTUBRE,CL,50,4
2025,44,OCTUBRE,CL,100,14
2025,44,OCTUBRE,CL,200,29
2025,44,OCTUBRE,AR,10,0
2025,44,OCTUBRE,AR,30,2
2025,44,OCTUBRE,AR,50,2
2025,44,OCTUBRE,AR,100,11
2025,44,OCTUBRE,AR,200,23
2025,44,OCTUBRE,BR,10,0
2025,44,OCTUBRE,BR,30,3
2025,44,OCTUBRE,BR,50,6
2025,44,OCTUBRE,BR,100,11
2025,44,OCTUBRE,BR,200,24
2025,44,OCTUBRE,PT,10,2
2025,44,OCTUBRE,PT,30,9
2025,44,OCTUBRE,PT,50,13
2025,44,OCTUBRE,PT,100,28
2025,44,OCTUBRE,PT,200,60
2025,45,NOVIEMBRE,CO,10,0
2025,45,NOVIEMBRE,CO,30,1
2025,45,NOVIEMBRE,CO,50,5
2025,45,NOVIEMBRE,CO,100,15
2025,45,NOVIEMBRE,CO,200,37
2025,45,NOVIEMBRE,PE,10,0
2025,45,NOVIEMBRE,PE,30,2
2025,45,NOVIEMBRE,PE,50,6
2025,45,NOVIEMBRE,PE,100,17
2025,45,NOVIEMBRE,PE,200,36
2025,45,NOVIEMBRE,EC,10,0
2025,45,NOVIEMBRE,EC,30,2
2025,45,NOVIEMBRE,EC,50,7
2025,45,NOVIEMBRE,EC,100,18
2025,45,NOVIEMBRE,EC,200,39
2025,45,NOVIEMBRE,PN,10,0
2025,45,NOVIEMBRE,PN,30,2
2025,45,NOVIEMBRE,PN,50,5
2025,45,NOVIEMBRE,PN,100,11
2025,45,NOVIEMBRE,PN,200,32
2025,45,NOVIEMBRE,CR,10,0
2025,45,NOVIEMBRE,CR,30,3
2025,45,NOVIEMBRE,CR,50,6
2025,45,NOVIEMBRE,CR,100,17
2025,45,NOVIEMBRE,CR,200,34
2025,45,NOVIEMBRE,GT,10,0
2025,45,NOVIEMBRE,GT,30,3
2025,45,NOVIEMBRE,GT,50,5
2025,45,NOVIEMBRE,GT,100,18
2025,45,NOVIEMBRE,GT,200,40
2025,45,NOVIEMBRE,SV,10,0
2025,45,NOVIEMBRE,SV,30,3
2025,45,NOVIEMBRE,SV,50,6
2025,45,NOVIEMBRE,SV,100,14
2025,45,NOVIEMBRE,SV,200,43
2025,45,NOVIEMBRE,HN,10,0
2025,45,NOVIEMBRE,HN,30,1
2025,45,NOVIEMBRE,HN,50,4
2025,45,NOVIEMBRE,HN,100,11
2025,45,NOVIEMBRE,HN,200,35
2025,45,NOVIEMBRE,NI,10,0
2025,45,NOVIEMBRE,NI,30,2
2025,45,NOVIEMBRE,NI,50,4
2025,45,NOVIEMBRE,NI,100,16
2025,45,NOVIEMBRE,NI,200,41
2025,45,NOVIEMBRE,DO,10,0
2025,45,NOVIEMBRE,DO,30,1
2025,45,NOVIEMBRE,DO,50,2
2025,45,NOVIEMBRE,DO,100,9
2025,45,NOVIEMBRE,DO,200,21
2025,45,NOVIEMBRE,VE,10,0
2025,45,NOVIEMBRE,VE,30,1
2025,45,NOVIEMBRE,VE,50,4
2025,45,NOVIEMBRE,VE,100,17
2025,45,NOVIEMBRE,VE,200,35
2025,45,NOVIEMBRE,MX,10,0
2025,45,NOVIEMBRE,MX,30,2
2025,45,NOVIEMBRE,MX,50,5
2025,45,NOVIEMBRE,MX,100,17
2025,45,NOVIEMBRE,MX,200,40
2025,45,NOVIEMBRE,SP,10,1
2025,45,NOVIEMBRE,SP,30,5
2025,45,NOVIEMBRE,SP,50,6
2025,45,NOVIEMBRE,SP,100,12
2025,45,NOVIEMBRE,SP,200,33
2025,45,NOVIEMBRE,CL,10,0
2025,45,NOVIEMBRE,CL,30,1
2025,45,NOVIEMBRE,CL,50,4
2025,45,NOVIEMBRE,CL,100,11
2025,45,NOVIEMBRE,CL,200,26
2025,45,NOVIEMBRE,AR,10,0
2025,45,NOVIEMBRE,AR,30,3
2025,45,NOVIEMBRE,AR,50,3
2025,45,NOVIEMBRE,AR,100,9
2025,45,NOVIEMBRE,AR,200,20
2025,45,NOVIEMBRE,BR,10,0
2025,45,NOVIEMBRE,BR,30,2
2025,45,NOVIEMBRE,BR,50,6
2025,45,NOVIEMBRE,BR,100,11
2025,45,NOVIEMBRE,BR,200,26
2025,45,NOVIEMBRE,PT,10,3
2025,45,NOVIEMBRE,PT,30,8
2025,45,NOVIEMBRE,PT,50,12
2025,45,NOVIEMBRE,PT,100,29
2025,45,NOVIEMBRE,PT,200,56
2025,46,NOVIEMBRE,CO,10,0
2025,46,NOVIEMBRE,CO,30,1
2025,46,NOVIEMBRE,CO,50,4
2025,46,NOVIEMBRE,CO,100,13
2025,46,NOVIEMBRE,CO,200,37
2025,46,NOVIEMBRE,PE,10,0
2025,46,NOVIEMBRE,PE,30,1
2025,46,NOVIEMBRE,PE,50,6
2025,46,NOVIEMBRE,PE,100,19
2025,46,NOVIEMBRE,PE,200,43
2025,46,NOVIEMBRE,EC,10,0
2025,46,NOVIEMBRE,EC,30,2
2025,46,NOVIEMBRE,EC,50,6
2025,46,NOVIEMBRE,EC,100,17
2025,46,NOVIEMBRE,EC,200,40
2025,46,NOVIEMBRE,PN,10,0
2025,46,NOVIEMBRE,PN,30,2
2025,46,NOVIEMBRE,PN,50,6
2025,46,NOVIEMBRE,PN,100,10
2025,46,NOVIEMBRE,PN,200,29
2025,46,NOVIEMBRE,CR,10,0
2025,46,NOVIEMBRE,CR,30,3
2025,46,NOVIEMBRE,CR,50,5
2025,46,NOVIEMBRE,CR,100,17
2025,46,NOVIEMBRE,CR,200,34
2025,46,NOVIEMBRE,GT,10,0
2025,46,NOVIEMBRE,GT,30,2
2025,46,NOVIEMBRE,GT,50,5
2025,46,NOVIEMBRE,GT,100,18
2025,46,NOVIEMBRE,GT,200,43
2025,46,NOVIEMBRE,SV,10,0
2025,46,NOVIEMBRE,SV,30,4
2025,46,NOVIEMBRE,SV,50,7
2025,46,NOVIEMBRE,SV,100,15
2025,46,NOVIEMBRE,SV,200,41
2025,46,NOVIEMBRE,HN,10,0
2025,46,NOVIEMBRE,HN,30,2
2025,46,NOVIEMBRE,HN,50,3
2025,46,NOVIEMBRE,HN,100,12
2025,46,NOVIEMBRE,HN,200,35
2025,46,NOVIEMBRE,NI,10,0
2025,46,NOVIEMBRE,NI,30,2
2025,46,NOVIEMBRE,NI,50,6
2025,46,NOVIEMBRE,NI,100,19
2025,46,NOVIEMBRE,NI,200,41
2025,46,NOVIEMBRE,DO,10,0
2025,46,NOVIEMBRE,DO,30,0
2025,46,NOVIEMBRE,DO,50,2
2025,46,NOVIEMBRE,DO,100,9
2025,46,NOVIEMBRE,DO,200,20
2025,46,NOVIEMBRE,VE,10,1
2025,46,NOVIEMBRE,VE,30,2
2025,46,NOVIEMBRE,VE,50,6
2025,46,NOVIEMBRE,VE,100,15
2025,46,NOVIEMBRE,VE,200,37
2025,46,NOVIEMBRE,MX,10,0
2025,46,NOVIEMBRE,MX,30,2
2025,46,NOVIEMBRE,MX,50,4
2025,46,NOVIEMBRE,MX,100,15
2025,46,NOVIEMBRE,MX,200,38
2025,46,NOVIEMBRE,SP,10,0
2025,46,NOVIEMBRE,SP,30,2
2025,46,NOVIEMBRE,SP,50,6
2025,46,NOVIEMBRE,SP,100,9
2025,46,NOVIEMBRE,SP,200,29
2025,46,NOVIEMBRE,CL,10,0
2025,46,NOVIEMBRE,CL,30,1
2025,46,NOVIEMBRE,CL,50,4
2025,46,NOVIEMBRE,CL,100,8
2025,46,NOVIEMBRE,CL,200,28
2025,46,NOVIEMBRE,AR,10,0
2025,46,NOVIEMBRE,AR,30,3
2025,46,NOVIEMBRE,AR,50,3
2025,46,NOVIEMBRE,AR,100,8
2025,46,NOVIEMBRE,AR,200,20
2025,46,NOVIEMBRE,BR,10,0
2025,46,NOVIEMBRE,BR,30,3
2025,46,NOVIEMBRE,BR,50,6
2025,46,NOVIEMBRE,BR,100,10
2025,46,NOVIEMBRE,BR,200,22
2025,46,NOVIEMBRE,PT,10,1
2025,46,NOVIEMBRE,PT,30,3
2025,46,NOVIEMBRE,PT,50,9
2025,46,NOVIEMBRE,PT,100,25
2025,46,NOVIEMBRE,PT,200,50
2025,47,NOVIEMBRE,CO,10,0
2025,47,NOVIEMBRE,CO,30,3
2025,47,NOVIEMBRE,CO,50,5
2025,47,NOVIEMBRE,CO,100,14
2025,47,NOVIEMBRE,CO,200,37
2025,47,NOVIEMBRE,PE,10,0
2025,47,NOVIEMBRE,PE,30,2
2025,47,NOVIEMBRE,PE,50,7
2025,47,NOVIEMBRE,PE,100,18
2025,47,NOVIEMBRE,PE,200,38
2025,47,NOVIEMBRE,EC,10,0
2025,47,NOVIEMBRE,EC,30,4
2025,47,NOVIEMBRE,EC,50,8
2025,47,NOVIEMBRE,EC,100,18
2025,47,NOVIEMBRE,EC,200,41
2025,47,NOVIEMBRE,PN,10,0
2025,47,NOVIEMBRE,PN,30,2
2025,47,NOVIEMBRE,PN,50,7
2025,47,NOVIEMBRE,PN,100,12
2025,47,NOVIEMBRE,PN,200,32
2025,47,NOVIEMBRE,CR,10,0
2025,47,NOVIEMBRE,CR,30,3
2025,47,NOVIEMBRE,CR,50,7
2025,47,NOVIEMBRE,CR,100,21
2025,47,NOVIEMBRE,CR,200,39
2025,47,NOVIEMBRE,GT,10,0
2025,47,NOVIEMBRE,GT,30,3
2025,47,NOVIEMBRE,GT,50,5
2025,47,NOVIEMBRE,GT,100,19
2025,47,NOVIEMBRE,GT,200,43
2025,47,NOVIEMBRE,SV,10,0
2025,47,NOVIEMBRE,SV,30,4
2025,47,NOVIEMBRE,SV,50,9
2025,47,NOVIEMBRE,SV,100,14
2025,47,NOVIEMBRE,SV,200,39
2025,47,NOVIEMBRE,HN,10,1
2025,47,NOVIEMBRE,HN,30,4
2025,47,NOVIEMBRE,HN,50,4
2025,47,NOVIEMBRE,HN,100,16
2025,47,NOVIEMBRE,HN,200,37
2025,47,NOVIEMBRE,NI,10,1
2025,47,NOVIEMBRE,NI,30,4
2025,47,NOVIEMBRE,NI,50,7
2025,47,NOVIEMBRE,NI,100,19
2025,47,NOVIEMBRE,NI,200,45
2025,47,NOVIEMBRE,DO,10,0
2025,47,NOVIEMBRE,DO,30,0
2025,47,NOVIEMBRE,DO,50,2
2025,47,NOVIEMBRE,DO,100,8
2025,47,NOVIEMBRE,DO,200,22
2025,47,NOVIEMBRE,VE,10,0
2025,47,NOVIEMBRE,VE,30,2
2025,47,NOVIEMBRE,VE,50,3
2025,47,NOVIEMBRE,VE,100,15
2025,47,NOVIEMBRE,VE,200,35
2025,47,NOVIEMBRE,MX,10,0
2025,47,NOVIEMBRE,MX,30,1
2025,47,NOVIEMBRE,MX,50,5
2025,47,NOVIEMBRE,MX,100,15
2025,47,NOVIEMBRE,MX,200,40
2025,47,NOVIEMBRE,SP,10,1
2025,47,NOVIEMBRE,SP,30,2
2025,47,NOVIEMBRE,SP,50,4
2025,47,NOVIEMBRE,SP,100,8
2025,47,NOVIEMBRE,SP,200,28
2025,47,NOVIEMBRE,CL,10,0
2025,47,NOVIEMBRE,CL,30,1
2025,47,NOVIEMBRE,CL,50,4
2025,47,NOVIEMBRE,CL,100,11
2025,47,NOVIEMBRE,CL,200,29
2025,47,NOVIEMBRE,AR,10,0
2025,47,NOVIEMBRE,AR,30,2
2025,47,NOVIEMBRE,AR,50,3
2025,47,NOVIEMBRE,AR,100,8
2025,47,NOVIEMBRE,AR,200,19
2025,47,NOVIEMBRE,BR,10,0
2025,47,NOVIEMBRE,BR,30,1
2025,47,NOVIEMBRE,BR,50,4
2025,47,NOVIEMBRE,BR,100,9
2025,47,NOVIEMBRE,BR,200,24
2025,47,NOVIEMBRE,PT,10,1
2025,47,NOVIEMBRE,PT,30,6
2025,47,NOVIEMBRE,PT,50,10
2025,47,NOVIEMBRE,PT,100,24
2025,47,NOVIEMBRE,PT,200,48
2025,48,NOVIEMBRE,CO,10,0
2025,48,NOVIEMBRE,CO,30,2
2025,48,NOVIEMBRE,CO,50,5
2025,48,NOVIEMBRE,CO,100,15
2025,48,NOVIEMBRE,CO,200,37
2025,48,NOVIEMBRE,PE,10,0
2025,48,NOVIEMBRE,PE,30,2
2025,48,NOVIEMBRE,PE,50,6
2025,48,NOVIEMBRE,PE,100,20
2025,48,NOVIEMBRE,PE,200,38
2025,48,NOVIEMBRE,EC,10,0
2025,48,NOVIEMBRE,EC,30,3
2025,48,NOVIEMBRE,EC,50,8
2025,48,NOVIEMBRE,EC,100,22
2025,48,NOVIEMBRE,EC,200,43
2025,48,NOVIEMBRE,PN,10,0
2025,48,NOVIEMBRE,PN,30,2
2025,48,NOVIEMBRE,PN,50,5
2025,48,NOVIEMBRE,PN,100,12
2025,48,NOVIEMBRE,PN,200,33
2025,48,NOVIEMBRE,CR,10,0
2025,48,NOVIEMBRE,CR,30,2
2025,48,NOVIEMBRE,CR,50,8
2025,48,NOVIEMBRE,CR,100,19
2025,48,NOVIEMBRE,CR,200,38
2025,48,NOVIEMBRE,GT,10,0
2025,48,NOVIEMBRE,GT,30,2
2025,48,NOVIEMBRE,GT,50,5
2025,48,NOVIEMBRE,GT,100,18
2025,48,NOVIEMBRE,GT,200,44
2025,48,NOVIEMBRE,SV,10,1
2025,48,NOVIEMBRE,SV,30,3
2025,48,NOVIEMBRE,SV,50,6
2025,48,NOVIEMBRE,SV,100,15
2025,48,NOVIEMBRE,SV,200,40
2025,48,NOVIEMBRE,HN,10,0
2025,48,NOVIEMBRE,HN,30,3
2025,48,NOVIEMBRE,HN,50,5
2025,48,NOVIEMBRE,HN,100,13
2025,48,NOVIEMBRE,HN,200,40
2025,48,NOVIEMBRE,NI,10,3
2025,48,NOVIEMBRE,NI,30,8
2025,48,NOVIEMBRE,NI,50,10
2025,48,NOVIEMBRE,NI,100,21
2025,48,NOVIEMBRE,NI,200,48
2025,48,NOVIEMBRE,DO,10,0
2025,48,NOVIEMBRE,DO,30,1
2025,48,NOVIEMBRE,DO,50,1
2025,48,NOVIEMBRE,DO,100,7
2025,48,NOVIEMBRE,DO,200,20
2025,48,NOVIEMBRE,VE,10,1
2025,48,NOVIEMBRE,VE,30,2
2025,48,NOVIEMBRE,VE,50,5
2025,48,NOVIEMBRE,VE,100,13
2025,48,NOVIEMBRE,VE,200,40
2025,48,NOVIEMBRE,MX,10,0
2025,48,NOVIEMBRE,MX,30,1
2025,48,NOVIEMBRE,MX,50,5
2025,48,NOVIEMBRE,MX,100,14
2025,48,NOVIEMBRE,MX,200,40
2025,48,NOVIEMBRE,SP,10,1
2025,48,NOVIEMBRE,SP,30,3
2025,48,NOVIEMBRE,SP,50,5
2025,48,NOVIEMBRE,SP,100,9
2025,48,NOVIEMBRE,SP,200,27
2025,48,NOVIEMBRE,CL,10,0
2025,48,NOVIEMBRE,CL,30,1
2025,48,NOVIEMBRE,CL,50,4
2025,48,NOVIEMBRE,CL,100,9
2025,48,NOVIEMBRE,CL,200,31
2025,48,NOVIEMBRE,AR,10,0
2025,48,NOVIEMBRE,AR,30,2
2025,48,NOVIEMBRE,AR,50,4
2025,48,NOVIEMBRE,AR,100,6
2025,48,NOVIEMBRE,AR,200,20
2025,48,NOVIEMBRE,BR,10,0
2025,48,NOVIEMBRE,BR,30,1
2025,48,NOVIEMBRE,BR,50,4
2025,48,NOVIEMBRE,BR,100,8
2025,48,NOVIEMBRE,BR,200,22
2025,48,NOVIEMBRE,PT,10,1
2025,48,NOVIEMBRE,PT,30,7
2025,48,NOVIEMBRE,PT,50,13
2025,48,NOVIEMBRE,PT,100,26
2025,48,NOVIEMBRE,PT,200,45
2025,49,DICIEMBRE,CO,10,0
2025,49,DICIEMBRE,CO,30,3
2025,49,DICIEMBRE,CO,50,5
2025,49,DICIEMBRE,CO,100,11
2025,49,DICIEMBRE,CO,200,29
2025,49,DICIEMBRE,PE,10,0
2025,49,DICIEMBRE,PE,30,3
2025,49,DICIEMBRE,PE,50,6
2025,49,DICIEMBRE,PE,100,15
2025,49,DICIEMBRE,PE,200,35
2025,49,DICIEMBRE,EC,10,1
2025,49,DICIEMBRE,EC,30,3
2025,49,DICIEMBRE,EC,50,6
2025,49,DICIEMBRE,EC,100,17
2025,49,DICIEMBRE,EC,200,41
2025,49,DICIEMBRE,PN,10,0
2025,49,DICIEMBRE,PN,30,2
2025,49,DICIEMBRE,PN,50,5
2025,49,DICIEMBRE,PN,100,9
2025,49,DICIEMBRE,PN,200,26
2025,49,DICIEMBRE,CR,10,0
2025,49,DICIEMBRE,CR,30,2
2025,49,DICIEMBRE,CR,50,6
2025,49,DICIEMBRE,CR,100,17
2025,49,DICIEMBRE,CR,200,35
2025,49,DICIEMBRE,GT,10,0
2025,49,DICIEMBRE,GT,30,3
2025,49,DICIEMBRE,GT,50,4
2025,49,DICIEMBRE,GT,100,14
2025,49,DICIEMBRE,GT,200,40
2025,49,DICIEMBRE,SV,10,1
2025,49,DICIEMBRE,SV,30,4
2025,49,DICIEMBRE,SV,50,7
2025,49,DICIEMBRE,SV,100,15
2025,49,DICIEMBRE,SV,200,31
2025,49,DICIEMBRE,HN,10,0
2025,49,DICIEMBRE,HN,30,3
2025,49,DICIEMBRE,HN,50,4
2025,49,DICIEMBRE,HN,100,10
2025,49,DICIEMBRE,HN,200,30
2025,49,DICIEMBRE,NI,10,2
2025,49,DICIEMBRE,NI,30,4
2025,49,DICIEMBRE,NI,50,8
2025,49,DICIEMBRE,NI,100,17
2025,49,DICIEMBRE,NI,200,41
2025,49,DICIEMBRE,DO,10,0
2025,49,DICIEMBRE,DO,30,0
2025,49,DICIEMBRE,DO,50,1
2025,49,DICIEMBRE,DO,100,4
2025,49,DICIEMBRE,DO,200,15
2025,49,DICIEMBRE,VE,10,0
2025,49,DICIEMBRE,VE,30,1
2025,49,DICIEMBRE,VE,50,4
2025,49,DICIEMBRE,VE,100,11
2025,49,DICIEMBRE,VE,200,29
2025,49,DICIEMBRE,MX,10,0
2025,49,DICIEMBRE,MX,30,1
2025,49,DICIEMBRE,MX,50,3
2025,49,DICIEMBRE,MX,100,13
2025,49,DICIEMBRE,MX,200,40
2025,49,DICIEMBRE,SP,10,1
2025,49,DICIEMBRE,SP,30,3
2025,49,DICIEMBRE,SP,50,4
2025,49,DICIEMBRE,SP,100,8
2025,49,DICIEMBRE,SP,200,22
2025,49,DICIEMBRE,CL,10,0
2025,49,DICIEMBRE,CL,30,1
2025,49,DICIEMBRE,CL,50,3
2025,49,DICIEMBRE,CL,100,9
2025,49,DICIEMBRE,CL,200,25
2025,49,DICIEMBRE,AR,10,0
2025,49,DICIEMBRE,AR,30,1
2025,49,DICIEMBRE,AR,50,5
2025,49,DICIEMBRE,AR,100,9
2025,49,DICIEMBRE,AR,200,18
2025,49,DICIEMBRE,BR,10,0
2025,49,DICIEMBRE,BR,30,1
2025,49,DICIEMBRE,BR,50,4
2025,49,DICIEMBRE,BR,100,8
2025,49,DICIEMBRE,BR,200,19
2025,49,DICIEMBRE,PT,10,1
2025,49,DICIEMBRE,PT,30,8
2025,49,DICIEMBRE,PT,50,16
2025,49,DICIEMBRE,PT,100,28
2025,49,DICIEMBRE,PT,200,48
2025,50,DICIEMBRE,CO,10,0
2025,50,DICIEMBRE,CO,30,1
2025,50,DICIEMBRE,CO,50,5
2025,50,DICIEMBRE,CO,100,9
2025,50,DICIEMBRE,CO,200,24
2025,50,DICIEMBRE,PE,10,0
2025,50,DICIEMBRE,PE,30,3
2025,50,DICIEMBRE,PE,50,8
2025,50,DICIEMBRE,PE,100,15
2025,50,DICIEMBRE,PE,200,34
2025,50,DICIEMBRE,EC,10,0
2025,50,DICIEMBRE,EC,30,4
2025,50,DICIEMBRE,EC,50,7
2025,50,DICIEMBRE,EC,100,15
2025,50,DICIEMBRE,EC,200,37
2025,50,DICIEMBRE,PN,10,0
2025,50,DICIEMBRE,PN,30,0
2025,50,DICIEMBRE,PN,50,4
2025,50,DICIEMBRE,PN,100,10
2025,50,DICIEMBRE,PN,200,27
2025,50,DICIEMBRE,CR,10,0
2025,50,DICIEMBRE,CR,30,2
2025,50,DICIEMBRE,CR,50,5
2025,50,DICIEMBRE,CR,100,11
2025,50,DICIEMBRE,CR,200,30
2025,50,DICIEMBRE,GT,10,0
2025,50,DICIEMBRE,GT,30,2
2025,50,DICIEMBRE,GT,50,5
2025,50,DICIEMBRE,GT,100,15
2025,50,DICIEMBRE,GT,200,40
2025,50,DICIEMBRE,SV,10,1
2025,50,DICIEMBRE,SV,30,4
2025,50,DICIEMBRE,SV,50,7
2025,50,DICIEMBRE,SV,100,13
2025,50,DICIEMBRE,SV,200,33
2025,50,DICIEMBRE,HN,10,1
2025,50,DICIEMBRE,HN,30,3
2025,50,DICIEMBRE,HN,50,3
2025,50,DICIEMBRE,HN,100,10
2025,50,DICIEMBRE,HN,200,27
2025,50,DICIEMBRE,NI,10,2
2025,50,DICIEMBRE,NI,30,4
2025,50,DICIEMBRE,NI,50,7
2025,50,DICIEMBRE,NI,100,15
2025,50,DICIEMBRE,NI,200,37
2025,50,DICIEMBRE,DO,10,0
2025,50,DICIEMBRE,DO,30,0
2025,50,DICIEMBRE,DO,50,1
2025,50,DICIEMBRE,DO,100,5
2025,50,DICIEMBRE,DO,200,14
2025,50,DICIEMBRE,VE,10,0
2025,50,DICIEMBRE,VE,30,1
2025,50,DICIEMBRE,VE,50,5
2025,50,DICIEMBRE,VE,100,11
2025,50,DICIEMBRE,VE,200,27
2025,50,DICIEMBRE,MX,10,0
2025,50,DICIEMBRE,MX,30,1
2025,50,DICIEMBRE,MX,50,4
2025,50,DICIEMBRE,MX,100,15
2025,50,DICIEMBRE,MX,200,37
2025,50,DICIEMBRE,SP,10,1
2025,50,DICIEMBRE,SP,30,3
2025,50,DICIEMBRE,SP,50,5
2025,50,DICIEMBRE,SP,100,8
2025,50,DICIEMBRE,SP,200,21
2025,50,DICIEMBRE,CL,10,0
2025,50,DICIEMBRE,CL,30,1
2025,50,DICIEMBRE,CL,50,3
2025,50,DICIEMBRE,CL,100,8
2025,50,DICIEMBRE,CL,200,24
2025,50,DICIEMBRE,AR,10,0
2025,50,DICIEMBRE,AR,30,1
2025,50,DICIEMBRE,AR,50,4
2025,50,DICIEMBRE,AR,100,9
2025,50,DICIEMBRE,AR,200,16
2025,50,DICIEMBRE,BR,10,0
2025,50,DICIEMBRE,BR,30,1
2025,50,DICIEMBRE,BR,50,4
2025,50,DICIEMBRE,BR,100,9
2025,50,DICIEMBRE,BR,200,19
2025,50,DICIEMBRE,PT,10,1
2025,50,DICIEMBRE,PT,30,7
2025,50,DICIEMBRE,PT,50,13
2025,50,DICIEMBRE,PT,100,25
2025,50,DICIEMBRE,PT,200,45
2025,51,DICIEMBRE,CO,10,0
2025,51,DICIEMBRE,CO,30,3
2025,51,DICIEMBRE,CO,50,6
2025,51,DICIEMBRE,CO,100,11
2025,51,DICIEMBRE,CO,200,32
2025,51,DICIEMBRE,PE,10,0
2025,51,DICIEMBRE,PE,30,2
2025,51,DICIEMBRE,PE,50,7
2025,51,DICIEMBRE,PE,100,14
2025,51,DICIEMBRE,PE,200,31
2025,51,DICIEMBRE,EC,10,0
2025,51,DICIEMBRE,EC,30,4
2025,51,DICIEMBRE,EC,50,6
2025,51,DICIEMBRE,EC,100,18
2025,51,DICIEMBRE,EC,200,37
2025,51,DICIEMBRE,PN,10,0
2025,51,DICIEMBRE,PN,30,1
2025,51,DICIEMBRE,PN,50,4
2025,51,DICIEMBRE,PN,100,9
2025,51,DICIEMBRE,PN,200,30
2025,51,DICIEMBRE,CR,10,0
2025,51,DICIEMBRE,CR,30,2
2025,51,DICIEMBRE,CR,50,8
2025,51,DICIEMBRE,CR,100,14
2025,51,DICIEMBRE,CR,200,35
2025,51,DICIEMBRE,GT,10,0
2025,51,DICIEMBRE,GT,30,2
2025,51,DICIEMBRE,GT,50,4
2025,51,DICIEMBRE,GT,100,17
2025,51,DICIEMBRE,GT,200,41
2025,51,DICIEMBRE,SV,10,1
2025,51,DICIEMBRE,SV,30,4
2025,51,DICIEMBRE,SV,50,7
2025,51,DICIEMBRE,SV,100,14
2025,51,DICIEMBRE,SV,200,34
2025,51,DICIEMBRE,HN,10,1
2025,51,DICIEMBRE,HN,30,3
2025,51,DICIEMBRE,HN,50,4
2025,51,DICIEMBRE,HN,100,12
2025,51,DICIEMBRE,HN,200,28
2025,51,DICIEMBRE,NI,10,1
2025,51,DICIEMBRE,NI,30,4
2025,51,DICIEMBRE,NI,50,7
2025,51,DICIEMBRE,NI,100,17
2025,51,DICIEMBRE,NI,200,38
2025,51,DICIEMBRE,DO,10,0
2025,51,DICIEMBRE,DO,30,2
2025,51,DICIEMBRE,DO,50,3
2025,51,DICIEMBRE,DO,100,6
2025,51,DICIEMBRE,DO,200,17
2025,51,DICIEMBRE,VE,10,0
2025,51,DICIEMBRE,VE,30,1
2025,51,DICIEMBRE,VE,50,4
2025,51,DICIEMBRE,VE,100,11
2025,51,DICIEMBRE,VE,200,28
2025,51,DICIEMBRE,MX,10,0
2025,51,DICIEMBRE,MX,30,1
2025,51,DICIEMBRE,MX,50,4
2025,51,DICIEMBRE,MX,100,15
2025,51,DICIEMBRE,MX,200,36
2025,51,DICIEMBRE,SP,10,1
2025,51,DICIEMBRE,SP,30,2
2025,51,DICIEMBRE,SP,50,4
2025,51,DICIEMBRE,SP,100,8
2025,51,DICIEMBRE,SP,200,20
2025,51,DICIEMBRE,CL,10,0
2025,51,DICIEMBRE,CL,30,1
2025,51,DICIEMBRE,CL,50,3
2025,51,DICIEMBRE,CL,100,10
2025,51,DICIEMBRE,CL,200,27
2025,51,DICIEMBRE,AR,10,0
2025,51,DICIEMBRE,AR,30,1
2025,51,DICIEMBRE,AR,50,3
2025,51,DICIEMBRE,AR,100,10
2025,51,DICIEMBRE,AR,200,17
2025,51,DICIEMBRE,BR,10,0
2025,51,DICIEMBRE,BR,30,1
2025,51,DICIEMBRE,BR,50,3
2025,51,DICIEMBRE,BR,100,8
2025,51,DICIEMBRE,BR,200,20
2025,51,DICIEMBRE,PT,10,1
2025,51,DICIEMBRE,PT,30,7
2025,51,DICIEMBRE,PT,50,14
2025,51,DICIEMBRE,PT,100,27
2025,51,DICIEMBRE,PT,200,46
2025,52,DICIEMBRE,CO,10,0
2025,52,DICIEMBRE,CO,30,1
2025,52,DICIEMBRE,CO,50,4
2025,52,DICIEMBRE,CO,100,9
2025,52,DICIEMBRE,CO,200,24
2025,52,DICIEMBRE,PE,10,1
2025,52,DICIEMBRE,PE,30,3
2025,52,DICIEMBRE,PE,50,7
2025,52,DICIEMBRE,PE,100,15
2025,52,DICIEMBRE,PE,200,34
2025,52,DICIEMBRE,EC,10,1
2025,52,DICIEMBRE,EC,30,3
2025,52,DICIEMBRE,EC,50,7
2025,52,DICIEMBRE,EC,100,22
2025,52,DICIEMBRE,EC,200,36
2025,52,DICIEMBRE,PN,10,0
2025,52,DICIEMBRE,PN,30,2
2025,52,DICIEMBRE,PN,50,6
2025,52,DICIEMBRE,PN,100,16
2025,52,DICIEMBRE,PN,200,34
2025,52,DICIEMBRE,CR,10,0
2025,52,DICIEMBRE,CR,30,1
2025,52,DICIEMBRE,CR,50,8
2025,52,DICIEMBRE,CR,100,18
2025,52,DICIEMBRE,CR,200,41
2025,52,DICIEMBRE,GT,10,1
2025,52,DICIEMBRE,GT,30,4
2025,52,DICIEMBRE,GT,50,5
2025,52,DICIEMBRE,GT,100,17
2025,52,DICIEMBRE,GT,200,50
2025,52,DICIEMBRE,SV,10,1
2025,52,DICIEMBRE,SV,30,4
2025,52,DICIEMBRE,SV,50,7
2025,52,DICIEMBRE,SV,100,13
2025,52,DICIEMBRE,SV,200,36
2025,52,DICIEMBRE,HN,10,1
2025,52,DICIEMBRE,HN,30,3
2025,52,DICIEMBRE,HN,50,4
2025,52,DICIEMBRE,HN,100,17
2025,52,DICIEMBRE,HN,200,33
2025,52,DICIEMBRE,NI,10,2
2025,52,DICIEMBRE,NI,30,5
2025,52,DICIEMBRE,NI,50,9
2025,52,DICIEMBRE,NI,100,21
2025,52,DICIEMBRE,NI,200,40
2025,52,DICIEMBRE,DO,10,0
2025,52,DICIEMBRE,DO,30,2
2025,52,DICIEMBRE,DO,50,2
2025,52,DICIEMBRE,DO,100,6
2025,52,DICIEMBRE,DO,200,22
2025,52,DICIEMBRE,VE,10,1
2025,52,DICIEMBRE,VE,30,3
2025,52,DICIEMBRE,VE,50,3
2025,52,DICIEMBRE,VE,100,9
2025,52,DICIEMBRE,VE,200,23
2025,52,DICIEMBRE,MX,10,0
2025,52,DICIEMBRE,MX,30,2
2025,52,DICIEMBRE,MX,50,6
2025,52,DICIEMBRE,MX,100,15
2025,52,DICIEMBRE,MX,200,51
2025,52,DICIEMBRE,SP,10,1
2025,52,DICIEMBRE,SP,30,3
2025,52,DICIEMBRE,SP,50,8
2025,52,DICIEMBRE,SP,100,14
2025,52,DICIEMBRE,SP,200,27
2025,52,DICIEMBRE,CL,10,0
2025,52,DICIEMBRE,CL,30,1
2025,52,DICIEMBRE,CL,50,2
2025,52,DICIEMBRE,CL,100,12
2025,52,DICIEMBRE,CL,200,29
2025,52,DICIEMBRE,AR,10,0
2025,52,DICIEMBRE,AR,30,1
2025,52,DICIEMBRE,AR,50,4
2025,52,DICIEMBRE,AR,100,10
2025,52,DICIEMBRE,AR,200,17
2025,52,DICIEMBRE,BR,10,0
2025,52,DICIEMBRE,BR,30,1
2025,52,DICIEMBRE,BR,50,4
2025,52,DICIEMBRE,BR,100,8
2025,52,DICIEMBRE,BR,200,21
2025,52,DICIEMBRE,PT,10,4
2025,52,DICIEMBRE,PT,30,8
2025,52,DICIEMBRE,PT,50,13
2025,52,DICIEMBRE,PT,100,31
2025,52,DICIEMBRE,PT,200,58
2026,1,ENERO,CO,10,0
2026,1,ENERO,CO,30,3
2026,1,ENERO,CO,50,6
2026,1,ENERO,CO,100,9
2026,1,ENERO,CO,200,22
2026,1,ENERO,PE,10,1
2026,1,ENERO,PE,30,3
2026,1,ENERO,PE,50,6
2026,1,ENERO,PE,100,16
2026,1,ENERO,PE,200,34
2026,1,ENERO,EC,10,1
2026,1,ENERO,EC,30,3
2026,1,ENERO,EC,50,6
2026,1,ENERO,EC,100,18
2026,1,ENERO,EC,200,34
2026,1,ENERO,PN,10,0
2026,1,ENERO,PN,30,1
2026,1,ENERO,PN,50,4
2026,1,ENERO,PN,100,9
2026,1,ENERO,PN,200,29
2026,1,ENERO,CR,10,0
2026,1,ENERO,CR,30,2
2026,1,ENERO,CR,50,7
2026,1,ENERO,CR,100,17
2026,1,ENERO,CR,200,40
2026,1,ENERO,GT,10,0
2026,1,ENERO,GT,30,2
2026,1,ENERO,GT,50,4
2026,1,ENERO,GT,100,11
2026,1,ENERO,GT,200,44
2026,1,ENERO,SV,10,1
2026,1,ENERO,SV,30,4
2026,1,ENERO,SV,50,6
2026,1,ENERO,SV,100,14
2026,1,ENERO,SV,200,31
2026,1,ENERO,HN,10,1
2026,1,ENERO,HN,30,3
2026,1,ENERO,HN,50,3
2026,1,ENERO,HN,100,13
2026,1,ENERO,HN,200,30
2026,1,ENERO,NI,10,2
2026,1,ENERO,NI,30,4
2026,1,ENERO,NI,50,6
2026,1,ENERO,NI,100,17
2026,1,ENERO,NI,200,38
2026,1,ENERO,DO,10,0
2026,1,ENERO,DO,30,1
2026,1,ENERO,DO,50,2
2026,1,ENERO,DO,100,8
2026,1,ENERO,DO,200,19
2026,1,ENERO,VE,10,1
2026,1,ENERO,VE,30,3
2026,1,ENERO,VE,50,4
2026,1,ENERO,VE,100,12
2026,1,ENERO,VE,200,31
2026,1,ENERO,MX,10,0
2026,1,ENERO,MX,30,2
2026,1,ENERO,MX,50,5
2026,1,ENERO,MX,100,13
2026,1,ENERO,MX,200,43
2026,1,ENERO,SP,10,1
2026,1,ENERO,SP,30,4
2026,1,ENERO,SP,50,6
2026,1,ENERO,SP,100,9
2026,1,ENERO,SP,200,24
2026,1,ENERO,CL,10,0
2026,1,ENERO,CL,30,1
2026,1,ENERO,CL,50,1
2026,1,ENERO,CL,100,10
2026,1,ENERO,CL,200,21
2026,1,ENERO,AR,10,0
2026,1,ENERO,AR,30,1
2026,1,ENERO,AR,50,5
2026,1,ENERO,AR,100,9
2026,1,ENERO,AR,200,18
2026,1,ENERO,BR,10,0
2026,1,ENERO,BR,30,2
2026,1,ENERO,BR,50,3
2026,1,ENERO,BR,100,8
2026,1,ENERO,BR,200,18
2026,1,ENERO,PT,10,2
2026,1,ENERO,PT,30,6
2026,1,ENERO,PT,50,10
2026,1,ENERO,PT,100,28
2026,1,ENERO,PT,200,46
2026,2,ENERO,CO,10,0
2026,2,ENERO,CO,30,4
2026,2,ENERO,CO,50,5
2026,2,ENERO,CO,100,10
2026,2,ENERO,CO,200,29
2026,2,ENERO,PE,10,0
2026,2,ENERO,PE,30,3
2026,2,ENERO,PE,50,6
2026,2,ENERO,PE,100,16
2026,2,ENERO,PE,200,34
2026,2,ENERO,EC,10,0
2026,2,ENERO,EC,30,3
2026,2,ENERO,EC,50,5
2026,2,ENERO,EC,100,17
2026,2,ENERO,EC,200,33
2026,2,ENERO,PN,10,0
2026,2,ENERO,PN,30,0
2026,2,ENERO,PN,50,4
2026,2,ENERO,PN,100,10
2026,2,ENERO,PN,200,30
2026,2,ENERO,CR,10,0
2026,2,ENERO,CR,30,2
2026,2,ENERO,CR,50,7
2026,2,ENERO,CR,100,14
2026,2,ENERO,CR,200,35
2026,2,ENERO,GT,10,0
2026,2,ENERO,GT,30,2
2026,2,ENERO,GT,50,4
2026,2,ENERO,GT,100,12
2026,2,ENERO,GT,200,35
2026,2,ENERO,SV,10,2
2026,2,ENERO,SV,30,3
2026,2,ENERO,SV,50,6
2026,2,ENERO,SV,100,14
2026,2,ENERO,SV,200,31
2026,2,ENERO,HN,10,1
2026,2,ENERO,HN,30,2
2026,2,ENERO,HN,50,3
2026,2,ENERO,HN,100,10
2026,2,ENERO,HN,200,28
2026,2,ENERO,NI,10,1
2026,2,ENERO,NI,30,3
2026,2,ENERO,NI,50,7
2026,2,ENERO,NI,100,13
2026,2,ENERO,NI,200,34
2026,2,ENERO,DO,10,0
2026,2,ENERO,DO,30,1
2026,2,ENERO,DO,50,2
2026,2,ENERO,DO,100,8
2026,2,ENERO,DO,200,19
2026,2,ENERO,VE,10,1
2026,2,ENERO,VE,30,1
2026,2,ENERO,VE,50,3
2026,2,ENERO,VE,100,8
2026,2,ENERO,VE,200,25
2026,2,ENERO,MX,10,0
2026,2,ENERO,MX,30,1
2026,2,ENERO,MX,50,3
2026,2,ENERO,MX,100,12
2026,2,ENERO,MX,200,39
2026,2,ENERO,SP,10,1
2026,2,ENERO,SP,30,4
2026,2,ENERO,SP,50,7
2026,2,ENERO,SP,100,8
2026,2,ENERO,SP,200,22
2026,2,ENERO,CL,10,0
2026,2,ENERO,CL,30,1
2026,2,ENERO,CL,50,3
2026,2,ENERO,CL,100,11
2026,2,ENERO,CL,200,22
2026,2,ENERO,AR,10,0
2026,2,ENERO,AR,30,1
2026,2,ENERO,AR,50,5
2026,2,ENERO,AR,100,12
2026,2,ENERO,AR,200,21
2026,2,ENERO,BR,10,0
2026,2,ENERO,BR,30,2
2026,2,ENERO,BR,50,4
2026,2,ENERO,BR,100,10
2026,2,ENERO,BR,200,20
2026,2,ENERO,PT,10,1
2026,2,ENERO,PT,30,6
2026,2,ENERO,PT,50,10
2026,2,ENERO,PT,100,27
2026,2,ENERO,PT,200,51
2026,3,ENERO,CO,10,0
2026,3,ENERO,CO,30,1
2026,3,ENERO,CO,50,4
2026,3,ENERO,CO,100,8
2026,3,ENERO,CO,200,21
2026,3,ENERO,PE,10,0
2026,3,ENERO,PE,30,2
2026,3,ENERO,PE,50,6
2026,3,ENERO,PE,100,13
2026,3,ENERO,PE,200,30
2026,3,ENERO,EC,10,0
2026,3,ENERO,EC,30,3
2026,3,ENERO,EC,50,6
2026,3,ENERO,EC,100,15
2026,3,ENERO,EC,200,27
2026,3,ENERO,PN,10,0
2026,3,ENERO,PN,30,0
2026,3,ENERO,PN,50,4
2026,3,ENERO,PN,100,11
2026,3,ENERO,PN,200,28
2026,3,ENERO,CR,10,0
2026,3,ENERO,CR,30,2
2026,3,ENERO,CR,50,7
2026,3,ENERO,CR,100,15
2026,3,ENERO,CR,200,33
2026,3,ENERO,GT,10,0
2026,3,ENERO,GT,30,2
2026,3,ENERO,GT,50,3
2026,3,ENERO,GT,100,11
2026,3,ENERO,GT,200,35
2026,3,ENERO,SV,10,0
2026,3,ENERO,SV,30,3
2026,3,ENERO,SV,50,6
2026,3,ENERO,SV,100,13
2026,3,ENERO,SV,200,33
2026,3,ENERO,HN,10,0
2026,3,ENERO,HN,30,2
2026,3,ENERO,HN,50,4
2026,3,ENERO,HN,100,9
2026,3,ENERO,HN,200,23
2026,3,ENERO,NI,10,1
2026,3,ENERO,NI,30,2
2026,3,ENERO,NI,50,5
2026,3,ENERO,NI,100,10
2026,3,ENERO,NI,200,34
2026,3,ENERO,DO,10,0
2026,3,ENERO,DO,30,0
2026,3,ENERO,DO,50,2
2026,3,ENERO,DO,100,6
2026,3,ENERO,DO,200,17
2026,3,ENERO,VE,10,0
2026,3,ENERO,VE,30,0
2026,3,ENERO,VE,50,1
2026,3,ENERO,VE,100,7
2026,3,ENERO,VE,200,19
2026,3,ENERO,MX,10,0
2026,3,ENERO,MX,30,0
2026,3,ENERO,MX,50,4
2026,3,ENERO,MX,100,9
2026,3,ENERO,MX,200,34
2026,3,ENERO,SP,10,1
2026,3,ENERO,SP,30,4
2026,3,ENERO,SP,50,6
2026,3,ENERO,SP,100,10
2026,3,ENERO,SP,200,22
2026,3,ENERO,CL,10,0
2026,3,ENERO,CL,30,1
2026,3,ENERO,CL,50,2
2026,3,ENERO,CL,100,10
2026,3,ENERO,CL,200,19
2026,3,ENERO,AR,10,0
2026,3,ENERO,AR,30,1
2026,3,ENERO,AR,50,4
2026,3,ENERO,AR,100,11
2026,3,ENERO,AR,200,22
2026,3,ENERO,BR,10,0
2026,3,ENERO,BR,30,2
2026,3,ENERO,BR,50,5
2026,3,ENERO,BR,100,10
2026,3,ENERO,BR,200,16
2026,3,ENERO,PT,10,1
2026,3,ENERO,PT,30,6
2026,3,ENERO,PT,50,12
2026,3,ENERO,PT,100,25
2026,3,ENERO,PT,200,46
2026,4,ENERO,CO,10,0
2026,4,ENERO,CO,30,1
2026,4,ENERO,CO,50,2
2026,4,ENERO,CO,100,8
2026,4,ENERO,CO,200,19
2026,4,ENERO,PE,10,0
2026,4,ENERO,PE,30,2
2026,4,ENERO,PE,50,5
2026,4,ENERO,PE,100,11
2026,4,ENERO,PE,200,29
2026,4,ENERO,EC,10,0
2026,4,ENERO,EC,30,3
2026,4,ENERO,EC,50,4
2026,4,ENERO,EC,100,13
2026,4,ENERO,EC,200,26
2026,4,ENERO,PN,10,0
2026,4,ENERO,PN,30,0
2026,4,ENERO,PN,50,3
2026,4,ENERO,PN,100,11
2026,4,ENERO,PN,200,26
2026,4,ENERO,CR,10,0
2026,4,ENERO,CR,30,1
2026,4,ENERO,CR,50,7
2026,4,ENERO,CR,100,15
2026,4,ENERO,CR,200,35
2026,4,ENERO,GT,10,0
2026,4,ENERO,GT,30,1
2026,4,ENERO,GT,50,3
2026,4,ENERO,GT,100,10
2026,4,ENERO,GT,200,35
2026,4,ENERO,SV,10,0
2026,4,ENERO,SV,30,3
2026,4,ENERO,SV,50,6
2026,4,ENERO,SV,100,13
2026,4,ENERO,SV,200,34
2026,4,ENERO,HN,10,0
2026,4,ENERO,HN,30,2
2026,4,ENERO,HN,50,3
2026,4,ENERO,HN,100,9
2026,4,ENERO,HN,200,25
2026,4,ENERO,NI,10,1
2026,4,ENERO,NI,30,2
2026,4,ENERO,NI,50,4
2026,4,ENERO,NI,100,11
2026,4,ENERO,NI,200,34
2026,4,ENERO,DO,10,0
2026,4,ENERO,DO,30,0
2026,4,ENERO,DO,50,2
2026,4,ENERO,DO,100,6
2026,4,ENERO,DO,200,17
2026,4,ENERO,VE,10,0
2026,4,ENERO,VE,30,0
2026,4,ENERO,VE,50,1
2026,4,ENERO,VE,100,7
2026,4,ENERO,VE,200,20
2026,4,ENERO,MX,10,0
2026,4,ENERO,MX,30,0
2026,4,ENERO,MX,50,1
2026,4,ENERO,MX,100,10
2026,4,ENERO,MX,200,33
2026,4,ENERO,SP,10,1
2026,4,ENERO,SP,30,4
2026,4,ENERO,SP,50,5
2026,4,ENERO,SP,100,9
2026,4,ENERO,SP,200,21
2026,4,ENERO,CL,10,0
2026,4,ENERO,CL,30,0
2026,4,ENERO,CL,50,2
2026,4,ENERO,CL,100,10
2026,4,ENERO,CL,200,23
2026,4,ENERO,AR,10,0
2026,4,ENERO,AR,30,0
2026,4,ENERO,AR,50,4
2026,4,ENERO,AR,100,11
2026,4,ENERO,AR,200,22
2026,4,ENERO,BR,10,0
2026,4,ENERO,BR,30,3
2026,4,ENERO,BR,50,3
2026,4,ENERO,BR,100,9
2026,4,ENERO,BR,200,16
2026,4,ENERO,PT,10,1
2026,4,ENERO,PT,30,5
2026,4,ENERO,PT,50,11
2026,4,ENERO,PT,100,24
2026,4,ENERO,PT,200,43
2026,5,ENERO,CO,10,0
2026,5,ENERO,CO,30,1
2026,5,ENERO,CO,50,4
2026,5,ENERO,CO,100,8
2026,5,ENERO,CO,200,22
2026,5,ENERO,PE,10,0
2026,5,ENERO,PE,30,2
2026,5,ENERO,PE,50,6
2026,5,ENERO,PE,100,12
2026,5,ENERO,PE,200,30
2026,5,ENERO,EC,10,0
2026,5,ENERO,EC,30,2
2026,5,ENERO,EC,50,6
2026,5,ENERO,EC,100,14
2026,5,ENERO,EC,200,26
2026,5,ENERO,PN,10,0
2026,5,ENERO,PN,30,1
2026,5,ENERO,PN,50,4
2026,5,ENERO,PN,100,9
2026,5,ENERO,PN,200,23
2026,5,ENERO,CR,10,0
2026,5,ENERO,CR,30,2
2026,5,ENERO,CR,50,6
2026,5,ENERO,CR,100,13
2026,5,ENERO,CR,200,32
2026,5,ENERO,GT,10,0
2026,5,ENERO,GT,30,1
2026,5,ENERO,GT,50,4
2026,5,ENERO,GT,100,10
2026,5,ENERO,GT,200,34
2026,5,ENERO,SV,10,1
2026,5,ENERO,SV,30,2
2026,5,ENERO,SV,50,6
2026,5,ENERO,SV,100,13
2026,5,ENERO,SV,200,30
2026,5,ENERO,HN,10,1
2026,5,ENERO,HN,30,2
2026,5,ENERO,HN,50,3
2026,5,ENERO,HN,100,9
2026,5,ENERO,HN,200,25
2026,5,ENERO,NI,10,1
2026,5,ENERO,NI,30,2
2026,5,ENERO,NI,50,3
2026,5,ENERO,NI,100,11
2026,5,ENERO,NI,200,33
2026,5,ENERO,DO,10,0
2026,5,ENERO,DO,30,0
2026,5,ENERO,DO,50,1
2026,5,ENERO,DO,100,5
2026,5,ENERO,DO,200,17
2026,5,ENERO,VE,10,0
2026,5,ENERO,VE,30,0
2026,5,ENERO,VE,50,2
2026,5,ENERO,VE,100,7
2026,5,ENERO,VE,200,18
2026,5,ENERO,MX,10,0
2026,5,ENERO,MX,30,1
2026,5,ENERO,MX,50,3
2026,5,ENERO,MX,100,12
2026,5,ENERO,MX,200,36
2026,5,ENERO,SP,10,1
2026,5,ENERO,SP,30,3
2026,5,ENERO,SP,50,5
2026,5,ENERO,SP,100,9
2026,5,ENERO,SP,200,24
2026,5,ENERO,CL,10,0
2026,5,ENERO,CL,30,1
2026,5,ENERO,CL,50,3
2026,5,ENERO,CL,100,10
2026,5,ENERO,CL,200,21
2026,5,ENERO,AR,10,0
2026,5,ENERO,AR,30,0
2026,5,ENERO,AR,50,3
2026,5,ENERO,AR,100,12
2026,5,ENERO,AR,200,19
2026,5,ENERO,BR,10,0
2026,5,ENERO,BR,30,2
2026,5,ENERO,BR,50,3
2026,5,ENERO,BR,100,10
2026,5,ENERO,BR,200,17
2026,5,ENERO,PT,10,1
2026,5,ENERO,PT,30,5
2026,5,ENERO,PT,50,9
2026,5,ENERO,PT,100,22
2026,5,ENERO,PT,200,46
2026,6,FEBRERO,CO,10,0
2026,6,FEBRERO,CO,30,1
2026,6,FEBRERO,CO,50,4
2026,6,FEBRERO,CO,100,7
2026,6,FEBRERO,CO,200,22
2026,6,FEBRERO,PE,10,0
2026,6,FEBRERO,PE,30,1
2026,6,FEBRERO,PE,50,7
2026,6,FEBRERO,PE,100,12
2026,6,FEBRERO,PE,200,31
2026,6,FEBRERO,EC,10,0
2026,6,FEBRERO,EC,30,1
2026,6,FEBRERO,EC,50,6
2026,6,FEBRERO,EC,100,13
2026,6,FEBRERO,EC,200,26
2026,6,FEBRERO,PN,10,0
2026,6,FEBRERO,PN,30,1
2026,6,FEBRERO,PN,50,3
2026,6,FEBRERO,PN,100,8
2026,6,FEBRERO,PN,200,24
2026,6,FEBRERO,CR,10,0
2026,6,FEBRERO,CR,30,2
2026,6,FEBRERO,CR,50,6
2026,6,FEBRERO,CR,100,10
2026,6,FEBRERO,CR,200,30
2026,6,FEBRERO,GT,10,0
2026,6,FEBRERO,GT,30,1
2026,6,FEBRERO,GT,50,2
2026,6,FEBRERO,GT,100,11
2026,6,FEBRERO,GT,200,35
2026,6,FEBRERO,SV,10,1
2026,6,FEBRERO,SV,30,2
2026,6,FEBRERO,SV,50,6
2026,6,FEBRERO,SV,100,11
2026,6,FEBRERO,SV,200,26
2026,6,FEBRERO,HN,10,1
2026,6,FEBRERO,HN,30,2
2026,6,FEBRERO,HN,50,3
2026,6,FEBRERO,HN,100,7
2026,6,FEBRERO,HN,200,25
2026,6,FEBRERO,NI,10,1
2026,6,FEBRERO,NI,30,2
2026,6,FEBRERO,NI,50,4
2026,6,FEBRERO,NI,100,9
2026,6,FEBRERO,NI,200,32
2026,6,FEBRERO,DO,10,0
2026,6,FEBRERO,DO,30,0
2026,6,FEBRERO,DO,50,1
2026,6,FEBRERO,DO,100,3
2026,6,FEBRERO,DO,200,21
2026,6,FEBRERO,VE,10,1
2026,6,FEBRERO,VE,30,1
2026,6,FEBRERO,VE,50,3
2026,6,FEBRERO,VE,100,10
2026,6,FEBRERO,VE,200,18
2026,6,FEBRERO,MX,10,0
2026,6,FEBRERO,MX,30,0
2026,6,FEBRERO,MX,50,2
2026,6,FEBRERO,MX,100,8
2026,6,FEBRERO,MX,200,36
2026,6,FEBRERO,SP,10,1
2026,6,FEBRERO,SP,30,3
2026,6,FEBRERO,SP,50,5
2026,6,FEBRERO,SP,100,10
2026,6,FEBRERO,SP,200,24
2026,6,FEBRERO,CL,10,0
2026,6,FEBRERO,CL,30,0
2026,6,FEBRERO,CL,50,4
2026,6,FEBRERO,CL,100,9
2026,6,FEBRERO,CL,200,23
2026,6,FEBRERO,AR,10,0
2026,6,FEBRERO,AR,30,0
2026,6,FEBRERO,AR,50,3
2026,6,FEBRERO,AR,100,12
2026,6,FEBRERO,AR,200,19
2026,6,FEBRERO,BR,10,0
2026,6,FEBRERO,BR,30,2
2026,6,FEBRERO,BR,50,3
2026,6,FEBRERO,BR,100,8
2026,6,FEBRERO,BR,200,21
2026,6,FEBRERO,PT,10,1
2026,6,FEBRERO,PT,30,5
2026,6,FEBRERO,PT,50,10
2026,6,FEBRERO,PT,100,24
2026,6,FEBRERO,PT,200,45
2026,7,FEBRERO,CO,10,1
2026,7,FEBRERO,CO,30,1
2026,7,FEBRERO,CO,50,4
2026,7,FEBRERO,CO,100,7
2026,7,FEBRERO,CO,200,26
2026,7,FEBRERO,PE,10,1
2026,7,FEBRERO,PE,30,1
2026,7,FEBRERO,PE,50,7
2026,7,FEBRERO,PE,100,14
2026,7,FEBRERO,PE,200,33
2026,7,FEBRERO,EC,10,1
2026,7,FEBRERO,EC,30,2
2026,7,FEBRERO,EC,50,5
2026,7,FEBRERO,EC,100,14
2026,7,FEBRERO,EC,200,35
2026,7,FEBRERO,PN,10,0
2026,7,FEBRERO,PN,30,1
2026,7,FEBRERO,PN,50,2
2026,7,FEBRERO,PN,100,7
2026,7,FEBRERO,PN,200,27
2026,7,FEBRERO,CR,10,1
2026,7,FEBRERO,CR,30,1
2026,7,FEBRERO,CR,50,5
2026,7,FEBRERO,CR,100,12
2026,7,FEBRERO,CR,200,33
2026,7,FEBRERO,GT,10,1
2026,7,FEBRERO,GT,30,1
2026,7,FEBRERO,GT,50,1
2026,7,FEBRERO,GT,100,9
2026,7,FEBRERO,GT,200,29
2026,7,FEBRERO,SV,10,1
2026,7,FEBRERO,SV,30,2
2026,7,FEBRERO,SV,50,4
2026,7,FEBRERO,SV,100,9
2026,7,FEBRERO,SV,200,26
2026,7,FEBRERO,HN,10,1
2026,7,FEBRERO,HN,30,2
2026,7,FEBRERO,HN,50,3
2026,7,FEBRERO,HN,100,6
2026,7,FEBRERO,HN,200,23
2026,7,FEBRERO,NI,10,1
2026,7,FEBRERO,NI,30,2
2026,7,FEBRERO,NI,50,4
2026,7,FEBRERO,NI,100,9
2026,7,FEBRERO,NI,200,32
2026,7,FEBRERO,DO,10,0
2026,7,FEBRERO,DO,30,1
2026,7,FEBRERO,DO,50,1
2026,7,FEBRERO,DO,100,4
2026,7,FEBRERO,DO,200,21
2026,7,FEBRERO,VE,10,0
2026,7,FEBRERO,VE,30,1
2026,7,FEBRERO,VE,50,3
2026,7,FEBRERO,VE,100,10
2026,7,FEBRERO,VE,200,17
2026,7,FEBRERO,MX,10,0
2026,7,FEBRERO,MX,30,1
2026,7,FEBRERO,MX,50,2
2026,7,FEBRERO,MX,100,9
2026,7,FEBRERO,MX,200,35
2026,7,FEBRERO,SP,10,1
2026,7,FEBRERO,SP,30,3
2026,7,FEBRERO,SP,50,6
2026,7,FEBRERO,SP,100,10
2026,7,FEBRERO,SP,200,20
2026,7,FEBRERO,CL,10,0
2026,7,FEBRERO,CL,30,1
2026,7,FEBRERO,CL,50,2
2026,7,FEBRERO,CL,100,9
2026,7,FEBRERO,CL,200,24
2026,7,FEBRERO,AR,10,0
2026,7,FEBRERO,AR,30,1
2026,7,FEBRERO,AR,50,4
2026,7,FEBRERO,AR,100,11
2026,7,FEBRERO,AR,200,23
2026,7,FEBRERO,BR,10,0
2026,7,FEBRERO,BR,30,2
2026,7,FEBRERO,BR,50,2
2026,7,FEBRERO,BR,100,10
2026,7,FEBRERO,BR,200,21
2026,7,FEBRERO,PT,10,0
2026,7,FEBRERO,PT,30,5
2026,7,FEBRERO,PT,50,8
2026,7,FEBRERO,PT,100,21
2026,7,FEBRERO,PT,200,45
2026,8,FEBRERO,CO,10,0
2026,8,FEBRERO,CO,30,1
2026,8,FEBRERO,CO,50,4
2026,8,FEBRERO,CO,100,7
2026,8,FEBRERO,CO,200,24
2026,8,FEBRERO,PE,10,1
2026,8,FEBRERO,PE,30,1
2026,8,FEBRERO,PE,50,7
2026,8,FEBRERO,PE,100,14
2026,8,FEBRERO,PE,200,33
2026,8,FEBRERO,EC,10,1
2026,8,FEBRERO,EC,30,3
2026,8,FEBRERO,EC,50,5
2026,8,FEBRERO,EC,100,16
2026,8,FEBRERO,EC,200,36
2026,8,FEBRERO,PN,10,0
2026,8,FEBRERO,PN,30,1
2026,8,FEBRERO,PN,50,2
2026,8,FEBRERO,PN,100,6
2026,8,FEBRERO,PN,200,25
2026,8,FEBRERO,CR,10,1
2026,8,FEBRERO,CR,30,1
2026,8,FEBRERO,CR,50,6
2026,8,FEBRERO,CR,100,13
2026,8,FEBRERO,CR,200,33
2026,8,FEBRERO,GT,10,0
2026,8,FEBRERO,GT,30,1
2026,8,FEBRERO,GT,50,2
2026,8,FEBRERO,GT,100,8
2026,8,FEBRERO,GT,200,32
2026,8,FEBRERO,SV,10,1
2026,8,FEBRERO,SV,30,2
2026,8,FEBRERO,SV,50,5
2026,8,FEBRERO,SV,100,8
2026,8,FEBRERO,SV,200,26
2026,8,FEBRERO,HN,10,1
2026,8,FEBRERO,HN,30,2
2026,8,FEBRERO,HN,50,2
2026,8,FEBRERO,HN,100,7
2026,8,FEBRERO,HN,200,19
2026,8,FEBRERO,NI,10,1
2026,8,FEBRERO,NI,30,2
2026,8,FEBRERO,NI,50,4
2026,8,FEBRERO,NI,100,10
2026,8,FEBRERO,NI,200,33
2026,8,FEBRERO,DO,10,0
2026,8,FEBRERO,DO,30,1
2026,8,FEBRERO,DO,50,1
2026,8,FEBRERO,DO,100,4
2026,8,FEBRERO,DO,200,22
2026,8,FEBRERO,VE,10,1
2026,8,FEBRERO,VE,30,2
2026,8,FEBRERO,VE,50,5
2026,8,FEBRERO,VE,100,10
2026,8,FEBRERO,VE,200,21
2026,8,FEBRERO,MX,10,0
2026,8,FEBRERO,MX,30,0
2026,8,FEBRERO,MX,50,2
2026,8,FEBRERO,MX,100,8
2026,8,FEBRERO,MX,200,31
2026,8,FEBRERO,SP,10,1
2026,8,FEBRERO,SP,30,3
2026,8,FEBRERO,SP,50,7
2026,8,FEBRERO,SP,100,9
2026,8,FEBRERO,SP,200,21
2026,8,FEBRERO,CL,10,0
2026,8,FEBRERO,CL,30,1
2026,8,FEBRERO,CL,50,2
2026,8,FEBRERO,CL,100,9
2026,8,FEBRERO,CL,200,22
2026,8,FEBRERO,AR,10,0
2026,8,FEBRERO,AR,30,1
2026,8,FEBRERO,AR,50,2
2026,8,FEBRERO,AR,100,8
2026,8,FEBRERO,AR,200,20
2026,8,FEBRERO,BR,10,1
2026,8,FEBRERO,BR,30,4
2026,8,FEBRERO,BR,50,8
2026,8,FEBRERO,BR,100,11
2026,8,FEBRERO,BR,200,25
2026,8,FEBRERO,PT,10,0
2026,8,FEBRERO,PT,30,6
2026,8,FEBRERO,PT,50,9
2026,8,FEBRERO,PT,100,24
2026,8,FEBRERO,PT,200,46
2026,9,FEBRERO,CO,10,0
2026,9,FEBRERO,CO,30,1
2026,9,FEBRERO,CO,50,4
2026,9,FEBRERO,CO,100,9
2026,9,FEBRERO,CO,200,27
2026,9,FEBRERO,PE,10,1
2026,9,FEBRERO,PE,30,1
2026,9,FEBRERO,PE,50,6
2026,9,FEBRERO,PE,100,13
2026,9,FEBRERO,PE,200,30
2026,9,FEBRERO,EC,10,1
2026,9,FEBRERO,EC,30,3
2026,9,FEBRERO,EC,50,5
2026,9,FEBRERO,EC,100,21
2026,9,FEBRERO,EC,200,39
2026,9,FEBRERO,PN,10,0
2026,9,FEBRERO,PN,30,0
2026,9,FEBRERO,PN,50,2
2026,9,FEBRERO,PN,100,7
2026,9,FEBRERO,PN,200,30
2026,9,FEBRERO,CR,10,0
2026,9,FEBRERO,CR,30,0
2026,9,FEBRERO,CR,50,2
2026,9,FEBRERO,CR,100,9
2026,9,FEBRERO,CR,200,29
2026,9,FEBRERO,GT,10,0
2026,9,FEBRERO,GT,30,1
2026,9,FEBRERO,GT,50,2
2026,9,FEBRERO,GT,100,9
2026,9,FEBRERO,GT,200,31
2026,9,FEBRERO,SV,10,1
2026,9,FEBRERO,SV,30,3
2026,9,FEBRERO,SV,50,5
2026,9,FEBRERO,SV,100,8
2026,9,FEBRERO,SV,200,28
2026,9,FEBRERO,HN,10,1
2026,9,FEBRERO,HN,30,1
2026,9,FEBRERO,HN,50,3
2026,9,FEBRERO,HN,100,6
2026,9,FEBRERO,HN,200,21
2026,9,FEBRERO,NI,10,1
2026,9,FEBRERO,NI,30,2
2026,9,FEBRERO,NI,50,4
2026,9,FEBRERO,NI,100,9
2026,9,FEBRERO,NI,200,32
2026,9,FEBRERO,DO,10,0
2026,9,FEBRERO,DO,30,0
2026,9,FEBRERO,DO,50,2
2026,9,FEBRERO,DO,100,4
2026,9,FEBRERO,DO,200,28
2026,9,FEBRERO,VE,10,0
2026,9,FEBRERO,VE,30,2
2026,9,FEBRERO,VE,50,3
2026,9,FEBRERO,VE,100,10
2026,9,FEBRERO,VE,200,22
2026,9,FEBRERO,MX,10,0
2026,9,FEBRERO,MX,30,0
2026,9,FEBRERO,MX,50,2
2026,9,FEBRERO,MX,100,8
2026,9,FEBRERO,MX,200,32
2026,9,FEBRERO,SP,10,1
2026,9,FEBRERO,SP,30,2
2026,9,FEBRERO,SP,50,5
2026,9,FEBRERO,SP,100,12
2026,9,FEBRERO,SP,200,21
2026,9,FEBRERO,CL,10,0
2026,9,FEBRERO,CL,30,0
2026,9,FEBRERO,CL,50,2
2026,9,FEBRERO,CL,100,6
2026,9,FEBRERO,CL,200,20
2026,9,FEBRERO,AR,10,0
2026,9,FEBRERO,AR,30,1
2026,9,FEBRERO,AR,50,2
2026,9,FEBRERO,AR,100,10
2026,9,FEBRERO,AR,200,22
2026,9,FEBRERO,BR,10,2
2026,9,FEBRERO,BR,30,3
2026,9,FEBRERO,BR,50,7
2026,9,FEBRERO,BR,100,10
2026,9,FEBRERO,BR,200,21
2026,9,FEBRERO,PT,10,1
2026,9,FEBRERO,PT,30,6
2026,9,FEBRERO,PT,50,9
2026,9,FEBRERO,PT,100,24
2026,9,FEBRERO,PT,200,47
2026,10,MARZO,CO,10,1
2026,10,MARZO,CO,30,2
2026,10,MARZO,CO,50,4
2026,10,MARZO,CO,100,6
2026,10,MARZO,CO,200,26
2026,10,MARZO,PE,10,1
2026,10,MARZO,PE,30,1
2026,10,MARZO,PE,50,5
2026,10,MARZO,PE,100,13
2026,10,MARZO,PE,200,28
2026,10,MARZO,EC,10,0
2026,10,MARZO,EC,30,2
2026,10,MARZO,EC,50,4
2026,10,MARZO,EC,100,18
2026,10,MARZO,EC,200,34
2026,10,MARZO,PN,10,0
2026,10,MARZO,PN,30,0
2026,10,MARZO,PN,50,1
2026,10,MARZO,PN,100,7
2026,10,MARZO,PN,200,26
2026,10,MARZO,CR,10,0
2026,10,MARZO,CR,30,1
2026,10,MARZO,CR,50,4
2026,10,MARZO,CR,100,10
2026,10,MARZO,CR,200,28
2026,10,MARZO,GT,10,0
2026,10,MARZO,GT,30,1
2026,10,MARZO,GT,50,3
2026,10,MARZO,GT,100,10
2026,10,MARZO,GT,200,29
2026,10,MARZO,SV,10,1
2026,10,MARZO,SV,30,2
2026,10,MARZO,SV,50,3
2026,10,MARZO,SV,100,10
2026,10,MARZO,SV,200,30
2026,10,MARZO,HN,10,1
2026,10,MARZO,HN,30,1
2026,10,MARZO,HN,50,2
2026,10,MARZO,HN,100,7
2026,10,MARZO,HN,200,19
2026,10,MARZO,NI,10,1
2026,10,MARZO,NI,30,1
2026,10,MARZO,NI,50,3
2026,10,MARZO,NI,100,10
2026,10,MARZO,NI,200,31
2026,10,MARZO,DO,10,0
2026,10,MARZO,DO,30,0
2026,10,MARZO,DO,50,1
2026,10,MARZO,DO,100,3
2026,10,MARZO,DO,200,21
2026,10,MARZO,VE,10,1
2026,10,MARZO,VE,30,1
2026,10,MARZO,VE,50,3
2026,10,MARZO,VE,100,8
2026,10,MARZO,VE,200,22
2026,10,MARZO,MX,10,0
2026,10,MARZO,MX,30,0
2026,10,MARZO,MX,50,2
2026,10,MARZO,MX,100,9
2026,10,MARZO,MX,200,32
2026,10,MARZO,SP,10,1
2026,10,MARZO,SP,30,2
2026,10,MARZO,SP,50,4
2026,10,MARZO,SP,100,11
2026,10,MARZO,SP,200,22
2026,10,MARZO,CL,10,0
2026,10,MARZO,CL,30,1
2026,10,MARZO,CL,50,4
2026,10,MARZO,CL,100,9
2026,10,MARZO,CL,200,26
2026,10,MARZO,AR,10,0
2026,10,MARZO,AR,30,1
2026,10,MARZO,AR,50,2
2026,10,MARZO,AR,100,8
2026,10,MARZO,AR,200,23
2026,10,MARZO,BR,10,1
2026,10,MARZO,BR,30,4
2026,10,MARZO,BR,50,6
2026,10,MARZO,BR,100,11
2026,10,MARZO,BR,200,22
2026,10,MARZO,PT,10,1
2026,10,MARZO,PT,30,5
2026,10,MARZO,PT,50,9
2026,10,MARZO,PT,100,23
2026,10,MARZO,PT,200,45
2026,11,MARZO,CO,10,1
2026,11,MARZO,CO,30,2
2026,11,MARZO,CO,50,5
2026,11,MARZO,CO,100,7
2026,11,MARZO,CO,200,23
2026,11,MARZO,PE,10,0
2026,11,MARZO,PE,30,1
2026,11,MARZO,PE,50,5
2026,11,MARZO,PE,100,14
2026,11,MARZO,PE,200,27
2026,11,MARZO,EC,10,0
2026,11,MARZO,EC,30,2
2026,11,MARZO,EC,50,5
2026,11,MARZO,EC,100,15
2026,11,MARZO,EC,200,31
2026,11,MARZO,PN,10,1
2026,11,MARZO,PN,30,1
2026,11,MARZO,PN,50,2
2026,11,MARZO,PN,100,7
2026,11,MARZO,PN,200,23
2026,11,MARZO,CR,10,1
2026,11,MARZO,CR,30,1
2026,11,MARZO,CR,50,5
2026,11,MARZO,CR,100,10
2026,11,MARZO,CR,200,27
2026,11,MARZO,GT,10,0
2026,11,MARZO,GT,30,1
2026,11,MARZO,GT,50,2
2026,11,MARZO,GT,100,7
2026,11,MARZO,GT,200,30
2026,11,MARZO,SV,10,0
2026,11,MARZO,SV,30,2
2026,11,MARZO,SV,50,2
2026,11,MARZO,SV,100,9
2026,11,MARZO,SV,200,26
2026,11,MARZO,HN,10,0
2026,11,MARZO,HN,30,1
2026,11,MARZO,HN,50,2
2026,11,MARZO,HN,100,5
2026,11,MARZO,HN,200,20
2026,11,MARZO,NI,10,1
2026,11,MARZO,NI,30,1
2026,11,MARZO,NI,50,3
2026,11,MARZO,NI,100,10
2026,11,MARZO,NI,200,29
2026,11,MARZO,DO,10,0
2026,11,MARZO,DO,30,0
2026,11,MARZO,DO,50,0
2026,11,MARZO,DO,100,2
2026,11,MARZO,DO,200,19
2026,11,MARZO,VE,10,1
2026,11,MARZO,VE,30,2
2026,11,MARZO,VE,50,2
2026,11,MARZO,VE,100,9
2026,11,MARZO,VE,200,23
2026,11,MARZO,MX,10,0
2026,11,MARZO,MX,30,0
2026,11,MARZO,MX,50,2
2026,11,MARZO,MX,100,8
2026,11,MARZO,MX,200,29
2026,11,MARZO,SP,10,3
2026,11,MARZO,SP,30,4
2026,11,MARZO,SP,50,8
2026,11,MARZO,SP,100,16
2026,11,MARZO,SP,200,33
2026,11,MARZO,CL,10,0
2026,11,MARZO,CL,30,0
2026,11,MARZO,CL,50,1
2026,11,MARZO,CL,100,7
2026,11,MARZO,CL,200,22
2026,11,MARZO,AR,10,0
2026,11,MARZO,AR,30,1
2026,11,MARZO,AR,50,2
2026,11,MARZO,AR,100,8
2026,11,MARZO,AR,200,19
2026,11,MARZO,BR,10,1
2026,11,MARZO,BR,30,3
2026,11,MARZO,BR,50,5
2026,11,MARZO,BR,100,13
2026,11,MARZO,BR,200,24
2026,11,MARZO,PT,10,1
2026,11,MARZO,PT,30,4
2026,11,MARZO,PT,50,6
2026,11,MARZO,PT,100,21
2026,11,MARZO,PT,200,41
2026,12,MARZO,CO,10,1
2026,12,MARZO,CO,30,3
2026,12,MARZO,CO,50,5
2026,12,MARZO,CO,100,9
2026,12,MARZO,CO,200,30
2026,12,MARZO,PE,10,0
2026,12,MARZO,PE,30,1
2026,12,MARZO,PE,50,6
2026,12,MARZO,PE,100,19
2026,12,MARZO,PE,200,31
2026,12,MARZO,EC,10,0
2026,12,MARZO,EC,30,5
2026,12,MARZO,EC,50,7
2026,12,MARZO,EC,100,20
2026,12,MARZO,EC,200,39
2026,12,MARZO,PN,10,1
2026,12,MARZO,PN,30,1
2026,12,MARZO,PN,50,2
2026,12,MARZO,PN,100,7
2026,12,MARZO,PN,200,27
2026,12,MARZO,CR,10,1
2026,12,MARZO,CR,30,2
2026,12,MARZO,CR,50,4
2026,12,MARZO,CR,100,12
2026,12,MARZO,CR,200,28
2026,12,MARZO,GT,10,0
2026,12,MARZO,GT,30,1
2026,12,MARZO,GT,50,3
2026,12,MARZO,GT,100,10
2026,12,MARZO,GT,200,33
2026,12,MARZO,SV,10,0
2026,12,MARZO,SV,30,2
2026,12,MARZO,SV,50,5
2026,12,MARZO,SV,100,9
2026,12,MARZO,SV,200,33
2026,12,MARZO,HN,10,0
2026,12,MARZO,HN,30,2
2026,12,MARZO,HN,50,2
2026,12,MARZO,HN,100,9
2026,12,MARZO,HN,200,23
2026,12,MARZO,NI,10,1
2026,12,MARZO,NI,30,2
2026,12,MARZO,NI,50,4
2026,12,MARZO,NI,100,11
2026,12,MARZO,NI,200,31
2026,12,MARZO,DO,10,0
2026,12,MARZO,DO,30,0
2026,12,MARZO,DO,50,1
2026,12,MARZO,DO,100,2
2026,12,MARZO,DO,200,22
2026,12,MARZO,VE,10,1
2026,12,MARZO,VE,30,2
2026,12,MARZO,VE,50,4
2026,12,MARZO,VE,100,10
2026,12,MARZO,VE,200,22
2026,12,MARZO,MX,10,0
2026,12,MARZO,MX,30,0
2026,12,MARZO,MX,50,2
2026,12,MARZO,MX,100,11
2026,12,MARZO,MX,200,33
2026,12,MARZO,SP,10,1
2026,12,MARZO,SP,30,4
2026,12,MARZO,SP,50,7
2026,12,MARZO,SP,100,13
2026,12,MARZO,SP,200,26
2026,12,MARZO,CL,10,0
2026,12,MARZO,CL,30,0
2026,12,MARZO,CL,50,1
2026,12,MARZO,CL,100,11
2026,12,MARZO,CL,200,24
2026,12,MARZO,AR,10,0
2026,12,MARZO,AR,30,1
2026,12,MARZO,AR,50,4
2026,12,MARZO,AR,100,11
2026,12,MARZO,AR,200,25
2026,12,MARZO,BR,10,1
2026,12,MARZO,BR,30,2
2026,12,MARZO,BR,50,6
2026,12,MARZO,BR,100,14
2026,12,MARZO,BR,200,25
2026,12,MARZO,PT,10,1
2026,12,MARZO,PT,30,5
2026,12,MARZO,PT,50,9
2026,12,MARZO,PT,100,23
2026,12,MARZO,PT,200,45
2026,13,MARZO,CO,10,1
2026,13,MARZO,CO,30,1
2026,13,MARZO,CO,50,7
2026,13,MARZO,CO,100,11
2026,13,MARZO,CO,200,30
2026,13,MARZO,PE,10,0
2026,13,MARZO,PE,30,1
2026,13,MARZO,PE,50,3
2026,13,MARZO,PE,100,14
2026,13,MARZO,PE,200,27
2026,13,MARZO,EC,10,0
2026,13,MARZO,EC,30,2
2026,13,MARZO,EC,50,5
2026,13,MARZO,EC,100,13
2026,13,MARZO,EC,200,36
2026,13,MARZO,PN,10,1
2026,13,MARZO,PN,30,1
2026,13,MARZO,PN,50,1
2026,13,MARZO,PN,100,5
2026,13,MARZO,PN,200,20
2026,13,MARZO,CR,10,1
2026,13,MARZO,CR,30,1
2026,13,MARZO,CR,50,3
2026,13,MARZO,CR,100,9
2026,13,MARZO,CR,200,24
2026,13,MARZO,GT,10,0
2026,13,MARZO,GT,30,1
2026,13,MARZO,GT,50,1
2026,13,MARZO,GT,100,7
2026,13,MARZO,GT,200,32
2026,13,MARZO,SV,10,0
2026,13,MARZO,SV,30,1
2026,13,MARZO,SV,50,2
2026,13,MARZO,SV,100,9
2026,13,MARZO,SV,200,26
2026,13,MARZO,HN,10,0
2026,13,MARZO,HN,30,1
2026,13,MARZO,HN,50,1
2026,13,MARZO,HN,100,5
2026,13,MARZO,HN,200,18
2026,13,MARZO,NI,10,0
2026,13,MARZO,NI,30,2
2026,13,MARZO,NI,50,2
2026,13,MARZO,NI,100,7
2026,13,MARZO,NI,200,28
2026,13,MARZO,DO,10,0
2026,13,MARZO,DO,30,0
2026,13,MARZO,DO,50,0
2026,13,MARZO,DO,100,2
2026,13,MARZO,DO,200,17
2026,13,MARZO,VE,10,0
2026,13,MARZO,VE,30,1
2026,13,MARZO,VE,50,1
2026,13,MARZO,VE,100,7
2026,13,MARZO,VE,200,19
2026,13,MARZO,MX,10,0
2026,13,MARZO,MX,30,0
2026,13,MARZO,MX,50,1
2026,13,MARZO,MX,100,8
2026,13,MARZO,MX,200,29
2026,13,MARZO,SP,10,1
2026,13,MARZO,SP,30,3
2026,13,MARZO,SP,50,8
2026,13,MARZO,SP,100,12
2026,13,MARZO,SP,200,25
2026,13,MARZO,CL,10,0
2026,13,MARZO,CL,30,0
2026,13,MARZO,CL,50,0
2026,13,MARZO,CL,100,6
2026,13,MARZO,CL,200,22
2026,13,MARZO,AR,10,0
2026,13,MARZO,AR,30,1
2026,13,MARZO,AR,50,3
2026,13,MARZO,AR,100,9
2026,13,MARZO,AR,200,20
2026,13,MARZO,BR,10,1
2026,13,MARZO,BR,30,1
2026,13,MARZO,BR,50,2
2026,13,MARZO,BR,100,10
2026,13,MARZO,BR,200,24
2026,13,MARZO,PT,10,1
2026,13,MARZO,PT,30,5
2026,13,MARZO,PT,50,5
2026,13,MARZO,PT,100,20
2026,13,MARZO,PT,200,40
2026,14,ABRIL,CO,10,1
2026,14,ABRIL,CO,30,2
2026,14,ABRIL,CO,50,6
2026,14,ABRIL,CO,100,10
2026,14,ABRIL,CO,200,31
2026,14,ABRIL,PE,10,0
2026,14,ABRIL,PE,30,1
2026,14,ABRIL,PE,50,4
2026,14,ABRIL,PE,100,13
2026,14,ABRIL,PE,200,28
2026,14,ABRIL,EC,10,1
2026,14,ABRIL,EC,30,4
2026,14,ABRIL,EC,50,6
2026,14,ABRIL,EC,100,14
2026,14,ABRIL,EC,200,37
2026,14,ABRIL,PN,10,1
2026,14,ABRIL,PN,30,1
2026,14,ABRIL,PN,50,1
2026,14,ABRIL,PN,100,6
2026,14,ABRIL,PN,200,19
2026,14,ABRIL,CR,10,1
2026,14,ABRIL,CR,30,1
2026,14,ABRIL,CR,50,3
2026,14,ABRIL,CR,100,8
2026,14,ABRIL,CR,200,26
2026,14,ABRIL,GT,10,0
2026,14,ABRIL,GT,30,1
2026,14,ABRIL,GT,50,4
2026,14,ABRIL,GT,100,9
2026,14,ABRIL,GT,200,35
2026,14,ABRIL,SV,10,0
2026,14,ABRIL,SV,30,2
2026,14,ABRIL,SV,50,2
2026,14,ABRIL,SV,100,8
2026,14,ABRIL,SV,200,32
2026,14,ABRIL,HN,10,0
2026,14,ABRIL,HN,30,1
2026,14,ABRIL,HN,50,2
2026,14,ABRIL,HN,100,6
2026,14,ABRIL,HN,200,18
2026,14,ABRIL,NI,10,0
2026,14,ABRIL,NI,30,2
2026,14,ABRIL,NI,50,3
2026,14,ABRIL,NI,100,10
2026,14,ABRIL,NI,200,33
2026,14,ABRIL,DO,10,0
2026,14,ABRIL,DO,30,0
2026,14,ABRIL,DO,50,0
2026,14,ABRIL,DO,100,2
2026,14,ABRIL,DO,200,18
2026,14,ABRIL,VE,10,0
2026,14,ABRIL,VE,30,1
2026,14,ABRIL,VE,50,1
2026,14,ABRIL,VE,100,7
2026,14,ABRIL,VE,200,20
2026,14,ABRIL,MX,10,0
2026,14,ABRIL,MX,30,1
2026,14,ABRIL,MX,50,3
2026,14,ABRIL,MX,100,10
2026,14,ABRIL,MX,200,29
2026,14,ABRIL,SP,10,1
2026,14,ABRIL,SP,30,4
2026,14,ABRIL,SP,50,7
2026,14,ABRIL,SP,100,11
2026,14,ABRIL,SP,200,20
2026,14,ABRIL,CL,10,0
2026,14,ABRIL,CL,30,0
2026,14,ABRIL,CL,50,1
2026,14,ABRIL,CL,100,6
2026,14,ABRIL,CL,200,24
2026,14,ABRIL,AR,10,0
2026,14,ABRIL,AR,30,3
2026,14,ABRIL,AR,50,3
2026,14,ABRIL,AR,100,9
2026,14,ABRIL,AR,200,21
2026,14,ABRIL,BR,10,1
2026,14,ABRIL,BR,30,2
2026,14,ABRIL,BR,50,2
2026,14,ABRIL,BR,100,12
2026,14,ABRIL,BR,200,24
2026,14,ABRIL,PT,10,1
2026,14,ABRIL,PT,30,4
2026,14,ABRIL,PT,50,7
2026,14,ABRIL,PT,100,19
2026,14,ABRIL,PT,200,39
2026,15,ABRIL,CO,10,1
2026,15,ABRIL,CO,30,2
2026,15,ABRIL,CO,50,6
2026,15,ABRIL,CO,100,9
2026,15,ABRIL,CO,200,30
2026,15,ABRIL,PE,10,0
2026,15,ABRIL,PE,30,1
2026,15,ABRIL,PE,50,4
2026,15,ABRIL,PE,100,14
2026,15,ABRIL,PE,200,28
2026,15,ABRIL,EC,10,1
2026,15,ABRIL,EC,30,4
2026,15,ABRIL,EC,50,5
2026,15,ABRIL,EC,100,15
2026,15,ABRIL,EC,200,36
2026,15,ABRIL,PN,10,1
2026,15,ABRIL,PN,30,1
2026,15,ABRIL,PN,50,1
2026,15,ABRIL,PN,100,6
2026,15,ABRIL,PN,200,22
2026,15,ABRIL,CR,10,1
2026,15,ABRIL,CR,30,1
2026,15,ABRIL,CR,50,4
2026,15,ABRIL,CR,100,10
2026,15,ABRIL,CR,200,29
2026,15,ABRIL,GT,10,0
2026,15,ABRIL,GT,30,1
2026,15,ABRIL,GT,50,4
2026,15,ABRIL,GT,100,10
2026,15,ABRIL,GT,200,33
2026,15,ABRIL,SV,10,0
2026,15,ABRIL,SV,30,2
2026,15,ABRIL,SV,50,3
2026,15,ABRIL,SV,100,8
2026,15,ABRIL,SV,200,28
2026,15,ABRIL,HN,10,0
2026,15,ABRIL,HN,30,1
2026,15,ABRIL,HN,50,3
2026,15,ABRIL,HN,100,8
2026,15,ABRIL,HN,200,19
2026,15,ABRIL,NI,10,1
2026,15,ABRIL,NI,30,2
2026,15,ABRIL,NI,50,3
2026,15,ABRIL,NI,100,9
2026,15,ABRIL,NI,200,33
2026,15,ABRIL,DO,10,0
2026,15,ABRIL,DO,30,0
2026,15,ABRIL,DO,50,0
2026,15,ABRIL,DO,100,2
2026,15,ABRIL,DO,200,18
2026,15,ABRIL,VE,10,0
2026,15,ABRIL,VE,30,1
2026,15,ABRIL,VE,50,1
2026,15,ABRIL,VE,100,7
2026,15,ABRIL,VE,200,19
2026,15,ABRIL,MX,10,0
2026,15,ABRIL,MX,30,1
2026,15,ABRIL,MX,50,3
2026,15,ABRIL,MX,100,12
2026,15,ABRIL,MX,200,30
2026,15,ABRIL,SP,10,1
2026,15,ABRIL,SP,30,2
2026,15,ABRIL,SP,50,7
2026,15,ABRIL,SP,100,12
2026,15,ABRIL,SP,200,22
2026,15,ABRIL,CL,10,0
2026,15,ABRIL,CL,30,0
2026,15,ABRIL,CL,50,1
2026,15,ABRIL,CL,100,8
2026,15,ABRIL,CL,200,23
2026,15,ABRIL,AR,10,0
2026,15,ABRIL,AR,30,3
2026,15,ABRIL,AR,50,3
2026,15,ABRIL,AR,100,8
2026,15,ABRIL,AR,200,24
2026,15,ABRIL,BR,10,1
2026,15,ABRIL,BR,30,2
2026,15,ABRIL,BR,50,3
2026,15,ABRIL,BR,100,12
2026,15,ABRIL,BR,200,21
2026,15,ABRIL,PT,10,1
2026,15,ABRIL,PT,30,5
2026,15,ABRIL,PT,50,7
2026,15,ABRIL,PT,100,22
2026,15,ABRIL,PT,200,44
2026,16,ABRIL,CO,10,2
2026,16,ABRIL,CO,30,3
2026,16,ABRIL,CO,50,7
2026,16,ABRIL,CO,100,11
2026,16,ABRIL,CO,200,30
2026,16,ABRIL,PE,10,0
2026,16,ABRIL,PE,30,1
2026,16,ABRIL,PE,50,4
2026,16,ABRIL,PE,100,15
2026,16,ABRIL,PE,200,35
2026,16,ABRIL,EC,10,0
2026,16,ABRIL,EC,30,4
2026,16,ABRIL,EC,50,6
2026,16,ABRIL,EC,100,18
2026,16,ABRIL,EC,200,43
2026,16,ABRIL,PN,10,1
2026,16,ABRIL,PN,30,1
2026,16,ABRIL,PN,50,1
2026,16,ABRIL,PN,100,7
2026,16,ABRIL,PN,200,27
2026,16,ABRIL,CR,10,1
2026,16,ABRIL,CR,30,1
2026,16,ABRIL,CR,50,5
2026,16,ABRIL,CR,100,16
2026,16,ABRIL,CR,200,39
2026,16,ABRIL,GT,10,0
2026,16,ABRIL,GT,30,1
2026,16,ABRIL,GT,50,3
2026,16,ABRIL,GT,100,12
2026,16,ABRIL,GT,200,38
2026,16,ABRIL,SV,10,0
2026,16,ABRIL,SV,30,2
2026,16,ABRIL,SV,50,3
2026,16,ABRIL,SV,100,11
2026,16,ABRIL,SV,200,36
2026,16,ABRIL,HN,10,0
2026,16,ABRIL,HN,30,1
2026,16,ABRIL,HN,50,3
2026,16,ABRIL,HN,100,8
2026,16,ABRIL,HN,200,26
2026,16,ABRIL,NI,10,1
2026,16,ABRIL,NI,30,2
2026,16,ABRIL,NI,50,4
2026,16,ABRIL,NI,100,10
2026,16,ABRIL,NI,200,36
2026,16,ABRIL,DO,10,0
2026,16,ABRIL,DO,30,0
2026,16,ABRIL,DO,50,0
2026,16,ABRIL,DO,100,2
2026,16,ABRIL,DO,200,19
2026,16,ABRIL,VE,10,0
2026,16,ABRIL,VE,30,1
2026,16,ABRIL,VE,50,1
2026,16,ABRIL,VE,100,8
2026,16,ABRIL,VE,200,31
2026,16,ABRIL,MX,10,0
2026,16,ABRIL,MX,30,0
2026,16,ABRIL,MX,50,3
2026,16,ABRIL,MX,100,12
2026,16,ABRIL,MX,200,30
2026,16,ABRIL,SP,10,1
2026,16,ABRIL,SP,30,3
2026,16,ABRIL,SP,50,8
2026,16,ABRIL,SP,100,15
2026,16,ABRIL,SP,200,29
2026,16,ABRIL,CL,10,0
2026,16,ABRIL,CL,30,0
2026,16,ABRIL,CL,50,3
2026,16,ABRIL,CL,100,10
2026,16,ABRIL,CL,200,28
2026,16,ABRIL,AR,10,0
2026,16,ABRIL,AR,30,3
2026,16,ABRIL,AR,50,4
2026,16,ABRIL,AR,100,11
2026,16,ABRIL,AR,200,31
2026,16,ABRIL,BR,10,1
2026,16,ABRIL,BR,30,3
2026,16,ABRIL,BR,50,3
2026,16,ABRIL,BR,100,14
2026,16,ABRIL,BR,200,28
2026,16,ABRIL,PT,10,1
2026,16,ABRIL,PT,30,4
2026,16,ABRIL,PT,50,8
2026,16,ABRIL,PT,100,23
2026,16,ABRIL,PT,200,48
2026,17,ABRIL,CO,10,1
2026,17,ABRIL,CO,30,3
2026,17,ABRIL,CO,50,5
2026,17,ABRIL,CO,100,11
2026,17,ABRIL,CO,200,27
2026,17,ABRIL,PE,10,1
2026,17,ABRIL,PE,30,2
2026,17,ABRIL,PE,50,4
2026,17,ABRIL,PE,100,17
2026,17,ABRIL,PE,200,30
2026,17,ABRIL,EC,10,1
2026,17,ABRIL,EC,30,4
2026,17,ABRIL,EC,50,6
2026,17,ABRIL,EC,100,16
2026,17,ABRIL,EC,200,41
2026,17,ABRIL,PN,10,1
2026,17,ABRIL,PN,30,2
2026,17,ABRIL,PN,50,2
2026,17,ABRIL,PN,100,7
2026,17,ABRIL,PN,200,26
2026,17,ABRIL,CR,10,1
2026,17,ABRIL,CR,30,2
2026,17,ABRIL,CR,50,5
2026,17,ABRIL,CR,100,13
2026,17,ABRIL,CR,200,35
2026,17,ABRIL,GT,10,0
2026,17,ABRIL,GT,30,1
2026,17,ABRIL,GT,50,2
2026,17,ABRIL,GT,100,8
2026,17,ABRIL,GT,200,35
2026,17,ABRIL,SV,10,0
2026,17,ABRIL,SV,30,2
2026,17,ABRIL,SV,50,4
2026,17,ABRIL,SV,100,10
2026,17,ABRIL,SV,200,28
2026,17,ABRIL,HN,10,0
2026,17,ABRIL,HN,30,2
2026,17,ABRIL,HN,50,3
2026,17,ABRIL,HN,100,8
2026,17,ABRIL,HN,200,23
2026,17,ABRIL,NI,10,1
2026,17,ABRIL,NI,30,2
2026,17,ABRIL,NI,50,5
2026,17,ABRIL,NI,100,9
2026,17,ABRIL,NI,200,32
2026,17,ABRIL,DO,10,0
2026,17,ABRIL,DO,30,0
2026,17,ABRIL,DO,50,0
2026,17,ABRIL,DO,100,4
2026,17,ABRIL,DO,200,16
2026,17,ABRIL,VE,10,0
2026,17,ABRIL,VE,30,2
2026,17,ABRIL,VE,50,2
2026,17,ABRIL,VE,100,8
2026,17,ABRIL,VE,200,28
2026,17,ABRIL,MX,10,0
2026,17,ABRIL,MX,30,1
2026,17,ABRIL,MX,50,3
2026,17,ABRIL,MX,100,9
2026,17,ABRIL,MX,200,30
2026,17,ABRIL,SP,10,2
2026,17,ABRIL,SP,30,4
2026,17,ABRIL,SP,50,8
2026,17,ABRIL,SP,100,16
2026,17,ABRIL,SP,200,30
2026,17,ABRIL,CL,10,1
2026,17,ABRIL,CL,30,1
2026,17,ABRIL,CL,50,2
2026,17,ABRIL,CL,100,11
2026,17,ABRIL,CL,200,29
2026,17,ABRIL,AR,10,1
2026,17,ABRIL,AR,30,5
2026,17,ABRIL,AR,50,7
2026,17,ABRIL,AR,100,15
2026,17,ABRIL,AR,200,30
2026,17,ABRIL,BR,10,1
2026,17,ABRIL,BR,30,2
2026,17,ABRIL,BR,50,6
2026,17,ABRIL,BR,100,15
2026,17,ABRIL,BR,200,39
2026,17,ABRIL,PT,10,3
2026,17,ABRIL,PT,30,5
2026,17,ABRIL,PT,50,12
2026,17,ABRIL,PT,100,30
2026,17,ABRIL,PT,200,50
2026,18,ABRIL,CO,10,1
2026,18,ABRIL,CO,30,2
2026,18,ABRIL,CO,50,6
2026,18,ABRIL,CO,100,14
2026,18,ABRIL,CO,200,35
2026,18,ABRIL,PE,10,0
2026,18,ABRIL,PE,30,2
2026,18,ABRIL,PE,50,5
2026,18,ABRIL,PE,100,14
2026,18,ABRIL,PE,200,31
2026,18,ABRIL,EC,10,0
2026,18,ABRIL,EC,30,6
2026,18,ABRIL,EC,50,8
2026,18,ABRIL,EC,100,19
2026,18,ABRIL,EC,200,41
2026,18,ABRIL,PN,10,1
2026,18,ABRIL,PN,30,2
2026,18,ABRIL,PN,50,3
2026,18,ABRIL,PN,100,10
2026,18,ABRIL,PN,200,21
2026,18,ABRIL,CR,10,1
2026,18,ABRIL,CR,30,2
2026,18,ABRIL,CR,50,6
2026,18,ABRIL,CR,100,12
2026,18,ABRIL,CR,200,31
2026,18,ABRIL,GT,10,0
2026,18,ABRIL,GT,30,0
2026,18,ABRIL,GT,50,3
2026,18,ABRIL,GT,100,11
2026,18,ABRIL,GT,200,35
2026,18,ABRIL,SV,10,0
2026,18,ABRIL,SV,30,2
2026,18,ABRIL,SV,50,5
2026,18,ABRIL,SV,100,11
2026,18,ABRIL,SV,200,29
2026,18,ABRIL,HN,10,0
2026,18,ABRIL,HN,30,2
2026,18,ABRIL,HN,50,3
2026,18,ABRIL,HN,100,8
2026,18,ABRIL,HN,200,22
2026,18,ABRIL,NI,10,1
2026,18,ABRIL,NI,30,2
2026,18,ABRIL,NI,50,4
2026,18,ABRIL,NI,100,9
2026,18,ABRIL,NI,200,30
2026,18,ABRIL,DO,10,0
2026,18,ABRIL,DO,30,1
2026,18,ABRIL,DO,50,1
2026,18,ABRIL,DO,100,4
2026,18,ABRIL,DO,200,17
2026,18,ABRIL,VE,10,0
2026,18,ABRIL,VE,30,1
2026,18,ABRIL,VE,50,2
2026,18,ABRIL,VE,100,8
2026,18,ABRIL,VE,200,24
2026,18,ABRIL,MX,10,0
2026,18,ABRIL,MX,30,0
2026,18,ABRIL,MX,50,3
2026,18,ABRIL,MX,100,11
2026,18,ABRIL,MX,200,32
2026,18,ABRIL,SP,10,0
2026,18,ABRIL,SP,30,2
2026,18,ABRIL,SP,50,5
2026,18,ABRIL,SP,100,13
2026,18,ABRIL,SP,200,30
2026,18,ABRIL,CL,10,0
2026,18,ABRIL,CL,30,1
2026,18,ABRIL,CL,50,3
2026,18,ABRIL,CL,100,8
2026,18,ABRIL,CL,200,24
2026,18,ABRIL,AR,10,0
2026,18,ABRIL,AR,30,4
2026,18,ABRIL,AR,50,4
2026,18,ABRIL,AR,100,12
2026,18,ABRIL,AR,200,27
2026,18,ABRIL,BR,10,1
2026,18,ABRIL,BR,30,2
2026,18,ABRIL,BR,50,5
2026,18,ABRIL,BR,100,16
2026,18,ABRIL,BR,200,28
2026,18,ABRIL,PT,10,2
2026,18,ABRIL,PT,30,4
2026,18,ABRIL,PT,50,9
2026,18,ABRIL,PT,100,27
2026,18,ABRIL,PT,200,51
2026,19,MAYO,CO,10,1
2026,19,MAYO,CO,30,2
2026,19,MAYO,CO,50,6
2026,19,MAYO,CO,100,13
2026,19,MAYO,CO,200,32
2026,19,MAYO,PE,10,0
2026,19,MAYO,PE,30,3
2026,19,MAYO,PE,50,5
2026,19,MAYO,PE,100,14
2026,19,MAYO,PE,200,36
2026,19,MAYO,EC,10,0
2026,19,MAYO,EC,30,6
2026,19,MAYO,EC,50,11
2026,19,MAYO,EC,100,21
2026,19,MAYO,EC,200,47
2026,19,MAYO,PN,10,1
2026,19,MAYO,PN,30,1
2026,19,MAYO,PN,50,2
2026,19,MAYO,PN,100,10
2026,19,MAYO,PN,200,19
2026,19,MAYO,CR,10,1
2026,19,MAYO,CR,30,1
2026,19,MAYO,CR,50,5
2026,19,MAYO,CR,100,14
2026,19,MAYO,CR,200,35
2026,19,MAYO,GT,10,0
2026,19,MAYO,GT,30,0
2026,19,MAYO,GT,50,4
2026,19,MAYO,GT,100,14
2026,19,MAYO,GT,200,42
2026,19,MAYO,SV,10,0
2026,19,MAYO,SV,30,4
2026,19,MAYO,SV,50,6
2026,19,MAYO,SV,100,13
2026,19,MAYO,SV,200,34
2026,19,MAYO,HN,10,0
2026,19,MAYO,HN,30,3
2026,19,MAYO,HN,50,3
2026,19,MAYO,HN,100,11
2026,19,MAYO,HN,200,28
2026,19,MAYO,NI,10,1
2026,19,MAYO,NI,30,2
2026,19,MAYO,NI,50,4
2026,19,MAYO,NI,100,10
2026,19,MAYO,NI,200,36
2026,19,MAYO,DO,10,0
2026,19,MAYO,DO,30,1
2026,19,MAYO,DO,50,1
2026,19,MAYO,DO,100,3
2026,19,MAYO,DO,200,19
2026,19,MAYO,VE,10,0
2026,19,MAYO,VE,30,1
2026,19,MAYO,VE,50,2
2026,19,MAYO,VE,100,9
2026,19,MAYO,VE,200,23
2026,19,MAYO,MX,10,0
2026,19,MAYO,MX,30,0
2026,19,MAYO,MX,50,2
2026,19,MAYO,MX,100,12
2026,19,MAYO,MX,200,29
2026,19,MAYO,SP,10,0
2026,19,MAYO,SP,30,2
2026,19,MAYO,SP,50,3
2026,19,MAYO,SP,100,12
2026,19,MAYO,SP,200,24
2026,19,MAYO,CL,10,0
2026,19,MAYO,CL,30,1
2026,19,MAYO,CL,50,3
2026,19,MAYO,CL,100,10
2026,19,MAYO,CL,200,24
2026,19,MAYO,AR,10,0
2026,19,MAYO,AR,30,4
2026,19,MAYO,AR,50,6
2026,19,MAYO,AR,100,10
2026,19,MAYO,AR,200,28
2026,19,MAYO,BR,10,2
2026,19,MAYO,BR,30,2
2026,19,MAYO,BR,50,4
2026,19,MAYO,BR,100,15
2026,19,MAYO,BR,200,27
2026,19,MAYO,PT,10,2
2026,19,MAYO,PT,30,3
2026,19,MAYO,PT,50,9
2026,19,MAYO,PT,100,27
2026,19,MAYO,PT,200,54
2026,20,MAYO,CO,10,1
2026,20,MAYO,CO,30,2
2026,20,MAYO,CO,50,5
2026,20,MAYO,CO,100,13
2026,20,MAYO,CO,200,29
2026,20,MAYO,PE,10,0
2026,20,MAYO,PE,30,2
2026,20,MAYO,PE,50,6
2026,20,MAYO,PE,100,14
2026,20,MAYO,PE,200,34
2026,20,MAYO,EC,10,0
2026,20,MAYO,EC,30,3
2026,20,MAYO,EC,50,8
2026,20,MAYO,EC,100,17
2026,20,MAYO,EC,200,41
2026,20,MAYO,PN,10,1
2026,20,MAYO,PN,30,2
2026,20,MAYO,PN,50,4
2026,20,MAYO,PN,100,13
2026,20,MAYO,PN,200,23
2026,20,MAYO,CR,10,1
2026,20,MAYO,CR,30,2
2026,20,MAYO,CR,50,6
2026,20,MAYO,CR,100,15
2026,20,MAYO,CR,200,39
2026,20,MAYO,GT,10,0
2026,20,MAYO,GT,30,1
2026,20,MAYO,GT,50,5
2026,20,MAYO,GT,100,13
2026,20,MAYO,GT,200,42
2026,20,MAYO,SV,10,0
2026,20,MAYO,SV,30,2
2026,20,MAYO,SV,50,5
2026,20,MAYO,SV,100,12
2026,20,MAYO,SV,200,36
2026,20,MAYO,HN,10,0
2026,20,MAYO,HN,30,2
2026,20,MAYO,HN,50,3
2026,20,MAYO,HN,100,8
2026,20,MAYO,HN,200,27
2026,20,MAYO,NI,10,1
2026,20,MAYO,NI,30,2
2026,20,MAYO,NI,50,4
2026,20,MAYO,NI,100,9
2026,20,MAYO,NI,200,35
2026,20,MAYO,DO,10,1
2026,20,MAYO,DO,30,2
2026,20,MAYO,DO,50,2
2026,20,MAYO,DO,100,5
2026,20,MAYO,DO,200,19
2026,20,MAYO,VE,10,0
2026,20,MAYO,VE,30,1
2026,20,MAYO,VE,50,1
2026,20,MAYO,VE,100,9
2026,20,MAYO,VE,200,23
2026,20,MAYO,MX,10,0
2026,20,MAYO,MX,30,0
2026,20,MAYO,MX,50,2
2026,20,MAYO,MX,100,7
2026,20,MAYO,MX,200,27
2026,20,MAYO,SP,10,0
2026,20,MAYO,SP,30,2
2026,20,MAYO,SP,50,3
2026,20,MAYO,SP,100,9
2026,20,MAYO,SP,200,19
2026,20,MAYO,CL,10,0
2026,20,MAYO,CL,30,0
2026,20,MAYO,CL,50,2
2026,20,MAYO,CL,100,11
2026,20,MAYO,CL,200,24
2026,20,MAYO,AR,10,1
2026,20,MAYO,AR,30,4
2026,20,MAYO,AR,50,7
2026,20,MAYO,AR,100,9
2026,20,MAYO,AR,200,27
2026,20,MAYO,BR,10,1
2026,20,MAYO,BR,30,2
2026,20,MAYO,BR,50,6
2026,20,MAYO,BR,100,14
2026,20,MAYO,BR,200,27
2026,20,MAYO,PT,10,2
2026,20,MAYO,PT,30,3
2026,20,MAYO,PT,50,8
2026,20,MAYO,PT,100,24
2026,20,MAYO,PT,200,53
2026,21,MAYO,CO,10,1
2026,21,MAYO,CO,30,1
2026,21,MAYO,CO,50,4
2026,21,MAYO,CO,100,11
2026,21,MAYO,CO,200,28
2026,21,MAYO,PE,10,0
2026,21,MAYO,PE,30,1
2026,21,MAYO,PE,50,5
2026,21,MAYO,PE,100,14
2026,21,MAYO,PE,200,34
2026,21,MAYO,EC,10,1
2026,21,MAYO,EC,30,3
2026,21,MAYO,EC,50,8
2026,21,MAYO,EC,100,17
2026,21,MAYO,EC,200,37
2026,21,MAYO,PN,10,1
2026,21,MAYO,PN,30,3
2026,21,MAYO,PN,50,5
2026,21,MAYO,PN,100,14
2026,21,MAYO,PN,200,25
2026,21,MAYO,CR,10,1
2026,21,MAYO,CR,30,1
2026,21,MAYO,CR,50,5
2026,21,MAYO,CR,100,11
2026,21,MAYO,CR,200,34
2026,21,MAYO,GT,10,0
2026,21,MAYO,GT,30,1
2026,21,MAYO,GT,50,3
2026,21,MAYO,GT,100,13
2026,21,MAYO,GT,200,43
2026,21,MAYO,SV,10,0
2026,21,MAYO,SV,30,2
2026,21,MAYO,SV,50,5
2026,21,MAYO,SV,100,9
2026,21,MAYO,SV,200,32
2026,21,MAYO,HN,10,0
2026,21,MAYO,HN,30,1
2026,21,MAYO,HN,50,3
2026,21,MAYO,HN,100,8
2026,21,MAYO,HN,200,23
2026,21,MAYO,NI,10,1
2026,21,MAYO,NI,30,2
2026,21,MAYO,NI,50,4
2026,21,MAYO,NI,100,9
2026,21,MAYO,NI,200,32
2026,21,MAYO,DO,10,1
2026,21,MAYO,DO,30,2
2026,21,MAYO,DO,50,2
2026,21,MAYO,DO,100,5
2026,21,MAYO,DO,200,22
2026,21,MAYO,VE,10,0
2026,21,MAYO,VE,30,1
2026,21,MAYO,VE,50,1
2026,21,MAYO,VE,100,6
2026,21,MAYO,VE,200,20
2026,21,MAYO,MX,10,0
2026,21,MAYO,MX,30,0
2026,21,MAYO,MX,50,2
2026,21,MAYO,MX,100,7
2026,21,MAYO,MX,200,26
2026,21,MAYO,SP,10,1
2026,21,MAYO,SP,30,2
2026,21,MAYO,SP,50,2
2026,21,MAYO,SP,100,8
2026,21,MAYO,SP,200,20
2026,21,MAYO,CL,10,0
2026,21,MAYO,CL,30,0
2026,21,MAYO,CL,50,1
2026,21,MAYO,CL,100,8
2026,21,MAYO,CL,200,19
2026,21,MAYO,AR,10,1
2026,21,MAYO,AR,30,3
2026,21,MAYO,AR,50,7
2026,21,MAYO,AR,100,9
2026,21,MAYO,AR,200,25
2026,21,MAYO,BR,10,0
2026,21,MAYO,BR,30,4
2026,21,MAYO,BR,50,5
2026,21,MAYO,BR,100,12
2026,21,MAYO,BR,200,23
2026,21,MAYO,PT,10,4
2026,21,MAYO,PT,30,9
2026,21,MAYO,PT,50,15
2026,21,MAYO,PT,100,33
2026,21,MAYO,PT,200,60
2026,22,MAYO,CO,10,1
2026,22,MAYO,CO,30,1
2026,22,MAYO,CO,50,4
2026,22,MAYO,CO,100,9
2026,22,MAYO,CO,200,24
2026,22,MAYO,PE,10,1
2026,22,MAYO,PE,30,1
2026,22,MAYO,PE,50,6
2026,22,MAYO,PE,100,16
2026,22,MAYO,PE,200,37
2026,22,MAYO,EC,10,0
2026,22,MAYO,EC,30,3
2026,22,MAYO,EC,50,7
2026,22,MAYO,EC,100,21
2026,22,MAYO,EC,200,41
2026,22,MAYO,PN,10,2
2026,22,MAYO,PN,30,3
2026,22,MAYO,PN,50,6
2026,22,MAYO,PN,100,14
2026,22,MAYO,PN,200,32
2026,22,MAYO,CR,10,1
2026,22,MAYO,CR,30,1
2026,22,MAYO,CR,50,4
2026,22,MAYO,CR,100,17
2026,22,MAYO,CR,200,39
2026,22,MAYO,GT,10,0
2026,22,MAYO,GT,30,0
2026,22,MAYO,GT,50,3
2026,22,MAYO,GT,100,11
2026,22,MAYO,GT,200,42
2026,22,MAYO,SV,10,0
2026,22,MAYO,SV,30,3
2026,22,MAYO,SV,50,5
2026,22,MAYO,SV,100,15
2026,22,MAYO,SV,200,36
2026,22,MAYO,HN,10,0
2026,22,MAYO,HN,30,1
2026,22,MAYO,HN,50,3
2026,22,MAYO,HN,100,6
2026,22,MAYO,HN,200,23
2026,22,MAYO,NI,10,1
2026,22,MAYO,NI,30,2
2026,22,MAYO,NI,50,4
2026,22,MAYO,NI,100,7
2026,22,MAYO,NI,200,31
2026,22,MAYO,DO,10,1
2026,22,MAYO,DO,30,2
2026,22,MAYO,DO,50,2
2026,22,MAYO,DO,100,4
2026,22,MAYO,DO,200,15
2026,22,MAYO,VE,10,0
2026,22,MAYO,VE,30,2
2026,22,MAYO,VE,50,4
2026,22,MAYO,VE,100,13
2026,22,MAYO,VE,200,37
2026,22,MAYO,MX,10,0
2026,22,MAYO,MX,30,0
2026,22,MAYO,MX,50,2
2026,22,MAYO,MX,100,6
2026,22,MAYO,MX,200,30
2026,22,MAYO,SP,10,0
2026,22,MAYO,SP,30,2
2026,22,MAYO,SP,50,3
2026,22,MAYO,SP,100,12
2026,22,MAYO,SP,200,22
2026,22,MAYO,CL,10,0
2026,22,MAYO,CL,30,0
2026,22,MAYO,CL,50,0
2026,22,MAYO,CL,100,7
2026,22,MAYO,CL,200,18
2026,22,MAYO,AR,10,1
2026,22,MAYO,AR,30,3
2026,22,MAYO,AR,50,6
2026,22,MAYO,AR,100,9
2026,22,MAYO,AR,200,23
2026,22,MAYO,BR,10,1
2026,22,MAYO,BR,30,3
2026,22,MAYO,BR,50,6
2026,22,MAYO,BR,100,14
2026,22,MAYO,BR,200,27
2026,22,MAYO,PT,10,2
2026,22,MAYO,PT,30,4
2026,22,MAYO,PT,50,7
2026,22,MAYO,PT,100,20
2026,22,MAYO,PT,200,45
2026,23,JUNIO,CO,10,0
2026,23,JUNIO,CO,30,1
2026,23,JUNIO,CO,50,3
2026,23,JUNIO,CO,100,9
2026,23,JUNIO,CO,200,22
2026,23,JUNIO,PE,10,0
2026,23,JUNIO,PE,30,2
2026,23,JUNIO,PE,50,6
2026,23,JUNIO,PE,100,16
2026,23,JUNIO,PE,200,33
2026,23,JUNIO,EC,10,0
2026,23,JUNIO,EC,30,2
2026,23,JUNIO,EC,50,5
2026,23,JUNIO,EC,100,15
2026,23,JUNIO,EC,200,35
2026,23,JUNIO,PN,10,1
2026,23,JUNIO,PN,30,2
2026,23,JUNIO,PN,50,5
2026,23,JUNIO,PN,100,10
2026,23,JUNIO,PN,200,27
2026,23,JUNIO,CR,10,1
2026,23,JUNIO,CR,30,1
2026,23,JUNIO,CR,50,3
2026,23,JUNIO,CR,100,11
2026,23,JUNIO,CR,200,32
2026,23,JUNIO,GT,10,0
2026,23,JUNIO,GT,30,0
2026,23,JUNIO,GT,50,2
2026,23,JUNIO,GT,100,9
2026,23,JUNIO,GT,200,34
2026,23,JUNIO,SV,10,0
2026,23,JUNIO,SV,30,2
2026,23,JUNIO,SV,50,3
2026,23,JUNIO,SV,100,9
2026,23,JUNIO,SV,200,28
2026,23,JUNIO,HN,10,0
2026,23,JUNIO,HN,30,1
2026,23,JUNIO,HN,50,3
2026,23,JUNIO,HN,100,7
2026,23,JUNIO,HN,200,20
2026,23,JUNIO,NI,10,0
2026,23,JUNIO,NI,30,3
2026,23,JUNIO,NI,50,4
2026,23,JUNIO,NI,100,8
2026,23,JUNIO,NI,200,23
2026,23,JUNIO,DO,10,1
2026,23,JUNIO,DO,30,1
2026,23,JUNIO,DO,50,2
2026,23,JUNIO,DO,100,4
2026,23,JUNIO,DO,200,13
2026,23,JUNIO,VE,10,0
2026,23,JUNIO,VE,30,1
2026,23,JUNIO,VE,50,2
2026,23,JUNIO,VE,100,8
2026,23,JUNIO,VE,200,27
2026,23,JUNIO,MX,10,0
2026,23,JUNIO,MX,30,0
2026,23,JUNIO,MX,50,2
2026,23,JUNIO,MX,100,9
2026,23,JUNIO,MX,200,25
2026,23,JUNIO,SP,10,0
2026,23,JUNIO,SP,30,2
2026,23,JUNIO,SP,50,2
2026,23,JUNIO,SP,100,9
2026,23,JUNIO,SP,200,21
2026,23,JUNIO,CL,10,0
2026,23,JUNIO,CL,30,0
2026,23,JUNIO,CL,50,1
2026,23,JUNIO,CL,100,8
2026,23,JUNIO,CL,200,18
2026,23,JUNIO,AR,10,1
2026,23,JUNIO,AR,30,3
2026,23,JUNIO,AR,50,4
2026,23,JUNIO,AR,100,10
2026,23,JUNIO,AR,200,23
2026,23,JUNIO,BR,10,1
2026,23,JUNIO,BR,30,3
2026,23,JUNIO,BR,50,7
2026,23,JUNIO,BR,100,12
2026,23,JUNIO,BR,200,25
2026,23,JUNIO,PT,10,1
2026,23,JUNIO,PT,30,5
2026,23,JUNIO,PT,50,7
2026,23,JUNIO,PT,100,22
2026,23,JUNIO,PT,200,39
2026,24,JUNIO,CO,10,1
2026,24,JUNIO,CO,30,1
2026,24,JUNIO,CO,50,4
2026,24,JUNIO,CO,100,12
2026,24,JUNIO,CO,200,29
2026,24,JUNIO,PE,10,0
2026,24,JUNIO,PE,30,3
2026,24,JUNIO,PE,50,7
2026,24,JUNIO,PE,100,18
2026,24,JUNIO,PE,200,38
2026,24,JUNIO,EC,10,0
2026,24,JUNIO,EC,30,3
2026,24,JUNIO,EC,50,7
2026,24,JUNIO,EC,100,18
2026,24,JUNIO,EC,200,38
2026,24,JUNIO,PN,10,2
2026,24,JUNIO,PN,30,2
2026,24,JUNIO,PN,50,4
2026,24,JUNIO,PN,100,15
2026,24,JUNIO,PN,200,28
2026,24,JUNIO,CR,10,1
2026,24,JUNIO,CR,30,1
2026,24,JUNIO,CR,50,4
2026,24,JUNIO,CR,100,14
2026,24,JUNIO,CR,200,38
2026,24,JUNIO,GT,10,0
2026,24,JUNIO,GT,30,1
2026,24,JUNIO,GT,50,3
2026,24,JUNIO,GT,100,13
2026,24,JUNIO,GT,200,38
2026,24,JUNIO,SV,10,0
2026,24,JUNIO,SV,30,2
2026,24,JUNIO,SV,50,6
2026,24,JUNIO,SV,100,11
2026,24,JUNIO,SV,200,35
2026,24,JUNIO,HN,10,0
2026,24,JUNIO,HN,30,1
2026,24,JUNIO,HN,50,5
2026,24,JUNIO,HN,100,9
2026,24,JUNIO,HN,200,27
2026,24,JUNIO,NI,10,1
2026,24,JUNIO,NI,30,3
2026,24,JUNIO,NI,50,4
2026,24,JUNIO,NI,100,9
2026,24,JUNIO,NI,200,32
2026,24,JUNIO,DO,10,1
2026,24,JUNIO,DO,30,1
2026,24,JUNIO,DO,50,3
2026,24,JUNIO,DO,100,5
2026,24,JUNIO,DO,200,19
2026,24,JUNIO,VE,10,0
2026,24,JUNIO,VE,30,1
2026,24,JUNIO,VE,50,3
2026,24,JUNIO,VE,100,11
2026,24,JUNIO,VE,200,24
2026,24,JUNIO,MX,10,0
2026,24,JUNIO,MX,30,0
2026,24,JUNIO,MX,50,2
2026,24,JUNIO,MX,100,7
2026,24,JUNIO,MX,200,27
2026,24,JUNIO,SP,10,0
2026,24,JUNIO,SP,30,1
2026,24,JUNIO,SP,50,3
2026,24,JUNIO,SP,100,9
2026,24,JUNIO,SP,200,23
2026,24,JUNIO,CL,10,0
2026,24,JUNIO,CL,30,0
2026,24,JUNIO,CL,50,1
2026,24,JUNIO,CL,100,10
2026,24,JUNIO,CL,200,25
2026,24,JUNIO,AR,10,0
2026,24,JUNIO,AR,30,1
2026,24,JUNIO,AR,50,3
2026,24,JUNIO,AR,100,7
2026,24,JUNIO,AR,200,20
2026,24,JUNIO,BR,10,1
2026,24,JUNIO,BR,30,2
2026,24,JUNIO,BR,50,4
2026,24,JUNIO,BR,100,12
2026,24,JUNIO,BR,200,25
2026,24,JUNIO,PT,10,0
2026,24,JUNIO,PT,30,5
2026,24,JUNIO,PT,50,9
2026,24,JUNIO,PT,100,24
2026,24,JUNIO,PT,200,49
