anio,semana,country_code,label_group,streams_top200,chart_date
2025,1,CO,Universal,18.8588295,2025-01-02
2025,1,CO,INgrooves,1.489607,2025-01-02
2025,1,CO,Virgin,0.701832,2025-01-02
2025,1,CO,Sony,21.287173,2025-01-02
2025,1,CO,Orchard,6.159463,2025-01-02
2025,1,CO,Warner,16.1151265,2025-01-02
2025,1,CO,Indies,30.101739,2025-01-02
2025,2,CO,Universal,21.183501,2025-01-09
2025,2,CO,INgrooves,1.721341,2025-01-09
2025,2,CO,Virgin,0.851421,2025-01-09
2025,2,CO,Sony,18.3926145,2025-01-09
2025,2,CO,Orchard,25.988656,2025-01-09
2025,2,CO,Warner,18.5822355,2025-01-09
2025,2,CO,Indies,15.512663,2025-01-09
2025,3,CO,Universal,21.682305399999997,2025-01-16
2025,3,CO,INgrooves,2.835097,2025-01-16
2025,3,CO,Virgin,0.871986,2025-01-16
2025,3,CO,Sony,20.477383,2025-01-16
2025,3,CO,Orchard,35.731825,2025-01-16
2025,3,CO,Warner,20.3670736,2025-01-16
2025,3,CO,Indies,16.660338,2025-01-16
2025,4,CO,Universal,22.518448199999998,2025-01-23
2025,4,CO,INgrooves,2.855774,2025-01-23
2025,4,CO,Virgin,0.793914,2025-01-23
2025,4,CO,Sony,21.598362,2025-01-23
2025,4,CO,Orchard,28.791993,2025-01-23
2025,4,CO,Warner,21.4761288,2025-01-23
2025,4,CO,Indies,14.655353,2025-01-23
2025,5,CO,Universal,20.8926002,2025-01-30
2025,5,CO,INgrooves,3.146778,2025-01-30
2025,5,CO,Virgin,0.395262,2025-01-30
2025,5,CO,Sony,20.658521,2025-01-30
2025,5,CO,Orchard,23.615805,2025-01-30
2025,5,CO,Warner,20.6811228,2025-01-30
2025,5,CO,Indies,13.92513,2025-01-30
2025,6,CO,Universal,21.9419681,2025-02-06
2025,6,CO,INgrooves,3.375574,2025-02-06
2025,6,CO,Virgin,0.367992,2025-02-06
2025,6,CO,Sony,21.361543,2025-02-06
2025,6,CO,Orchard,20.06423,2025-02-06
2025,6,CO,Warner,20.351634899999997,2025-02-06
2025,6,CO,Indies,16.781448,2025-02-06
2025,7,CO,Universal,22.8326894,2025-02-13
2025,7,CO,INgrooves,3.314103,2025-02-13
2025,7,CO,Virgin,0.349093,2025-02-13
2025,7,CO,Sony,23.148549,2025-02-13
2025,7,CO,Orchard,18.402759,2025-02-13
2025,7,CO,Warner,21.105690600000003,2025-02-13
2025,7,CO,Indies,15.782951,2025-02-13
2025,8,CO,Universal,21.304744399999997,2025-02-20
2025,8,CO,INgrooves,3.30972,2025-02-20
2025,8,CO,Virgin,0.332302,2025-02-20
2025,8,CO,Sony,22.938156,2025-02-20
2025,8,CO,Orchard,17.79551,2025-02-20
2025,8,CO,Warner,21.043518600000002,2025-02-20
2025,8,CO,Indies,15.488442,2025-02-20
2025,9,CO,Universal,19.621704899999997,2025-02-27
2025,9,CO,INgrooves,3.165383,2025-02-27
2025,9,CO,Virgin,0.335391,2025-02-27
2025,9,CO,Sony,24.797046,2025-02-27
2025,9,CO,Orchard,15.832573,2025-02-27
2025,9,CO,Warner,23.8303131,2025-02-27
2025,9,CO,Indies,14.654022,2025-02-27
2025,10,CO,Universal,19.495529899999998,2025-03-06
2025,10,CO,INgrooves,2.770417,2025-03-06
2025,10,CO,Virgin,0.358528,2025-03-06
2025,10,CO,Sony,23.1617765,2025-03-06
2025,10,CO,Orchard,15.030286,2025-03-06
2025,10,CO,Warner,24.4393336,2025-03-06
2025,10,CO,Indies,15.76745,2025-03-06
2025,11,CO,Universal,17.450073600000003,2025-03-13
2025,11,CO,INgrooves,3.349499,2025-03-13
2025,11,CO,Virgin,0.343379,2025-03-13
2025,11,CO,Sony,24.3761795,2025-03-13
2025,11,CO,Orchard,14.32364,2025-03-13
2025,11,CO,Warner,25.306926899999997,2025-03-13
2025,11,CO,Indies,15.753534,2025-03-13
2025,12,CO,Universal,16.9269338,2025-03-20
2025,12,CO,INgrooves,3.425126,2025-03-20
2025,12,CO,Virgin,0.356243,2025-03-20
2025,12,CO,Sony,25.6116685,2025-03-20
2025,12,CO,Orchard,14.048722,2025-03-20
2025,12,CO,Warner,25.6363447,2025-03-20
2025,12,CO,Indies,18.298508,2025-03-20
2025,13,CO,Universal,16.378395,2025-03-27
2025,13,CO,INgrooves,4.390606,2025-03-27
2025,13,CO,Virgin,0.333851,2025-03-27
2025,13,CO,Sony,26.81841,2025-03-27
2025,13,CO,Orchard,13.442288,2025-03-27
2025,13,CO,Warner,24.311334,2025-03-27
2025,13,CO,Indies,16.231516,2025-03-27
2025,14,CO,Universal,18.1308574,2025-04-03
2025,14,CO,INgrooves,4.295997,2025-04-03
2025,14,CO,Virgin,0.331625,2025-04-03
2025,14,CO,Sony,24.874611,2025-04-03
2025,14,CO,Orchard,13.496956,2025-04-03
2025,14,CO,Warner,24.165042600000003,2025-04-03
2025,14,CO,Indies,15.961068,2025-04-03
2025,15,CO,Universal,17.1556612,2025-04-10
2025,15,CO,INgrooves,3.92403,2025-04-10
2025,15,CO,Virgin,0.393072,2025-04-10
2025,15,CO,Sony,23.492024,2025-04-10
2025,15,CO,Orchard,15.925589,2025-04-10
2025,15,CO,Warner,23.5521228,2025-04-10
2025,15,CO,Indies,15.423386,2025-04-10
2025,16,CO,Universal,18.2210955,2025-04-17
2025,16,CO,INgrooves,3.392869,2025-04-17
2025,16,CO,Virgin,1.050038,2025-04-17
2025,16,CO,Sony,23.1085815,2025-04-17
2025,16,CO,Orchard,12.282348,2025-04-17
2025,16,CO,Warner,23.172425,2025-04-17
2025,16,CO,Indies,15.433299,2025-04-17
2025,17,CO,Universal,17.9449356,2025-04-24
2025,17,CO,INgrooves,3.62014,2025-04-24
2025,17,CO,Virgin,1.046875,2025-04-24
2025,17,CO,Sony,20.379561,2025-04-24
2025,17,CO,Orchard,11.194357,2025-04-24
2025,17,CO,Warner,20.916598399999998,2025-04-24
2025,17,CO,Indies,13.322378,2025-04-24
2025,18,CO,Universal,19.939960399999997,2025-05-01
2025,18,CO,INgrooves,4.131053,2025-05-01
2025,18,CO,Virgin,1.286546,2025-05-01
2025,18,CO,Sony,22.216364,2025-05-01
2025,18,CO,Orchard,11.345916,2025-05-01
2025,18,CO,Warner,26.1883476,2025-05-01
2025,18,CO,Indies,15.626514,2025-05-01
2025,19,CO,Universal,19.679810600000003,2025-05-08
2025,19,CO,INgrooves,3.969473,2025-05-08
2025,19,CO,Virgin,1.946487,2025-05-08
2025,19,CO,Sony,22.303137,2025-05-08
2025,19,CO,Orchard,11.755331,2025-05-08
2025,19,CO,Warner,22.563581399999997,2025-05-08
2025,19,CO,Indies,15.042509,2025-05-08
2025,20,CO,Universal,20.6524677,2025-05-15
2025,20,CO,INgrooves,3.302526,2025-05-15
2025,20,CO,Virgin,2.884884,2025-05-15
2025,20,CO,Sony,22.7335795,2025-05-15
2025,20,CO,Orchard,13.765754,2025-05-15
2025,20,CO,Warner,23.9023018,2025-05-15
2025,20,CO,Indies,14.808359,2025-05-15
2025,21,CO,Universal,20.0055622,2025-05-22
2025,21,CO,INgrooves,3.397655,2025-05-22
2025,21,CO,Virgin,2.976952,2025-05-22
2025,21,CO,Sony,25.269083,2025-05-22
2025,21,CO,Orchard,17.597716,2025-05-22
2025,21,CO,Warner,20.9679018,2025-05-22
2025,21,CO,Indies,13.189172,2025-05-22
2025,22,CO,Universal,20.181760399999998,2025-05-29
2025,22,CO,INgrooves,3.47739,2025-05-29
2025,22,CO,Virgin,3.576844,2025-05-29
2025,22,CO,Sony,29.45474,2025-05-29
2025,22,CO,Orchard,15.886189,2025-05-29
2025,22,CO,Warner,22.840767600000003,2025-05-29
2025,22,CO,Indies,13.379356,2025-05-29
2025,23,CO,Universal,16.3959014,2025-06-05
2025,23,CO,INgrooves,3.226409,2025-06-05
2025,23,CO,Virgin,3.73046,2025-06-05
2025,23,CO,Sony,30.36526,2025-06-05
2025,23,CO,Orchard,13.249948,2025-06-05
2025,23,CO,Warner,29.1644036,2025-06-05
2025,23,CO,Indies,12.172711,2025-06-05
2025,24,CO,Universal,15.5447864,2025-06-12
2025,24,CO,INgrooves,4.125294,2025-06-12
2025,24,CO,Virgin,2.871746,2025-06-12
2025,24,CO,Sony,31.392523,2025-06-12
2025,24,CO,Orchard,11.537743,2025-06-12
2025,24,CO,Warner,28.6230206,2025-06-12
2025,24,CO,Indies,12.426189,2025-06-12
2026,1,CO,Universal,11.0489095,2026-01-01
2026,1,CO,INgrooves,2.257234,2026-01-01
2026,1,CO,Virgin,2.060348,2026-01-01
2026,1,CO,Sony,28.1946815,2026-01-01
2026,1,CO,Orchard,10.438778,2026-01-01
2026,1,CO,Warner,19.836512,2026-01-01
2026,1,CO,Indies,33.3976,2026-01-01
2026,2,CO,Universal,11.519265,2026-01-08
2026,2,CO,INgrooves,1.956245,2026-01-08
2026,2,CO,Virgin,2.052136,2026-01-08
2026,2,CO,Sony,26.213197,2026-01-08
2026,2,CO,Orchard,11.014265,2026-01-08
2026,2,CO,Warner,20.188588,2026-01-08
2026,2,CO,Indies,18.316363,2026-01-08
2026,3,CO,Universal,9.6618435,2026-01-15
2026,3,CO,INgrooves,2.234756,2026-01-15
2026,3,CO,Virgin,3.215709,2026-01-15
2026,3,CO,Sony,28.5364585,2026-01-15
2026,3,CO,Orchard,9.939025,2026-01-15
2026,3,CO,Warner,27.418596,2026-01-15
2026,3,CO,Indies,29.432171,2026-01-15
2026,4,CO,Universal,9.4230875,2026-01-22
2026,4,CO,INgrooves,2.218792,2026-01-22
2026,4,CO,Virgin,3.650725,2026-01-22
2026,4,CO,Sony,27.4552025,2026-01-22
2026,4,CO,Orchard,11.892234,2026-01-22
2026,4,CO,Warner,29.885222,2026-01-22
2026,4,CO,Indies,29.193873,2026-01-22
2026,5,CO,Universal,10.9069175,2026-01-29
2026,5,CO,INgrooves,2.241317,2026-01-29
2026,5,CO,Virgin,3.036092,2026-01-29
2026,5,CO,Sony,27.2523305,2026-01-29
2026,5,CO,Orchard,16.889097,2026-01-29
2026,5,CO,Warner,28.630455,2026-01-29
2026,5,CO,Indies,25.224928,2026-01-29
2026,6,CO,Universal,10.475473,2026-02-05
2026,6,CO,INgrooves,2.139098,2026-02-05
2026,6,CO,Virgin,3.213959,2026-02-05
2026,6,CO,Sony,26.342221,2026-02-05
2026,6,CO,Orchard,14.99461,2026-02-05
2026,6,CO,Warner,30.052679,2026-02-05
2026,6,CO,Indies,25.893008,2026-02-05
2026,7,CO,Universal,12.5068305,2026-02-12
2026,7,CO,INgrooves,2.613508,2026-02-12
2026,7,CO,Virgin,2.854708,2026-02-12
2026,7,CO,Sony,24.6247905,2026-02-12
2026,7,CO,Orchard,18.418024,2026-02-12
2026,7,CO,Warner,30.455953,2026-02-12
2026,7,CO,Indies,23.774356,2026-02-12
2026,8,CO,Universal,11.5038095,2026-02-19
2026,8,CO,INgrooves,3.16819,2026-02-19
2026,8,CO,Virgin,2.845843,2026-02-19
2026,8,CO,Sony,25.1367765,2026-02-19
2026,8,CO,Orchard,15.863931,2026-02-19
2026,8,CO,Warner,30.928021,2026-02-19
2026,8,CO,Indies,24.585623,2026-02-19
2026,9,CO,Universal,13.31222,2026-02-26
2026,9,CO,INgrooves,2.781115,2026-02-26
2026,9,CO,Virgin,2.408388,2026-02-26
2026,9,CO,Sony,23.686367,2026-02-26
2026,9,CO,Orchard,16.546412,2026-02-26
2026,9,CO,Warner,29.965772,2026-02-26
2026,9,CO,Indies,24.64967,2026-02-26
2026,10,CO,Universal,12.830976,2026-03-05
2026,10,CO,INgrooves,3.216262,2026-03-05
2026,10,CO,Virgin,5.471305,2026-03-05
2026,10,CO,Sony,23.827671,2026-03-05
2026,10,CO,Orchard,16.616519,2026-03-05
2026,10,CO,Warner,29.319811,2026-03-05
2026,10,CO,Indies,23.052648,2026-03-05
2026,11,CO,Universal,12.6836075,2026-03-12
2026,11,CO,INgrooves,3.256456,2026-03-12
2026,11,CO,Virgin,5.446912,2026-03-12
2026,11,CO,Sony,23.6616365,2026-03-12
2026,11,CO,Orchard,15.733585,2026-03-12
2026,11,CO,Warner,30.143248,2026-03-12
2026,11,CO,Indies,19.992212,2026-03-12
2026,12,CO,Universal,15.022785,2026-03-19
2026,12,CO,INgrooves,2.695105,2026-03-19
2026,12,CO,Virgin,5.597593,2026-03-19
2026,12,CO,Sony,21.087228,2026-03-19
2026,12,CO,Orchard,14.330898,2026-03-19
2026,12,CO,Warner,32.545805,2026-03-19
2026,12,CO,Indies,19.4402,2026-03-19
2026,13,CO,Universal,16.038538,2026-03-26
2026,13,CO,INgrooves,14.601664,2026-03-26
2026,13,CO,Virgin,4.388097,2026-03-26
2026,13,CO,Sony,20.626273,2026-03-26
2026,13,CO,Orchard,12.060922,2026-03-26
2026,13,CO,Warner,27.674195,2026-03-26
2026,13,CO,Indies,17.98516,2026-03-26
2026,14,CO,Universal,15.269667,2026-04-02
2026,14,CO,INgrooves,12.551779,2026-04-02
2026,14,CO,Virgin,4.802206,2026-04-02
2026,14,CO,Sony,19.520859,2026-04-02
2026,14,CO,Orchard,11.840541,2026-04-02
2026,14,CO,Warner,27.814044,2026-04-02
2026,14,CO,Indies,17.056256,2026-04-02
2026,15,CO,Universal,13.52011,2026-04-09
2026,15,CO,INgrooves,10.266059,2026-04-09
2026,15,CO,Virgin,3.738821,2026-04-09
2026,15,CO,Sony,18.066531,2026-04-09
2026,15,CO,Orchard,11.70224,2026-04-09
2026,15,CO,Warner,26.753831,2026-04-09
2026,15,CO,Indies,15.811854,2026-04-09
2026,16,CO,Universal,15.933398,2026-04-16
2026,16,CO,INgrooves,8.741942,2026-04-16
2026,16,CO,Virgin,4.570805,2026-04-16
2026,16,CO,Sony,19.597035,2026-04-16
2026,16,CO,Orchard,13.1377,2026-04-16
2026,16,CO,Warner,33.578121,2026-04-16
2026,16,CO,Indies,17.620935,2026-04-16
2026,17,CO,Universal,14.177198,2026-04-23
2026,17,CO,INgrooves,8.135228,2026-04-23
2026,17,CO,Virgin,5.247211,2026-04-23
2026,17,CO,Sony,22.684527,2026-04-23
2026,17,CO,Orchard,13.096445,2026-04-23
2026,17,CO,Warner,31.090137,2026-04-23
2026,17,CO,Indies,19.915379,2026-04-23
2026,18,CO,Universal,17.084474,2026-04-30
2026,18,CO,INgrooves,5.657422,2026-04-30
2026,18,CO,Virgin,4.318282,2026-04-30
2026,18,CO,Sony,24.405358,2026-04-30
2026,18,CO,Orchard,12.321105,2026-04-30
2026,18,CO,Warner,30.003932,2026-04-30
2026,18,CO,Indies,17.540861,2026-04-30
2026,19,CO,Universal,15.229664,2026-05-07
2026,19,CO,INgrooves,10.917418,2026-05-07
2026,19,CO,Virgin,0.0,2026-05-07
2026,19,CO,Sony,22.99768,2026-05-07
2026,19,CO,Orchard,13.246529,2026-05-07
2026,19,CO,Warner,29.709345,2026-05-07
2026,19,CO,Indies,16.282692,2026-05-07
2026,20,CO,Universal,14.100831,2026-05-14
2026,20,CO,INgrooves,5.323488,2026-05-14
2026,20,CO,Virgin,4.203346,2026-05-14
2026,20,CO,Sony,23.251967,2026-05-14
2026,20,CO,Orchard,13.728987,2026-05-14
2026,20,CO,Warner,28.631786,2026-05-14
2026,20,CO,Indies,18.949789,2026-05-14
2026,21,CO,Universal,12.899271,2026-05-21
2026,21,CO,INgrooves,4.813527,2026-05-21
2026,21,CO,Virgin,4.031621,2026-05-21
2026,21,CO,Sony,23.641817,2026-05-21
2026,21,CO,Orchard,13.217337,2026-05-21
2026,21,CO,Warner,26.682556,2026-05-21
2026,21,CO,Indies,19.837278,2026-05-21
2026,22,CO,Universal,11.0095155,2026-05-28
2026,22,CO,INgrooves,4.058642,2026-05-28
2026,22,CO,Virgin,3.567013,2026-05-28
2026,22,CO,Sony,23.315422499999997,2026-05-28
2026,22,CO,Orchard,13.203314,2026-05-28
2026,22,CO,Warner,28.121071,2026-05-28
2026,22,CO,Indies,19.618668,2026-05-28
2026,23,CO,Universal,9.60053,2026-06-04
2026,23,CO,INgrooves,5.052883,2026-06-04
2026,23,CO,Virgin,3.624764,2026-06-04
2026,23,CO,Sony,21.611986,2026-06-04
2026,23,CO,Orchard,12.895645,2026-06-04
2026,23,CO,Warner,27.171876,2026-06-04
2026,23,CO,Indies,19.098721,2026-06-04
2026,24,CO,Universal,12.012244,2026-06-11
2026,24,CO,INgrooves,4.736661,2026-06-11
2026,24,CO,Virgin,3.302536,2026-06-11
2026,24,CO,Sony,19.386345,2026-06-11
2026,24,CO,Orchard,11.493692,2026-06-11
2026,24,CO,Warner,25.648131,2026-06-11
2026,24,CO,Indies,17.852579,2026-06-11
2025,1,PE,Universal,14.4686729,2025-01-02
2025,1,PE,INgrooves,2.181579,2025-01-02
2025,1,PE,Virgin,0.4384195,2025-01-02
2025,1,PE,Sony,12.8832,2025-01-02
2025,1,PE,Orchard,7.594754,2025-01-02
2025,1,PE,Warner,8.6230206,2025-01-02
2025,1,PE,Indies,12.71535,2025-01-02
2025,2,PE,Universal,14.0900818,2025-01-09
2025,2,PE,INgrooves,2.4288205,2025-01-09
2025,2,PE,Virgin,0.505688,2025-01-09
2025,2,PE,Sony,12.8740605,2025-01-09
2025,2,PE,Orchard,18.577011,2025-01-09
2025,2,PE,Warner,8.5119612,2025-01-09
2025,2,PE,Indies,11.151456,2025-01-09
2025,3,PE,Universal,13.854230900000001,2025-01-16
2025,3,PE,INgrooves,2.61821775,2025-01-16
2025,3,PE,Virgin,0.2856445,2025-01-16
2025,3,PE,Sony,13.42547925,2025-01-16
2025,3,PE,Orchard,27.455819,2025-01-16
2025,3,PE,Warner,9.4625326,2025-01-16
2025,3,PE,Indies,10.938132,2025-01-16
2025,4,PE,Universal,13.8587114,2025-01-23
2025,4,PE,INgrooves,2.7527605,2025-01-23
2025,4,PE,Virgin,0.264665,2025-01-23
2025,4,PE,Sony,13.2626655,2025-01-23
2025,4,PE,Orchard,23.647883,2025-01-23
2025,4,PE,Warner,9.7397756,2025-01-23
2025,4,PE,Indies,10.692846,2025-01-23
2025,5,PE,Universal,13.197816300000001,2025-01-30
2025,5,PE,INgrooves,2.41396525,2025-01-30
2025,5,PE,Virgin,0.246849,2025-01-30
2025,5,PE,Sony,12.28493825,2025-01-30
2025,5,PE,Orchard,19.965553,2025-01-30
2025,5,PE,Warner,8.6432542,2025-01-30
2025,5,PE,Indies,10.55885,2025-01-30
2025,6,PE,Universal,12.9875025,2025-02-06
2025,6,PE,INgrooves,2.3320855,2025-02-06
2025,6,PE,Virgin,0.0836145,2025-02-06
2025,6,PE,Sony,13.5523515,2025-02-06
2025,6,PE,Orchard,17.09114,2025-02-06
2025,6,PE,Warner,9.408164,2025-02-06
2025,6,PE,Indies,11.327834,2025-02-06
2025,7,PE,Universal,13.7805525,2025-02-13
2025,7,PE,INgrooves,2.36769525,2025-02-13
2025,7,PE,Virgin,0.0809055,2025-02-13
2025,7,PE,Sony,13.33388675,2025-02-13
2025,7,PE,Orchard,15.370475,2025-02-13
2025,7,PE,Warner,8.946057,2025-02-13
2025,7,PE,Indies,10.894203,2025-02-13
2025,8,PE,Universal,12.4345519,2025-02-20
2025,8,PE,INgrooves,1.927135,2025-02-20
2025,8,PE,Virgin,0.0,2025-02-20
2025,8,PE,Sony,14.4044275,2025-02-20
2025,8,PE,Orchard,15.225403,2025-02-20
2025,8,PE,Warner,7.560717599999999,2025-02-20
2025,8,PE,Indies,9.744894,2025-02-20
2025,9,PE,Universal,11.9183318,2025-02-27
2025,9,PE,INgrooves,1.95438825,2025-02-27
2025,9,PE,Virgin,0.0,2025-02-27
2025,9,PE,Sony,13.58962575,2025-02-27
2025,9,PE,Orchard,13.565627,2025-02-27
2025,9,PE,Warner,8.1088872,2025-02-27
2025,9,PE,Indies,10.568019,2025-02-27
2025,10,PE,Universal,10.700061,2025-03-06
2025,10,PE,INgrooves,1.81768625,2025-03-06
2025,10,PE,Virgin,0.0,2025-03-06
2025,10,PE,Sony,13.37614875,2025-03-06
2025,10,PE,Orchard,12.808056,2025-03-06
2025,10,PE,Warner,7.825133,2025-03-06
2025,10,PE,Indies,9.792271,2025-03-06
2025,11,PE,Universal,8.96268,2025-03-13
2025,11,PE,INgrooves,2.17027975,2025-03-13
2025,11,PE,Virgin,0.0,2025-03-13
2025,11,PE,Sony,13.45235825,2025-03-13
2025,11,PE,Orchard,11.144471,2025-03-13
2025,11,PE,Warner,8.007611,2025-03-13
2025,11,PE,Indies,8.61793,2025-03-13
2025,12,PE,Universal,9.621598,2025-03-20
2025,12,PE,INgrooves,1.9080915,2025-03-20
2025,12,PE,Virgin,0.0,2025-03-20
2025,12,PE,Sony,13.8304875,2025-03-20
2025,12,PE,Orchard,10.963709,2025-03-20
2025,12,PE,Warner,8.840519,2025-03-20
2025,12,PE,Indies,9.692315,2025-03-20
2025,13,PE,Universal,8.921231,2025-03-27
2025,13,PE,INgrooves,2.1644055,2025-03-27
2025,13,PE,Virgin,0.0,2025-03-27
2025,13,PE,Sony,13.9240795,2025-03-27
2025,13,PE,Orchard,11.328571,2025-03-27
2025,13,PE,Warner,8.424608,2025-03-27
2025,13,PE,Indies,10.993901,2025-03-27
2025,14,PE,Universal,9.7248,2025-04-03
2025,14,PE,INgrooves,1.8990085,2025-04-03
2025,14,PE,Virgin,0.0,2025-04-03
2025,14,PE,Sony,13.3933025,2025-04-03
2025,14,PE,Orchard,11.241853,2025-04-03
2025,14,PE,Warner,8.820699,2025-04-03
2025,14,PE,Indies,9.681392,2025-04-03
2025,15,PE,Universal,9.067044,2025-04-10
2025,15,PE,INgrooves,1.75209575,2025-04-10
2025,15,PE,Virgin,0.0,2025-04-10
2025,15,PE,Sony,14.54337225,2025-04-10
2025,15,PE,Orchard,10.694141,2025-04-10
2025,15,PE,Warner,9.539212,2025-04-10
2025,15,PE,Indies,9.362635,2025-04-10
2025,16,PE,Universal,9.605491,2025-04-17
2025,16,PE,INgrooves,1.66116275,2025-04-17
2025,16,PE,Virgin,0.0,2025-04-17
2025,16,PE,Sony,14.24718425,2025-04-17
2025,16,PE,Orchard,10.426266,2025-04-17
2025,16,PE,Warner,9.821553,2025-04-17
2025,16,PE,Indies,8.573305,2025-04-17
2025,17,PE,Universal,9.283424,2025-04-24
2025,17,PE,INgrooves,1.65733125,2025-04-24
2025,17,PE,Virgin,0.0,2025-04-24
2025,17,PE,Sony,12.33116675,2025-04-24
2025,17,PE,Orchard,9.417063,2025-04-24
2025,17,PE,Warner,8.754597,2025-04-24
2025,17,PE,Indies,9.396779,2025-04-24
2025,18,PE,Universal,9.319738,2025-05-01
2025,18,PE,INgrooves,1.4179195,2025-05-01
2025,18,PE,Virgin,0.0,2025-05-01
2025,18,PE,Sony,12.2176695,2025-05-01
2025,18,PE,Orchard,8.718789,2025-05-01
2025,18,PE,Warner,9.05968,2025-05-01
2025,18,PE,Indies,10.033166,2025-05-01
2025,19,PE,Universal,9.210513,2025-05-08
2025,19,PE,INgrooves,1.23637725,2025-05-08
2025,19,PE,Virgin,0.264965,2025-05-08
2025,19,PE,Sony,12.71680175,2025-05-08
2025,19,PE,Orchard,10.177976,2025-05-08
2025,19,PE,Warner,7.651859,2025-05-08
2025,19,PE,Indies,9.138125,2025-05-08
2025,20,PE,Universal,8.619018,2025-05-15
2025,20,PE,INgrooves,1.18458475,2025-05-15
2025,20,PE,Virgin,0.680011,2025-05-15
2025,20,PE,Sony,11.72404025,2025-05-15
2025,20,PE,Orchard,12.550707,2025-05-15
2025,20,PE,Warner,7.37011,2025-05-15
2025,20,PE,Indies,9.492407,2025-05-15
2025,21,PE,Universal,8.555092,2025-05-22
2025,21,PE,INgrooves,1.64257075,2025-05-22
2025,21,PE,Virgin,0.79817,2025-05-22
2025,21,PE,Sony,12.88462825,2025-05-22
2025,21,PE,Orchard,12.289972,2025-05-22
2025,21,PE,Warner,7.281798,2025-05-22
2025,21,PE,Indies,7.869152,2025-05-22
2025,22,PE,Universal,8.152953,2025-05-29
2025,22,PE,INgrooves,2.1924475,2025-05-29
2025,22,PE,Virgin,0.715804,2025-05-29
2025,22,PE,Sony,13.0080935,2025-05-29
2025,22,PE,Orchard,11.535125,2025-05-29
2025,22,PE,Warner,7.121768,2025-05-29
2025,22,PE,Indies,7.198255,2025-05-29
2025,23,PE,Universal,7.364566,2025-06-05
2025,23,PE,INgrooves,2.0656225,2025-06-05
2025,23,PE,Virgin,0.645893,2025-06-05
2025,23,PE,Sony,13.1904065,2025-06-05
2025,23,PE,Orchard,9.930266,2025-06-05
2025,23,PE,Warner,9.309648,2025-06-05
2025,23,PE,Indies,6.50623,2025-06-05
2025,24,PE,Universal,6.763957,2025-06-12
2025,24,PE,INgrooves,1.82354,2025-06-12
2025,24,PE,Virgin,0.591034,2025-06-12
2025,24,PE,Sony,13.640155,2025-06-12
2025,24,PE,Orchard,8.928032,2025-06-12
2025,24,PE,Warner,9.747221,2025-06-12
2025,24,PE,Indies,6.421347,2025-06-12
2026,1,PE,Universal,7.722518,2026-01-01
2026,1,PE,INgrooves,1.446453,2026-01-01
2026,1,PE,Virgin,0.0,2026-01-01
2026,1,PE,Sony,14.689556,2026-01-01
2026,1,PE,Orchard,11.49107,2026-01-01
2026,1,PE,Warner,6.849887,2026-01-01
2026,1,PE,Indies,8.558004,2026-01-01
2026,2,PE,Universal,7.261288,2026-01-08
2026,2,PE,INgrooves,1.482758,2026-01-08
2026,2,PE,Virgin,0.149837,2026-01-08
2026,2,PE,Sony,14.258894,2026-01-08
2026,2,PE,Orchard,10.822333,2026-01-08
2026,2,PE,Warner,8.025638,2026-01-08
2026,2,PE,Indies,6.881142,2026-01-08
2026,3,PE,Universal,6.782783,2026-01-15
2026,3,PE,INgrooves,1.281333,2026-01-15
2026,3,PE,Virgin,0.70714,2026-01-15
2026,3,PE,Sony,13.764081,2026-01-15
2026,3,PE,Orchard,12.406484,2026-01-15
2026,3,PE,Warner,8.553486,2026-01-15
2026,3,PE,Indies,7.294752,2026-01-15
2026,4,PE,Universal,7.0653795,2026-01-22
2026,4,PE,INgrooves,1.370395,2026-01-22
2026,4,PE,Virgin,0.810578,2026-01-22
2026,4,PE,Sony,13.446676,2026-01-22
2026,4,PE,Orchard,18.0087875,2026-01-22
2026,4,PE,Warner,7.762478,2026-01-22
2026,4,PE,Indies,7.237999,2026-01-22
2026,5,PE,Universal,7.071187,2026-01-29
2026,5,PE,INgrooves,0.972539,2026-01-29
2026,5,PE,Virgin,0.931115,2026-01-29
2026,5,PE,Sony,13.798629,2026-01-29
2026,5,PE,Orchard,15.052337,2026-01-29
2026,5,PE,Warner,8.443982,2026-01-29
2026,5,PE,Indies,7.584605,2026-01-29
2026,6,PE,Universal,7.152043,2026-02-05
2026,6,PE,INgrooves,0.769485,2026-02-05
2026,6,PE,Virgin,1.184811,2026-02-05
2026,6,PE,Sony,13.76661,2026-02-05
2026,6,PE,Orchard,14.384481,2026-02-05
2026,6,PE,Warner,8.473874,2026-02-05
2026,6,PE,Indies,7.197834,2026-02-05
2026,7,PE,Universal,7.859697,2026-02-12
2026,7,PE,INgrooves,1.169539,2026-02-12
2026,7,PE,Virgin,0.580169,2026-02-12
2026,7,PE,Sony,12.766934,2026-02-12
2026,7,PE,Orchard,17.721894,2026-02-12
2026,7,PE,Warner,7.604473,2026-02-12
2026,7,PE,Indies,6.51313,2026-02-12
2026,8,PE,Universal,7.615407,2026-02-19
2026,8,PE,INgrooves,1.34443,2026-02-19
2026,8,PE,Virgin,0.926852,2026-02-19
2026,8,PE,Sony,12.278632,2026-02-19
2026,8,PE,Orchard,15.83534,2026-02-19
2026,8,PE,Warner,7.943031,2026-02-19
2026,8,PE,Indies,6.156417,2026-02-19
2026,9,PE,Universal,6.923522,2026-02-26
2026,9,PE,INgrooves,1.271185,2026-02-26
2026,9,PE,Virgin,0.923305,2026-02-26
2026,9,PE,Sony,11.924111,2026-02-26
2026,9,PE,Orchard,15.305052,2026-02-26
2026,9,PE,Warner,7.750525,2026-02-26
2026,9,PE,Indies,6.229177,2026-02-26
2026,10,PE,Universal,6.536369,2026-03-05
2026,10,PE,INgrooves,1.086719,2026-03-05
2026,10,PE,Virgin,2.136361,2026-03-05
2026,10,PE,Sony,12.805425,2026-03-05
2026,10,PE,Orchard,13.597127,2026-03-05
2026,10,PE,Warner,8.75052,2026-03-05
2026,10,PE,Indies,5.959856,2026-03-05
2026,11,PE,Universal,6.054627,2026-03-12
2026,11,PE,INgrooves,0.806323,2026-03-12
2026,11,PE,Virgin,2.081527,2026-03-12
2026,11,PE,Sony,12.407682,2026-03-12
2026,11,PE,Orchard,12.565954,2026-03-12
2026,11,PE,Warner,7.996693,2026-03-12
2026,11,PE,Indies,7.011536,2026-03-12
2026,12,PE,Universal,7.128992,2026-03-19
2026,12,PE,INgrooves,0.628473,2026-03-19
2026,12,PE,Virgin,2.11361,2026-03-19
2026,12,PE,Sony,12.006192,2026-03-19
2026,12,PE,Orchard,11.616725,2026-03-19
2026,12,PE,Warner,8.101037,2026-03-19
2026,12,PE,Indies,7.350536,2026-03-19
2026,13,PE,Universal,6.496213,2026-03-26
2026,13,PE,INgrooves,13.114013,2026-03-26
2026,13,PE,Virgin,1.702777,2026-03-26
2026,13,PE,Sony,12.222994,2026-03-26
2026,13,PE,Orchard,10.632548,2026-03-26
2026,13,PE,Warner,7.805298,2026-03-26
2026,13,PE,Indies,7.840646,2026-03-26
2026,14,PE,Universal,6.688617,2026-04-02
2026,14,PE,INgrooves,9.481419,2026-04-02
2026,14,PE,Virgin,1.956579,2026-04-02
2026,14,PE,Sony,11.910487,2026-04-02
2026,14,PE,Orchard,11.272025,2026-04-02
2026,14,PE,Warner,8.042706,2026-04-02
2026,14,PE,Indies,7.266521,2026-04-02
2026,15,PE,Universal,6.463926,2026-04-09
2026,15,PE,INgrooves,7.671864,2026-04-09
2026,15,PE,Virgin,1.449007,2026-04-09
2026,15,PE,Sony,11.576193,2026-04-09
2026,15,PE,Orchard,10.881756,2026-04-09
2026,15,PE,Warner,7.658698,2026-04-09
2026,15,PE,Indies,6.997164,2026-04-09
2026,16,PE,Universal,8.248113,2026-04-16
2026,16,PE,INgrooves,6.9102,2026-04-16
2026,16,PE,Virgin,1.975413,2026-04-16
2026,16,PE,Sony,11.941147,2026-04-16
2026,16,PE,Orchard,10.796688,2026-04-16
2026,16,PE,Warner,7.381604,2026-04-16
2026,16,PE,Indies,7.285975,2026-04-16
2026,17,PE,Universal,7.894266,2026-04-23
2026,17,PE,INgrooves,6.206669,2026-04-23
2026,17,PE,Virgin,1.360056,2026-04-23
2026,17,PE,Sony,13.049849,2026-04-23
2026,17,PE,Orchard,11.599589,2026-04-23
2026,17,PE,Warner,7.512853,2026-04-23
2026,17,PE,Indies,7.960775,2026-04-23
2026,18,PE,Universal,7.369864,2026-04-30
2026,18,PE,INgrooves,5.851375,2026-04-30
2026,18,PE,Virgin,1.594814,2026-04-30
2026,18,PE,Sony,12.872151,2026-04-30
2026,18,PE,Orchard,10.258943,2026-04-30
2026,18,PE,Warner,7.449724,2026-04-30
2026,18,PE,Indies,7.716778,2026-04-30
2026,19,PE,Universal,8.23568,2026-05-07
2026,19,PE,INgrooves,6.786385,2026-05-07
2026,19,PE,Virgin,0.0,2026-05-07
2026,19,PE,Sony,13.257886,2026-05-07
2026,19,PE,Orchard,9.104972,2026-05-07
2026,19,PE,Warner,7.046076,2026-05-07
2026,19,PE,Indies,6.971112,2026-05-07
2026,20,PE,Universal,7.773621,2026-05-14
2026,20,PE,INgrooves,4.850837,2026-05-14
2026,20,PE,Virgin,1.176996,2026-05-14
2026,20,PE,Sony,14.177044,2026-05-14
2026,20,PE,Orchard,9.329353,2026-05-14
2026,20,PE,Warner,6.833011,2026-05-14
2026,20,PE,Indies,7.54275,2026-05-14
2026,21,PE,Universal,7.639985,2026-05-21
2026,21,PE,INgrooves,4.827412,2026-05-21
2026,21,PE,Virgin,1.144019,2026-05-21
2026,21,PE,Sony,13.811269,2026-05-21
2026,21,PE,Orchard,8.893079,2026-05-21
2026,21,PE,Warner,7.125674,2026-05-21
2026,21,PE,Indies,7.896111,2026-05-21
2026,22,PE,Universal,8.406135,2026-05-28
2026,22,PE,INgrooves,4.537592,2026-05-28
2026,22,PE,Virgin,0.941351,2026-05-28
2026,22,PE,Sony,12.695305,2026-05-28
2026,22,PE,Orchard,8.769382,2026-05-28
2026,22,PE,Warner,7.067028,2026-05-28
2026,22,PE,Indies,8.077948,2026-05-28
2026,23,PE,Universal,7.438695,2026-06-04
2026,23,PE,INgrooves,4.877433,2026-06-04
2026,23,PE,Virgin,0.750025,2026-06-04
2026,23,PE,Sony,12.511123,2026-06-04
2026,23,PE,Orchard,9.288027,2026-06-04
2026,23,PE,Warner,6.578718,2026-06-04
2026,23,PE,Indies,8.264987,2026-06-04
2026,24,PE,Universal,8.385456,2026-06-11
2026,24,PE,INgrooves,4.827002,2026-06-11
2026,24,PE,Virgin,1.091635,2026-06-11
2026,24,PE,Sony,11.859313,2026-06-11
2026,24,PE,Orchard,8.841781,2026-06-11
2026,24,PE,Warner,5.920576,2026-06-11
2026,24,PE,Indies,7.931741,2026-06-11
2025,1,EC,Universal,6.4488086,2025-01-02
2025,1,EC,INgrooves,0.203606,2025-01-02
2025,1,EC,Virgin,0.128506,2025-01-02
2025,1,EC,Sony,6.348465,2025-01-02
2025,1,EC,Orchard,2.957002,2025-01-02
2025,1,EC,Warner,4.7172384,2025-01-02
2025,1,EC,Indies,7.660243,2025-01-02
2025,2,EC,Universal,6.065591400000001,2025-01-09
2025,2,EC,INgrooves,0.324277,2025-01-09
2025,2,EC,Virgin,0.19271,2025-01-09
2025,2,EC,Sony,6.077252,2025-01-09
2025,2,EC,Orchard,11.404764,2025-01-09
2025,2,EC,Warner,4.8705006,2025-01-09
2025,2,EC,Indies,5.49454,2025-01-09
2025,3,EC,Universal,6.4491534,2025-01-16
2025,3,EC,INgrooves,0.402435,2025-01-16
2025,3,EC,Virgin,0.112386,2025-01-16
2025,3,EC,Sony,6.695621,2025-01-16
2025,3,EC,Orchard,15.897224,2025-01-16
2025,3,EC,Warner,5.1904726,2025-01-16
2025,3,EC,Indies,6.400885,2025-01-16
2025,4,EC,Universal,6.38815,2025-01-23
2025,4,EC,INgrooves,0.349562,2025-01-23
2025,4,EC,Virgin,0.162669,2025-01-23
2025,4,EC,Sony,6.2491,2025-01-23
2025,4,EC,Orchard,13.093214,2025-01-23
2025,4,EC,Warner,5.2128,2025-01-23
2025,4,EC,Indies,6.290146,2025-01-23
2025,5,EC,Universal,5.8218762,2025-01-30
2025,5,EC,INgrooves,0.401921,2025-01-30
2025,5,EC,Virgin,0.108338,2025-01-30
2025,5,EC,Sony,5.865352,2025-01-30
2025,5,EC,Orchard,10.99019,2025-01-30
2025,5,EC,Warner,4.7950078,2025-01-30
2025,5,EC,Indies,5.95247,2025-01-30
2025,6,EC,Universal,6.070436099999999,2025-02-06
2025,6,EC,INgrooves,0.410887,2025-02-06
2025,6,EC,Virgin,0.096014,2025-02-06
2025,6,EC,Sony,6.4316205,2025-02-06
2025,6,EC,Orchard,9.394229,2025-02-06
2025,6,EC,Warner,5.0108914,2025-02-06
2025,6,EC,Indies,6.303845,2025-02-06
2025,7,EC,Universal,6.151418,2025-02-13
2025,7,EC,INgrooves,0.125275,2025-02-13
2025,7,EC,Virgin,0.088882,2025-02-13
2025,7,EC,Sony,6.691162,2025-02-13
2025,7,EC,Orchard,8.479929,2025-02-13
2025,7,EC,Warner,4.814386,2025-02-13
2025,7,EC,Indies,5.749729,2025-02-13
2025,8,EC,Universal,5.8271112,2025-02-20
2025,8,EC,INgrooves,0.121392,2025-02-20
2025,8,EC,Virgin,0.0,2025-02-20
2025,8,EC,Sony,6.368002,2025-02-20
2025,8,EC,Orchard,7.563446,2025-02-20
2025,8,EC,Warner,4.5666068,2025-02-20
2025,8,EC,Indies,5.796719,2025-02-20
2025,9,EC,Universal,5.669849,2025-02-27
2025,9,EC,INgrooves,0.199187,2025-02-27
2025,9,EC,Virgin,0.08417,2025-02-27
2025,9,EC,Sony,6.329084,2025-02-27
2025,9,EC,Orchard,6.588904,2025-02-27
2025,9,EC,Warner,4.769667,2025-02-27
2025,9,EC,Indies,5.759427,2025-02-27
2025,10,EC,Universal,5.1161234,2025-03-06
2025,10,EC,INgrooves,0.189547,2025-03-06
2025,10,EC,Virgin,0.089862,2025-03-06
2025,10,EC,Sony,5.703227,2025-03-06
2025,10,EC,Orchard,6.031182,2025-03-06
2025,10,EC,Warner,6.0716475999999995,2025-03-06
2025,10,EC,Indies,6.550855,2025-03-06
2025,11,EC,Universal,4.6214055,2025-03-13
2025,11,EC,INgrooves,0.39258,2025-03-13
2025,11,EC,Virgin,0.084117,2025-03-13
2025,11,EC,Sony,6.2513355,2025-03-13
2025,11,EC,Orchard,5.76329,2025-03-13
2025,11,EC,Warner,6.461789,2025-03-13
2025,11,EC,Indies,5.080236,2025-03-13
2025,12,EC,Universal,4.903197400000001,2025-03-20
2025,12,EC,INgrooves,0.335651,2025-03-20
2025,12,EC,Virgin,0.093727,2025-03-20
2025,12,EC,Sony,7.000933,2025-03-20
2025,12,EC,Orchard,5.816076,2025-03-20
2025,12,EC,Warner,6.9074206,2025-03-20
2025,12,EC,Indies,5.560641,2025-03-20
2025,13,EC,Universal,4.637881,2025-03-27
2025,13,EC,INgrooves,0.545341,2025-03-27
2025,13,EC,Virgin,0.079073,2025-03-27
2025,13,EC,Sony,6.999802,2025-03-27
2025,13,EC,Orchard,5.57477,2025-03-27
2025,13,EC,Warner,6.413201,2025-03-27
2025,13,EC,Indies,5.27427,2025-03-27
2025,14,EC,Universal,4.893253,2025-04-03
2025,14,EC,INgrooves,0.451717,2025-04-03
2025,14,EC,Virgin,0.082642,2025-04-03
2025,14,EC,Sony,6.877842,2025-04-03
2025,14,EC,Orchard,5.51525,2025-04-03
2025,14,EC,Warner,6.459795,2025-04-03
2025,14,EC,Indies,4.679071,2025-04-03
2025,15,EC,Universal,4.689205,2025-04-10
2025,15,EC,INgrooves,0.458984,2025-04-10
2025,15,EC,Virgin,0.0,2025-04-10
2025,15,EC,Sony,7.241497,2025-04-10
2025,15,EC,Orchard,5.523794,2025-04-10
2025,15,EC,Warner,6.694176,2025-04-10
2025,15,EC,Indies,4.558389,2025-04-10
2025,16,EC,Universal,5.0489164,2025-04-17
2025,16,EC,INgrooves,0.429803,2025-04-17
2025,16,EC,Virgin,0.086035,2025-04-17
2025,16,EC,Sony,6.815728,2025-04-17
2025,16,EC,Orchard,5.375695,2025-04-17
2025,16,EC,Warner,6.621736599999999,2025-04-17
2025,16,EC,Indies,4.641619,2025-04-17
2025,17,EC,Universal,5.1165496,2025-04-24
2025,17,EC,INgrooves,0.512086,2025-04-24
2025,17,EC,Virgin,0.094356,2025-04-24
2025,17,EC,Sony,6.395396,2025-04-24
2025,17,EC,Orchard,5.237162,2025-04-24
2025,17,EC,Warner,6.252894400000001,2025-04-24
2025,17,EC,Indies,4.046043,2025-04-24
2025,18,EC,Universal,5.2372178,2025-05-01
2025,18,EC,INgrooves,0.442132,2025-05-01
2025,18,EC,Virgin,0.181169,2025-05-01
2025,18,EC,Sony,6.468695,2025-05-01
2025,18,EC,Orchard,5.119836,2025-05-01
2025,18,EC,Warner,7.1562232,2025-05-01
2025,18,EC,Indies,4.355583,2025-05-01
2025,19,EC,Universal,5.295195,2025-05-08
2025,19,EC,INgrooves,0.426535,2025-05-08
2025,19,EC,Virgin,0.256505,2025-05-08
2025,19,EC,Sony,6.242662,2025-05-08
2025,19,EC,Orchard,5.048622,2025-05-08
2025,19,EC,Warner,6.910859,2025-05-08
2025,19,EC,Indies,4.311694,2025-05-08
2025,20,EC,Universal,5.4364425,2025-05-15
2025,20,EC,INgrooves,0.333298,2025-05-15
2025,20,EC,Virgin,0.522342,2025-05-15
2025,20,EC,Sony,6.0466875,2025-05-15
2025,20,EC,Orchard,5.699186,2025-05-15
2025,20,EC,Warner,7.179817,2025-05-15
2025,20,EC,Indies,4.549749,2025-05-15
2025,21,EC,Universal,4.867737,2025-05-22
2025,21,EC,INgrooves,0.404338,2025-05-22
2025,21,EC,Virgin,0.575465,2025-05-22
2025,21,EC,Sony,6.421021,2025-05-22
2025,21,EC,Orchard,7.503688,2025-05-22
2025,21,EC,Warner,6.648902,2025-05-22
2025,21,EC,Indies,3.852644,2025-05-22
2025,22,EC,Universal,4.548359,2025-05-29
2025,22,EC,INgrooves,0.563775,2025-05-29
2025,22,EC,Virgin,0.516429,2025-05-29
2025,22,EC,Sony,7.08372,2025-05-29
2025,22,EC,Orchard,6.584788,2025-05-29
2025,22,EC,Warner,6.812564,2025-05-29
2025,22,EC,Indies,4.011486,2025-05-29
2025,23,EC,Universal,4.028911,2025-06-05
2025,23,EC,INgrooves,0.501816,2025-06-05
2025,23,EC,Virgin,0.571773,2025-06-05
2025,23,EC,Sony,7.86112,2025-06-05
2025,23,EC,Orchard,5.715326,2025-06-05
2025,23,EC,Warner,8.019524,2025-06-05
2025,23,EC,Indies,3.532784,2025-06-05
2025,24,EC,Universal,3.996729,2025-06-12
2025,24,EC,INgrooves,0.447495,2025-06-12
2025,24,EC,Virgin,0.42252,2025-06-12
2025,24,EC,Sony,7.890228,2025-06-12
2025,24,EC,Orchard,5.072312,2025-06-12
2025,24,EC,Warner,8.261804,2025-06-12
2025,24,EC,Indies,3.627312,2025-06-12
2026,1,EC,Universal,4.722277,2026-01-01
2026,1,EC,INgrooves,0.559161,2026-01-01
2026,1,EC,Virgin,0.096818,2026-01-01
2026,1,EC,Sony,8.831276,2026-01-01
2026,1,EC,Orchard,5.332433,2026-01-01
2026,1,EC,Warner,4.25311,2026-01-01
2026,1,EC,Indies,5.316669,2026-01-01
2026,2,EC,Universal,4.1057,2026-01-08
2026,2,EC,INgrooves,0.487549,2026-01-08
2026,2,EC,Virgin,0.092105,2026-01-08
2026,2,EC,Sony,8.979406,2026-01-08
2026,2,EC,Orchard,5.149501,2026-01-08
2026,2,EC,Warner,4.56486,2026-01-08
2026,2,EC,Indies,3.758952,2026-01-08
2026,3,EC,Universal,3.577592,2026-01-15
2026,3,EC,INgrooves,0.533872,2026-01-15
2026,3,EC,Virgin,0.345115,2026-01-15
2026,3,EC,Sony,9.206083,2026-01-15
2026,3,EC,Orchard,5.201415,2026-01-15
2026,3,EC,Warner,5.352755,2026-01-15
2026,3,EC,Indies,4.223316,2026-01-15
2026,4,EC,Universal,3.411499,2026-01-22
2026,4,EC,INgrooves,0.556319,2026-01-22
2026,4,EC,Virgin,0.247764,2026-01-22
2026,4,EC,Sony,9.07099,2026-01-22
2026,4,EC,Orchard,5.4233,2026-01-22
2026,4,EC,Warner,5.463053,2026-01-22
2026,4,EC,Indies,4.233697,2026-01-22
2026,5,EC,Universal,3.469026,2026-01-29
2026,5,EC,INgrooves,0.499446,2026-01-29
2026,5,EC,Virgin,0.366471,2026-01-29
2026,5,EC,Sony,8.883176,2026-01-29
2026,5,EC,Orchard,5.845759,2026-01-29
2026,5,EC,Warner,5.537345,2026-01-29
2026,5,EC,Indies,4.004562,2026-01-29
2026,6,EC,Universal,3.410458,2026-02-05
2026,6,EC,INgrooves,0.506844,2026-02-05
2026,6,EC,Virgin,0.258731,2026-02-05
2026,6,EC,Sony,8.935652,2026-02-05
2026,6,EC,Orchard,6.101746,2026-02-05
2026,6,EC,Warner,5.186771,2026-02-05
2026,6,EC,Indies,3.764467,2026-02-05
2026,7,EC,Universal,4.512476,2026-02-12
2026,7,EC,INgrooves,0.523376,2026-02-12
2026,7,EC,Virgin,0.24887,2026-02-12
2026,7,EC,Sony,7.409898,2026-02-12
2026,7,EC,Orchard,8.858736,2026-02-12
2026,7,EC,Warner,4.535418,2026-02-12
2026,7,EC,Indies,2.868625,2026-02-12
2026,8,EC,Universal,4.361533,2026-02-19
2026,8,EC,INgrooves,0.512968,2026-02-19
2026,8,EC,Virgin,0.329131,2026-02-19
2026,8,EC,Sony,6.923077,2026-02-19
2026,8,EC,Orchard,7.426356,2026-02-19
2026,8,EC,Warner,4.168907,2026-02-19
2026,8,EC,Indies,3.325434,2026-02-19
2026,9,EC,Universal,4.775546,2026-02-26
2026,9,EC,INgrooves,0.378624,2026-02-26
2026,9,EC,Virgin,0.231271,2026-02-26
2026,9,EC,Sony,6.74641,2026-02-26
2026,9,EC,Orchard,7.60246,2026-02-26
2026,9,EC,Warner,3.647646,2026-02-26
2026,9,EC,Indies,3.478481,2026-02-26
2026,10,EC,Universal,4.206681,2026-03-05
2026,10,EC,INgrooves,0.26245,2026-03-05
2026,10,EC,Virgin,0.778282,2026-03-05
2026,10,EC,Sony,7.390653,2026-03-05
2026,10,EC,Orchard,6.895017,2026-03-05
2026,10,EC,Warner,4.116526,2026-03-05
2026,10,EC,Indies,3.582968,2026-03-05
2026,11,EC,Universal,3.769859,2026-03-12
2026,11,EC,INgrooves,0.322133,2026-03-12
2026,11,EC,Virgin,0.739948,2026-03-12
2026,11,EC,Sony,7.663406,2026-03-12
2026,11,EC,Orchard,6.338405,2026-03-12
2026,11,EC,Warner,4.367478,2026-03-12
2026,11,EC,Indies,2.947195,2026-03-12
2026,12,EC,Universal,4.804297,2026-03-19
2026,12,EC,INgrooves,0.354037,2026-03-19
2026,12,EC,Virgin,0.836712,2026-03-19
2026,12,EC,Sony,7.054313,2026-03-19
2026,12,EC,Orchard,6.180041,2026-03-19
2026,12,EC,Warner,3.817123,2026-03-19
2026,12,EC,Indies,3.076098,2026-03-19
2026,13,EC,Universal,4.477607,2026-03-26
2026,13,EC,INgrooves,3.902956,2026-03-26
2026,13,EC,Virgin,0.539276,2026-03-26
2026,13,EC,Sony,6.925102,2026-03-26
2026,13,EC,Orchard,5.804287,2026-03-26
2026,13,EC,Warner,3.930783,2026-03-26
2026,13,EC,Indies,2.700272,2026-03-26
2026,14,EC,Universal,4.592551,2026-04-02
2026,14,EC,INgrooves,3.018419,2026-04-02
2026,14,EC,Virgin,0.826939,2026-04-02
2026,14,EC,Sony,6.817461,2026-04-02
2026,14,EC,Orchard,6.007023,2026-04-02
2026,14,EC,Warner,3.750279,2026-04-02
2026,14,EC,Indies,2.636773,2026-04-02
2026,15,EC,Universal,4.276499,2026-04-09
2026,15,EC,INgrooves,2.484719,2026-04-09
2026,15,EC,Virgin,0.590293,2026-04-09
2026,15,EC,Sony,6.322039,2026-04-09
2026,15,EC,Orchard,5.356762,2026-04-09
2026,15,EC,Warner,3.828141,2026-04-09
2026,15,EC,Indies,3.062979,2026-04-09
2026,16,EC,Universal,5.306647,2026-04-16
2026,16,EC,INgrooves,2.372804,2026-04-16
2026,16,EC,Virgin,0.844594,2026-04-16
2026,16,EC,Sony,6.57544,2026-04-16
2026,16,EC,Orchard,5.273752,2026-04-16
2026,16,EC,Warner,3.625047,2026-04-16
2026,16,EC,Indies,3.111502,2026-04-16
2026,17,EC,Universal,5.185073,2026-04-23
2026,17,EC,INgrooves,2.174402,2026-04-23
2026,17,EC,Virgin,0.620105,2026-04-23
2026,17,EC,Sony,7.097344,2026-04-23
2026,17,EC,Orchard,5.380927,2026-04-23
2026,17,EC,Warner,3.441616,2026-04-23
2026,17,EC,Indies,3.700774,2026-04-23
2026,18,EC,Universal,5.190366,2026-04-30
2026,18,EC,INgrooves,1.795899,2026-04-30
2026,18,EC,Virgin,0.496833,2026-04-30
2026,18,EC,Sony,7.70208,2026-04-30
2026,18,EC,Orchard,5.065238,2026-04-30
2026,18,EC,Warner,3.199699,2026-04-30
2026,18,EC,Indies,3.570562,2026-04-30
2026,19,EC,Universal,5.771619,2026-05-07
2026,19,EC,INgrooves,2.08683,2026-05-07
2026,19,EC,Virgin,0.0,2026-05-07
2026,19,EC,Sony,7.735487,2026-05-07
2026,19,EC,Orchard,4.59025,2026-05-07
2026,19,EC,Warner,2.859932,2026-05-07
2026,19,EC,Indies,2.971457,2026-05-07
2026,20,EC,Universal,5.069779,2026-05-14
2026,20,EC,INgrooves,1.315056,2026-05-14
2026,20,EC,Virgin,0.465262,2026-05-14
2026,20,EC,Sony,7.901352,2026-05-14
2026,20,EC,Orchard,4.777292,2026-05-14
2026,20,EC,Warner,3.369682,2026-05-14
2026,20,EC,Indies,3.854207,2026-05-14
2026,21,EC,Universal,4.658625,2026-05-21
2026,21,EC,INgrooves,1.15565,2026-05-21
2026,21,EC,Virgin,0.452211,2026-05-21
2026,21,EC,Sony,8.135641,2026-05-21
2026,21,EC,Orchard,5.209544,2026-05-21
2026,21,EC,Warner,3.459531,2026-05-21
2026,21,EC,Indies,3.99003,2026-05-21
2026,22,EC,Universal,5.149397,2026-05-28
2026,22,EC,INgrooves,0.838437,2026-05-28
2026,22,EC,Virgin,0.434847,2026-05-28
2026,22,EC,Sony,7.734937,2026-05-28
2026,22,EC,Orchard,5.107212,2026-05-28
2026,22,EC,Warner,3.446525,2026-05-28
2026,22,EC,Indies,4.246969,2026-05-28
2026,23,EC,Universal,4.0816,2026-06-04
2026,23,EC,INgrooves,0.92051,2026-06-04
2026,23,EC,Virgin,0.483271,2026-06-04
2026,23,EC,Sony,7.631131,2026-06-04
2026,23,EC,Orchard,4.982653,2026-06-04
2026,23,EC,Warner,3.263298,2026-06-04
2026,23,EC,Indies,4.25789,2026-06-04
2026,24,EC,Universal,4.498688,2026-06-11
2026,24,EC,INgrooves,0.884151,2026-06-11
2026,24,EC,Virgin,0.40962,2026-06-11
2026,24,EC,Sony,7.240202,2026-06-11
2026,24,EC,Orchard,5.03327,2026-06-11
2026,24,EC,Warner,3.319119,2026-06-11
2026,24,EC,Indies,4.083604,2026-06-11
2025,1,CR,Universal,4.4960335,2025-01-02
2025,1,CR,INgrooves,0.480187,2025-01-02
2025,1,CR,Virgin,0.204165,2025-01-02
2025,1,CR,Sony,4.4314745,2025-01-02
2025,1,CR,Orchard,1.28835,2025-01-02
2025,1,CR,Warner,2.501205,2025-01-02
2025,1,CR,Indies,2.352514,2025-01-02
2025,2,CR,Universal,3.7454,2025-01-09
2025,2,CR,INgrooves,0.345162,2025-01-09
2025,2,CR,Virgin,0.198923,2025-01-09
2025,2,CR,Sony,4.170785,2025-01-09
2025,2,CR,Orchard,5.734777,2025-01-09
2025,2,CR,Warner,2.677546,2025-01-09
2025,2,CR,Indies,2.03092,2025-01-09
2025,3,CR,Universal,3.6299725,2025-01-16
2025,3,CR,INgrooves,0.361972,2025-01-16
2025,3,CR,Virgin,0.279083,2025-01-16
2025,3,CR,Sony,4.3002295,2025-01-16
2025,3,CR,Orchard,8.67326,2025-01-16
2025,3,CR,Warner,2.803573,2025-01-16
2025,3,CR,Indies,2.202356,2025-01-16
2025,4,CR,Universal,3.8906175,2025-01-23
2025,4,CR,INgrooves,0.343417,2025-01-23
2025,4,CR,Virgin,0.353484,2025-01-23
2025,4,CR,Sony,4.1721265,2025-01-23
2025,4,CR,Orchard,6.946881,2025-01-23
2025,4,CR,Warner,2.873331,2025-01-23
2025,4,CR,Indies,2.122189,2025-01-23
2025,5,CR,Universal,3.5926565,2025-01-30
2025,5,CR,INgrooves,0.437963,2025-01-30
2025,5,CR,Virgin,0.289484,2025-01-30
2025,5,CR,Sony,3.7735735,2025-01-30
2025,5,CR,Orchard,5.53926,2025-01-30
2025,5,CR,Warner,2.658916,2025-01-30
2025,5,CR,Indies,1.779682,2025-01-30
2025,6,CR,Universal,3.799514,2025-02-06
2025,6,CR,INgrooves,0.384692,2025-02-06
2025,6,CR,Virgin,0.269092,2025-02-06
2025,6,CR,Sony,3.927411,2025-02-06
2025,6,CR,Orchard,4.860959,2025-02-06
2025,6,CR,Warner,2.72869,2025-02-06
2025,6,CR,Indies,2.211066,2025-02-06
2025,7,CR,Universal,4.4351685,2025-02-13
2025,7,CR,INgrooves,0.304635,2025-02-13
2025,7,CR,Virgin,0.198495,2025-02-13
2025,7,CR,Sony,4.3118935,2025-02-13
2025,7,CR,Orchard,4.507524,2025-02-13
2025,7,CR,Warner,2.855615,2025-02-13
2025,7,CR,Indies,2.278038,2025-02-13
2025,8,CR,Universal,4.2027685,2025-02-20
2025,8,CR,INgrooves,0.307913,2025-02-20
2025,8,CR,Virgin,0.242688,2025-02-20
2025,8,CR,Sony,4.0997335,2025-02-20
2025,8,CR,Orchard,4.225443,2025-02-20
2025,8,CR,Warner,2.921621,2025-02-20
2025,8,CR,Indies,2.540213,2025-02-20
2025,9,CR,Universal,3.9182985,2025-02-27
2025,9,CR,INgrooves,0.359461,2025-02-27
2025,9,CR,Virgin,0.217369,2025-02-27
2025,9,CR,Sony,4.3664885,2025-02-27
2025,9,CR,Orchard,4.112866,2025-02-27
2025,9,CR,Warner,3.012097,2025-02-27
2025,9,CR,Indies,2.287511,2025-02-27
2025,10,CR,Universal,3.7748925,2025-03-06
2025,10,CR,INgrooves,0.367357,2025-03-06
2025,10,CR,Virgin,0.274495,2025-03-06
2025,10,CR,Sony,4.1960315,2025-03-06
2025,10,CR,Orchard,4.011113,2025-03-06
2025,10,CR,Warner,3.275536,2025-03-06
2025,10,CR,Indies,2.245079,2025-03-06
2025,11,CR,Universal,3.36917,2025-03-13
2025,11,CR,INgrooves,0.345228,2025-03-13
2025,11,CR,Virgin,0.254663,2025-03-13
2025,11,CR,Sony,4.371329,2025-03-13
2025,11,CR,Orchard,3.811492,2025-03-13
2025,11,CR,Warner,3.196932,2025-03-13
2025,11,CR,Indies,2.069361,2025-03-13
2025,12,CR,Universal,3.353638,2025-03-20
2025,12,CR,INgrooves,0.373757,2025-03-20
2025,12,CR,Virgin,0.260527,2025-03-20
2025,12,CR,Sony,4.837019,2025-03-20
2025,12,CR,Orchard,3.607287,2025-03-20
2025,12,CR,Warner,3.390047,2025-03-20
2025,12,CR,Indies,2.249416,2025-03-20
2025,13,CR,Universal,2.80339,2025-03-27
2025,13,CR,INgrooves,0.458229,2025-03-27
2025,13,CR,Virgin,0.234176,2025-03-27
2025,13,CR,Sony,4.71306,2025-03-27
2025,13,CR,Orchard,3.527087,2025-03-27
2025,13,CR,Warner,3.281361,2025-03-27
2025,13,CR,Indies,2.176296,2025-03-27
2025,14,CR,Universal,3.065087,2025-04-03
2025,14,CR,INgrooves,0.460176,2025-04-03
2025,14,CR,Virgin,0.225693,2025-04-03
2025,14,CR,Sony,4.616444,2025-04-03
2025,14,CR,Orchard,3.609012,2025-04-03
2025,14,CR,Warner,3.161363,2025-04-03
2025,14,CR,Indies,2.038812,2025-04-03
2025,15,CR,Universal,2.391414,2025-04-10
2025,15,CR,INgrooves,0.408035,2025-04-10
2025,15,CR,Virgin,0.172791,2025-04-10
2025,15,CR,Sony,4.475405,2025-04-10
2025,15,CR,Orchard,5.101515,2025-04-10
2025,15,CR,Warner,3.170705,2025-04-10
2025,15,CR,Indies,1.742926,2025-04-10
2025,16,CR,Universal,2.659143,2025-04-17
2025,16,CR,INgrooves,0.414929,2025-04-17
2025,16,CR,Virgin,0.227688,2025-04-17
2025,16,CR,Sony,4.387686,2025-04-17
2025,16,CR,Orchard,3.630498,2025-04-17
2025,16,CR,Warner,3.011407,2025-04-17
2025,16,CR,Indies,1.80859,2025-04-17
2025,17,CR,Universal,2.761075,2025-04-24
2025,17,CR,INgrooves,0.39977,2025-04-24
2025,17,CR,Virgin,0.21825,2025-04-24
2025,17,CR,Sony,3.721398,2025-04-24
2025,17,CR,Orchard,3.35156,2025-04-24
2025,17,CR,Warner,2.751532,2025-04-24
2025,17,CR,Indies,1.57581,2025-04-24
2025,18,CR,Universal,2.57919,2025-05-01
2025,18,CR,INgrooves,0.418942,2025-05-01
2025,18,CR,Virgin,0.308164,2025-05-01
2025,18,CR,Sony,3.961306,2025-05-01
2025,18,CR,Orchard,3.559663,2025-05-01
2025,18,CR,Warner,3.244512,2025-05-01
2025,18,CR,Indies,1.828869,2025-05-01
2025,19,CR,Universal,2.857388,2025-05-08
2025,19,CR,INgrooves,0.371471,2025-05-08
2025,19,CR,Virgin,0.405851,2025-05-08
2025,19,CR,Sony,3.735556,2025-05-08
2025,19,CR,Orchard,4.111641,2025-05-08
2025,19,CR,Warner,2.604149,2025-05-08
2025,19,CR,Indies,1.773082,2025-05-08
2025,20,CR,Universal,2.7988565,2025-05-15
2025,20,CR,INgrooves,0.412377,2025-05-15
2025,20,CR,Virgin,0.592955,2025-05-15
2025,20,CR,Sony,3.6040735,2025-05-15
2025,20,CR,Orchard,5.618842,2025-05-15
2025,20,CR,Warner,2.405703,2025-05-15
2025,20,CR,Indies,1.589973,2025-05-15
2025,21,CR,Universal,2.5476315,2025-05-22
2025,21,CR,INgrooves,0.362076,2025-05-22
2025,21,CR,Virgin,0.469966,2025-05-22
2025,21,CR,Sony,3.8800065,2025-05-22
2025,21,CR,Orchard,6.099268,2025-05-22
2025,21,CR,Warner,2.234717,2025-05-22
2025,21,CR,Indies,1.440395,2025-05-22
2025,22,CR,Universal,2.578881,2025-05-29
2025,22,CR,INgrooves,0.378757,2025-05-29
2025,22,CR,Virgin,0.591277,2025-05-29
2025,22,CR,Sony,4.214391,2025-05-29
2025,22,CR,Orchard,5.336605,2025-05-29
2025,22,CR,Warner,1.99604,2025-05-29
2025,22,CR,Indies,1.334093,2025-05-29
2025,23,CR,Universal,2.383154,2025-06-05
2025,23,CR,INgrooves,0.481195,2025-06-05
2025,23,CR,Virgin,0.619013,2025-06-05
2025,23,CR,Sony,4.478978,2025-06-05
2025,23,CR,Orchard,4.471856,2025-06-05
2025,23,CR,Warner,2.576888,2025-06-05
2025,23,CR,Indies,1.247699,2025-06-05
2025,24,CR,Universal,2.229673,2025-06-12
2025,24,CR,INgrooves,0.374723,2025-06-12
2025,24,CR,Virgin,0.530888,2025-06-12
2025,24,CR,Sony,4.630134,2025-06-12
2025,24,CR,Orchard,3.825158,2025-06-12
2025,24,CR,Warner,2.964889,2025-06-12
2025,24,CR,Indies,1.381292,2025-06-12
2026,1,CR,Universal,2.953962,2026-01-01
2026,1,CR,INgrooves,0.717803,2026-01-01
2026,1,CR,Virgin,0.534323,2026-01-01
2026,1,CR,Sony,5.409339,2026-01-01
2026,1,CR,Orchard,3.37505,2026-01-01
2026,1,CR,Warner,1.939481,2026-01-01
2026,1,CR,Indies,2.058102,2026-01-01
2026,2,CR,Universal,2.3575775,2026-01-08
2026,2,CR,INgrooves,0.539616,2026-01-08
2026,2,CR,Virgin,0.437049,2026-01-08
2026,2,CR,Sony,5.017932,2026-01-08
2026,2,CR,Orchard,3.0184445,2026-01-08
2026,2,CR,Warner,2.250263,2026-01-08
2026,2,CR,Indies,1.741126,2026-01-08
2026,3,CR,Universal,2.2918855,2026-01-15
2026,3,CR,INgrooves,0.531367,2026-01-15
2026,3,CR,Virgin,0.470659,2026-01-15
2026,3,CR,Sony,5.2258495,2026-01-15
2026,3,CR,Orchard,2.882034,2026-01-15
2026,3,CR,Warner,2.623378,2026-01-15
2026,3,CR,Indies,1.746703,2026-01-15
2026,4,CR,Universal,2.319422,2026-01-22
2026,4,CR,INgrooves,0.57529,2026-01-22
2026,4,CR,Virgin,0.517025,2026-01-22
2026,4,CR,Sony,5.183589,2026-01-22
2026,4,CR,Orchard,2.811192,2026-01-22
2026,4,CR,Warner,2.541722,2026-01-22
2026,4,CR,Indies,1.605771,2026-01-22
2026,5,CR,Universal,2.1996025,2026-01-29
2026,5,CR,INgrooves,0.534205,2026-01-29
2026,5,CR,Virgin,0.461107,2026-01-29
2026,5,CR,Sony,5.3386915,2026-01-29
2026,5,CR,Orchard,3.078697,2026-01-29
2026,5,CR,Warner,2.559367,2026-01-29
2026,5,CR,Indies,1.841767,2026-01-29
2026,6,CR,Universal,2.001178,2026-02-05
2026,6,CR,INgrooves,0.499,2026-02-05
2026,6,CR,Virgin,0.476201,2026-02-05
2026,6,CR,Sony,4.824379,2026-02-05
2026,6,CR,Orchard,3.339831,2026-02-05
2026,6,CR,Warner,2.449511,2026-02-05
2026,6,CR,Indies,1.804229,2026-02-05
2026,7,CR,Universal,2.304207,2026-02-12
2026,7,CR,INgrooves,0.47072,2026-02-12
2026,7,CR,Virgin,0.433065,2026-02-12
2026,7,CR,Sony,4.193179,2026-02-12
2026,7,CR,Orchard,5.093209,2026-02-12
2026,7,CR,Warner,2.357265,2026-02-12
2026,7,CR,Indies,1.677825,2026-02-12
2026,8,CR,Universal,2.3277395,2026-02-19
2026,8,CR,INgrooves,0.538516,2026-02-19
2026,8,CR,Virgin,0.499047,2026-02-19
2026,8,CR,Sony,4.478578,2026-02-19
2026,8,CR,Orchard,4.6635115,2026-02-19
2026,8,CR,Warner,2.297408,2026-02-19
2026,8,CR,Indies,1.734711,2026-02-19
2026,9,CR,Universal,1.955257,2026-02-26
2026,9,CR,INgrooves,0.488917,2026-02-26
2026,9,CR,Virgin,0.417081,2026-02-26
2026,9,CR,Sony,4.145845,2026-02-26
2026,9,CR,Orchard,5.935966,2026-02-26
2026,9,CR,Warner,2.261446,2026-02-26
2026,9,CR,Indies,1.738758,2026-02-26
2026,10,CR,Universal,2.008049,2026-03-05
2026,10,CR,INgrooves,0.479138,2026-03-05
2026,10,CR,Virgin,0.608381,2026-03-05
2026,10,CR,Sony,4.156417,2026-03-05
2026,10,CR,Orchard,5.698837,2026-03-05
2026,10,CR,Warner,2.604375,2026-03-05
2026,10,CR,Indies,1.815485,2026-03-05
2026,11,CR,Universal,2.007964,2026-03-12
2026,11,CR,INgrooves,0.52806,2026-03-12
2026,11,CR,Virgin,0.667109,2026-03-12
2026,11,CR,Sony,4.267884,2026-03-12
2026,11,CR,Orchard,5.344655,2026-03-12
2026,11,CR,Warner,2.676967,2026-03-12
2026,11,CR,Indies,1.54976,2026-03-12
2026,12,CR,Universal,2.121242,2026-03-19
2026,12,CR,INgrooves,0.6317,2026-03-19
2026,12,CR,Virgin,0.692171,2026-03-19
2026,12,CR,Sony,4.540655,2026-03-19
2026,12,CR,Orchard,4.879472,2026-03-19
2026,12,CR,Warner,2.509077,2026-03-19
2026,12,CR,Indies,1.392153,2026-03-19
2026,13,CR,Universal,1.831629,2026-03-26
2026,13,CR,INgrooves,2.26814,2026-03-26
2026,13,CR,Virgin,0.656789,2026-03-26
2026,13,CR,Sony,4.318103,2026-03-26
2026,13,CR,Orchard,4.458438,2026-03-26
2026,13,CR,Warner,2.450293,2026-03-26
2026,13,CR,Indies,1.237462,2026-03-26
2026,14,CR,Universal,1.963039,2026-04-02
2026,14,CR,INgrooves,2.506114,2026-04-02
2026,14,CR,Virgin,1.046056,2026-04-02
2026,14,CR,Sony,3.94966,2026-04-02
2026,14,CR,Orchard,4.279577,2026-04-02
2026,14,CR,Warner,2.24949,2026-04-02
2026,14,CR,Indies,1.35119,2026-04-02
2026,15,CR,Universal,1.922447,2026-04-09
2026,15,CR,INgrooves,1.506934,2026-04-09
2026,15,CR,Virgin,0.585255,2026-04-09
2026,15,CR,Sony,3.419081,2026-04-09
2026,15,CR,Orchard,4.236041,2026-04-09
2026,15,CR,Warner,2.296506,2026-04-09
2026,15,CR,Indies,1.368923,2026-04-09
2026,16,CR,Universal,2.760271,2026-04-16
2026,16,CR,INgrooves,1.170289,2026-04-16
2026,16,CR,Virgin,0.613457,2026-04-16
2026,16,CR,Sony,3.873044,2026-04-16
2026,16,CR,Orchard,4.248195,2026-04-16
2026,16,CR,Warner,2.279236,2026-04-16
2026,16,CR,Indies,1.601738,2026-04-16
2026,17,CR,Universal,2.566308,2026-04-23
2026,17,CR,INgrooves,0.937544,2026-04-23
2026,17,CR,Virgin,0.543396,2026-04-23
2026,17,CR,Sony,4.304459,2026-04-23
2026,17,CR,Orchard,4.187891,2026-04-23
2026,17,CR,Warner,2.374838,2026-04-23
2026,17,CR,Indies,1.962604,2026-04-23
2026,18,CR,Universal,2.213006,2026-04-30
2026,18,CR,INgrooves,0.806728,2026-04-30
2026,18,CR,Virgin,0.516765,2026-04-30
2026,18,CR,Sony,4.252491,2026-04-30
2026,18,CR,Orchard,3.870758,2026-04-30
2026,18,CR,Warner,2.449281,2026-04-30
2026,18,CR,Indies,1.830626,2026-04-30
2026,19,CR,Universal,2.39157,2026-05-07
2026,19,CR,INgrooves,1.256707,2026-05-07
2026,19,CR,Virgin,0.0,2026-05-07
2026,19,CR,Sony,4.240346,2026-05-07
2026,19,CR,Orchard,3.958995,2026-05-07
2026,19,CR,Warner,2.179104,2026-05-07
2026,19,CR,Indies,1.422617,2026-05-07
2026,20,CR,Universal,2.638251,2026-05-14
2026,20,CR,INgrooves,0.630614,2026-05-14
2026,20,CR,Virgin,0.426719,2026-05-14
2026,20,CR,Sony,4.303935,2026-05-14
2026,20,CR,Orchard,3.68898,2026-05-14
2026,20,CR,Warner,2.045058,2026-05-14
2026,20,CR,Indies,1.641156,2026-05-14
2026,21,CR,Universal,2.28887,2026-05-21
2026,21,CR,INgrooves,0.762792,2026-05-21
2026,21,CR,Virgin,0.480465,2026-05-21
2026,21,CR,Sony,4.391398,2026-05-21
2026,21,CR,Orchard,3.713732,2026-05-21
2026,21,CR,Warner,2.093493,2026-05-21
2026,21,CR,Indies,1.67783,2026-05-21
2026,22,CR,Universal,2.609688,2026-05-28
2026,22,CR,INgrooves,0.654054,2026-05-28
2026,22,CR,Virgin,0.487434,2026-05-28
2026,22,CR,Sony,4.258781,2026-05-28
2026,22,CR,Orchard,3.783546,2026-05-28
2026,22,CR,Warner,1.880695,2026-05-28
2026,22,CR,Indies,1.655713,2026-05-28
2026,23,CR,Universal,2.063384,2026-06-04
2026,23,CR,INgrooves,0.631003,2026-06-04
2026,23,CR,Virgin,0.425806,2026-06-04
2026,23,CR,Sony,4.266115,2026-06-04
2026,23,CR,Orchard,3.785393,2026-06-04
2026,23,CR,Warner,1.868201,2026-06-04
2026,23,CR,Indies,1.835026,2026-06-04
2026,24,CR,Universal,2.313091,2026-06-11
2026,24,CR,INgrooves,0.620351,2026-06-11
2026,24,CR,Virgin,0.445915,2026-06-11
2026,24,CR,Sony,3.610202,2026-06-11
2026,24,CR,Orchard,3.410658,2026-06-11
2026,24,CR,Warner,1.93591,2026-06-11
2026,24,CR,Indies,1.909322,2026-06-11
2025,1,GT,Universal,7.765761,2025-01-02
2025,1,GT,INgrooves,0.926803,2025-01-02
2025,1,GT,Virgin,0.437907,2025-01-02
2025,1,GT,Sony,5.820867,2025-01-02
2025,1,GT,Orchard,7.602285,2025-01-02
2025,1,GT,Warner,4.346227,2025-01-02
2025,1,GT,Indies,4.174832,2025-01-02
2025,2,GT,Universal,6.57298,2025-01-09
2025,2,GT,INgrooves,0.940807,2025-01-09
2025,2,GT,Virgin,0.445567,2025-01-09
2025,2,GT,Sony,5.691499,2025-01-09
2025,2,GT,Orchard,13.626865,2025-01-09
2025,2,GT,Warner,4.310371,2025-01-09
2025,2,GT,Indies,3.631531,2025-01-09
2025,3,GT,Universal,6.243384,2025-01-16
2025,3,GT,INgrooves,0.948792,2025-01-16
2025,3,GT,Virgin,0.382522,2025-01-16
2025,3,GT,Sony,6.322239,2025-01-16
2025,3,GT,Orchard,16.273922,2025-01-16
2025,3,GT,Warner,4.242931,2025-01-16
2025,3,GT,Indies,4.268409,2025-01-16
2025,4,GT,Universal,6.647654,2025-01-23
2025,4,GT,INgrooves,0.917645,2025-01-23
2025,4,GT,Virgin,0.775222,2025-01-23
2025,4,GT,Sony,6.155523,2025-01-23
2025,4,GT,Orchard,14.948128,2025-01-23
2025,4,GT,Warner,4.356566,2025-01-23
2025,4,GT,Indies,4.249765,2025-01-23
2025,5,GT,Universal,5.91207,2025-01-30
2025,5,GT,INgrooves,0.869549,2025-01-30
2025,5,GT,Virgin,1.035864,2025-01-30
2025,5,GT,Sony,5.826588,2025-01-30
2025,5,GT,Orchard,13.501189,2025-01-30
2025,5,GT,Warner,3.662077,2025-01-30
2025,5,GT,Indies,3.974333,2025-01-30
2025,6,GT,Universal,6.420798,2025-02-06
2025,6,GT,INgrooves,0.793994,2025-02-06
2025,6,GT,Virgin,0.769589,2025-02-06
2025,6,GT,Sony,6.441762,2025-02-06
2025,6,GT,Orchard,12.450182,2025-02-06
2025,6,GT,Warner,4.351316,2025-02-06
2025,6,GT,Indies,5.00034,2025-02-06
2025,7,GT,Universal,7.4682685,2025-02-13
2025,7,GT,INgrooves,0.75194,2025-02-13
2025,7,GT,Virgin,0.390443,2025-02-13
2025,7,GT,Sony,6.3565435,2025-02-13
2025,7,GT,Orchard,12.29349,2025-02-13
2025,7,GT,Warner,4.976304,2025-02-13
2025,7,GT,Indies,4.936163,2025-02-13
2025,8,GT,Universal,7.472685,2025-02-20
2025,8,GT,INgrooves,0.783542,2025-02-20
2025,8,GT,Virgin,0.39594,2025-02-20
2025,8,GT,Sony,6.688473,2025-02-20
2025,8,GT,Orchard,10.88003,2025-02-20
2025,8,GT,Warner,4.805694,2025-02-20
2025,8,GT,Indies,5.352109,2025-02-20
2025,9,GT,Universal,7.390622,2025-02-27
2025,9,GT,INgrooves,0.902671,2025-02-27
2025,9,GT,Virgin,0.310036,2025-02-27
2025,9,GT,Sony,6.701815,2025-02-27
2025,9,GT,Orchard,10.595868,2025-02-27
2025,9,GT,Warner,4.233351,2025-02-27
2025,9,GT,Indies,6.393566,2025-02-27
2025,10,GT,Universal,6.98326,2025-03-06
2025,10,GT,INgrooves,0.819374,2025-03-06
2025,10,GT,Virgin,0.754971,2025-03-06
2025,10,GT,Sony,7.020935,2025-03-06
2025,10,GT,Orchard,10.472573,2025-03-06
2025,10,GT,Warner,4.097357,2025-03-06
2025,10,GT,Indies,6.380118,2025-03-06
2025,11,GT,Universal,5.892066,2025-03-13
2025,11,GT,INgrooves,0.966041,2025-03-13
2025,11,GT,Virgin,1.086584,2025-03-13
2025,11,GT,Sony,6.703525,2025-03-13
2025,11,GT,Orchard,9.366562,2025-03-13
2025,11,GT,Warner,3.891585,2025-03-13
2025,11,GT,Indies,5.648508,2025-03-13
2025,12,GT,Universal,6.023807,2025-03-20
2025,12,GT,INgrooves,0.957918,2025-03-20
2025,12,GT,Virgin,0.274989,2025-03-20
2025,12,GT,Sony,6.889592,2025-03-20
2025,12,GT,Orchard,9.362285,2025-03-20
2025,12,GT,Warner,4.197301,2025-03-20
2025,12,GT,Indies,5.738575,2025-03-20
2025,13,GT,Universal,5.664894,2025-03-27
2025,13,GT,INgrooves,1.112728,2025-03-27
2025,13,GT,Virgin,0.175345,2025-03-27
2025,13,GT,Sony,7.250901,2025-03-27
2025,13,GT,Orchard,9.30456,2025-03-27
2025,13,GT,Warner,4.062406,2025-03-27
2025,13,GT,Indies,5.826177,2025-03-27
2025,14,GT,Universal,5.919874,2025-04-03
2025,14,GT,INgrooves,0.970197,2025-04-03
2025,14,GT,Virgin,0.171775,2025-04-03
2025,14,GT,Sony,7.368776,2025-04-03
2025,14,GT,Orchard,9.039423,2025-04-03
2025,14,GT,Warner,4.053492,2025-04-03
2025,14,GT,Indies,5.840291,2025-04-03
2025,15,GT,Universal,5.775876,2025-04-10
2025,15,GT,INgrooves,1.01643,2025-04-10
2025,15,GT,Virgin,0.085456,2025-04-10
2025,15,GT,Sony,7.024083,2025-04-10
2025,15,GT,Orchard,9.257198,2025-04-10
2025,15,GT,Warner,4.136386,2025-04-10
2025,15,GT,Indies,5.493217,2025-04-10
2025,16,GT,Universal,5.476255,2025-04-17
2025,16,GT,INgrooves,0.934283,2025-04-17
2025,16,GT,Virgin,0.086952,2025-04-17
2025,16,GT,Sony,6.884691,2025-04-17
2025,16,GT,Orchard,8.576256,2025-04-17
2025,16,GT,Warner,4.103889,2025-04-17
2025,16,GT,Indies,5.546026,2025-04-17
2025,17,GT,Universal,5.703996,2025-04-24
2025,17,GT,INgrooves,0.852203,2025-04-24
2025,17,GT,Virgin,0.085029,2025-04-24
2025,17,GT,Sony,6.148688,2025-04-24
2025,17,GT,Orchard,7.649723,2025-04-24
2025,17,GT,Warner,3.687104,2025-04-24
2025,17,GT,Indies,4.637583,2025-04-24
2025,18,GT,Universal,6.227101,2025-05-01
2025,18,GT,INgrooves,0.915845,2025-05-01
2025,18,GT,Virgin,0.205911,2025-05-01
2025,18,GT,Sony,6.738748,2025-05-01
2025,18,GT,Orchard,8.127472,2025-05-01
2025,18,GT,Warner,4.254095,2025-05-01
2025,18,GT,Indies,4.920738,2025-05-01
2025,19,GT,Universal,6.726702,2025-05-08
2025,19,GT,INgrooves,0.993615,2025-05-08
2025,19,GT,Virgin,0.268739,2025-05-08
2025,19,GT,Sony,6.798879,2025-05-08
2025,19,GT,Orchard,7.540707,2025-05-08
2025,19,GT,Warner,3.747742,2025-05-08
2025,19,GT,Indies,4.784685,2025-05-08
2025,20,GT,Universal,6.014387,2025-05-15
2025,20,GT,INgrooves,0.823146,2025-05-15
2025,20,GT,Virgin,0.519944,2025-05-15
2025,20,GT,Sony,6.877686,2025-05-15
2025,20,GT,Orchard,8.12276,2025-05-15
2025,20,GT,Warner,3.578441,2025-05-15
2025,20,GT,Indies,4.925721,2025-05-15
2025,21,GT,Universal,5.429282,2025-05-22
2025,21,GT,INgrooves,0.734795,2025-05-22
2025,21,GT,Virgin,0.528227,2025-05-22
2025,21,GT,Sony,7.694201,2025-05-22
2025,21,GT,Orchard,8.987463,2025-05-22
2025,21,GT,Warner,3.30775,2025-05-22
2025,21,GT,Indies,4.761803,2025-05-22
2025,22,GT,Universal,5.178482,2025-05-29
2025,22,GT,INgrooves,1.016867,2025-05-29
2025,22,GT,Virgin,0.578311,2025-05-29
2025,22,GT,Sony,7.516418,2025-05-29
2025,22,GT,Orchard,8.412625,2025-05-29
2025,22,GT,Warner,3.193502,2025-05-29
2025,22,GT,Indies,4.700144,2025-05-29
2025,23,GT,Universal,4.562717,2025-06-05
2025,23,GT,INgrooves,1.003557,2025-06-05
2025,23,GT,Virgin,0.554867,2025-06-05
2025,23,GT,Sony,7.990407,2025-06-05
2025,23,GT,Orchard,7.250626,2025-06-05
2025,23,GT,Warner,3.707313,2025-06-05
2025,23,GT,Indies,4.463806,2025-06-05
2025,24,GT,Universal,4.329107,2025-06-12
2025,24,GT,INgrooves,0.842303,2025-06-12
2025,24,GT,Virgin,0.306858,2025-06-12
2025,24,GT,Sony,7.549971,2025-06-12
2025,24,GT,Orchard,6.530125,2025-06-12
2025,24,GT,Warner,4.680666,2025-06-12
2025,24,GT,Indies,4.480141,2025-06-12
2026,1,GT,Universal,5.437647,2026-01-01
2026,1,GT,INgrooves,0.847788,2026-01-01
2026,1,GT,Virgin,0.384145,2026-01-01
2026,1,GT,Sony,6.288107,2026-01-01
2026,1,GT,Orchard,9.413529,2026-01-01
2026,1,GT,Warner,3.618093,2026-01-01
2026,1,GT,Indies,4.62478,2026-01-01
2026,2,GT,Universal,4.290034,2026-01-08
2026,2,GT,INgrooves,0.777208,2026-01-08
2026,2,GT,Virgin,0.352973,2026-01-08
2026,2,GT,Sony,6.636366,2026-01-08
2026,2,GT,Orchard,8.867108,2026-01-08
2026,2,GT,Warner,3.735591,2026-01-08
2026,2,GT,Indies,4.930639,2026-01-08
2026,3,GT,Universal,4.26678,2026-01-15
2026,3,GT,INgrooves,0.758107,2026-01-15
2026,3,GT,Virgin,0.386923,2026-01-15
2026,3,GT,Sony,6.889206,2026-01-15
2026,3,GT,Orchard,8.548901,2026-01-15
2026,3,GT,Warner,4.089605,2026-01-15
2026,3,GT,Indies,5.391617,2026-01-15
2026,4,GT,Universal,4.155968,2026-01-22
2026,4,GT,INgrooves,1.095787,2026-01-22
2026,4,GT,Virgin,0.384701,2026-01-22
2026,4,GT,Sony,6.788202,2026-01-22
2026,4,GT,Orchard,8.51165,2026-01-22
2026,4,GT,Warner,3.927779,2026-01-22
2026,4,GT,Indies,5.308459,2026-01-22
2026,5,GT,Universal,4.394023,2026-01-29
2026,5,GT,INgrooves,1.557417,2026-01-29
2026,5,GT,Virgin,0.503238,2026-01-29
2026,5,GT,Sony,7.156864,2026-01-29
2026,5,GT,Orchard,8.833337,2026-01-29
2026,5,GT,Warner,4.036085,2026-01-29
2026,5,GT,Indies,5.82691,2026-01-29
2026,6,GT,Universal,4.381214,2026-02-05
2026,6,GT,INgrooves,1.49138,2026-02-05
2026,6,GT,Virgin,0.372615,2026-02-05
2026,6,GT,Sony,7.294412,2026-02-05
2026,6,GT,Orchard,8.347746,2026-02-05
2026,6,GT,Warner,4.348842,2026-02-05
2026,6,GT,Indies,5.792957,2026-02-05
2026,7,GT,Universal,3.99642,2026-02-12
2026,7,GT,INgrooves,1.522835,2026-02-12
2026,7,GT,Virgin,0.37687,2026-02-12
2026,7,GT,Sony,7.201354,2026-02-12
2026,7,GT,Orchard,11.394754,2026-02-12
2026,7,GT,Warner,4.265681,2026-02-12
2026,7,GT,Indies,5.367946,2026-02-12
2026,8,GT,Universal,4.465503,2026-02-19
2026,8,GT,INgrooves,1.642121,2026-02-19
2026,8,GT,Virgin,0.394248,2026-02-19
2026,8,GT,Sony,6.773488,2026-02-19
2026,8,GT,Orchard,10.643235,2026-02-19
2026,8,GT,Warner,5.884933,2026-02-19
2026,8,GT,Indies,5.611761,2026-02-19
2026,9,GT,Universal,4.117678,2026-02-26
2026,9,GT,INgrooves,1.469,2026-02-26
2026,9,GT,Virgin,0.279247,2026-02-26
2026,9,GT,Sony,6.86483,2026-02-26
2026,9,GT,Orchard,9.874276,2026-02-26
2026,9,GT,Warner,4.637924,2026-02-26
2026,9,GT,Indies,5.466968,2026-02-26
2026,10,GT,Universal,4.042845,2026-03-05
2026,10,GT,INgrooves,1.574882,2026-03-05
2026,10,GT,Virgin,3.441855,2026-03-05
2026,10,GT,Sony,6.907293,2026-03-05
2026,10,GT,Orchard,10.445541,2026-03-05
2026,10,GT,Warner,4.518581,2026-03-05
2026,10,GT,Indies,2.710035,2026-03-05
2026,11,GT,Universal,3.97583,2026-03-12
2026,11,GT,INgrooves,2.011644,2026-03-12
2026,11,GT,Virgin,3.52527,2026-03-12
2026,11,GT,Sony,6.862792,2026-03-12
2026,11,GT,Orchard,9.942803,2026-03-12
2026,11,GT,Warner,3.915785,2026-03-12
2026,11,GT,Indies,2.26078,2026-03-12
2026,12,GT,Universal,4.323797,2026-03-19
2026,12,GT,INgrooves,1.708427,2026-03-19
2026,12,GT,Virgin,3.252707,2026-03-19
2026,12,GT,Sony,6.562473,2026-03-19
2026,12,GT,Orchard,9.290957,2026-03-19
2026,12,GT,Warner,3.952852,2026-03-19
2026,12,GT,Indies,2.019716,2026-03-19
2026,13,GT,Universal,4.173185,2026-03-26
2026,13,GT,INgrooves,4.895168,2026-03-26
2026,13,GT,Virgin,3.001656,2026-03-26
2026,13,GT,Sony,6.476199,2026-03-26
2026,13,GT,Orchard,8.557067,2026-03-26
2026,13,GT,Warner,3.889642,2026-03-26
2026,13,GT,Indies,2.096824,2026-03-26
2026,14,GT,Universal,4.504724,2026-04-02
2026,14,GT,INgrooves,3.838051,2026-04-02
2026,14,GT,Virgin,2.769552,2026-04-02
2026,14,GT,Sony,5.946508,2026-04-02
2026,14,GT,Orchard,8.536866,2026-04-02
2026,14,GT,Warner,3.748643,2026-04-02
2026,14,GT,Indies,2.196253,2026-04-02
2026,15,GT,Universal,3.809611,2026-04-09
2026,15,GT,INgrooves,3.212787,2026-04-09
2026,15,GT,Virgin,2.188627,2026-04-09
2026,15,GT,Sony,5.431333,2026-04-09
2026,15,GT,Orchard,7.684013,2026-04-09
2026,15,GT,Warner,3.387106,2026-04-09
2026,15,GT,Indies,2.627039,2026-04-09
2026,16,GT,Universal,4.949805,2026-04-16
2026,16,GT,INgrooves,2.970255,2026-04-16
2026,16,GT,Virgin,2.85828,2026-04-16
2026,16,GT,Sony,6.52599,2026-04-16
2026,16,GT,Orchard,8.359209,2026-04-16
2026,16,GT,Warner,3.426455,2026-04-16
2026,16,GT,Indies,2.98459,2026-04-16
2026,17,GT,Universal,4.565416,2026-04-23
2026,17,GT,INgrooves,2.949867,2026-04-23
2026,17,GT,Virgin,2.513681,2026-04-23
2026,17,GT,Sony,7.665555,2026-04-23
2026,17,GT,Orchard,8.551776,2026-04-23
2026,17,GT,Warner,3.487063,2026-04-23
2026,17,GT,Indies,3.460164,2026-04-23
2026,18,GT,Universal,4.490418,2026-04-30
2026,18,GT,INgrooves,2.785807,2026-04-30
2026,18,GT,Virgin,2.443121,2026-04-30
2026,18,GT,Sony,7.372852,2026-04-30
2026,18,GT,Orchard,7.814199,2026-04-30
2026,18,GT,Warner,3.509685,2026-04-30
2026,18,GT,Indies,3.250281,2026-04-30
2026,19,GT,Universal,5.268785,2026-05-07
2026,19,GT,INgrooves,5.387044,2026-05-07
2026,19,GT,Virgin,0.0,2026-05-07
2026,19,GT,Sony,6.947705,2026-05-07
2026,19,GT,Orchard,7.529921,2026-05-07
2026,19,GT,Warner,3.174408,2026-05-07
2026,19,GT,Indies,2.391099,2026-05-07
2026,20,GT,Universal,5.183488,2026-05-14
2026,20,GT,INgrooves,2.910546,2026-05-14
2026,20,GT,Virgin,2.289671,2026-05-14
2026,20,GT,Sony,7.259404,2026-05-14
2026,20,GT,Orchard,7.506292,2026-05-14
2026,20,GT,Warner,3.068746,2026-05-14
2026,20,GT,Indies,2.302645,2026-05-14
2026,21,GT,Universal,5.271926,2026-05-21
2026,21,GT,INgrooves,2.432563,2026-05-21
2026,21,GT,Virgin,1.867804,2026-05-21
2026,21,GT,Sony,7.377216,2026-05-21
2026,21,GT,Orchard,7.521204,2026-05-21
2026,21,GT,Warner,3.905858,2026-05-21
2026,21,GT,Indies,2.52531,2026-05-21
2026,22,GT,Universal,4.99664,2026-05-28
2026,22,GT,INgrooves,2.401708,2026-05-28
2026,22,GT,Virgin,1.942569,2026-05-28
2026,22,GT,Sony,7.302658,2026-05-28
2026,22,GT,Orchard,7.572473,2026-05-28
2026,22,GT,Warner,3.370904,2026-05-28
2026,22,GT,Indies,2.501803,2026-05-28
2026,23,GT,Universal,3.979862,2026-06-04
2026,23,GT,INgrooves,2.30763,2026-06-04
2026,23,GT,Virgin,1.910684,2026-06-04
2026,23,GT,Sony,6.978329,2026-06-04
2026,23,GT,Orchard,8.37906,2026-06-04
2026,23,GT,Warner,3.565846,2026-06-04
2026,23,GT,Indies,2.568771,2026-06-04
2026,24,GT,Universal,4.469379,2026-06-11
2026,24,GT,INgrooves,2.409344,2026-06-11
2026,24,GT,Virgin,1.842225,2026-06-11
2026,24,GT,Sony,6.425346,2026-06-11
2026,24,GT,Orchard,7.748062,2026-06-11
2026,24,GT,Warner,3.327568,2026-06-11
2026,24,GT,Indies,2.589277,2026-06-11
2025,1,PN,Universal,1.364365,2025-01-02
2025,1,PN,INgrooves,0.130688,2025-01-02
2025,1,PN,Virgin,0.021823,2025-01-02
2025,1,PN,Sony,1.837891,2025-01-02
2025,1,PN,Orchard,0.901277,2025-01-02
2025,1,PN,Warner,1.026003,2025-01-02
2025,1,PN,Indies,2.06033,2025-01-02
2025,2,PN,Universal,1.255046,2025-01-09
2025,2,PN,INgrooves,0.097485,2025-01-09
2025,2,PN,Virgin,0.047054,2025-01-09
2025,2,PN,Sony,1.721424,2025-01-09
2025,2,PN,Orchard,3.162263,2025-01-09
2025,2,PN,Warner,1.092419,2025-01-09
2025,2,PN,Indies,1.705485,2025-01-09
2025,3,PN,Universal,1.30639,2025-01-16
2025,3,PN,INgrooves,0.131663,2025-01-16
2025,3,PN,Virgin,0.039918,2025-01-16
2025,3,PN,Sony,1.80115,2025-01-16
2025,3,PN,Orchard,4.296455,2025-01-16
2025,3,PN,Warner,1.138953,2025-01-16
2025,3,PN,Indies,1.66981,2025-01-16
2025,4,PN,Universal,1.303088,2025-01-23
2025,4,PN,INgrooves,0.103975,2025-01-23
2025,4,PN,Virgin,0.02351,2025-01-23
2025,4,PN,Sony,1.838833,2025-01-23
2025,4,PN,Orchard,3.641805,2025-01-23
2025,4,PN,Warner,1.22095,2025-01-23
2025,4,PN,Indies,1.712985,2025-01-23
2025,5,PN,Universal,1.239427,2025-01-30
2025,5,PN,INgrooves,0.104031,2025-01-30
2025,5,PN,Virgin,0.022534,2025-01-30
2025,5,PN,Sony,1.691484,2025-01-30
2025,5,PN,Orchard,3.130061,2025-01-30
2025,5,PN,Warner,0.960667,2025-01-30
2025,5,PN,Indies,1.571463,2025-01-30
2025,6,PN,Universal,1.3261455,2025-02-06
2025,6,PN,INgrooves,0.07692,2025-02-06
2025,6,PN,Virgin,0.019449,2025-02-06
2025,6,PN,Sony,1.8037095,2025-02-06
2025,6,PN,Orchard,2.47542,2025-02-06
2025,6,PN,Warner,0.937235,2025-02-06
2025,6,PN,Indies,1.651525,2025-02-06
2025,7,PN,Universal,1.598556,2025-02-13
2025,7,PN,INgrooves,0.088654,2025-02-13
2025,7,PN,Virgin,0.0,2025-02-13
2025,7,PN,Sony,1.75019,2025-02-13
2025,7,PN,Orchard,2.065667,2025-02-13
2025,7,PN,Warner,0.99211,2025-02-13
2025,7,PN,Indies,1.650491,2025-02-13
2025,8,PN,Universal,1.474941,2025-02-20
2025,8,PN,INgrooves,0.139344,2025-02-20
2025,8,PN,Virgin,0.0,2025-02-20
2025,8,PN,Sony,1.828812,2025-02-20
2025,8,PN,Orchard,1.848146,2025-02-20
2025,8,PN,Warner,0.960349,2025-02-20
2025,8,PN,Indies,1.639524,2025-02-20
2025,9,PN,Universal,1.240476,2025-02-27
2025,9,PN,INgrooves,0.117229,2025-02-27
2025,9,PN,Virgin,0.0,2025-02-27
2025,9,PN,Sony,1.708425,2025-02-27
2025,9,PN,Orchard,1.753244,2025-02-27
2025,9,PN,Warner,1.011049,2025-02-27
2025,9,PN,Indies,1.933523,2025-02-27
2025,10,PN,Universal,1.042627,2025-03-06
2025,10,PN,INgrooves,0.113802,2025-03-06
2025,10,PN,Virgin,0.0,2025-03-06
2025,10,PN,Sony,1.46985,2025-03-06
2025,10,PN,Orchard,1.596636,2025-03-06
2025,10,PN,Warner,1.037513,2025-03-06
2025,10,PN,Indies,2.188347,2025-03-06
2025,11,PN,Universal,1.017942,2025-03-13
2025,11,PN,INgrooves,0.140035,2025-03-13
2025,11,PN,Virgin,0.0,2025-03-13
2025,11,PN,Sony,1.686452,2025-03-13
2025,11,PN,Orchard,1.556216,2025-03-13
2025,11,PN,Warner,1.106684,2025-03-13
2025,11,PN,Indies,1.663355,2025-03-13
2025,12,PN,Universal,1.001095,2025-03-20
2025,12,PN,INgrooves,0.133581,2025-03-20
2025,12,PN,Virgin,0.0,2025-03-20
2025,12,PN,Sony,1.953019,2025-03-20
2025,12,PN,Orchard,1.414904,2025-03-20
2025,12,PN,Warner,1.001923,2025-03-20
2025,12,PN,Indies,2.217529,2025-03-20
2025,13,PN,Universal,0.856714,2025-03-27
2025,13,PN,INgrooves,0.18049,2025-03-27
2025,13,PN,Virgin,0.0,2025-03-27
2025,13,PN,Sony,1.920593,2025-03-27
2025,13,PN,Orchard,1.512079,2025-03-27
2025,13,PN,Warner,1.062873,2025-03-27
2025,13,PN,Indies,2.131991,2025-03-27
2025,14,PN,Universal,0.938141,2025-04-03
2025,14,PN,INgrooves,0.156034,2025-04-03
2025,14,PN,Virgin,0.0,2025-04-03
2025,14,PN,Sony,1.860874,2025-04-03
2025,14,PN,Orchard,1.57842,2025-04-03
2025,14,PN,Warner,1.029877,2025-04-03
2025,14,PN,Indies,2.122072,2025-04-03
2025,15,PN,Universal,0.743332,2025-04-10
2025,15,PN,INgrooves,0.122056,2025-04-10
2025,15,PN,Virgin,0.0,2025-04-10
2025,15,PN,Sony,1.748117,2025-04-10
2025,15,PN,Orchard,2.248287,2025-04-10
2025,15,PN,Warner,0.985163,2025-04-10
2025,15,PN,Indies,2.007498,2025-04-10
2025,16,PN,Universal,0.935375,2025-04-17
2025,16,PN,INgrooves,0.148648,2025-04-17
2025,16,PN,Virgin,0.0,2025-04-17
2025,16,PN,Sony,1.779195,2025-04-17
2025,16,PN,Orchard,1.573168,2025-04-17
2025,16,PN,Warner,1.030456,2025-04-17
2025,16,PN,Indies,2.037667,2025-04-17
2025,17,PN,Universal,0.954433,2025-04-24
2025,17,PN,INgrooves,0.142743,2025-04-24
2025,17,PN,Virgin,0.016741,2025-04-24
2025,17,PN,Sony,1.523084,2025-04-24
2025,17,PN,Orchard,1.335519,2025-04-24
2025,17,PN,Warner,0.99493,2025-04-24
2025,17,PN,Indies,1.707846,2025-04-24
2025,18,PN,Universal,0.859944,2025-05-01
2025,18,PN,INgrooves,0.137563,2025-05-01
2025,18,PN,Virgin,0.02717,2025-05-01
2025,18,PN,Sony,1.6797,2025-05-01
2025,18,PN,Orchard,1.319986,2025-05-01
2025,18,PN,Warner,1.074686,2025-05-01
2025,18,PN,Indies,1.774513,2025-05-01
2025,19,PN,Universal,0.914855,2025-05-08
2025,19,PN,INgrooves,0.150216,2025-05-08
2025,19,PN,Virgin,0.077042,2025-05-08
2025,19,PN,Sony,1.548626,2025-05-08
2025,19,PN,Orchard,1.255071,2025-05-08
2025,19,PN,Warner,0.899997,2025-05-08
2025,19,PN,Indies,1.774376,2025-05-08
2025,20,PN,Universal,1.009079,2025-05-15
2025,20,PN,INgrooves,0.155727,2025-05-15
2025,20,PN,Virgin,0.141575,2025-05-15
2025,20,PN,Sony,1.591574,2025-05-15
2025,20,PN,Orchard,1.366512,2025-05-15
2025,20,PN,Warner,0.880551,2025-05-15
2025,20,PN,Indies,1.839281,2025-05-15
2025,21,PN,Universal,0.855059,2025-05-22
2025,21,PN,INgrooves,0.257765,2025-05-22
2025,21,PN,Virgin,0.159405,2025-05-22
2025,21,PN,Sony,1.962512,2025-05-22
2025,21,PN,Orchard,1.942688,2025-05-22
2025,21,PN,Warner,0.822167,2025-05-22
2025,21,PN,Indies,1.326854,2025-05-22
2025,22,PN,Universal,0.912425,2025-05-29
2025,22,PN,INgrooves,0.18947,2025-05-29
2025,22,PN,Virgin,0.14421,2025-05-29
2025,22,PN,Sony,2.08745,2025-05-29
2025,22,PN,Orchard,1.833936,2025-05-29
2025,22,PN,Warner,0.77091,2025-05-29
2025,22,PN,Indies,1.428155,2025-05-29
2025,23,PN,Universal,0.744587,2025-06-05
2025,23,PN,INgrooves,0.195828,2025-06-05
2025,23,PN,Virgin,0.147988,2025-06-05
2025,23,PN,Sony,2.106095,2025-06-05
2025,23,PN,Orchard,1.605631,2025-06-05
2025,23,PN,Warner,0.855693,2025-06-05
2025,23,PN,Indies,1.571119,2025-06-05
2025,24,PN,Universal,0.812231,2025-06-12
2025,24,PN,INgrooves,0.191359,2025-06-12
2025,24,PN,Virgin,0.132844,2025-06-12
2025,24,PN,Sony,2.202543,2025-06-12
2025,24,PN,Orchard,1.26769,2025-06-12
2025,24,PN,Warner,0.925984,2025-06-12
2025,24,PN,Indies,1.583026,2025-06-12
2026,1,PN,Universal,0.8612955,2026-01-01
2026,1,PN,INgrooves,0.206783,2026-01-01
2026,1,PN,Virgin,0.047534,2026-01-01
2026,1,PN,Sony,2.2566275,2026-01-01
2026,1,PN,Orchard,1.298067,2026-01-01
2026,1,PN,Warner,0.791083,2026-01-01
2026,1,PN,Indies,1.83564,2026-01-01
2026,2,PN,Universal,0.7741275,2026-01-08
2026,2,PN,INgrooves,0.167602,2026-01-08
2026,2,PN,Virgin,0.087574,2026-01-08
2026,2,PN,Sony,2.0358325,2026-01-08
2026,2,PN,Orchard,1.213222,2026-01-08
2026,2,PN,Warner,0.854259,2026-01-08
2026,2,PN,Indies,1.479559,2026-01-08
2026,3,PN,Universal,0.776087,2026-01-15
2026,3,PN,INgrooves,0.16231925,2026-01-15
2026,3,PN,Virgin,0.076304,2026-01-15
2026,3,PN,Sony,2.11645675,2026-01-15
2026,3,PN,Orchard,1.205317,2026-01-15
2026,3,PN,Warner,0.943283,2026-01-15
2026,3,PN,Indies,1.403729,2026-01-15
2026,4,PN,Universal,0.7344925,2026-01-22
2026,4,PN,INgrooves,0.19232675,2026-01-22
2026,4,PN,Virgin,0.102185,2026-01-22
2026,4,PN,Sony,2.20845975,2026-01-22
2026,4,PN,Orchard,1.263395,2026-01-22
2026,4,PN,Warner,0.89588,2026-01-22
2026,4,PN,Indies,1.44762,2026-01-22
2026,5,PN,Universal,0.6701085,2026-01-29
2026,5,PN,INgrooves,0.173096,2026-01-29
2026,5,PN,Virgin,0.050418,2026-01-29
2026,5,PN,Sony,2.2097135,2026-01-29
2026,5,PN,Orchard,1.444288,2026-01-29
2026,5,PN,Warner,0.90159,2026-01-29
2026,5,PN,Indies,1.494407,2026-01-29
2026,6,PN,Universal,0.6818945,2026-02-05
2026,6,PN,INgrooves,0.174563,2026-02-05
2026,6,PN,Virgin,0.096991,2026-02-05
2026,6,PN,Sony,2.1253775,2026-02-05
2026,6,PN,Orchard,1.562709,2026-02-05
2026,6,PN,Warner,0.954995,2026-02-05
2026,6,PN,Indies,1.561844,2026-02-05
2026,7,PN,Universal,0.8109725,2026-02-12
2026,7,PN,INgrooves,0.223673,2026-02-12
2026,7,PN,Virgin,0.0844,2026-02-12
2026,7,PN,Sony,1.7605845,2026-02-12
2026,7,PN,Orchard,2.206119,2026-02-12
2026,7,PN,Warner,0.869626,2026-02-12
2026,7,PN,Indies,1.647014,2026-02-12
2026,8,PN,Universal,0.6688125,2026-02-19
2026,8,PN,INgrooves,0.13869,2026-02-19
2026,8,PN,Virgin,0.067541,2026-02-19
2026,8,PN,Sony,1.6518545,2026-02-19
2026,8,PN,Orchard,1.713307,2026-02-19
2026,8,PN,Warner,0.932867,2026-02-19
2026,8,PN,Indies,1.95736,2026-02-19
2026,9,PN,Universal,0.832042,2026-02-26
2026,9,PN,INgrooves,0.1631105,2026-02-26
2026,9,PN,Virgin,0.080223,2026-02-26
2026,9,PN,Sony,1.6831345,2026-02-26
2026,9,PN,Orchard,2.527474,2026-02-26
2026,9,PN,Warner,0.91962,2026-02-26
2026,9,PN,Indies,1.506082,2026-02-26
2026,10,PN,Universal,0.732609,2026-03-05
2026,10,PN,INgrooves,0.109138,2026-03-05
2026,10,PN,Virgin,0.111123,2026-03-05
2026,10,PN,Sony,1.643494,2026-03-05
2026,10,PN,Orchard,2.394186,2026-03-05
2026,10,PN,Warner,0.963971,2026-03-05
2026,10,PN,Indies,1.503837,2026-03-05
2026,11,PN,Universal,0.7402645,2026-03-12
2026,11,PN,INgrooves,0.109735,2026-03-12
2026,11,PN,Virgin,0.139622,2026-03-12
2026,11,PN,Sony,1.6911665,2026-03-12
2026,11,PN,Orchard,2.294578,2026-03-12
2026,11,PN,Warner,1.018423,2026-03-12
2026,11,PN,Indies,1.483287,2026-03-12
2026,12,PN,Universal,0.8206215,2026-03-19
2026,12,PN,INgrooves,0.113802,2026-03-19
2026,12,PN,Virgin,0.117363,2026-03-19
2026,12,PN,Sony,1.6515635,2026-03-19
2026,12,PN,Orchard,2.19353,2026-03-19
2026,12,PN,Warner,0.936066,2026-03-19
2026,12,PN,Indies,1.440514,2026-03-19
2026,13,PN,Universal,0.6395455,2026-03-26
2026,13,PN,INgrooves,1.458703,2026-03-26
2026,13,PN,Virgin,0.05859,2026-03-26
2026,13,PN,Sony,1.6420785,2026-03-26
2026,13,PN,Orchard,1.903052,2026-03-26
2026,13,PN,Warner,0.940813,2026-03-26
2026,13,PN,Indies,1.349544,2026-03-26
2026,14,PN,Universal,0.6196214999999999,2026-04-02
2026,14,PN,INgrooves,1.044014,2026-04-02
2026,14,PN,Virgin,0.087306,2026-04-02
2026,14,PN,Sony,1.6864795,2026-04-02
2026,14,PN,Orchard,1.96436,2026-04-02
2026,14,PN,Warner,0.983503,2026-04-02
2026,14,PN,Indies,1.378252,2026-04-02
2026,15,PN,Universal,0.6091854999999999,2026-04-09
2026,15,PN,INgrooves,0.806529,2026-04-09
2026,15,PN,Virgin,0.053605,2026-04-09
2026,15,PN,Sony,1.3490045,2026-04-09
2026,15,PN,Orchard,1.742941,2026-04-09
2026,15,PN,Warner,0.892756,2026-04-09
2026,15,PN,Indies,1.322666,2026-04-09
2026,16,PN,Universal,0.807755,2026-04-16
2026,16,PN,INgrooves,0.770522,2026-04-16
2026,16,PN,Virgin,0.090044,2026-04-16
2026,16,PN,Sony,1.48241,2026-04-16
2026,16,PN,Orchard,1.728834,2026-04-16
2026,16,PN,Warner,1.178017,2026-04-16
2026,16,PN,Indies,1.372914,2026-04-16
2026,17,PN,Universal,0.8423695,2026-04-23
2026,17,PN,INgrooves,0.620474,2026-04-23
2026,17,PN,Virgin,0.05622,2026-04-23
2026,17,PN,Sony,1.6664014999999999,2026-04-23
2026,17,PN,Orchard,1.842541,2026-04-23
2026,17,PN,Warner,0.929493,2026-04-23
2026,17,PN,Indies,1.489627,2026-04-23
2026,18,PN,Universal,0.66326,2026-04-30
2026,18,PN,INgrooves,0.567171,2026-04-30
2026,18,PN,Virgin,0.052698,2026-04-30
2026,18,PN,Sony,1.717516,2026-04-30
2026,18,PN,Orchard,1.70513,2026-04-30
2026,18,PN,Warner,0.78724,2026-04-30
2026,18,PN,Indies,1.377871,2026-04-30
2026,19,PN,Universal,0.583148,2026-05-07
2026,19,PN,INgrooves,0.560342,2026-05-07
2026,19,PN,Virgin,0.0,2026-05-07
2026,19,PN,Sony,1.58508,2026-05-07
2026,19,PN,Orchard,1.935315,2026-05-07
2026,19,PN,Warner,0.701383,2026-05-07
2026,19,PN,Indies,1.208638,2026-05-07
2026,20,PN,Universal,0.723874,2026-05-14
2026,20,PN,INgrooves,0.48435,2026-05-14
2026,20,PN,Virgin,0.027489,2026-05-14
2026,20,PN,Sony,1.564995,2026-05-14
2026,20,PN,Orchard,1.802803,2026-05-14
2026,20,PN,Warner,0.769278,2026-05-14
2026,20,PN,Indies,1.204417,2026-05-14
2026,21,PN,Universal,0.783821,2026-05-21
2026,21,PN,INgrooves,0.452655,2026-05-21
2026,21,PN,Virgin,0.026387,2026-05-21
2026,21,PN,Sony,1.561727,2026-05-21
2026,21,PN,Orchard,1.831273,2026-05-21
2026,21,PN,Warner,0.773586,2026-05-21
2026,21,PN,Indies,1.170035,2026-05-21
2026,22,PN,Universal,0.965114,2026-05-28
2026,22,PN,INgrooves,0.409705,2026-05-28
2026,22,PN,Virgin,0.024438,2026-05-28
2026,22,PN,Sony,1.581831,2026-05-28
2026,22,PN,Orchard,1.646532,2026-05-28
2026,22,PN,Warner,0.736126,2026-05-28
2026,22,PN,Indies,1.117879,2026-05-28
2026,23,PN,Universal,0.793664,2026-06-04
2026,23,PN,INgrooves,0.471621,2026-06-04
2026,23,PN,Virgin,0.023209,2026-06-04
2026,23,PN,Sony,1.585859,2026-06-04
2026,23,PN,Orchard,1.677851,2026-06-04
2026,23,PN,Warner,0.635094,2026-06-04
2026,23,PN,Indies,1.295113,2026-06-04
2026,24,PN,Universal,0.780756,2026-06-11
2026,24,PN,INgrooves,0.442875,2026-06-11
2026,24,PN,Virgin,0.024015,2026-06-11
2026,24,PN,Sony,1.415583,2026-06-11
2026,24,PN,Orchard,1.512484,2026-06-11
2026,24,PN,Warner,0.584131,2026-06-11
2026,24,PN,Indies,1.366064,2026-06-11
2025,1,HN,Universal,2.270674,2025-01-02
2025,1,HN,INgrooves,0.520419,2025-01-02
2025,1,HN,Virgin,0.068812,2025-01-02
2025,1,HN,Sony,2.348379,2025-01-02
2025,1,HN,Orchard,1.972564,2025-01-02
2025,1,HN,Warner,1.087623,2025-01-02
2025,1,HN,Indies,1.502224,2025-01-02
2025,2,HN,Universal,1.9919425,2025-01-09
2025,2,HN,INgrooves,0.299438,2025-01-09
2025,2,HN,Virgin,0.104401,2025-01-09
2025,2,HN,Sony,2.091122,2025-01-09
2025,2,HN,Orchard,4.8572465,2025-01-09
2025,2,HN,Warner,1.176861,2025-01-09
2025,2,HN,Indies,1.138035,2025-01-09
2025,3,HN,Universal,1.921577,2025-01-16
2025,3,HN,INgrooves,0.432427,2025-01-16
2025,3,HN,Virgin,0.074835,2025-01-16
2025,3,HN,Sony,2.344126,2025-01-16
2025,3,HN,Orchard,6.149559,2025-01-16
2025,3,HN,Warner,1.332485,2025-01-16
2025,3,HN,Indies,1.371921,2025-01-16
2025,4,HN,Universal,1.980448,2025-01-23
2025,4,HN,INgrooves,0.360321,2025-01-23
2025,4,HN,Virgin,0.073175,2025-01-23
2025,4,HN,Sony,2.258343,2025-01-23
2025,4,HN,Orchard,5.341527,2025-01-23
2025,4,HN,Warner,1.454589,2025-01-23
2025,4,HN,Indies,1.300338,2025-01-23
2025,5,HN,Universal,1.826307,2025-01-30
2025,5,HN,INgrooves,0.441627,2025-01-30
2025,5,HN,Virgin,0.041182,2025-01-30
2025,5,HN,Sony,2.060674,2025-01-30
2025,5,HN,Orchard,4.59076,2025-01-30
2025,5,HN,Warner,1.216038,2025-01-30
2025,5,HN,Indies,1.102955,2025-01-30
2025,6,HN,Universal,1.9435,2025-02-06
2025,6,HN,INgrooves,0.52849,2025-02-06
2025,6,HN,Virgin,0.037516,2025-02-06
2025,6,HN,Sony,2.232853,2025-02-06
2025,6,HN,Orchard,4.239074,2025-02-06
2025,6,HN,Warner,1.139034,2025-02-06
2025,6,HN,Indies,1.398805,2025-02-06
2025,7,HN,Universal,2.134614,2025-02-13
2025,7,HN,INgrooves,0.423132,2025-02-13
2025,7,HN,Virgin,0.034204,2025-02-13
2025,7,HN,Sony,2.378339,2025-02-13
2025,7,HN,Orchard,4.101203,2025-02-13
2025,7,HN,Warner,1.096915,2025-02-13
2025,7,HN,Indies,1.347959,2025-02-13
2025,8,HN,Universal,2.208391,2025-02-20
2025,8,HN,INgrooves,0.394733,2025-02-20
2025,8,HN,Virgin,0.034177,2025-02-20
2025,8,HN,Sony,2.548597,2025-02-20
2025,8,HN,Orchard,3.801669,2025-02-20
2025,8,HN,Warner,1.092372,2025-02-20
2025,8,HN,Indies,1.552366,2025-02-20
2025,9,HN,Universal,2.055852,2025-02-27
2025,9,HN,INgrooves,0.460393,2025-02-27
2025,9,HN,Virgin,0.034084,2025-02-27
2025,9,HN,Sony,2.466972,2025-02-27
2025,9,HN,Orchard,3.567706,2025-02-27
2025,9,HN,Warner,1.063604,2025-02-27
2025,9,HN,Indies,1.711189,2025-02-27
2025,10,HN,Universal,1.803861,2025-03-06
2025,10,HN,INgrooves,0.467866,2025-03-06
2025,10,HN,Virgin,0.037195,2025-03-06
2025,10,HN,Sony,2.652826,2025-03-06
2025,10,HN,Orchard,3.472805,2025-03-06
2025,10,HN,Warner,1.39627,2025-03-06
2025,10,HN,Indies,1.745259,2025-03-06
2025,11,HN,Universal,1.457329,2025-03-13
2025,11,HN,INgrooves,0.346533,2025-03-13
2025,11,HN,Virgin,0.032092999999999997,2025-03-13
2025,11,HN,Sony,2.736553,2025-03-13
2025,11,HN,Orchard,3.26122,2025-03-13
2025,11,HN,Warner,1.335144,2025-03-13
2025,11,HN,Indies,1.629528,2025-03-13
2025,12,HN,Universal,1.536112,2025-03-20
2025,12,HN,INgrooves,0.237556,2025-03-20
2025,12,HN,Virgin,0.035438,2025-03-20
2025,12,HN,Sony,3.037098,2025-03-20
2025,12,HN,Orchard,3.195917,2025-03-20
2025,12,HN,Warner,1.421712,2025-03-20
2025,12,HN,Indies,1.730077,2025-03-20
2025,13,HN,Universal,1.408853,2025-03-27
2025,13,HN,INgrooves,0.363491,2025-03-27
2025,13,HN,Virgin,0.030696,2025-03-27
2025,13,HN,Sony,3.163259,2025-03-27
2025,13,HN,Orchard,3.204884,2025-03-27
2025,13,HN,Warner,1.374995,2025-03-27
2025,13,HN,Indies,1.576626,2025-03-27
2025,14,HN,Universal,1.463949,2025-04-03
2025,14,HN,INgrooves,0.295118,2025-04-03
2025,14,HN,Virgin,0.0,2025-04-03
2025,14,HN,Sony,2.937018,2025-04-03
2025,14,HN,Orchard,3.223404,2025-04-03
2025,14,HN,Warner,1.274775,2025-04-03
2025,14,HN,Indies,1.607286,2025-04-03
2025,15,HN,Universal,1.341633,2025-04-10
2025,15,HN,INgrooves,0.273436,2025-04-10
2025,15,HN,Virgin,0.0,2025-04-10
2025,15,HN,Sony,2.732431,2025-04-10
2025,15,HN,Orchard,3.105187,2025-04-10
2025,15,HN,Warner,1.348089,2025-04-10
2025,15,HN,Indies,1.448245,2025-04-10
2025,16,HN,Universal,1.350466,2025-04-17
2025,16,HN,INgrooves,0.289185,2025-04-17
2025,16,HN,Virgin,0.030472,2025-04-17
2025,16,HN,Sony,2.694374,2025-04-17
2025,16,HN,Orchard,3.30797,2025-04-17
2025,16,HN,Warner,1.359081,2025-04-17
2025,16,HN,Indies,1.533744,2025-04-17
2025,17,HN,Universal,1.324717,2025-04-24
2025,17,HN,INgrooves,0.259247,2025-04-24
2025,17,HN,Virgin,0.030002,2025-04-24
2025,17,HN,Sony,2.397528,2025-04-24
2025,17,HN,Orchard,2.816195,2025-04-24
2025,17,HN,Warner,1.218101,2025-04-24
2025,17,HN,Indies,1.383239,2025-04-24
2025,18,HN,Universal,1.450265,2025-05-01
2025,18,HN,INgrooves,0.33659,2025-05-01
2025,18,HN,Virgin,0.071003,2025-05-01
2025,18,HN,Sony,2.404491,2025-05-01
2025,18,HN,Orchard,2.823609,2025-05-01
2025,18,HN,Warner,1.353805,2025-05-01
2025,18,HN,Indies,1.744753,2025-05-01
2025,19,HN,Universal,1.503504,2025-05-08
2025,19,HN,INgrooves,0.431178,2025-05-08
2025,19,HN,Virgin,0.097979,2025-05-08
2025,19,HN,Sony,2.395129,2025-05-08
2025,19,HN,Orchard,2.676962,2025-05-08
2025,19,HN,Warner,1.169514,2025-05-08
2025,19,HN,Indies,1.636796,2025-05-08
2025,20,HN,Universal,1.478557,2025-05-15
2025,20,HN,INgrooves,0.467311,2025-05-15
2025,20,HN,Virgin,0.201749,2025-05-15
2025,20,HN,Sony,2.436884,2025-05-15
2025,20,HN,Orchard,2.836926,2025-05-15
2025,20,HN,Warner,1.220756,2025-05-15
2025,20,HN,Indies,1.509278,2025-05-15
2025,21,HN,Universal,1.281477,2025-05-22
2025,21,HN,INgrooves,0.628054,2025-05-22
2025,21,HN,Virgin,0.185368,2025-05-22
2025,21,HN,Sony,2.963025,2025-05-22
2025,21,HN,Orchard,3.124798,2025-05-22
2025,21,HN,Warner,1.16356,2025-05-22
2025,21,HN,Indies,1.415944,2025-05-22
2025,22,HN,Universal,1.196596,2025-05-29
2025,22,HN,INgrooves,0.537278,2025-05-29
2025,22,HN,Virgin,0.161837,2025-05-29
2025,22,HN,Sony,3.01769,2025-05-29
2025,22,HN,Orchard,3.121107,2025-05-29
2025,22,HN,Warner,1.113686,2025-05-29
2025,22,HN,Indies,1.369594,2025-05-29
2025,23,HN,Universal,1.110362,2025-06-05
2025,23,HN,INgrooves,0.525092,2025-06-05
2025,23,HN,Virgin,0.182665,2025-06-05
2025,23,HN,Sony,2.92852,2025-06-05
2025,23,HN,Orchard,2.909927,2025-06-05
2025,23,HN,Warner,1.121257,2025-06-05
2025,23,HN,Indies,1.312146,2025-06-05
2025,24,HN,Universal,1.113158,2025-06-12
2025,24,HN,INgrooves,0.561138,2025-06-12
2025,24,HN,Virgin,0.15638,2025-06-12
2025,24,HN,Sony,2.871794,2025-06-12
2025,24,HN,Orchard,2.538314,2025-06-12
2025,24,HN,Warner,1.357759,2025-06-12
2025,24,HN,Indies,1.327013,2025-06-12
2026,1,HN,Universal,1.345983,2026-01-01
2026,1,HN,INgrooves,0.266443,2026-01-01
2026,1,HN,Virgin,0.131775,2026-01-01
2026,1,HN,Sony,2.627092,2026-01-01
2026,1,HN,Orchard,2.895665,2026-01-01
2026,1,HN,Warner,0.961624,2026-01-01
2026,1,HN,Indies,1.58785,2026-01-01
2026,2,HN,Universal,1.138094,2026-01-08
2026,2,HN,INgrooves,0.28519,2026-01-08
2026,2,HN,Virgin,0.114213,2026-01-08
2026,2,HN,Sony,2.553006,2026-01-08
2026,2,HN,Orchard,2.733275,2026-01-08
2026,2,HN,Warner,1.027708,2026-01-08
2026,2,HN,Indies,1.397087,2026-01-08
2026,3,HN,Universal,0.977961,2026-01-15
2026,3,HN,INgrooves,0.290745,2026-01-15
2026,3,HN,Virgin,0.187131,2026-01-15
2026,3,HN,Sony,2.684669,2026-01-15
2026,3,HN,Orchard,2.776686,2026-01-15
2026,3,HN,Warner,1.109913,2026-01-15
2026,3,HN,Indies,1.448459,2026-01-15
2026,4,HN,Universal,0.994324,2026-01-22
2026,4,HN,INgrooves,0.309166,2026-01-22
2026,4,HN,Virgin,0.191875,2026-01-22
2026,4,HN,Sony,2.56869,2026-01-22
2026,4,HN,Orchard,2.763781,2026-01-22
2026,4,HN,Warner,1.054523,2026-01-22
2026,4,HN,Indies,1.417079,2026-01-22
2026,5,HN,Universal,1.047056,2026-01-29
2026,5,HN,INgrooves,0.360323,2026-01-29
2026,5,HN,Virgin,0.198007,2026-01-29
2026,5,HN,Sony,2.695781,2026-01-29
2026,5,HN,Orchard,2.797525,2026-01-29
2026,5,HN,Warner,1.114788,2026-01-29
2026,5,HN,Indies,1.566328,2026-01-29
2026,6,HN,Universal,1.027636,2026-02-05
2026,6,HN,INgrooves,0.308475,2026-02-05
2026,6,HN,Virgin,0.122065,2026-02-05
2026,6,HN,Sony,2.62582,2026-02-05
2026,6,HN,Orchard,3.02001,2026-02-05
2026,6,HN,Warner,1.08099,2026-02-05
2026,6,HN,Indies,1.553022,2026-02-05
2026,7,HN,Universal,1.0933275,2026-02-12
2026,7,HN,INgrooves,0.390963,2026-02-12
2026,7,HN,Virgin,0.097177,2026-02-12
2026,7,HN,Sony,2.493989,2026-02-12
2026,7,HN,Orchard,4.2998225,2026-02-12
2026,7,HN,Warner,1.111465,2026-02-12
2026,7,HN,Indies,1.339538,2026-02-12
2026,8,HN,Universal,0.959375,2026-02-19
2026,8,HN,INgrooves,0.398391,2026-02-19
2026,8,HN,Virgin,0.099862,2026-02-19
2026,8,HN,Sony,2.626121,2026-02-19
2026,8,HN,Orchard,4.064544,2026-02-19
2026,8,HN,Warner,1.510163,2026-02-19
2026,8,HN,Indies,1.499725,2026-02-19
2026,9,HN,Universal,0.984641,2026-02-26
2026,9,HN,INgrooves,0.267135,2026-02-26
2026,9,HN,Virgin,0.093536,2026-02-26
2026,9,HN,Sony,2.370492,2026-02-26
2026,9,HN,Orchard,4.445814,2026-02-26
2026,9,HN,Warner,1.227817,2026-02-26
2026,9,HN,Indies,1.655796,2026-02-26
2026,10,HN,Universal,0.920029,2026-03-05
2026,10,HN,INgrooves,0.266662,2026-03-05
2026,10,HN,Virgin,0.674834,2026-03-05
2026,10,HN,Sony,2.487106,2026-03-05
2026,10,HN,Orchard,4.416031,2026-03-05
2026,10,HN,Warner,1.135566,2026-03-05
2026,10,HN,Indies,1.154405,2026-03-05
2026,11,HN,Universal,0.901346,2026-03-12
2026,11,HN,INgrooves,0.301301,2026-03-12
2026,11,HN,Virgin,0.658712,2026-03-12
2026,11,HN,Sony,2.510576,2026-03-12
2026,11,HN,Orchard,4.139175,2026-03-12
2026,11,HN,Warner,1.079741,2026-03-12
2026,11,HN,Indies,1.07572,2026-03-12
2026,12,HN,Universal,1.050144,2026-03-19
2026,12,HN,INgrooves,0.340054,2026-03-19
2026,12,HN,Virgin,0.741186,2026-03-19
2026,12,HN,Sony,2.439011,2026-03-19
2026,12,HN,Orchard,3.84651,2026-03-19
2026,12,HN,Warner,1.028878,2026-03-19
2026,12,HN,Indies,1.007088,2026-03-19
2026,13,HN,Universal,0.853084,2026-03-26
2026,13,HN,INgrooves,1.824328,2026-03-26
2026,13,HN,Virgin,0.766378,2026-03-26
2026,13,HN,Sony,2.461416,2026-03-26
2026,13,HN,Orchard,3.325744,2026-03-26
2026,13,HN,Warner,1.057819,2026-03-26
2026,13,HN,Indies,1.050418,2026-03-26
2026,14,HN,Universal,0.86776,2026-04-02
2026,14,HN,INgrooves,1.306839,2026-04-02
2026,14,HN,Virgin,0.648129,2026-04-02
2026,14,HN,Sony,2.406472,2026-04-02
2026,14,HN,Orchard,3.422019,2026-04-02
2026,14,HN,Warner,1.09964,2026-04-02
2026,14,HN,Indies,1.217578,2026-04-02
2026,15,HN,Universal,0.818987,2026-04-09
2026,15,HN,INgrooves,1.036648,2026-04-09
2026,15,HN,Virgin,0.428481,2026-04-09
2026,15,HN,Sony,2.260697,2026-04-09
2026,15,HN,Orchard,3.11761,2026-04-09
2026,15,HN,Warner,1.007263,2026-04-09
2026,15,HN,Indies,1.192491,2026-04-09
2026,16,HN,Universal,1.128244,2026-04-16
2026,16,HN,INgrooves,1.025277,2026-04-16
2026,16,HN,Virgin,0.58956,2026-04-16
2026,16,HN,Sony,2.369285,2026-04-16
2026,16,HN,Orchard,3.186682,2026-04-16
2026,16,HN,Warner,0.894705,2026-04-16
2026,16,HN,Indies,1.195486,2026-04-16
2026,17,HN,Universal,1.02757,2026-04-23
2026,17,HN,INgrooves,1.008712,2026-04-23
2026,17,HN,Virgin,0.493561,2026-04-23
2026,17,HN,Sony,2.557711,2026-04-23
2026,17,HN,Orchard,3.12337,2026-04-23
2026,17,HN,Warner,0.949151,2026-04-23
2026,17,HN,Indies,1.388916,2026-04-23
2026,18,HN,Universal,0.945944,2026-04-30
2026,18,HN,INgrooves,0.848982,2026-04-30
2026,18,HN,Virgin,0.48327,2026-04-30
2026,18,HN,Sony,2.578638,2026-04-30
2026,18,HN,Orchard,2.986949,2026-04-30
2026,18,HN,Warner,0.933822,2026-04-30
2026,18,HN,Indies,1.278163,2026-04-30
2026,19,HN,Universal,1.169279,2026-05-07
2026,19,HN,INgrooves,1.436723,2026-05-07
2026,19,HN,Virgin,0.0,2026-05-07
2026,19,HN,Sony,2.483245,2026-05-07
2026,19,HN,Orchard,2.823982,2026-05-07
2026,19,HN,Warner,0.838474,2026-05-07
2026,19,HN,Indies,1.039021,2026-05-07
2026,20,HN,Universal,1.134453,2026-05-14
2026,20,HN,INgrooves,0.663265,2026-05-14
2026,20,HN,Virgin,0.488834,2026-05-14
2026,20,HN,Sony,2.544039,2026-05-14
2026,20,HN,Orchard,3.007904,2026-05-14
2026,20,HN,Warner,0.99723,2026-05-14
2026,20,HN,Indies,1.084432,2026-05-14
2026,21,HN,Universal,0.993021,2026-05-21
2026,21,HN,INgrooves,0.593261,2026-05-21
2026,21,HN,Virgin,0.440957,2026-05-21
2026,21,HN,Sony,2.527664,2026-05-21
2026,21,HN,Orchard,3.239823,2026-05-21
2026,21,HN,Warner,1.200217,2026-05-21
2026,21,HN,Indies,1.194257,2026-05-21
2026,22,HN,Universal,0.924971,2026-05-28
2026,22,HN,INgrooves,0.561265,2026-05-28
2026,22,HN,Virgin,0.431659,2026-05-28
2026,22,HN,Sony,2.424458,2026-05-28
2026,22,HN,Orchard,3.221408,2026-05-28
2026,22,HN,Warner,1.008243,2026-05-28
2026,22,HN,Indies,1.160056,2026-05-28
2026,23,HN,Universal,0.810281,2026-06-04
2026,23,HN,INgrooves,0.624204,2026-06-04
2026,23,HN,Virgin,0.410378,2026-06-04
2026,23,HN,Sony,2.355954,2026-06-04
2026,23,HN,Orchard,3.163365,2026-06-04
2026,23,HN,Warner,0.915784,2026-06-04
2026,23,HN,Indies,1.203363,2026-06-04
2026,24,HN,Universal,1.073233,2026-06-11
2026,24,HN,INgrooves,0.598019,2026-06-11
2026,24,HN,Virgin,0.413293,2026-06-11
2026,24,HN,Sony,2.159551,2026-06-11
2026,24,HN,Orchard,2.954256,2026-06-11
2026,24,HN,Warner,0.840743,2026-06-11
2026,24,HN,Indies,1.326039,2026-06-11
2025,1,SV,Universal,2.8825925,2025-01-02
2025,1,SV,INgrooves,0.452714,2025-01-02
2025,1,SV,Virgin,0.04648,2025-01-02
2025,1,SV,Sony,2.8634715,2025-01-02
2025,1,SV,Orchard,2.464164,2025-01-02
2025,1,SV,Warner,1.256268,2025-01-02
2025,1,SV,Indies,2.339374,2025-01-02
2025,2,SV,Universal,2.774105,2025-01-09
2025,2,SV,INgrooves,0.497222,2025-01-09
2025,2,SV,Virgin,0.095682,2025-01-09
2025,2,SV,Sony,2.795935,2025-01-09
2025,2,SV,Orchard,5.888816,2025-01-09
2025,2,SV,Warner,1.421848,2025-01-09
2025,2,SV,Indies,1.510828,2025-01-09
2025,3,SV,Universal,2.79469,2025-01-16
2025,3,SV,INgrooves,0.475408,2025-01-16
2025,3,SV,Virgin,0.051258,2025-01-16
2025,3,SV,Sony,2.882188,2025-01-16
2025,3,SV,Orchard,7.211141,2025-01-16
2025,3,SV,Warner,1.645082,2025-01-16
2025,3,SV,Indies,1.633268,2025-01-16
2025,4,SV,Universal,2.752857,2025-01-23
2025,4,SV,INgrooves,0.406612,2025-01-23
2025,4,SV,Virgin,0.055563,2025-01-23
2025,4,SV,Sony,2.931289,2025-01-23
2025,4,SV,Orchard,6.341528,2025-01-23
2025,4,SV,Warner,1.734067,2025-01-23
2025,4,SV,Indies,1.655312,2025-01-23
2025,5,SV,Universal,2.7245881,2025-01-30
2025,5,SV,INgrooves,0.427972,2025-01-30
2025,5,SV,Virgin,0.052282,2025-01-30
2025,5,SV,Sony,2.7899545,2025-01-30
2025,5,SV,Orchard,5.694471,2025-01-30
2025,5,SV,Warner,1.3259923999999998,2025-01-30
2025,5,SV,Indies,1.454554,2025-01-30
2025,6,SV,Universal,2.855424,2025-02-06
2025,6,SV,INgrooves,0.494343,2025-02-06
2025,6,SV,Virgin,0.049691,2025-02-06
2025,6,SV,Sony,3.006973,2025-02-06
2025,6,SV,Orchard,5.183045,2025-02-06
2025,6,SV,Warner,1.305527,2025-02-06
2025,6,SV,Indies,1.841873,2025-02-06
2025,7,SV,Universal,3.269168,2025-02-13
2025,7,SV,INgrooves,0.401965,2025-02-13
2025,7,SV,Virgin,0.045539,2025-02-13
2025,7,SV,Sony,2.975966,2025-02-13
2025,7,SV,Orchard,4.956391,2025-02-13
2025,7,SV,Warner,1.318297,2025-02-13
2025,7,SV,Indies,1.666447,2025-02-13
2025,8,SV,Universal,3.22961,2025-02-20
2025,8,SV,INgrooves,0.394257,2025-02-20
2025,8,SV,Virgin,0.043249,2025-02-20
2025,8,SV,Sony,2.955021,2025-02-20
2025,8,SV,Orchard,4.522431,2025-02-20
2025,8,SV,Warner,1.243594,2025-02-20
2025,8,SV,Indies,1.85142,2025-02-20
2025,9,SV,Universal,2.900359,2025-02-27
2025,9,SV,INgrooves,0.520468,2025-02-27
2025,9,SV,Virgin,0.043425,2025-02-27
2025,9,SV,Sony,3.078463,2025-02-27
2025,9,SV,Orchard,4.159409,2025-02-27
2025,9,SV,Warner,1.267731,2025-02-27
2025,9,SV,Indies,1.956584,2025-02-27
2025,10,SV,Universal,2.699415,2025-03-06
2025,10,SV,INgrooves,0.405591,2025-03-06
2025,10,SV,Virgin,0.04733,2025-03-06
2025,10,SV,Sony,3.007795,2025-03-06
2025,10,SV,Orchard,4.087055,2025-03-06
2025,10,SV,Warner,1.477633,2025-03-06
2025,10,SV,Indies,1.907834,2025-03-06
2025,11,SV,Universal,2.17833,2025-03-13
2025,11,SV,INgrooves,0.421347,2025-03-13
2025,11,SV,Virgin,0.039336,2025-03-13
2025,11,SV,Sony,2.97085,2025-03-13
2025,11,SV,Orchard,3.630811,2025-03-13
2025,11,SV,Warner,1.360093,2025-03-13
2025,11,SV,Indies,1.568737,2025-03-13
2025,12,SV,Universal,2.231773,2025-03-20
2025,12,SV,INgrooves,0.39427,2025-03-20
2025,12,SV,Virgin,0.042699,2025-03-20
2025,12,SV,Sony,3.193958,2025-03-20
2025,12,SV,Orchard,3.716011,2025-03-20
2025,12,SV,Warner,1.448555,2025-03-20
2025,12,SV,Indies,1.803739,2025-03-20
2025,13,SV,Universal,2.05974,2025-03-27
2025,13,SV,INgrooves,0.490813,2025-03-27
2025,13,SV,Virgin,0.0,2025-03-27
2025,13,SV,Sony,3.439927,2025-03-27
2025,13,SV,Orchard,3.518739,2025-03-27
2025,13,SV,Warner,1.525504,2025-03-27
2025,13,SV,Indies,1.714069,2025-03-27
2025,14,SV,Universal,1.958139,2025-04-03
2025,14,SV,INgrooves,0.473711,2025-04-03
2025,14,SV,Virgin,0.036808,2025-04-03
2025,14,SV,Sony,3.654667,2025-04-03
2025,14,SV,Orchard,3.364615,2025-04-03
2025,14,SV,Warner,1.4813,2025-04-03
2025,14,SV,Indies,1.888077,2025-04-03
2025,15,SV,Universal,1.843057,2025-04-10
2025,15,SV,INgrooves,0.416899,2025-04-10
2025,15,SV,Virgin,0.0,2025-04-10
2025,15,SV,Sony,3.326408,2025-04-10
2025,15,SV,Orchard,3.680924,2025-04-10
2025,15,SV,Warner,1.560251,2025-04-10
2025,15,SV,Indies,1.687759,2025-04-10
2025,16,SV,Universal,1.855856,2025-04-17
2025,16,SV,INgrooves,0.395816,2025-04-17
2025,16,SV,Virgin,0.034923,2025-04-17
2025,16,SV,Sony,3.099482,2025-04-17
2025,16,SV,Orchard,3.351399,2025-04-17
2025,16,SV,Warner,1.477501,2025-04-17
2025,16,SV,Indies,1.600725,2025-04-17
2025,17,SV,Universal,1.947318,2025-04-24
2025,17,SV,INgrooves,0.419326,2025-04-24
2025,17,SV,Virgin,0.034501,2025-04-24
2025,17,SV,Sony,2.813159,2025-04-24
2025,17,SV,Orchard,3.049253,2025-04-24
2025,17,SV,Warner,1.321802,2025-04-24
2025,17,SV,Indies,1.295737,2025-04-24
2025,18,SV,Universal,2.06708,2025-05-01
2025,18,SV,INgrooves,0.445814,2025-05-01
2025,18,SV,Virgin,0.099474,2025-05-01
2025,18,SV,Sony,2.906379,2025-05-01
2025,18,SV,Orchard,3.262223,2025-05-01
2025,18,SV,Warner,1.477795,2025-05-01
2025,18,SV,Indies,1.413654,2025-05-01
2025,19,SV,Universal,2.045465,2025-05-08
2025,19,SV,INgrooves,0.483434,2025-05-08
2025,19,SV,Virgin,0.142643,2025-05-08
2025,19,SV,Sony,2.834325,2025-05-08
2025,19,SV,Orchard,3.161977,2025-05-08
2025,19,SV,Warner,1.285418,2025-05-08
2025,19,SV,Indies,1.480718,2025-05-08
2025,20,SV,Universal,2.157829,2025-05-15
2025,20,SV,INgrooves,0.35172,2025-05-15
2025,20,SV,Virgin,0.226741,2025-05-15
2025,20,SV,Sony,2.66616,2025-05-15
2025,20,SV,Orchard,3.515271,2025-05-15
2025,20,SV,Warner,1.308789,2025-05-15
2025,20,SV,Indies,1.417542,2025-05-15
2025,21,SV,Universal,2.063875,2025-05-22
2025,21,SV,INgrooves,0.349724,2025-05-22
2025,21,SV,Virgin,0.237995,2025-05-22
2025,21,SV,Sony,2.749934,2025-05-22
2025,21,SV,Orchard,3.996345,2025-05-22
2025,21,SV,Warner,1.217241,2025-05-22
2025,21,SV,Indies,1.332105,2025-05-22
2025,22,SV,Universal,1.973156,2025-05-29
2025,22,SV,INgrooves,0.412271,2025-05-29
2025,22,SV,Virgin,0.210442,2025-05-29
2025,22,SV,Sony,2.891957,2025-05-29
2025,22,SV,Orchard,3.657157,2025-05-29
2025,22,SV,Warner,1.232955,2025-05-29
2025,22,SV,Indies,1.286007,2025-05-29
2025,23,SV,Universal,1.649501,2025-06-05
2025,23,SV,INgrooves,0.337809,2025-06-05
2025,23,SV,Virgin,0.222971,2025-06-05
2025,23,SV,Sony,3.088156,2025-06-05
2025,23,SV,Orchard,3.295595,2025-06-05
2025,23,SV,Warner,1.419573,2025-06-05
2025,23,SV,Indies,1.285706,2025-06-05
2025,24,SV,Universal,1.679009,2025-06-12
2025,24,SV,INgrooves,0.333783,2025-06-12
2025,24,SV,Virgin,0.127239,2025-06-12
2025,24,SV,Sony,2.979902,2025-06-12
2025,24,SV,Orchard,2.878731,2025-06-12
2025,24,SV,Warner,1.604768,2025-06-12
2025,24,SV,Indies,1.32443,2025-06-12
2026,1,SV,Universal,1.758532,2026-01-01
2026,1,SV,INgrooves,0.409048,2026-01-01
2026,1,SV,Virgin,0.153754,2026-01-01
2026,1,SV,Sony,2.892315,2026-01-01
2026,1,SV,Orchard,3.426207,2026-01-01
2026,1,SV,Warner,0.994403,2026-01-01
2026,1,SV,Indies,2.33149,2026-01-01
2026,2,SV,Universal,1.637162,2026-01-08
2026,2,SV,INgrooves,0.375285,2026-01-08
2026,2,SV,Virgin,0.138664,2026-01-08
2026,2,SV,Sony,3.145181,2026-01-08
2026,2,SV,Orchard,3.294601,2026-01-08
2026,2,SV,Warner,1.185984,2026-01-08
2026,2,SV,Indies,1.462505,2026-01-08
2026,3,SV,Universal,1.678157,2026-01-15
2026,3,SV,INgrooves,0.310687,2026-01-15
2026,3,SV,Virgin,0.24297,2026-01-15
2026,3,SV,Sony,3.192501,2026-01-15
2026,3,SV,Orchard,3.300937,2026-01-15
2026,3,SV,Warner,1.285073,2026-01-15
2026,3,SV,Indies,1.4013,2026-01-15
2026,4,SV,Universal,1.702123,2026-01-22
2026,4,SV,INgrooves,0.39895,2026-01-22
2026,4,SV,Virgin,0.232162,2026-01-22
2026,4,SV,Sony,3.160608,2026-01-22
2026,4,SV,Orchard,3.327512,2026-01-22
2026,4,SV,Warner,1.230049,2026-01-22
2026,4,SV,Indies,1.360956,2026-01-22
2026,5,SV,Universal,1.573366,2026-01-29
2026,5,SV,INgrooves,0.446525,2026-01-29
2026,5,SV,Virgin,0.265092,2026-01-29
2026,5,SV,Sony,3.307994,2026-01-29
2026,5,SV,Orchard,3.411257,2026-01-29
2026,5,SV,Warner,1.207724,2026-01-29
2026,5,SV,Indies,1.536962,2026-01-29
2026,6,SV,Universal,1.3863845,2026-02-05
2026,6,SV,INgrooves,0.385622,2026-02-05
2026,6,SV,Virgin,0.162042,2026-02-05
2026,6,SV,Sony,3.4076305,2026-02-05
2026,6,SV,Orchard,3.534912,2026-02-05
2026,6,SV,Warner,1.189258,2026-02-05
2026,6,SV,Indies,1.487183,2026-02-05
2026,7,SV,Universal,1.536417,2026-02-12
2026,7,SV,INgrooves,0.333229,2026-02-12
2026,7,SV,Virgin,0.126,2026-02-12
2026,7,SV,Sony,3.8829145,2026-02-12
2026,7,SV,Orchard,4.7136905,2026-02-12
2026,7,SV,Warner,1.17534,2026-02-12
2026,7,SV,Indies,1.313103,2026-02-12
2026,8,SV,Universal,1.5315315,2026-02-19
2026,8,SV,INgrooves,0.364425,2026-02-19
2026,8,SV,Virgin,0.172411,2026-02-19
2026,8,SV,Sony,3.571039,2026-02-19
2026,8,SV,Orchard,4.5568455,2026-02-19
2026,8,SV,Warner,1.605967,2026-02-19
2026,8,SV,Indies,1.413732,2026-02-19
2026,9,SV,Universal,1.556887,2026-02-26
2026,9,SV,INgrooves,0.344211,2026-02-26
2026,9,SV,Virgin,0.124491,2026-02-26
2026,9,SV,Sony,2.822626,2026-02-26
2026,9,SV,Orchard,5.25151,2026-02-26
2026,9,SV,Warner,1.255814,2026-02-26
2026,9,SV,Indies,1.581506,2026-02-26
2026,10,SV,Universal,1.644818,2026-03-05
2026,10,SV,INgrooves,0.305711,2026-03-05
2026,10,SV,Virgin,0.713991,2026-03-05
2026,10,SV,Sony,2.974817,2026-03-05
2026,10,SV,Orchard,4.992953,2026-03-05
2026,10,SV,Warner,1.129184,2026-03-05
2026,10,SV,Indies,1.010425,2026-03-05
2026,11,SV,Universal,1.38093,2026-03-12
2026,11,SV,INgrooves,0.426373,2026-03-12
2026,11,SV,Virgin,0.741672,2026-03-12
2026,11,SV,Sony,2.941748,2026-03-12
2026,11,SV,Orchard,4.737789,2026-03-12
2026,11,SV,Warner,1.182449,2026-03-12
2026,11,SV,Indies,0.858835,2026-03-12
2026,12,SV,Universal,1.713416,2026-03-19
2026,12,SV,INgrooves,0.448297,2026-03-19
2026,12,SV,Virgin,0.786352,2026-03-19
2026,12,SV,Sony,2.910913,2026-03-19
2026,12,SV,Orchard,4.355662,2026-03-19
2026,12,SV,Warner,1.011008,2026-03-19
2026,12,SV,Indies,0.873493,2026-03-19
2026,13,SV,Universal,1.38483,2026-03-26
2026,13,SV,INgrooves,2.337304,2026-03-26
2026,13,SV,Virgin,0.78025,2026-03-26
2026,13,SV,Sony,2.904978,2026-03-26
2026,13,SV,Orchard,3.862381,2026-03-26
2026,13,SV,Warner,1.084887,2026-03-26
2026,13,SV,Indies,0.926778,2026-03-26
2026,14,SV,Universal,1.612352,2026-04-02
2026,14,SV,INgrooves,1.67935,2026-04-02
2026,14,SV,Virgin,0.680455,2026-04-02
2026,14,SV,Sony,2.721127,2026-04-02
2026,14,SV,Orchard,3.777749,2026-04-02
2026,14,SV,Warner,0.993469,2026-04-02
2026,14,SV,Indies,0.920866,2026-04-02
2026,15,SV,Universal,1.324062,2026-04-09
2026,15,SV,INgrooves,1.350143,2026-04-09
2026,15,SV,Virgin,0.476976,2026-04-09
2026,15,SV,Sony,2.402725,2026-04-09
2026,15,SV,Orchard,3.61401,2026-04-09
2026,15,SV,Warner,1.002765,2026-04-09
2026,15,SV,Indies,1.053006,2026-04-09
2026,16,SV,Universal,1.868258,2026-04-16
2026,16,SV,INgrooves,1.319901,2026-04-16
2026,16,SV,Virgin,0.675185,2026-04-16
2026,16,SV,Sony,2.865066,2026-04-16
2026,16,SV,Orchard,3.646157,2026-04-16
2026,16,SV,Warner,1.04124,2026-04-16
2026,16,SV,Indies,1.025501,2026-04-16
2026,17,SV,Universal,1.539052,2026-04-23
2026,17,SV,INgrooves,1.210975,2026-04-23
2026,17,SV,Virgin,0.525846,2026-04-23
2026,17,SV,Sony,3.226788,2026-04-23
2026,17,SV,Orchard,3.849933,2026-04-23
2026,17,SV,Warner,1.128766,2026-04-23
2026,17,SV,Indies,1.289855,2026-04-23
2026,18,SV,Universal,1.555447,2026-04-30
2026,18,SV,INgrooves,1.123739,2026-04-30
2026,18,SV,Virgin,0.501046,2026-04-30
2026,18,SV,Sony,3.267504,2026-04-30
2026,18,SV,Orchard,3.642037,2026-04-30
2026,18,SV,Warner,0.943401,2026-04-30
2026,18,SV,Indies,1.242856,2026-04-30
2026,19,SV,Universal,1.793704,2026-05-07
2026,19,SV,INgrooves,1.586611,2026-05-07
2026,19,SV,Virgin,0.0,2026-05-07
2026,19,SV,Sony,3.234159,2026-05-07
2026,19,SV,Orchard,3.33586,2026-05-07
2026,19,SV,Warner,0.861706,2026-05-07
2026,19,SV,Indies,0.91421,2026-05-07
2026,20,SV,Universal,1.832776,2026-05-14
2026,20,SV,INgrooves,0.893437,2026-05-14
2026,20,SV,Virgin,0.470952,2026-05-14
2026,20,SV,Sony,3.128179,2026-05-14
2026,20,SV,Orchard,3.270953,2026-05-14
2026,20,SV,Warner,0.994674,2026-05-14
2026,20,SV,Indies,1.148389,2026-05-14
2026,21,SV,Universal,1.630114,2026-05-21
2026,21,SV,INgrooves,0.772318,2026-05-21
2026,21,SV,Virgin,0.382333,2026-05-21
2026,21,SV,Sony,2.986535,2026-05-21
2026,21,SV,Orchard,3.689726,2026-05-21
2026,21,SV,Warner,1.174811,2026-05-21
2026,21,SV,Indies,1.262259,2026-05-21
2026,22,SV,Universal,1.89476,2026-05-28
2026,22,SV,INgrooves,0.607276,2026-05-28
2026,22,SV,Virgin,0.420868,2026-05-28
2026,22,SV,Sony,2.972437,2026-05-28
2026,22,SV,Orchard,3.63325,2026-05-28
2026,22,SV,Warner,0.973266,2026-05-28
2026,22,SV,Indies,1.247783,2026-05-28
2026,23,SV,Universal,1.371128,2026-06-04
2026,23,SV,INgrooves,0.718333,2026-06-04
2026,23,SV,Virgin,0.400888,2026-06-04
2026,23,SV,Sony,2.96642,2026-06-04
2026,23,SV,Orchard,3.805757,2026-06-04
2026,23,SV,Warner,0.932934,2026-06-04
2026,23,SV,Indies,1.190344,2026-06-04
2026,24,SV,Universal,1.640579,2026-06-11
2026,24,SV,INgrooves,0.74418,2026-06-11
2026,24,SV,Virgin,0.421458,2026-06-11
2026,24,SV,Sony,2.632799,2026-06-11
2026,24,SV,Orchard,3.4776,2026-06-11
2026,24,SV,Warner,0.781881,2026-06-11
2026,24,SV,Indies,1.122377,2026-06-11
2025,1,NI,Universal,1.731968,2025-01-02
2025,1,NI,INgrooves,0.28783,2025-01-02
2025,1,NI,Virgin,0.054782,2025-01-02
2025,1,NI,Sony,1.483774,2025-01-02
2025,1,NI,Orchard,1.204394,2025-01-02
2025,1,NI,Warner,0.541974,2025-01-02
2025,1,NI,Indies,1.080807,2025-01-02
2025,2,NI,Universal,1.371315,2025-01-09
2025,2,NI,INgrooves,0.314797,2025-01-09
2025,2,NI,Virgin,0.056451,2025-01-09
2025,2,NI,Sony,1.479763,2025-01-09
2025,2,NI,Orchard,2.557258,2025-01-09
2025,2,NI,Warner,0.591255,2025-01-09
2025,2,NI,Indies,0.927948,2025-01-09
2025,3,NI,Universal,1.379454,2025-01-16
2025,3,NI,INgrooves,0.339245,2025-01-16
2025,3,NI,Virgin,0.032054,2025-01-16
2025,3,NI,Sony,1.490637,2025-01-16
2025,3,NI,Orchard,3.052876,2025-01-16
2025,3,NI,Warner,0.76449,2025-01-16
2025,3,NI,Indies,0.92542,2025-01-16
2025,4,NI,Universal,1.361089,2025-01-23
2025,4,NI,INgrooves,0.312473,2025-01-23
2025,4,NI,Virgin,0.034812,2025-01-23
2025,4,NI,Sony,1.51024,2025-01-23
2025,4,NI,Orchard,2.694179,2025-01-23
2025,4,NI,Warner,0.923187,2025-01-23
2025,4,NI,Indies,0.923963,2025-01-23
2025,5,NI,Universal,1.213563,2025-01-30
2025,5,NI,INgrooves,0.287101,2025-01-30
2025,5,NI,Virgin,0.031789,2025-01-30
2025,5,NI,Sony,1.409221,2025-01-30
2025,5,NI,Orchard,2.405304,2025-01-30
2025,5,NI,Warner,0.717499,2025-01-30
2025,5,NI,Indies,0.841299,2025-01-30
2025,6,NI,Universal,1.225451,2025-02-06
2025,6,NI,INgrooves,0.299688,2025-02-06
2025,6,NI,Virgin,0.029872,2025-02-06
2025,6,NI,Sony,1.649055,2025-02-06
2025,6,NI,Orchard,2.269378,2025-02-06
2025,6,NI,Warner,0.55776,2025-02-06
2025,6,NI,Indies,1.004526,2025-02-06
2025,7,NI,Universal,1.439047,2025-02-13
2025,7,NI,INgrooves,0.252439,2025-02-13
2025,7,NI,Virgin,0.027643,2025-02-13
2025,7,NI,Sony,1.681663,2025-02-13
2025,7,NI,Orchard,2.242917,2025-02-13
2025,7,NI,Warner,0.523788,2025-02-13
2025,7,NI,Indies,0.94804,2025-02-13
2025,8,NI,Universal,1.428981,2025-02-20
2025,8,NI,INgrooves,0.225693,2025-02-20
2025,8,NI,Virgin,0.0266,2025-02-20
2025,8,NI,Sony,1.759905,2025-02-20
2025,8,NI,Orchard,2.076436,2025-02-20
2025,8,NI,Warner,0.59238,2025-02-20
2025,8,NI,Indies,1.024132,2025-02-20
2025,9,NI,Universal,1.275853,2025-02-27
2025,9,NI,INgrooves,0.250542,2025-02-27
2025,9,NI,Virgin,0.026649,2025-02-27
2025,9,NI,Sony,1.929579,2025-02-27
2025,9,NI,Orchard,1.959523,2025-02-27
2025,9,NI,Warner,0.66309,2025-02-27
2025,9,NI,Indies,1.083627,2025-02-27
2025,10,NI,Universal,1.215498,2025-03-06
2025,10,NI,INgrooves,0.256776,2025-03-06
2025,10,NI,Virgin,0.028424,2025-03-06
2025,10,NI,Sony,1.753613,2025-03-06
2025,10,NI,Orchard,1.916512,2025-03-06
2025,10,NI,Warner,0.850254,2025-03-06
2025,10,NI,Indies,1.109294,2025-03-06
2025,11,NI,Universal,1.004984,2025-03-13
2025,11,NI,INgrooves,0.288473,2025-03-13
2025,11,NI,Virgin,0.024972,2025-03-13
2025,11,NI,Sony,1.79805,2025-03-13
2025,11,NI,Orchard,1.789519,2025-03-13
2025,11,NI,Warner,0.752075,2025-03-13
2025,11,NI,Indies,1.050771,2025-03-13
2025,12,NI,Universal,1.017375,2025-03-20
2025,12,NI,INgrooves,0.280938,2025-03-20
2025,12,NI,Virgin,0.026331,2025-03-20
2025,12,NI,Sony,1.889838,2025-03-20
2025,12,NI,Orchard,1.707644,2025-03-20
2025,12,NI,Warner,0.719041,2025-03-20
2025,12,NI,Indies,1.145295,2025-03-20
2025,13,NI,Universal,1.056386,2025-03-27
2025,13,NI,INgrooves,0.326328,2025-03-27
2025,13,NI,Virgin,0.023705,2025-03-27
2025,13,NI,Sony,1.922333,2025-03-27
2025,13,NI,Orchard,1.755591,2025-03-27
2025,13,NI,Warner,0.716568,2025-03-27
2025,13,NI,Indies,0.973481,2025-03-27
2025,14,NI,Universal,0.975379,2025-04-03
2025,14,NI,INgrooves,0.287364,2025-04-03
2025,14,NI,Virgin,0.022387,2025-04-03
2025,14,NI,Sony,1.94273,2025-04-03
2025,14,NI,Orchard,1.721831,2025-04-03
2025,14,NI,Warner,0.632243,2025-04-03
2025,14,NI,Indies,1.008712,2025-04-03
2025,15,NI,Universal,0.967148,2025-04-10
2025,15,NI,INgrooves,0.262402,2025-04-10
2025,15,NI,Virgin,0.022057,2025-04-10
2025,15,NI,Sony,1.945442,2025-04-10
2025,15,NI,Orchard,1.706653,2025-04-10
2025,15,NI,Warner,0.686477,2025-04-10
2025,15,NI,Indies,0.964633,2025-04-10
2025,16,NI,Universal,0.966239,2025-04-17
2025,16,NI,INgrooves,0.248444,2025-04-17
2025,16,NI,Virgin,0.023156,2025-04-17
2025,16,NI,Sony,1.813454,2025-04-17
2025,16,NI,Orchard,1.602374,2025-04-17
2025,16,NI,Warner,0.709057,2025-04-17
2025,16,NI,Indies,0.961342,2025-04-17
2025,17,NI,Universal,1.019379,2025-04-24
2025,17,NI,INgrooves,0.234466,2025-04-24
2025,17,NI,Virgin,0.022205,2025-04-24
2025,17,NI,Sony,1.611089,2025-04-24
2025,17,NI,Orchard,1.500228,2025-04-24
2025,17,NI,Warner,0.613812,2025-04-24
2025,17,NI,Indies,0.794221,2025-04-24
2025,18,NI,Universal,1.122653,2025-05-01
2025,18,NI,INgrooves,0.251286,2025-05-01
2025,18,NI,Virgin,0.044612,2025-05-01
2025,18,NI,Sony,1.739863,2025-05-01
2025,18,NI,Orchard,1.566372,2025-05-01
2025,18,NI,Warner,0.684798,2025-05-01
2025,18,NI,Indies,0.925599,2025-05-01
2025,19,NI,Universal,1.088658,2025-05-08
2025,19,NI,INgrooves,0.270606,2025-05-08
2025,19,NI,Virgin,0.059978,2025-05-08
2025,19,NI,Sony,1.700582,2025-05-08
2025,19,NI,Orchard,1.491005,2025-05-08
2025,19,NI,Warner,0.668003,2025-05-08
2025,19,NI,Indies,0.940103,2025-05-08
2025,20,NI,Universal,1.013204,2025-05-15
2025,20,NI,INgrooves,0.188301,2025-05-15
2025,20,NI,Virgin,0.105216,2025-05-15
2025,20,NI,Sony,1.841262,2025-05-15
2025,20,NI,Orchard,1.764982,2025-05-15
2025,20,NI,Warner,0.670414,2025-05-15
2025,20,NI,Indies,0.954793,2025-05-15
2025,21,NI,Universal,0.977372,2025-05-22
2025,21,NI,INgrooves,0.202887,2025-05-22
2025,21,NI,Virgin,0.114141,2025-05-22
2025,21,NI,Sony,2.198765,2025-05-22
2025,21,NI,Orchard,1.832479,2025-05-22
2025,21,NI,Warner,0.679086,2025-05-22
2025,21,NI,Indies,0.967261,2025-05-22
2025,22,NI,Universal,0.969818,2025-05-29
2025,22,NI,INgrooves,0.216761,2025-05-29
2025,22,NI,Virgin,0.103213,2025-05-29
2025,22,NI,Sony,2.040953,2025-05-29
2025,22,NI,Orchard,1.840398,2025-05-29
2025,22,NI,Warner,0.590108,2025-05-29
2025,22,NI,Indies,0.938773,2025-05-29
2025,23,NI,Universal,0.838935,2025-06-05
2025,23,NI,INgrooves,0.196279,2025-06-05
2025,23,NI,Virgin,0.113009,2025-06-05
2025,23,NI,Sony,1.912513,2025-06-05
2025,23,NI,Orchard,1.673598,2025-06-05
2025,23,NI,Warner,0.585682,2025-06-05
2025,23,NI,Indies,0.809893,2025-06-05
2025,24,NI,Universal,0.846531,2025-06-12
2025,24,NI,INgrooves,0.154546,2025-06-12
2025,24,NI,Virgin,0.084753,2025-06-12
2025,24,NI,Sony,1.887934,2025-06-12
2025,24,NI,Orchard,1.488444,2025-06-12
2025,24,NI,Warner,0.8212,2025-06-12
2025,24,NI,Indies,0.814812,2025-06-12
2026,1,NI,Universal,1.251515,2026-01-01
2026,1,NI,INgrooves,0.227012,2026-01-01
2026,1,NI,Virgin,0.116327,2026-01-01
2026,1,NI,Sony,2.118937,2026-01-01
2026,1,NI,Orchard,1.790484,2026-01-01
2026,1,NI,Warner,0.636496,2026-01-01
2026,1,NI,Indies,0.890937,2026-01-01
2026,2,NI,Universal,1.001661,2026-01-08
2026,2,NI,INgrooves,0.166268,2026-01-08
2026,2,NI,Virgin,0.096241,2026-01-08
2026,2,NI,Sony,1.979268,2026-01-08
2026,2,NI,Orchard,1.665801,2026-01-08
2026,2,NI,Warner,0.708191,2026-01-08
2026,2,NI,Indies,0.786361,2026-01-08
2026,3,NI,Universal,1.000625,2026-01-15
2026,3,NI,INgrooves,0.188494,2026-01-15
2026,3,NI,Virgin,0.121799,2026-01-15
2026,3,NI,Sony,2.108409,2026-01-15
2026,3,NI,Orchard,1.636276,2026-01-15
2026,3,NI,Warner,0.72626,2026-01-15
2026,3,NI,Indies,0.764887,2026-01-15
2026,4,NI,Universal,0.981456,2026-01-22
2026,4,NI,INgrooves,0.187052,2026-01-22
2026,4,NI,Virgin,0.123434,2026-01-22
2026,4,NI,Sony,2.033564,2026-01-22
2026,4,NI,Orchard,1.657333,2026-01-22
2026,4,NI,Warner,0.705273,2026-01-22
2026,4,NI,Indies,0.760421,2026-01-22
2026,5,NI,Universal,0.980422,2026-01-29
2026,5,NI,INgrooves,0.21465,2026-01-29
2026,5,NI,Virgin,0.125843,2026-01-29
2026,5,NI,Sony,2.232172,2026-01-29
2026,5,NI,Orchard,1.573709,2026-01-29
2026,5,NI,Warner,0.737051,2026-01-29
2026,5,NI,Indies,0.818933,2026-01-29
2026,6,NI,Universal,0.95682,2026-02-05
2026,6,NI,INgrooves,0.163637,2026-02-05
2026,6,NI,Virgin,0.097063,2026-02-05
2026,6,NI,Sony,2.22373,2026-02-05
2026,6,NI,Orchard,1.797909,2026-02-05
2026,6,NI,Warner,0.755008,2026-02-05
2026,6,NI,Indies,0.808813,2026-02-05
2026,7,NI,Universal,1.0360805,2026-02-12
2026,7,NI,INgrooves,0.17741,2026-02-12
2026,7,NI,Virgin,0.121086,2026-02-12
2026,7,NI,Sony,1.983466,2026-02-12
2026,7,NI,Orchard,2.5629175,2026-02-12
2026,7,NI,Warner,0.741954,2026-02-12
2026,7,NI,Indies,0.776714,2026-02-12
2026,8,NI,Universal,1.062502,2026-02-19
2026,8,NI,INgrooves,0.219741,2026-02-19
2026,8,NI,Virgin,0.12354,2026-02-19
2026,8,NI,Sony,1.983155,2026-02-19
2026,8,NI,Orchard,2.353041,2026-02-19
2026,8,NI,Warner,0.932515,2026-02-19
2026,8,NI,Indies,0.835684,2026-02-19
2026,9,NI,Universal,0.973407,2026-02-26
2026,9,NI,INgrooves,0.186052,2026-02-26
2026,9,NI,Virgin,0.07274,2026-02-26
2026,9,NI,Sony,1.800097,2026-02-26
2026,9,NI,Orchard,2.417694,2026-02-26
2026,9,NI,Warner,0.810058,2026-02-26
2026,9,NI,Indies,0.967789,2026-02-26
2026,10,NI,Universal,0.959073,2026-03-05
2026,10,NI,INgrooves,0.208911,2026-03-05
2026,10,NI,Virgin,0.372419,2026-03-05
2026,10,NI,Sony,1.917659,2026-03-05
2026,10,NI,Orchard,2.217618,2026-03-05
2026,10,NI,Warner,0.764992,2026-03-05
2026,10,NI,Indies,0.673405,2026-03-05
2026,11,NI,Universal,0.880706,2026-03-12
2026,11,NI,INgrooves,0.19473,2026-03-12
2026,11,NI,Virgin,0.379687,2026-03-12
2026,11,NI,Sony,1.999744,2026-03-12
2026,11,NI,Orchard,2.191913,2026-03-12
2026,11,NI,Warner,0.727107,2026-03-12
2026,11,NI,Indies,0.613598,2026-03-12
2026,12,NI,Universal,0.977964,2026-03-19
2026,12,NI,INgrooves,0.404788,2026-03-19
2026,12,NI,Virgin,0.487487,2026-03-19
2026,12,NI,Sony,1.839038,2026-03-19
2026,12,NI,Orchard,2.18023,2026-03-19
2026,12,NI,Warner,0.633838,2026-03-19
2026,12,NI,Indies,0.645974,2026-03-19
2026,13,NI,Universal,0.901595,2026-03-26
2026,13,NI,INgrooves,1.23857,2026-03-26
2026,13,NI,Virgin,0.43129,2026-03-26
2026,13,NI,Sony,1.816,2026-03-26
2026,13,NI,Orchard,1.992366,2026-03-26
2026,13,NI,Warner,0.682177,2026-03-26
2026,13,NI,Indies,0.60879,2026-03-26
2026,14,NI,Universal,1.016522,2026-04-02
2026,14,NI,INgrooves,0.881056,2026-04-02
2026,14,NI,Virgin,0.404838,2026-04-02
2026,14,NI,Sony,1.706904,2026-04-02
2026,14,NI,Orchard,1.980824,2026-04-02
2026,14,NI,Warner,0.653474,2026-04-02
2026,14,NI,Indies,0.586585,2026-04-02
2026,15,NI,Universal,0.921282,2026-04-09
2026,15,NI,INgrooves,0.687623,2026-04-09
2026,15,NI,Virgin,0.258697,2026-04-09
2026,15,NI,Sony,1.574349,2026-04-09
2026,15,NI,Orchard,1.871821,2026-04-09
2026,15,NI,Warner,0.590566,2026-04-09
2026,15,NI,Indies,0.660147,2026-04-09
2026,16,NI,Universal,1.096041,2026-04-16
2026,16,NI,INgrooves,0.657299,2026-04-16
2026,16,NI,Virgin,0.38015,2026-04-16
2026,16,NI,Sony,1.803604,2026-04-16
2026,16,NI,Orchard,2.018948,2026-04-16
2026,16,NI,Warner,0.641214,2026-04-16
2026,16,NI,Indies,0.621839,2026-04-16
2026,17,NI,Universal,1.00411,2026-04-23
2026,17,NI,INgrooves,0.543492,2026-04-23
2026,17,NI,Virgin,0.322819,2026-04-23
2026,17,NI,Sony,1.979819,2026-04-23
2026,17,NI,Orchard,2.129599,2026-04-23
2026,17,NI,Warner,0.645054,2026-04-23
2026,17,NI,Indies,0.818314,2026-04-23
2026,18,NI,Universal,0.908447,2026-04-30
2026,18,NI,INgrooves,0.511739,2026-04-30
2026,18,NI,Virgin,0.275532,2026-04-30
2026,18,NI,Sony,1.954242,2026-04-30
2026,18,NI,Orchard,1.941633,2026-04-30
2026,18,NI,Warner,0.620166,2026-04-30
2026,18,NI,Indies,0.782917,2026-04-30
2026,19,NI,Universal,1.081969,2026-05-07
2026,19,NI,INgrooves,0.76157,2026-05-07
2026,19,NI,Virgin,0.0,2026-05-07
2026,19,NI,Sony,1.905001,2026-05-07
2026,19,NI,Orchard,1.836665,2026-05-07
2026,19,NI,Warner,0.547021,2026-05-07
2026,19,NI,Indies,0.695558,2026-05-07
2026,20,NI,Universal,1.04886,2026-05-14
2026,20,NI,INgrooves,0.383045,2026-05-14
2026,20,NI,Virgin,0.286354,2026-05-14
2026,20,NI,Sony,2.05769,2026-05-14
2026,20,NI,Orchard,1.842013,2026-05-14
2026,20,NI,Warner,0.567468,2026-05-14
2026,20,NI,Indies,0.7563,2026-05-14
2026,21,NI,Universal,0.973094,2026-05-21
2026,21,NI,INgrooves,0.306059,2026-05-21
2026,21,NI,Virgin,0.262956,2026-05-21
2026,21,NI,Sony,2.105589,2026-05-21
2026,21,NI,Orchard,1.957739,2026-05-21
2026,21,NI,Warner,0.656567,2026-05-21
2026,21,NI,Indies,0.837898,2026-05-21
2026,22,NI,Universal,0.90887,2026-05-28
2026,22,NI,INgrooves,0.346822,2026-05-28
2026,22,NI,Virgin,0.246956,2026-05-28
2026,22,NI,Sony,2.056137,2026-05-28
2026,22,NI,Orchard,1.963978,2026-05-28
2026,22,NI,Warner,0.584369,2026-05-28
2026,22,NI,Indies,0.864466,2026-05-28
2026,23,NI,Universal,0.694556,2026-06-04
2026,23,NI,INgrooves,0.346875,2026-06-04
2026,23,NI,Virgin,0.231036,2026-06-04
2026,23,NI,Sony,2.064209,2026-06-04
2026,23,NI,Orchard,1.955683,2026-06-04
2026,23,NI,Warner,0.542862,2026-06-04
2026,23,NI,Indies,0.850114,2026-06-04
2026,24,NI,Universal,0.918654,2026-06-11
2026,24,NI,INgrooves,0.33727,2026-06-11
2026,24,NI,Virgin,0.248158,2026-06-11
2026,24,NI,Sony,1.844694,2026-06-11
2026,24,NI,Orchard,1.830068,2026-06-11
2026,24,NI,Warner,0.525886,2026-06-11
2026,24,NI,Indies,0.789471,2026-06-11
2025,1,DO,Universal,1.055181,2025-01-02
2025,1,DO,INgrooves,0.21687,2025-01-02
2025,1,DO,Virgin,0.04365,2025-01-02
2025,1,DO,Sony,1.74887,2025-01-02
2025,1,DO,Orchard,1.74601,2025-01-02
2025,1,DO,Warner,1.378936,2025-01-02
2025,1,DO,Indies,5.185295,2025-01-02
2025,2,DO,Universal,1.1802335,2025-01-09
2025,2,DO,INgrooves,0.25388,2025-01-09
2025,2,DO,Virgin,0.058834,2025-01-09
2025,2,DO,Sony,1.521282,2025-01-09
2025,2,DO,Orchard,5.3810875,2025-01-09
2025,2,DO,Warner,1.393654,2025-01-09
2025,2,DO,Indies,4.632381,2025-01-09
2025,3,DO,Universal,1.152635,2025-01-16
2025,3,DO,INgrooves,0.33365,2025-01-16
2025,3,DO,Virgin,0.074931,2025-01-16
2025,3,DO,Sony,1.689324,2025-01-16
2025,3,DO,Orchard,7.048589,2025-01-16
2025,3,DO,Warner,1.776122,2025-01-16
2025,3,DO,Indies,5.215574,2025-01-16
2025,4,DO,Universal,1.147528,2025-01-23
2025,4,DO,INgrooves,0.30741,2025-01-23
2025,4,DO,Virgin,0.033609,2025-01-23
2025,4,DO,Sony,1.640938,2025-01-23
2025,4,DO,Orchard,5.651383,2025-01-23
2025,4,DO,Warner,2.150263,2025-01-23
2025,4,DO,Indies,5.370686,2025-01-23
2025,5,DO,Universal,1.102225,2025-01-30
2025,5,DO,INgrooves,0.339765,2025-01-30
2025,5,DO,Virgin,0.031228,2025-01-30
2025,5,DO,Sony,1.435892,2025-01-30
2025,5,DO,Orchard,4.993895,2025-01-30
2025,5,DO,Warner,1.444754,2025-01-30
2025,5,DO,Indies,4.880917,2025-01-30
2025,6,DO,Universal,1.218248,2025-02-06
2025,6,DO,INgrooves,0.363677,2025-02-06
2025,6,DO,Virgin,0.0,2025-02-06
2025,6,DO,Sony,1.59009,2025-02-06
2025,6,DO,Orchard,4.569504,2025-02-06
2025,6,DO,Warner,0.713885,2025-02-06
2025,6,DO,Indies,5.273883,2025-02-06
2025,7,DO,Universal,1.33756,2025-02-13
2025,7,DO,INgrooves,0.420962,2025-02-13
2025,7,DO,Virgin,0.0,2025-02-13
2025,7,DO,Sony,1.612521,2025-02-13
2025,7,DO,Orchard,4.000022,2025-02-13
2025,7,DO,Warner,0.735582,2025-02-13
2025,7,DO,Indies,4.963928,2025-02-13
2025,8,DO,Universal,1.23784,2025-02-20
2025,8,DO,INgrooves,0.260081,2025-02-20
2025,8,DO,Virgin,0.0,2025-02-20
2025,8,DO,Sony,1.597465,2025-02-20
2025,8,DO,Orchard,3.62234,2025-02-20
2025,8,DO,Warner,1.091019,2025-02-20
2025,8,DO,Indies,5.067694,2025-02-20
2025,9,DO,Universal,1.171918,2025-02-27
2025,9,DO,INgrooves,0.181172,2025-02-27
2025,9,DO,Virgin,0.0,2025-02-27
2025,9,DO,Sony,1.393823,2025-02-27
2025,9,DO,Orchard,3.548833,2025-02-27
2025,9,DO,Warner,1.286942,2025-02-27
2025,9,DO,Indies,5.301485,2025-02-27
2025,10,DO,Universal,1.256662,2025-03-06
2025,10,DO,INgrooves,0.146089,2025-03-06
2025,10,DO,Virgin,0.0,2025-03-06
2025,10,DO,Sony,1.421061,2025-03-06
2025,10,DO,Orchard,3.39204,2025-03-06
2025,10,DO,Warner,1.630879,2025-03-06
2025,10,DO,Indies,4.897129,2025-03-06
2025,11,DO,Universal,1.135367,2025-03-13
2025,11,DO,INgrooves,0.201515,2025-03-13
2025,11,DO,Virgin,0.0,2025-03-13
2025,11,DO,Sony,1.50271,2025-03-13
2025,11,DO,Orchard,3.411706,2025-03-13
2025,11,DO,Warner,1.194443,2025-03-13
2025,11,DO,Indies,4.877135,2025-03-13
2025,12,DO,Universal,1.140897,2025-03-20
2025,12,DO,INgrooves,0.195973,2025-03-20
2025,12,DO,Virgin,0.0,2025-03-20
2025,12,DO,Sony,1.748749,2025-03-20
2025,12,DO,Orchard,2.874838,2025-03-20
2025,12,DO,Warner,0.747686,2025-03-20
2025,12,DO,Indies,5.154155,2025-03-20
2025,13,DO,Universal,0.853836,2025-03-27
2025,13,DO,INgrooves,0.265107,2025-03-27
2025,13,DO,Virgin,0.0,2025-03-27
2025,13,DO,Sony,1.894812,2025-03-27
2025,13,DO,Orchard,3.123093,2025-03-27
2025,13,DO,Warner,1.026343,2025-03-27
2025,13,DO,Indies,4.570434,2025-03-27
2025,14,DO,Universal,0.837663,2025-04-03
2025,14,DO,INgrooves,0.267986,2025-04-03
2025,14,DO,Virgin,0.0,2025-04-03
2025,14,DO,Sony,1.863392,2025-04-03
2025,14,DO,Orchard,3.353919,2025-04-03
2025,14,DO,Warner,1.050435,2025-04-03
2025,14,DO,Indies,4.353188,2025-04-03
2025,15,DO,Universal,0.700916,2025-04-10
2025,15,DO,INgrooves,0.263875,2025-04-10
2025,15,DO,Virgin,0.0,2025-04-10
2025,15,DO,Sony,1.594076,2025-04-10
2025,15,DO,Orchard,4.716172,2025-04-10
2025,15,DO,Warner,0.808017,2025-04-10
2025,15,DO,Indies,4.064193,2025-04-10
2025,16,DO,Universal,0.743967,2025-04-17
2025,16,DO,INgrooves,0.24001,2025-04-17
2025,16,DO,Virgin,0.0,2025-04-17
2025,16,DO,Sony,1.349205,2025-04-17
2025,16,DO,Orchard,3.235048,2025-04-17
2025,16,DO,Warner,0.755877,2025-04-17
2025,16,DO,Indies,5.228751,2025-04-17
2025,17,DO,Universal,0.789982,2025-04-24
2025,17,DO,INgrooves,0.269903,2025-04-24
2025,17,DO,Virgin,0.0,2025-04-24
2025,17,DO,Sony,1.246567,2025-04-24
2025,17,DO,Orchard,2.768629,2025-04-24
2025,17,DO,Warner,0.771386,2025-04-24
2025,17,DO,Indies,4.291016,2025-04-24
2025,18,DO,Universal,0.841556,2025-05-01
2025,18,DO,INgrooves,0.268133,2025-05-01
2025,18,DO,Virgin,0.049619,2025-05-01
2025,18,DO,Sony,1.458858,2025-05-01
2025,18,DO,Orchard,2.869858,2025-05-01
2025,18,DO,Warner,0.840043,2025-05-01
2025,18,DO,Indies,4.472523,2025-05-01
2025,19,DO,Universal,0.899473,2025-05-08
2025,19,DO,INgrooves,0.258709,2025-05-08
2025,19,DO,Virgin,0.106125,2025-05-08
2025,19,DO,Sony,1.405083,2025-05-08
2025,19,DO,Orchard,2.907708,2025-05-08
2025,19,DO,Warner,0.839395,2025-05-08
2025,19,DO,Indies,4.778339,2025-05-08
2025,20,DO,Universal,1.097001,2025-05-15
2025,20,DO,INgrooves,0.234415,2025-05-15
2025,20,DO,Virgin,0.162277,2025-05-15
2025,20,DO,Sony,1.352241,2025-05-15
2025,20,DO,Orchard,3.052958,2025-05-15
2025,20,DO,Warner,0.944403,2025-05-15
2025,20,DO,Indies,4.689676,2025-05-15
2025,21,DO,Universal,1.007808,2025-05-22
2025,21,DO,INgrooves,0.184388,2025-05-22
2025,21,DO,Virgin,0.173312,2025-05-22
2025,21,DO,Sony,1.782489,2025-05-22
2025,21,DO,Orchard,3.35227,2025-05-22
2025,21,DO,Warner,0.721653,2025-05-22
2025,21,DO,Indies,3.996095,2025-05-22
2025,22,DO,Universal,1.022178,2025-05-29
2025,22,DO,INgrooves,0.265529,2025-05-29
2025,22,DO,Virgin,0.158872,2025-05-29
2025,22,DO,Sony,2.013703,2025-05-29
2025,22,DO,Orchard,3.213154,2025-05-29
2025,22,DO,Warner,0.721741,2025-05-29
2025,22,DO,Indies,3.943073,2025-05-29
2025,23,DO,Universal,0.985365,2025-06-05
2025,23,DO,INgrooves,0.242707,2025-06-05
2025,23,DO,Virgin,0.142293,2025-06-05
2025,23,DO,Sony,2.313723,2025-06-05
2025,23,DO,Orchard,2.968307,2025-06-05
2025,23,DO,Warner,0.89612,2025-06-05
2025,23,DO,Indies,3.807382,2025-06-05
2025,24,DO,Universal,0.896301,2025-06-12
2025,24,DO,INgrooves,0.22978,2025-06-12
2025,24,DO,Virgin,0.134072,2025-06-12
2025,24,DO,Sony,2.274013,2025-06-12
2025,24,DO,Orchard,2.668423,2025-06-12
2025,24,DO,Warner,0.955344,2025-06-12
2025,24,DO,Indies,3.919141,2025-06-12
2026,1,DO,Universal,0.810148,2026-01-01
2026,1,DO,INgrooves,0.241242,2026-01-01
2026,1,DO,Virgin,0.032901,2026-01-01
2026,1,DO,Sony,2.171823,2026-01-01
2026,1,DO,Orchard,2.272766,2026-01-01
2026,1,DO,Warner,0.540455,2026-01-01
2026,1,DO,Indies,4.567392,2026-01-01
2026,2,DO,Universal,0.751931,2026-01-08
2026,2,DO,INgrooves,0.198368,2026-01-08
2026,2,DO,Virgin,0.03633,2026-01-08
2026,2,DO,Sony,2.064256,2026-01-08
2026,2,DO,Orchard,2.091537,2026-01-08
2026,2,DO,Warner,0.69476,2026-01-08
2026,2,DO,Indies,4.511096,2026-01-08
2026,3,DO,Universal,0.778145,2026-01-15
2026,3,DO,INgrooves,0.197066,2026-01-15
2026,3,DO,Virgin,0.037506,2026-01-15
2026,3,DO,Sony,2.177689,2026-01-15
2026,3,DO,Orchard,2.178974,2026-01-15
2026,3,DO,Warner,0.811161,2026-01-15
2026,3,DO,Indies,5.073374,2026-01-15
2026,4,DO,Universal,0.779542,2026-01-22
2026,4,DO,INgrooves,0.197752,2026-01-22
2026,4,DO,Virgin,0.038806,2026-01-22
2026,4,DO,Sony,2.182609,2026-01-22
2026,4,DO,Orchard,2.156048,2026-01-22
2026,4,DO,Warner,0.775503,2026-01-22
2026,4,DO,Indies,5.566154,2026-01-22
2026,5,DO,Universal,0.755374,2026-01-29
2026,5,DO,INgrooves,0.197756,2026-01-29
2026,5,DO,Virgin,0.038595,2026-01-29
2026,5,DO,Sony,2.18864,2026-01-29
2026,5,DO,Orchard,2.084414,2026-01-29
2026,5,DO,Warner,0.756023,2026-01-29
2026,5,DO,Indies,5.57677,2026-01-29
2026,6,DO,Universal,0.879139,2026-02-05
2026,6,DO,INgrooves,0.163239,2026-02-05
2026,6,DO,Virgin,0.037702,2026-02-05
2026,6,DO,Sony,1.991469,2026-02-05
2026,6,DO,Orchard,2.309153,2026-02-05
2026,6,DO,Warner,0.651018,2026-02-05
2026,6,DO,Indies,5.79052,2026-02-05
2026,7,DO,Universal,0.943183,2026-02-12
2026,7,DO,INgrooves,0.170851,2026-02-12
2026,7,DO,Virgin,0.037325,2026-02-12
2026,7,DO,Sony,1.779721,2026-02-12
2026,7,DO,Orchard,3.082756,2026-02-12
2026,7,DO,Warner,0.600022,2026-02-12
2026,7,DO,Indies,5.539457,2026-02-12
2026,8,DO,Universal,0.956543,2026-02-19
2026,8,DO,INgrooves,0.166487,2026-02-19
2026,8,DO,Virgin,0.075425,2026-02-19
2026,8,DO,Sony,1.823366,2026-02-19
2026,8,DO,Orchard,2.937817,2026-02-19
2026,8,DO,Warner,0.518178,2026-02-19
2026,8,DO,Indies,5.697799,2026-02-19
2026,9,DO,Universal,1.204302,2026-02-26
2026,9,DO,INgrooves,0.077912,2026-02-26
2026,9,DO,Virgin,0.112427,2026-02-26
2026,9,DO,Sony,1.653123,2026-02-26
2026,9,DO,Orchard,3.725925,2026-02-26
2026,9,DO,Warner,0.426358,2026-02-26
2026,9,DO,Indies,5.143993,2026-02-26
2026,10,DO,Universal,0.875167,2026-03-05
2026,10,DO,INgrooves,0.074846,2026-03-05
2026,10,DO,Virgin,0.116149,2026-03-05
2026,10,DO,Sony,1.693327,2026-03-05
2026,10,DO,Orchard,3.438814,2026-03-05
2026,10,DO,Warner,0.510259,2026-03-05
2026,10,DO,Indies,5.11764,2026-03-05
2026,11,DO,Universal,0.761772,2026-03-12
2026,11,DO,INgrooves,0.069687,2026-03-12
2026,11,DO,Virgin,0.119778,2026-03-12
2026,11,DO,Sony,1.648202,2026-03-12
2026,11,DO,Orchard,3.294868,2026-03-12
2026,11,DO,Warner,0.491975,2026-03-12
2026,11,DO,Indies,5.256396,2026-03-12
2026,12,DO,Universal,0.882432,2026-03-19
2026,12,DO,INgrooves,0.070152,2026-03-19
2026,12,DO,Virgin,0.125785,2026-03-19
2026,12,DO,Sony,1.589196,2026-03-19
2026,12,DO,Orchard,3.25442,2026-03-19
2026,12,DO,Warner,0.420518,2026-03-19
2026,12,DO,Indies,5.189139,2026-03-19
2026,13,DO,Universal,0.718411,2026-03-26
2026,13,DO,INgrooves,1.341596,2026-03-26
2026,13,DO,Virgin,0.050441,2026-03-26
2026,13,DO,Sony,1.62459,2026-03-26
2026,13,DO,Orchard,2.898356,2026-03-26
2026,13,DO,Warner,0.397637,2026-03-26
2026,13,DO,Indies,5.304852,2026-03-26
2026,14,DO,Universal,0.767275,2026-04-02
2026,14,DO,INgrooves,1.083452,2026-04-02
2026,14,DO,Virgin,0.049735,2026-04-02
2026,14,DO,Sony,1.628692,2026-04-02
2026,14,DO,Orchard,3.01358,2026-04-02
2026,14,DO,Warner,0.487344,2026-04-02
2026,14,DO,Indies,5.450192,2026-04-02
2026,15,DO,Universal,0.676566,2026-04-09
2026,15,DO,INgrooves,0.902565,2026-04-09
2026,15,DO,Virgin,0.04694,2026-04-09
2026,15,DO,Sony,1.380894,2026-04-09
2026,15,DO,Orchard,2.68861,2026-04-09
2026,15,DO,Warner,0.427308,2026-04-09
2026,15,DO,Indies,4.798098,2026-04-09
2026,16,DO,Universal,0.751889,2026-04-16
2026,16,DO,INgrooves,0.870492,2026-04-16
2026,16,DO,Virgin,0.048613,2026-04-16
2026,16,DO,Sony,1.426175,2026-04-16
2026,16,DO,Orchard,2.737818,2026-04-16
2026,16,DO,Warner,0.484578,2026-04-16
2026,16,DO,Indies,5.041004,2026-04-16
2026,17,DO,Universal,0.665305,2026-04-23
2026,17,DO,INgrooves,0.8171,2026-04-23
2026,17,DO,Virgin,0.044877,2026-04-23
2026,17,DO,Sony,1.568647,2026-04-23
2026,17,DO,Orchard,2.808733,2026-04-23
2026,17,DO,Warner,0.485773,2026-04-23
2026,17,DO,Indies,5.215946,2026-04-23
2026,18,DO,Universal,0.735347,2026-04-30
2026,18,DO,INgrooves,0.749768,2026-04-30
2026,18,DO,Virgin,0.042627,2026-04-30
2026,18,DO,Sony,1.565655,2026-04-30
2026,18,DO,Orchard,2.643375,2026-04-30
2026,18,DO,Warner,0.509275,2026-04-30
2026,18,DO,Indies,4.894605,2026-04-30
2026,19,DO,Universal,0.811402,2026-05-07
2026,19,DO,INgrooves,0.765098,2026-05-07
2026,19,DO,Virgin,0.0,2026-05-07
2026,19,DO,Sony,1.540567,2026-05-07
2026,19,DO,Orchard,3.168692,2026-05-07
2026,19,DO,Warner,0.404516,2026-05-07
2026,19,DO,Indies,4.55617,2026-05-07
2026,20,DO,Universal,0.934793,2026-05-14
2026,20,DO,INgrooves,0.598455,2026-05-14
2026,20,DO,Virgin,0.110526,2026-05-14
2026,20,DO,Sony,1.508795,2026-05-14
2026,20,DO,Orchard,2.833155,2026-05-14
2026,20,DO,Warner,0.362526,2026-05-14
2026,20,DO,Indies,4.687013,2026-05-14
2026,21,DO,Universal,1.108484,2026-05-21
2026,21,DO,INgrooves,0.533466,2026-05-21
2026,21,DO,Virgin,0.07435,2026-05-21
2026,21,DO,Sony,1.527097,2026-05-21
2026,21,DO,Orchard,2.900715,2026-05-21
2026,21,DO,Warner,0.399473,2026-05-21
2026,21,DO,Indies,4.688012,2026-05-21
2026,22,DO,Universal,0.824637,2026-05-28
2026,22,DO,INgrooves,0.4748,2026-05-28
2026,22,DO,Virgin,0.103457,2026-05-28
2026,22,DO,Sony,1.499332,2026-05-28
2026,22,DO,Orchard,3.087139,2026-05-28
2026,22,DO,Warner,0.521091,2026-05-28
2026,22,DO,Indies,4.585961,2026-05-28
2026,23,DO,Universal,0.726529,2026-06-04
2026,23,DO,INgrooves,0.469943,2026-06-04
2026,23,DO,Virgin,0.1004,2026-06-04
2026,23,DO,Sony,1.750748,2026-06-04
2026,23,DO,Orchard,2.799018,2026-06-04
2026,23,DO,Warner,0.518491,2026-06-04
2026,23,DO,Indies,4.401019,2026-06-04
2026,24,DO,Universal,0.877939,2026-06-11
2026,24,DO,INgrooves,0.564181,2026-06-11
2026,24,DO,Virgin,0.100498,2026-06-11
2026,24,DO,Sony,1.650962,2026-06-11
2026,24,DO,Orchard,2.421515,2026-06-11
2026,24,DO,Warner,0.409805,2026-06-11
2026,24,DO,Indies,4.038852,2026-06-11
2025,1,AR,Universal,12.328454,2025-01-02
2025,1,AR,INgrooves,0.0,2025-01-02
2025,1,AR,Virgin,0.815869,2025-01-02
2025,1,AR,Sony,25.200372,2025-01-02
2025,1,AR,Orchard,36.597814,2025-01-02
2025,1,AR,Warner,28.635699,2025-01-02
2025,1,AR,Indies,51.904033,2025-01-02
2025,2,AR,Universal,13.414784,2025-01-09
2025,2,AR,INgrooves,0.36775,2025-01-09
2025,2,AR,Virgin,1.218557,2025-01-09
2025,2,AR,Sony,21.145757,2025-01-09
2025,2,AR,Orchard,41.19059,2025-01-09
2025,2,AR,Warner,26.906296,2025-01-09
2025,2,AR,Indies,37.379368,2025-01-09
2025,3,AR,Universal,13.792641,2025-01-16
2025,3,AR,INgrooves,0.0,2025-01-16
2025,3,AR,Virgin,0.843116,2025-01-16
2025,3,AR,Sony,20.844093,2025-01-16
2025,3,AR,Orchard,57.320635,2025-01-16
2025,3,AR,Warner,26.206059,2025-01-16
2025,3,AR,Indies,39.196947,2025-01-16
2025,4,AR,Universal,13.460045,2025-01-23
2025,4,AR,INgrooves,0.36731,2025-01-23
2025,4,AR,Virgin,0.814893,2025-01-23
2025,4,AR,Sony,19.467797,2025-01-23
2025,4,AR,Orchard,52.983278,2025-01-23
2025,4,AR,Warner,25.156042,2025-01-23
2025,4,AR,Indies,34.807391,2025-01-23
2025,5,AR,Universal,12.322932,2025-01-30
2025,5,AR,INgrooves,0.697661,2025-01-30
2025,5,AR,Virgin,0.634491,2025-01-30
2025,5,AR,Sony,18.147395,2025-01-30
2025,5,AR,Orchard,49.927109,2025-01-30
2025,5,AR,Warner,23.128033,2025-01-30
2025,5,AR,Indies,31.088294,2025-01-30
2025,6,AR,Universal,14.023494,2025-02-06
2025,6,AR,INgrooves,1.063773,2025-02-06
2025,6,AR,Virgin,0.617699,2025-02-06
2025,6,AR,Sony,18.028615,2025-02-06
2025,6,AR,Orchard,46.19698,2025-02-06
2025,6,AR,Warner,24.445294,2025-02-06
2025,6,AR,Indies,33.64467,2025-02-06
2025,7,AR,Universal,12.4500385,2025-02-13
2025,7,AR,INgrooves,1.058846,2025-02-13
2025,7,AR,Virgin,0.564834,2025-02-13
2025,7,AR,Sony,19.1913035,2025-02-13
2025,7,AR,Orchard,44.181767,2025-02-13
2025,7,AR,Warner,23.474069,2025-02-13
2025,7,AR,Indies,30.710395,2025-02-13
2025,8,AR,Universal,13.7163105,2025-02-20
2025,8,AR,INgrooves,0.796487,2025-02-20
2025,8,AR,Virgin,0.553459,2025-02-20
2025,8,AR,Sony,15.5781355,2025-02-20
2025,8,AR,Orchard,40.327934,2025-02-20
2025,8,AR,Warner,22.001486,2025-02-20
2025,8,AR,Indies,29.73198,2025-02-20
2025,9,AR,Universal,11.9406115,2025-02-27
2025,9,AR,INgrooves,1.194413,2025-02-27
2025,9,AR,Virgin,0.529933,2025-02-27
2025,9,AR,Sony,16.2232195,2025-02-27
2025,9,AR,Orchard,37.012767,2025-02-27
2025,9,AR,Warner,20.550528,2025-02-27
2025,9,AR,Indies,28.343567,2025-02-27
2025,10,AR,Universal,11.343146,2025-03-06
2025,10,AR,INgrooves,1.106275,2025-03-06
2025,10,AR,Virgin,0.493853,2025-03-06
2025,10,AR,Sony,16.470175,2025-03-06
2025,10,AR,Orchard,34.953607,2025-03-06
2025,10,AR,Warner,20.038186,2025-03-06
2025,10,AR,Indies,26.611762,2025-03-06
2025,11,AR,Universal,10.5407725,2025-03-13
2025,11,AR,INgrooves,1.565551,2025-03-13
2025,11,AR,Virgin,0.481827,2025-03-13
2025,11,AR,Sony,18.8390765,2025-03-13
2025,11,AR,Orchard,29.776013,2025-03-13
2025,11,AR,Warner,19.157299,2025-03-13
2025,11,AR,Indies,25.452497,2025-03-13
2025,12,AR,Universal,9.669734,2025-03-20
2025,12,AR,INgrooves,1.509496,2025-03-20
2025,12,AR,Virgin,0.481097,2025-03-20
2025,12,AR,Sony,20.349076,2025-03-20
2025,12,AR,Orchard,30.780631,2025-03-20
2025,12,AR,Warner,20.565047,2025-03-20
2025,12,AR,Indies,27.973081,2025-03-20
2025,13,AR,Universal,10.057905,2025-03-27
2025,13,AR,INgrooves,1.95985,2025-03-27
2025,13,AR,Virgin,0.463792,2025-03-27
2025,13,AR,Sony,19.179651,2025-03-27
2025,13,AR,Orchard,31.12716,2025-03-27
2025,13,AR,Warner,20.383883,2025-03-27
2025,13,AR,Indies,25.674196,2025-03-27
2025,14,AR,Universal,10.53493,2025-04-03
2025,14,AR,INgrooves,1.592842,2025-04-03
2025,14,AR,Virgin,0.469048,2025-04-03
2025,14,AR,Sony,21.355162,2025-04-03
2025,14,AR,Orchard,33.368973,2025-04-03
2025,14,AR,Warner,19.855863,2025-04-03
2025,14,AR,Indies,24.153143,2025-04-03
2025,15,AR,Universal,10.531196,2025-04-10
2025,15,AR,INgrooves,1.47429,2025-04-10
2025,15,AR,Virgin,0.467015,2025-04-10
2025,15,AR,Sony,20.96254,2025-04-10
2025,15,AR,Orchard,30.741703,2025-04-10
2025,15,AR,Warner,18.924126,2025-04-10
2025,15,AR,Indies,23.642158,2025-04-10
2025,16,AR,Universal,11.698872,2025-04-17
2025,16,AR,INgrooves,1.177454,2025-04-17
2025,16,AR,Virgin,0.897889,2025-04-17
2025,16,AR,Sony,22.74839,2025-04-17
2025,16,AR,Orchard,29.927868,2025-04-17
2025,16,AR,Warner,20.136914,2025-04-17
2025,16,AR,Indies,24.674437,2025-04-17
2025,17,AR,Universal,13.063263,2025-04-24
2025,17,AR,INgrooves,1.067016,2025-04-24
2025,17,AR,Virgin,1.023328,2025-04-24
2025,17,AR,Sony,21.411771,2025-04-24
2025,17,AR,Orchard,27.202319,2025-04-24
2025,17,AR,Warner,18.214739,2025-04-24
2025,17,AR,Indies,21.821248,2025-04-24
2025,18,AR,Universal,11.501937,2025-05-01
2025,18,AR,INgrooves,1.012481,2025-05-01
2025,18,AR,Virgin,1.120098,2025-05-01
2025,18,AR,Sony,23.031118,2025-05-01
2025,18,AR,Orchard,30.192222,2025-05-01
2025,18,AR,Warner,18.906583,2025-05-01
2025,18,AR,Indies,23.513557,2025-05-01
2025,19,AR,Universal,13.011963,2025-05-08
2025,19,AR,INgrooves,1.043647,2025-05-08
2025,19,AR,Virgin,1.686981,2025-05-08
2025,19,AR,Sony,24.112197,2025-05-08
2025,19,AR,Orchard,26.966919,2025-05-08
2025,19,AR,Warner,19.215042,2025-05-08
2025,19,AR,Indies,21.122356,2025-05-08
2025,20,AR,Universal,13.541312,2025-05-15
2025,20,AR,INgrooves,0.708566,2025-05-15
2025,20,AR,Virgin,2.084734,2025-05-15
2025,20,AR,Sony,21.631999,2025-05-15
2025,20,AR,Orchard,31.512611,2025-05-15
2025,20,AR,Warner,23.198267,2025-05-15
2025,20,AR,Indies,21.47285,2025-05-15
2025,21,AR,Universal,12.45774,2025-05-22
2025,21,AR,INgrooves,1.111498,2025-05-22
2025,21,AR,Virgin,2.063088,2025-05-22
2025,21,AR,Sony,19.790435,2025-05-22
2025,21,AR,Orchard,29.785381,2025-05-22
2025,21,AR,Warner,21.034416,2025-05-22
2025,21,AR,Indies,19.544688,2025-05-22
2025,22,AR,Universal,10.941462,2025-05-29
2025,22,AR,INgrooves,1.972133,2025-05-29
2025,22,AR,Virgin,1.863693,2025-05-29
2025,22,AR,Sony,22.39512,2025-05-29
2025,22,AR,Orchard,28.622203,2025-05-29
2025,22,AR,Warner,19.508372,2025-05-29
2025,22,AR,Indies,18.233977,2025-05-29
2025,23,AR,Universal,12.51068,2025-06-05
2025,23,AR,INgrooves,1.315255,2025-06-05
2025,23,AR,Virgin,1.690419,2025-06-05
2025,23,AR,Sony,22.002735,2025-06-05
2025,23,AR,Orchard,29.664005,2025-06-05
2025,23,AR,Warner,18.391682,2025-06-05
2025,23,AR,Indies,17.461785,2025-06-05
2025,24,AR,Universal,12.114247,2025-06-12
2025,24,AR,INgrooves,1.076768,2025-06-12
2025,24,AR,Virgin,1.660984,2025-06-12
2025,24,AR,Sony,22.253005,2025-06-12
2025,24,AR,Orchard,26.589341,2025-06-12
2025,24,AR,Warner,19.957187,2025-06-12
2025,24,AR,Indies,19.561999,2025-06-12
2026,1,AR,Universal,10.898172,2026-01-01
2026,1,AR,INgrooves,0.520312,2026-01-01
2026,1,AR,Virgin,0.0,2026-01-01
2026,1,AR,Sony,31.981147,2026-01-01
2026,1,AR,Orchard,40.037646,2026-01-01
2026,1,AR,Warner,15.15457,2026-01-01
2026,1,AR,Indies,34.654479,2026-01-01
2026,2,AR,Universal,10.304427,2026-01-08
2026,2,AR,INgrooves,0.544676,2026-01-08
2026,2,AR,Virgin,0.0,2026-01-08
2026,2,AR,Sony,29.463642,2026-01-08
2026,2,AR,Orchard,35.658856,2026-01-08
2026,2,AR,Warner,13.507886,2026-01-08
2026,2,AR,Indies,26.920626,2026-01-08
2026,3,AR,Universal,10.89258,2026-01-15
2026,3,AR,INgrooves,0.518976,2026-01-15
2026,3,AR,Virgin,0.0,2026-01-15
2026,3,AR,Sony,32.062452,2026-01-15
2026,3,AR,Orchard,35.513299,2026-01-15
2026,3,AR,Warner,14.05213,2026-01-15
2026,3,AR,Indies,27.685414,2026-01-15
2026,4,AR,Universal,10.754656,2026-01-22
2026,4,AR,INgrooves,0.53303,2026-01-22
2026,4,AR,Virgin,0.366438,2026-01-22
2026,4,AR,Sony,31.488037,2026-01-22
2026,4,AR,Orchard,36.775667,2026-01-22
2026,4,AR,Warner,13.064281,2026-01-22
2026,4,AR,Indies,27.65127,2026-01-22
2026,5,AR,Universal,9.635088,2026-01-29
2026,5,AR,INgrooves,0.550348,2026-01-29
2026,5,AR,Virgin,0.0,2026-01-29
2026,5,AR,Sony,31.844407,2026-01-29
2026,5,AR,Orchard,37.817701,2026-01-29
2026,5,AR,Warner,12.721015,2026-01-29
2026,5,AR,Indies,28.407764,2026-01-29
2026,6,AR,Universal,9.611141,2026-02-05
2026,6,AR,INgrooves,0.537571,2026-02-05
2026,6,AR,Virgin,0.0,2026-02-05
2026,6,AR,Sony,30.830866,2026-02-05
2026,6,AR,Orchard,38.155653,2026-02-05
2026,6,AR,Warner,12.726488,2026-02-05
2026,6,AR,Indies,27.303325,2026-02-05
2026,7,AR,Universal,11.553996,2026-02-12
2026,7,AR,INgrooves,0.92346,2026-02-12
2026,7,AR,Virgin,0.0,2026-02-12
2026,7,AR,Sony,28.280171,2026-02-12
2026,7,AR,Orchard,46.287466,2026-02-12
2026,7,AR,Warner,10.270507,2026-02-12
2026,7,AR,Indies,23.289883,2026-02-12
2026,8,AR,Universal,10.4283155,2026-02-19
2026,8,AR,INgrooves,0.997197,2026-02-19
2026,8,AR,Virgin,0.0,2026-02-19
2026,8,AR,Sony,25.358728,2026-02-19
2026,8,AR,Orchard,53.7736565,2026-02-19
2026,8,AR,Warner,8.040137,2026-02-19
2026,8,AR,Indies,23.445236,2026-02-19
2026,9,AR,Universal,9.816723,2026-02-26
2026,9,AR,INgrooves,0.834697,2026-02-26
2026,9,AR,Virgin,0.0,2026-02-26
2026,9,AR,Sony,25.54085,2026-02-26
2026,9,AR,Orchard,45.411881,2026-02-26
2026,9,AR,Warner,8.906057,2026-02-26
2026,9,AR,Indies,20.624221,2026-02-26
2026,10,AR,Universal,9.981022,2026-03-05
2026,10,AR,INgrooves,0.80801,2026-03-05
2026,10,AR,Virgin,4.869786,2026-03-05
2026,10,AR,Sony,24.740626,2026-03-05
2026,10,AR,Orchard,42.75191,2026-03-05
2026,10,AR,Warner,9.494936,2026-03-05
2026,10,AR,Indies,15.722244,2026-03-05
2026,11,AR,Universal,8.406758,2026-03-12
2026,11,AR,INgrooves,0.750004,2026-03-12
2026,11,AR,Virgin,4.80682,2026-03-12
2026,11,AR,Sony,27.966022,2026-03-12
2026,11,AR,Orchard,38.684059,2026-03-12
2026,11,AR,Warner,9.712638,2026-03-12
2026,11,AR,Indies,14.947398,2026-03-12
2026,12,AR,Universal,10.924818,2026-03-19
2026,12,AR,INgrooves,0.668846,2026-03-19
2026,12,AR,Virgin,5.044262,2026-03-19
2026,12,AR,Sony,22.804808,2026-03-19
2026,12,AR,Orchard,39.100784,2026-03-19
2026,12,AR,Warner,9.268031,2026-03-19
2026,12,AR,Indies,14.459862,2026-03-19
2026,13,AR,Universal,9.246318,2026-03-26
2026,13,AR,INgrooves,12.832235,2026-03-26
2026,13,AR,Virgin,3.571803,2026-03-26
2026,13,AR,Sony,25.643742,2026-03-26
2026,13,AR,Orchard,33.443353,2026-03-26
2026,13,AR,Warner,9.627681,2026-03-26
2026,13,AR,Indies,14.149811,2026-03-26
2026,14,AR,Universal,9.843304,2026-04-02
2026,14,AR,INgrooves,9.732837,2026-04-02
2026,14,AR,Virgin,4.767903,2026-04-02
2026,14,AR,Sony,24.942811,2026-04-02
2026,14,AR,Orchard,33.869941,2026-04-02
2026,14,AR,Warner,9.401249,2026-04-02
2026,14,AR,Indies,12.648158,2026-04-02
2026,15,AR,Universal,10.680678,2026-04-09
2026,15,AR,INgrooves,8.00483,2026-04-09
2026,15,AR,Virgin,3.466081,2026-04-09
2026,15,AR,Sony,21.541193,2026-04-09
2026,15,AR,Orchard,32.070709,2026-04-09
2026,15,AR,Warner,9.682113,2026-04-09
2026,15,AR,Indies,12.713512,2026-04-09
2026,16,AR,Universal,13.809211,2026-04-16
2026,16,AR,INgrooves,7.580563,2026-04-16
2026,16,AR,Virgin,4.329894,2026-04-16
2026,16,AR,Sony,20.394152,2026-04-16
2026,16,AR,Orchard,32.87337,2026-04-16
2026,16,AR,Warner,8.773968,2026-04-16
2026,16,AR,Indies,12.747234,2026-04-16
2026,17,AR,Universal,14.4816,2026-04-23
2026,17,AR,INgrooves,6.689247,2026-04-23
2026,17,AR,Virgin,3.430446,2026-04-23
2026,17,AR,Sony,20.552083,2026-04-23
2026,17,AR,Orchard,32.964046,2026-04-23
2026,17,AR,Warner,7.851871,2026-04-23
2026,17,AR,Indies,13.964483,2026-04-23
2026,18,AR,Universal,11.977551,2026-04-30
2026,18,AR,INgrooves,5.68404,2026-04-30
2026,18,AR,Virgin,3.256954,2026-04-30
2026,18,AR,Sony,23.073754,2026-04-30
2026,18,AR,Orchard,31.121448,2026-04-30
2026,18,AR,Warner,7.784722,2026-04-30
2026,18,AR,Indies,12.794785,2026-04-30
2026,19,AR,Universal,11.862033,2026-05-07
2026,19,AR,INgrooves,9.520366,2026-05-07
2026,19,AR,Virgin,0.0,2026-05-07
2026,19,AR,Sony,21.66307,2026-05-07
2026,19,AR,Orchard,29.479993,2026-05-07
2026,19,AR,Warner,7.451188,2026-05-07
2026,19,AR,Indies,11.165185,2026-05-07
2026,20,AR,Universal,11.574276,2026-05-14
2026,20,AR,INgrooves,4.700549,2026-05-14
2026,20,AR,Virgin,2.798617,2026-05-14
2026,20,AR,Sony,20.889913,2026-05-14
2026,20,AR,Orchard,28.673853,2026-05-14
2026,20,AR,Warner,7.93936,2026-05-14
2026,20,AR,Indies,12.939342,2026-05-14
2026,21,AR,Universal,10.702108,2026-05-21
2026,21,AR,INgrooves,4.249919,2026-05-21
2026,21,AR,Virgin,2.770874,2026-05-21
2026,21,AR,Sony,19.881006,2026-05-21
2026,21,AR,Orchard,29.687187,2026-05-21
2026,21,AR,Warner,9.354325,2026-05-21
2026,21,AR,Indies,13.282676,2026-05-21
2026,22,AR,Universal,9.638084,2026-05-28
2026,22,AR,INgrooves,2.831212,2026-05-28
2026,22,AR,Virgin,3.308063,2026-05-28
2026,22,AR,Sony,20.179221,2026-05-28
2026,22,AR,Orchard,30.541268,2026-05-28
2026,22,AR,Warner,8.309556,2026-05-28
2026,22,AR,Indies,12.843051,2026-05-28
2026,23,AR,Universal,9.598533,2026-06-04
2026,23,AR,INgrooves,3.234456,2026-06-04
2026,23,AR,Virgin,3.119806,2026-06-04
2026,23,AR,Sony,18.643618,2026-06-04
2026,23,AR,Orchard,31.866956,2026-06-04
2026,23,AR,Warner,8.88487,2026-06-04
2026,23,AR,Indies,11.868101,2026-06-04
2026,24,AR,Universal,8.684169,2026-06-11
2026,24,AR,INgrooves,2.504869,2026-06-11
2026,24,AR,Virgin,2.134985,2026-06-11
2026,24,AR,Sony,16.218019,2026-06-11
2026,24,AR,Orchard,30.107601,2026-06-11
2026,24,AR,Warner,6.141329,2026-06-11
2026,24,AR,Indies,38.710159,2026-06-11
2025,1,CL,Universal,13.501851,2025-01-02
2025,1,CL,INgrooves,1.540385,2025-01-02
2025,1,CL,Virgin,6.607828,2025-01-02
2025,1,CL,Sony,15.625729,2025-01-02
2025,1,CL,Orchard,16.175322,2025-01-02
2025,1,CL,Warner,17.555389,2025-01-02
2025,1,CL,Indies,23.599542,2025-01-02
2025,2,CL,Universal,12.8249825,2025-01-09
2025,2,CL,INgrooves,1.717276,2025-01-09
2025,2,CL,Virgin,6.317703,2025-01-09
2025,2,CL,Sony,14.7399025,2025-01-09
2025,2,CL,Orchard,31.310887,2025-01-09
2025,2,CL,Warner,16.330409,2025-01-09
2025,2,CL,Indies,19.155368,2025-01-09
2025,3,CL,Universal,11.9609585,2025-01-16
2025,3,CL,INgrooves,1.868857,2025-01-16
2025,3,CL,Virgin,5.948823,2025-01-16
2025,3,CL,Sony,15.0102105,2025-01-16
2025,3,CL,Orchard,45.396277,2025-01-16
2025,3,CL,Warner,15.795619,2025-01-16
2025,3,CL,Indies,18.936656,2025-01-16
2025,4,CL,Universal,12.186537,2025-01-23
2025,4,CL,INgrooves,1.942135,2025-01-23
2025,4,CL,Virgin,5.33292,2025-01-23
2025,4,CL,Sony,14.586853,2025-01-23
2025,4,CL,Orchard,38.627496,2025-01-23
2025,4,CL,Warner,17.2223,2025-01-23
2025,4,CL,Indies,19.188746,2025-01-23
2025,5,CL,Universal,10.647322,2025-01-30
2025,5,CL,INgrooves,1.781218,2025-01-30
2025,5,CL,Virgin,5.310933,2025-01-30
2025,5,CL,Sony,13.951981,2025-01-30
2025,5,CL,Orchard,34.241141,2025-01-30
2025,5,CL,Warner,15.010645,2025-01-30
2025,5,CL,Indies,16.534992,2025-01-30
2025,6,CL,Universal,11.3580275,2025-02-06
2025,6,CL,INgrooves,1.979577,2025-02-06
2025,6,CL,Virgin,4.710254,2025-02-06
2025,6,CL,Sony,14.1273515,2025-02-06
2025,6,CL,Orchard,30.795205,2025-02-06
2025,6,CL,Warner,14.46723,2025-02-06
2025,6,CL,Indies,18.535761,2025-02-06
2025,7,CL,Universal,12.60093,2025-02-13
2025,7,CL,INgrooves,1.628622,2025-02-13
2025,7,CL,Virgin,4.829037,2025-02-13
2025,7,CL,Sony,13.851048,2025-02-13
2025,7,CL,Orchard,30.102004,2025-02-13
2025,7,CL,Warner,14.930978,2025-02-13
2025,7,CL,Indies,18.040285,2025-02-13
2025,8,CL,Universal,11.859736,2025-02-20
2025,8,CL,INgrooves,1.489682,2025-02-20
2025,8,CL,Virgin,4.260923,2025-02-20
2025,8,CL,Sony,14.318839,2025-02-20
2025,8,CL,Orchard,27.917654,2025-02-20
2025,8,CL,Warner,14.271713,2025-02-20
2025,8,CL,Indies,16.943032,2025-02-20
2025,9,CL,Universal,10.6297855,2025-02-27
2025,9,CL,INgrooves,1.593066,2025-02-27
2025,9,CL,Virgin,4.610322,2025-02-27
2025,9,CL,Sony,13.8487555,2025-02-27
2025,9,CL,Orchard,26.353324,2025-02-27
2025,9,CL,Warner,11.886432,2025-02-27
2025,9,CL,Indies,15.466998,2025-02-27
2025,10,CL,Universal,11.360568,2025-03-06
2025,10,CL,INgrooves,1.734084,2025-03-06
2025,10,CL,Virgin,6.225417,2025-03-06
2025,10,CL,Sony,14.736352,2025-03-06
2025,10,CL,Orchard,34.300036,2025-03-06
2025,10,CL,Warner,11.76361,2025-03-06
2025,10,CL,Indies,15.532396,2025-03-06
2025,11,CL,Universal,9.233016,2025-03-13
2025,11,CL,INgrooves,1.712723,2025-03-13
2025,11,CL,Virgin,6.086889,2025-03-13
2025,11,CL,Sony,15.443623,2025-03-13
2025,11,CL,Orchard,43.99384,2025-03-13
2025,11,CL,Warner,12.407912,2025-03-13
2025,11,CL,Indies,13.823409,2025-03-13
2025,12,CL,Universal,9.2228615,2025-03-20
2025,12,CL,INgrooves,1.398784,2025-03-20
2025,12,CL,Virgin,5.931864,2025-03-20
2025,12,CL,Sony,16.05344,2025-03-20
2025,12,CL,Orchard,37.6946755,2025-03-20
2025,12,CL,Warner,13.635496,2025-03-20
2025,12,CL,Indies,14.784461,2025-03-20
2025,13,CL,Universal,8.1513375,2025-03-27
2025,13,CL,INgrooves,1.745556,2025-03-27
2025,13,CL,Virgin,5.572933,2025-03-27
2025,13,CL,Sony,15.473605,2025-03-27
2025,13,CL,Orchard,33.9321595,2025-03-27
2025,13,CL,Warner,14.412866,2025-03-27
2025,13,CL,Indies,15.53334,2025-03-27
2025,14,CL,Universal,7.518768,2025-04-03
2025,14,CL,INgrooves,1.97392,2025-04-03
2025,14,CL,Virgin,5.08663,2025-04-03
2025,14,CL,Sony,15.233614,2025-04-03
2025,14,CL,Orchard,31.097096,2025-04-03
2025,14,CL,Warner,13.736901,2025-04-03
2025,14,CL,Indies,15.453676,2025-04-03
2025,15,CL,Universal,7.106867,2025-04-10
2025,15,CL,INgrooves,2.084257,2025-04-10
2025,15,CL,Virgin,5.845786,2025-04-10
2025,15,CL,Sony,15.395188,2025-04-10
2025,15,CL,Orchard,32.779469,2025-04-10
2025,15,CL,Warner,13.211943,2025-04-10
2025,15,CL,Indies,15.188614,2025-04-10
2025,16,CL,Universal,7.307885,2025-04-17
2025,16,CL,INgrooves,2.174619,2025-04-17
2025,16,CL,Virgin,5.980391,2025-04-17
2025,16,CL,Sony,14.1324205,2025-04-17
2025,16,CL,Orchard,33.1170855,2025-04-17
2025,16,CL,Warner,12.976756,2025-04-17
2025,16,CL,Indies,15.048679,2025-04-17
2025,17,CL,Universal,8.1345145,2025-04-24
2025,17,CL,INgrooves,1.993487,2025-04-24
2025,17,CL,Virgin,5.212114,2025-04-24
2025,17,CL,Sony,12.1833395,2025-04-24
2025,17,CL,Orchard,29.879854,2025-04-24
2025,17,CL,Warner,11.813825,2025-04-24
2025,17,CL,Indies,12.822094,2025-04-24
2025,18,CL,Universal,7.2074295,2025-05-01
2025,18,CL,INgrooves,2.391807,2025-05-01
2025,18,CL,Virgin,5.146612,2025-05-01
2025,18,CL,Sony,12.150601,2025-05-01
2025,18,CL,Orchard,28.6031005,2025-05-01
2025,18,CL,Warner,12.734589,2025-05-01
2025,18,CL,Indies,13.216575,2025-05-01
2025,19,CL,Universal,8.03939,2025-05-08
2025,19,CL,INgrooves,2.363676,2025-05-08
2025,19,CL,Virgin,5.082656,2025-05-08
2025,19,CL,Sony,12.434311,2025-05-08
2025,19,CL,Orchard,27.531294,2025-05-08
2025,19,CL,Warner,12.525577,2025-05-08
2025,19,CL,Indies,10.603631,2025-05-08
2025,20,CL,Universal,8.589167,2025-05-15
2025,20,CL,INgrooves,4.411897,2025-05-15
2025,20,CL,Virgin,5.144315,2025-05-15
2025,20,CL,Sony,11.468044,2025-05-15
2025,20,CL,Orchard,31.767028,2025-05-15
2025,20,CL,Warner,12.924739,2025-05-15
2025,20,CL,Indies,10.064852,2025-05-15
2025,21,CL,Universal,8.3566295,2025-05-22
2025,21,CL,INgrooves,5.090936,2025-05-22
2025,21,CL,Virgin,4.249379,2025-05-22
2025,21,CL,Sony,11.0640295,2025-05-22
2025,21,CL,Orchard,29.426816,2025-05-22
2025,21,CL,Warner,12.533505,2025-05-22
2025,21,CL,Indies,8.67349,2025-05-22
2025,22,CL,Universal,7.90581,2025-05-29
2025,22,CL,INgrooves,5.800358,2025-05-29
2025,22,CL,Virgin,4.291623,2025-05-29
2025,22,CL,Sony,15.226806,2025-05-29
2025,22,CL,Orchard,28.419102,2025-05-29
2025,22,CL,Warner,11.771304,2025-05-29
2025,22,CL,Indies,8.669811,2025-05-29
2025,23,CL,Universal,7.4227085,2025-06-05
2025,23,CL,INgrooves,5.947909,2025-06-05
2025,23,CL,Virgin,4.076646,2025-06-05
2025,23,CL,Sony,15.8944665,2025-06-05
2025,23,CL,Orchard,26.770364,2025-06-05
2025,23,CL,Warner,12.509433,2025-06-05
2025,23,CL,Indies,9.878089,2025-06-05
2025,24,CL,Universal,6.512448,2025-06-12
2025,24,CL,INgrooves,5.562297,2025-06-12
2025,24,CL,Virgin,3.959217,2025-06-12
2025,24,CL,Sony,16.2235915,2025-06-12
2025,24,CL,Orchard,23.6930935,2025-06-12
2025,24,CL,Warner,12.381943,2025-06-12
2025,24,CL,Indies,12.348039,2025-06-12
2026,1,CL,Universal,7.770404,2026-01-01
2026,1,CL,INgrooves,3.959708,2026-01-01
2026,1,CL,Virgin,4.961885,2026-01-01
2026,1,CL,Sony,13.853666,2026-01-01
2026,1,CL,Orchard,28.818375,2026-01-01
2026,1,CL,Warner,8.504823,2026-01-01
2026,1,CL,Indies,18.714081,2026-01-01
2026,2,CL,Universal,7.51168,2026-01-08
2026,2,CL,INgrooves,3.452706,2026-01-08
2026,2,CL,Virgin,4.669807,2026-01-08
2026,2,CL,Sony,14.885677,2026-01-08
2026,2,CL,Orchard,26.5896,2026-01-08
2026,2,CL,Warner,8.607338,2026-01-08
2026,2,CL,Indies,13.508343,2026-01-08
2026,3,CL,Universal,7.32096,2026-01-15
2026,3,CL,INgrooves,3.345037,2026-01-15
2026,3,CL,Virgin,5.592683,2026-01-15
2026,3,CL,Sony,15.93537,2026-01-15
2026,3,CL,Orchard,34.003072,2026-01-15
2026,3,CL,Warner,8.294258,2026-01-15
2026,3,CL,Indies,12.979196,2026-01-15
2026,4,CL,Universal,7.40299,2026-01-22
2026,4,CL,INgrooves,3.469048,2026-01-22
2026,4,CL,Virgin,5.52641,2026-01-22
2026,4,CL,Sony,15.572747,2026-01-22
2026,4,CL,Orchard,25.839462,2026-01-22
2026,4,CL,Warner,8.201375,2026-01-22
2026,4,CL,Indies,13.081311,2026-01-22
2026,5,CL,Universal,6.984158,2026-01-29
2026,5,CL,INgrooves,3.529454,2026-01-29
2026,5,CL,Virgin,5.180571,2026-01-29
2026,5,CL,Sony,17.889015,2026-01-29
2026,5,CL,Orchard,22.822447,2026-01-29
2026,5,CL,Warner,7.984681,2026-01-29
2026,5,CL,Indies,13.431306,2026-01-29
2026,6,CL,Universal,7.268942,2026-02-05
2026,6,CL,INgrooves,3.017987,2026-02-05
2026,6,CL,Virgin,4.930089,2026-02-05
2026,6,CL,Sony,16.792869,2026-02-05
2026,6,CL,Orchard,26.223128,2026-02-05
2026,6,CL,Warner,7.849683,2026-02-05
2026,6,CL,Indies,13.83272,2026-02-05
2026,7,CL,Universal,8.0271605,2026-02-12
2026,7,CL,INgrooves,3.523591,2026-02-12
2026,7,CL,Virgin,4.567807,2026-02-12
2026,7,CL,Sony,14.961022,2026-02-12
2026,7,CL,Orchard,32.6742595,2026-02-12
2026,7,CL,Warner,6.903878,2026-02-12
2026,7,CL,Indies,13.273033,2026-02-12
2026,8,CL,Universal,7.111905,2026-02-19
2026,8,CL,INgrooves,3.385279,2026-02-19
2026,8,CL,Virgin,5.383315,2026-02-19
2026,8,CL,Sony,14.797533,2026-02-19
2026,8,CL,Orchard,29.974618,2026-02-19
2026,8,CL,Warner,7.325655,2026-02-19
2026,8,CL,Indies,13.890704,2026-02-19
2026,9,CL,Universal,6.047031,2026-02-26
2026,9,CL,INgrooves,2.692551,2026-02-26
2026,9,CL,Virgin,5.240163,2026-02-26
2026,9,CL,Sony,12.515653,2026-02-26
2026,9,CL,Orchard,29.753318,2026-02-26
2026,9,CL,Warner,7.251017,2026-02-26
2026,9,CL,Indies,13.667007,2026-02-26
2026,10,CL,Universal,8.714487,2026-03-05
2026,10,CL,INgrooves,2.538594,2026-03-05
2026,10,CL,Virgin,7.632113,2026-03-05
2026,10,CL,Sony,15.581159,2026-03-05
2026,10,CL,Orchard,27.312302,2026-03-05
2026,10,CL,Warner,9.141136,2026-03-05
2026,10,CL,Indies,9.741528,2026-03-05
2026,11,CL,Universal,6.760416,2026-03-12
2026,11,CL,INgrooves,2.431201,2026-03-12
2026,11,CL,Virgin,7.567318,2026-03-12
2026,11,CL,Sony,15.181757,2026-03-12
2026,11,CL,Orchard,30.88255,2026-03-12
2026,11,CL,Warner,7.086558,2026-03-12
2026,11,CL,Indies,9.459046,2026-03-12
2026,12,CL,Universal,7.388421,2026-03-19
2026,12,CL,INgrooves,2.455684,2026-03-19
2026,12,CL,Virgin,7.179654,2026-03-19
2026,12,CL,Sony,14.17816,2026-03-19
2026,12,CL,Orchard,28.440376,2026-03-19
2026,12,CL,Warner,7.348037,2026-03-19
2026,12,CL,Indies,8.343017,2026-03-19
2026,13,CL,Universal,6.359073,2026-03-26
2026,13,CL,INgrooves,12.129102,2026-03-26
2026,13,CL,Virgin,5.153926,2026-03-26
2026,13,CL,Sony,13.883204,2026-03-26
2026,13,CL,Orchard,24.508101,2026-03-26
2026,13,CL,Warner,7.273135,2026-03-26
2026,13,CL,Indies,7.540506,2026-03-26
2026,14,CL,Universal,6.93727,2026-04-02
2026,14,CL,INgrooves,9.94057,2026-04-02
2026,14,CL,Virgin,5.834214,2026-04-02
2026,14,CL,Sony,13.127725,2026-04-02
2026,14,CL,Orchard,24.616021,2026-04-02
2026,14,CL,Warner,7.398018,2026-04-02
2026,14,CL,Indies,7.774648,2026-04-02
2026,15,CL,Universal,6.303811,2026-04-09
2026,15,CL,INgrooves,8.280358,2026-04-09
2026,15,CL,Virgin,4.139,2026-04-09
2026,15,CL,Sony,11.73885,2026-04-09
2026,15,CL,Orchard,23.606072,2026-04-09
2026,15,CL,Warner,7.517394,2026-04-09
2026,15,CL,Indies,8.387094,2026-04-09
2026,16,CL,Universal,8.199811,2026-04-16
2026,16,CL,INgrooves,7.985685,2026-04-16
2026,16,CL,Virgin,5.895189,2026-04-16
2026,16,CL,Sony,10.75443,2026-04-16
2026,16,CL,Orchard,23.440492,2026-04-16
2026,16,CL,Warner,7.69591,2026-04-16
2026,16,CL,Indies,8.090368,2026-04-16
2026,17,CL,Universal,8.793439,2026-04-23
2026,17,CL,INgrooves,6.718474,2026-04-23
2026,17,CL,Virgin,4.614331,2026-04-23
2026,17,CL,Sony,13.0579,2026-04-23
2026,17,CL,Orchard,25.872492,2026-04-23
2026,17,CL,Warner,6.360155,2026-04-23
2026,17,CL,Indies,8.882247,2026-04-23
2026,18,CL,Universal,7.042871,2026-04-30
2026,18,CL,INgrooves,5.483097,2026-04-30
2026,18,CL,Virgin,4.405147,2026-04-30
2026,18,CL,Sony,15.192882,2026-04-30
2026,18,CL,Orchard,24.057847,2026-04-30
2026,18,CL,Warner,6.651164,2026-04-30
2026,18,CL,Indies,8.349829,2026-04-30
2026,19,CL,Universal,6.873571,2026-05-07
2026,19,CL,INgrooves,9.54984,2026-05-07
2026,19,CL,Virgin,0.0,2026-05-07
2026,19,CL,Sony,16.571297,2026-05-07
2026,19,CL,Orchard,21.276991,2026-05-07
2026,19,CL,Warner,6.25182,2026-05-07
2026,19,CL,Indies,6.884697,2026-05-07
2026,20,CL,Universal,6.737875,2026-05-14
2026,20,CL,INgrooves,4.55419,2026-05-14
2026,20,CL,Virgin,3.690441,2026-05-14
2026,20,CL,Sony,17.488839,2026-05-14
2026,20,CL,Orchard,22.246356,2026-05-14
2026,20,CL,Warner,6.218934,2026-05-14
2026,20,CL,Indies,7.799621,2026-05-14
2026,21,CL,Universal,5.255782,2026-05-21
2026,21,CL,INgrooves,4.331335,2026-05-21
2026,21,CL,Virgin,3.516093,2026-05-21
2026,21,CL,Sony,21.49315,2026-05-21
2026,21,CL,Orchard,21.650876,2026-05-21
2026,21,CL,Warner,5.505413,2026-05-21
2026,21,CL,Indies,7.921922,2026-05-21
2026,22,CL,Universal,4.725389,2026-05-28
2026,22,CL,INgrooves,3.815105,2026-05-28
2026,22,CL,Virgin,2.987881,2026-05-28
2026,22,CL,Sony,19.368354,2026-05-28
2026,22,CL,Orchard,20.321639,2026-05-28
2026,22,CL,Warner,8.264092,2026-05-28
2026,22,CL,Indies,7.528605,2026-05-28
2026,23,CL,Universal,4.896893,2026-06-04
2026,23,CL,INgrooves,3.617327,2026-06-04
2026,23,CL,Virgin,2.935707,2026-06-04
2026,23,CL,Sony,17.597333,2026-06-04
2026,23,CL,Orchard,20.978198,2026-06-04
2026,23,CL,Warner,9.042534,2026-06-04
2026,23,CL,Indies,8.799971,2026-06-04
2026,24,CL,Universal,6.402847,2026-06-11
2026,24,CL,INgrooves,3.827892,2026-06-11
2026,24,CL,Virgin,2.91779,2026-06-11
2026,24,CL,Sony,15.588326,2026-06-11
2026,24,CL,Orchard,18.3957,2026-06-11
2026,24,CL,Warner,8.447382,2026-06-11
2026,24,CL,Indies,10.134625,2026-06-11
2025,1,BR,Universal,40.636087,2025-01-02
2025,1,BR,INgrooves,12.549221,2025-01-02
2025,1,BR,Virgin,40.345703,2025-01-02
2025,1,BR,Sony,119.342218,2025-01-02
2025,1,BR,Orchard,6.973125,2025-01-02
2025,1,BR,Warner,88.244867,2025-01-02
2025,1,BR,Indies,236.849458,2025-01-02
2025,2,BR,Universal,37.370424,2025-01-09
2025,2,BR,INgrooves,9.733064,2025-01-09
2025,2,BR,Virgin,33.814368,2025-01-09
2025,2,BR,Sony,94.069194,2025-01-09
2025,2,BR,Orchard,9.779333,2025-01-09
2025,2,BR,Warner,101.444078,2025-01-09
2025,2,BR,Indies,202.504887,2025-01-09
2025,3,BR,Universal,38.777166,2025-01-16
2025,3,BR,INgrooves,10.99921,2025-01-16
2025,3,BR,Virgin,35.603326,2025-01-16
2025,3,BR,Sony,85.344475,2025-01-16
2025,3,BR,Orchard,12.133241,2025-01-16
2025,3,BR,Warner,105.186217,2025-01-16
2025,3,BR,Indies,200.184407,2025-01-16
2025,4,BR,Universal,39.33623,2025-01-23
2025,4,BR,INgrooves,9.031917,2025-01-23
2025,4,BR,Virgin,36.698748,2025-01-23
2025,4,BR,Sony,87.11474,2025-01-23
2025,4,BR,Orchard,13.181913,2025-01-23
2025,4,BR,Warner,109.335805,2025-01-23
2025,4,BR,Indies,198.032397,2025-01-23
2025,5,BR,Universal,41.438192,2025-01-30
2025,5,BR,INgrooves,8.261474,2025-01-30
2025,5,BR,Virgin,34.250728,2025-01-30
2025,5,BR,Sony,93.587351,2025-01-30
2025,5,BR,Orchard,13.688067,2025-01-30
2025,5,BR,Warner,102.800545,2025-01-30
2025,5,BR,Indies,188.410576,2025-01-30
2025,6,BR,Universal,53.600393,2025-02-06
2025,6,BR,INgrooves,7.901862,2025-02-06
2025,6,BR,Virgin,28.723394,2025-02-06
2025,6,BR,Sony,87.39909,2025-02-06
2025,6,BR,Orchard,12.406231,2025-02-06
2025,6,BR,Warner,83.844526,2025-02-06
2025,6,BR,Indies,189.452982,2025-02-06
2025,7,BR,Universal,58.581167,2025-02-13
2025,7,BR,INgrooves,8.922986,2025-02-13
2025,7,BR,Virgin,31.408887,2025-02-13
2025,7,BR,Sony,94.820883,2025-02-13
2025,7,BR,Orchard,9.85112,2025-02-13
2025,7,BR,Warner,67.563286,2025-02-13
2025,7,BR,Indies,182.583317,2025-02-13
2025,8,BR,Universal,50.348111,2025-02-20
2025,8,BR,INgrooves,7.428526,2025-02-20
2025,8,BR,Virgin,31.286086,2025-02-20
2025,8,BR,Sony,92.259348,2025-02-20
2025,8,BR,Orchard,9.109487,2025-02-20
2025,8,BR,Warner,76.199977,2025-02-20
2025,8,BR,Indies,177.029355,2025-02-20
2025,9,BR,Universal,49.702951,2025-02-27
2025,9,BR,INgrooves,7.410974,2025-02-27
2025,9,BR,Virgin,28.905348,2025-02-27
2025,9,BR,Sony,90.358435,2025-02-27
2025,9,BR,Orchard,8.731793,2025-02-27
2025,9,BR,Warner,79.946058,2025-02-27
2025,9,BR,Indies,177.418721,2025-02-27
2025,10,BR,Universal,47.212634,2025-03-06
2025,10,BR,INgrooves,4.422684,2025-03-06
2025,10,BR,Virgin,25.921453,2025-03-06
2025,10,BR,Sony,96.697073,2025-03-06
2025,10,BR,Orchard,9.220028,2025-03-06
2025,10,BR,Warner,88.598395,2025-03-06
2025,10,BR,Indies,180.529404,2025-03-06
2025,11,BR,Universal,54.999562,2025-03-13
2025,11,BR,INgrooves,6.191736,2025-03-13
2025,11,BR,Virgin,23.996358,2025-03-13
2025,11,BR,Sony,85.073823,2025-03-13
2025,11,BR,Orchard,5.953213,2025-03-13
2025,11,BR,Warner,79.124078,2025-03-13
2025,11,BR,Indies,172.083765,2025-03-13
2025,12,BR,Universal,47.512027,2025-03-20
2025,12,BR,INgrooves,5.749685,2025-03-20
2025,12,BR,Virgin,26.93793,2025-03-20
2025,12,BR,Sony,82.520479,2025-03-20
2025,12,BR,Orchard,9.320027,2025-03-20
2025,12,BR,Warner,74.03166,2025-03-20
2025,12,BR,Indies,172.577578,2025-03-20
2025,13,BR,Universal,45.030606,2025-03-27
2025,13,BR,INgrooves,8.796928,2025-03-27
2025,13,BR,Virgin,28.010928,2025-03-27
2025,13,BR,Sony,84.485602,2025-03-27
2025,13,BR,Orchard,10.122864,2025-03-27
2025,13,BR,Warner,64.116918,2025-03-27
2025,13,BR,Indies,164.988022,2025-03-27
2025,14,BR,Universal,45.226525,2025-04-03
2025,14,BR,INgrooves,7.538893,2025-04-03
2025,14,BR,Virgin,29.048061,2025-04-03
2025,14,BR,Sony,75.519711,2025-04-03
2025,14,BR,Orchard,10.25448,2025-04-03
2025,14,BR,Warner,64.761918,2025-04-03
2025,14,BR,Indies,157.539,2025-04-03
2025,15,BR,Universal,45.910472,2025-04-10
2025,15,BR,INgrooves,7.434018,2025-04-10
2025,15,BR,Virgin,30.867281,2025-04-10
2025,15,BR,Sony,78.107939,2025-04-10
2025,15,BR,Orchard,9.964886,2025-04-10
2025,15,BR,Warner,66.017822,2025-04-10
2025,15,BR,Indies,139.26607,2025-04-10
2025,16,BR,Universal,49.261383,2025-04-17
2025,16,BR,INgrooves,7.198694,2025-04-17
2025,16,BR,Virgin,36.250385,2025-04-17
2025,16,BR,Sony,71.722481,2025-04-17
2025,16,BR,Orchard,12.041287,2025-04-17
2025,16,BR,Warner,71.836937,2025-04-17
2025,16,BR,Indies,144.177421,2025-04-17
2025,17,BR,Universal,49.727565,2025-04-24
2025,17,BR,INgrooves,5.412131,2025-04-24
2025,17,BR,Virgin,35.399994,2025-04-24
2025,17,BR,Sony,75.466383,2025-04-24
2025,17,BR,Orchard,10.538721,2025-04-24
2025,17,BR,Warner,62.868081,2025-04-24
2025,17,BR,Indies,126.86668,2025-04-24
2025,18,BR,Universal,48.452492,2025-05-01
2025,18,BR,INgrooves,5.450181,2025-05-01
2025,18,BR,Virgin,38.00566,2025-05-01
2025,18,BR,Sony,79.940827,2025-05-01
2025,18,BR,Orchard,13.890129,2025-05-01
2025,18,BR,Warner,62.002623,2025-05-01
2025,18,BR,Indies,132.659901,2025-05-01
2025,19,BR,Universal,76.460235,2025-05-08
2025,19,BR,INgrooves,5.342504,2025-05-08
2025,19,BR,Virgin,35.219775,2025-05-08
2025,19,BR,Sony,78.707836,2025-05-08
2025,19,BR,Orchard,10.885016,2025-05-08
2025,19,BR,Warner,62.422005,2025-05-08
2025,19,BR,Indies,125.279923,2025-05-08
2025,20,BR,Universal,62.725191,2025-05-15
2025,20,BR,INgrooves,4.247069,2025-05-15
2025,20,BR,Virgin,36.853828,2025-05-15
2025,20,BR,Sony,90.725348,2025-05-15
2025,20,BR,Orchard,11.113551,2025-05-15
2025,20,BR,Warner,71.971123,2025-05-15
2025,20,BR,Indies,120.410964,2025-05-15
2025,21,BR,Universal,52.99024,2025-05-22
2025,21,BR,INgrooves,8.084097,2025-05-22
2025,21,BR,Virgin,37.415805,2025-05-22
2025,21,BR,Sony,89.084866,2025-05-22
2025,21,BR,Orchard,13.857117,2025-05-22
2025,21,BR,Warner,71.397373,2025-05-22
2025,21,BR,Indies,118.901428,2025-05-22
2025,22,BR,Universal,47.487099,2025-05-29
2025,22,BR,INgrooves,10.900901,2025-05-29
2025,22,BR,Virgin,35.396763,2025-05-29
2025,22,BR,Sony,86.322058,2025-05-29
2025,22,BR,Orchard,14.157768,2025-05-29
2025,22,BR,Warner,69.04365,2025-05-29
2025,22,BR,Indies,120.802852,2025-05-29
2025,23,BR,Universal,39.448559,2025-06-05
2025,23,BR,INgrooves,10.291684,2025-06-05
2025,23,BR,Virgin,38.653348,2025-06-05
2025,23,BR,Sony,81.69043,2025-06-05
2025,23,BR,Orchard,19.224567,2025-06-05
2025,23,BR,Warner,68.679616,2025-06-05
2025,23,BR,Indies,120.125412,2025-06-05
2025,24,BR,Universal,45.779928,2025-06-12
2025,24,BR,INgrooves,8.128335,2025-06-12
2025,24,BR,Virgin,36.189689,2025-06-12
2025,24,BR,Sony,83.911264,2025-06-12
2025,24,BR,Orchard,18.350839,2025-06-12
2025,24,BR,Warner,70.893383,2025-06-12
2025,24,BR,Indies,124.16827,2025-06-12
2026,1,BR,Universal,44.477677,2026-01-01
2026,1,BR,INgrooves,2.101261,2026-01-01
2026,1,BR,Virgin,39.206661,2026-01-01
2026,1,BR,Sony,186.69823,2026-01-01
2026,1,BR,Orchard,25.397644,2026-01-01
2026,1,BR,Warner,88.34423,2026-01-01
2026,1,BR,Indies,182.862353,2026-01-01
2026,2,BR,Universal,40.241555,2026-01-08
2026,2,BR,INgrooves,1.739204,2026-01-08
2026,2,BR,Virgin,31.25553,2026-01-08
2026,2,BR,Sony,148.057515,2026-01-08
2026,2,BR,Orchard,19.03524,2026-01-08
2026,2,BR,Warner,76.343716,2026-01-08
2026,2,BR,Indies,156.654469,2026-01-08
2026,3,BR,Universal,38.174869,2026-01-15
2026,3,BR,INgrooves,3.190741,2026-01-15
2026,3,BR,Virgin,32.009649,2026-01-15
2026,3,BR,Sony,147.951613,2026-01-15
2026,3,BR,Orchard,18.301533,2026-01-15
2026,3,BR,Warner,85.776556,2026-01-15
2026,3,BR,Indies,159.960141,2026-01-15
2026,4,BR,Universal,37.342683,2026-01-22
2026,4,BR,INgrooves,3.414048,2026-01-22
2026,4,BR,Virgin,31.956568,2026-01-22
2026,4,BR,Sony,137.357686,2026-01-22
2026,4,BR,Orchard,18.418801,2026-01-22
2026,4,BR,Warner,75.117829,2026-01-22
2026,4,BR,Indies,157.668374,2026-01-22
2026,5,BR,Universal,37.289215,2026-01-29
2026,5,BR,INgrooves,3.693668,2026-01-29
2026,5,BR,Virgin,33.891398,2026-01-29
2026,5,BR,Sony,138.784263,2026-01-29
2026,5,BR,Orchard,18.093606,2026-01-29
2026,5,BR,Warner,73.822886,2026-01-29
2026,5,BR,Indies,156.256218,2026-01-29
2026,6,BR,Universal,38.782324,2026-02-05
2026,6,BR,INgrooves,3.740327,2026-02-05
2026,6,BR,Virgin,31.562849,2026-02-05
2026,6,BR,Sony,136.363002,2026-02-05
2026,6,BR,Orchard,22.755375,2026-02-05
2026,6,BR,Warner,69.853048,2026-02-05
2026,6,BR,Indies,137.715923,2026-02-05
2026,7,BR,Universal,39.098933,2026-02-12
2026,7,BR,INgrooves,3.635432,2026-02-12
2026,7,BR,Virgin,28.132032,2026-02-12
2026,7,BR,Sony,140.875134,2026-02-12
2026,7,BR,Orchard,35.442916,2026-02-12
2026,7,BR,Warner,67.479426,2026-02-12
2026,7,BR,Indies,132.07651,2026-02-12
2026,8,BR,Universal,62.277688,2026-02-19
2026,8,BR,INgrooves,3.184307,2026-02-19
2026,8,BR,Virgin,29.244206,2026-02-19
2026,8,BR,Sony,154.271947,2026-02-19
2026,8,BR,Orchard,30.669244,2026-02-19
2026,8,BR,Warner,57.471744,2026-02-19
2026,8,BR,Indies,137.883727,2026-02-19
2026,9,BR,Universal,49.616883,2026-02-26
2026,9,BR,INgrooves,3.14885,2026-02-26
2026,9,BR,Virgin,26.267017,2026-02-26
2026,9,BR,Sony,124.796401,2026-02-26
2026,9,BR,Orchard,29.767323,2026-02-26
2026,9,BR,Warner,58.908323,2026-02-26
2026,9,BR,Indies,124.753342,2026-02-26
2026,10,BR,Universal,42.894843,2026-03-05
2026,10,BR,INgrooves,3.108724,2026-03-05
2026,10,BR,Virgin,53.802668,2026-03-05
2026,10,BR,Sony,117.442398,2026-03-05
2026,10,BR,Orchard,32.56924,2026-03-05
2026,10,BR,Warner,58.163851,2026-03-05
2026,10,BR,Indies,97.056606,2026-03-05
2026,11,BR,Universal,44.107241,2026-03-12
2026,11,BR,INgrooves,2.980095,2026-03-12
2026,11,BR,Virgin,52.655581,2026-03-12
2026,11,BR,Sony,113.306266,2026-03-12
2026,11,BR,Orchard,27.300938,2026-03-12
2026,11,BR,Warner,58.992919,2026-03-12
2026,11,BR,Indies,94.984385,2026-03-12
2026,12,BR,Universal,45.979494,2026-03-19
2026,12,BR,INgrooves,3.163319,2026-03-19
2026,12,BR,Virgin,51.358837,2026-03-19
2026,12,BR,Sony,115.761519,2026-03-19
2026,12,BR,Orchard,24.698037,2026-03-19
2026,12,BR,Warner,61.482923,2026-03-19
2026,12,BR,Indies,95.328918,2026-03-19
2026,13,BR,Universal,45.037749,2026-03-26
2026,13,BR,INgrooves,66.818608,2026-03-26
2026,13,BR,Virgin,45.337158,2026-03-26
2026,13,BR,Sony,113.004776,2026-03-26
2026,13,BR,Orchard,23.237685,2026-03-26
2026,13,BR,Warner,57.329006,2026-03-26
2026,13,BR,Indies,90.1688,2026-03-26
2026,14,BR,Universal,46.648377,2026-04-02
2026,14,BR,INgrooves,53.733556,2026-04-02
2026,14,BR,Virgin,49.663886,2026-04-02
2026,14,BR,Sony,120.489333,2026-04-02
2026,14,BR,Orchard,23.112611,2026-04-02
2026,14,BR,Warner,58.135655,2026-04-02
2026,14,BR,Indies,80.6807,2026-04-02
2026,15,BR,Universal,40.456124,2026-04-09
2026,15,BR,INgrooves,42.699134,2026-04-09
2026,15,BR,Virgin,47.084262,2026-04-09
2026,15,BR,Sony,113.192246,2026-04-09
2026,15,BR,Orchard,23.082685,2026-04-09
2026,15,BR,Warner,55.787916,2026-04-09
2026,15,BR,Indies,81.683782,2026-04-09
2026,16,BR,Universal,52.095529,2026-04-16
2026,16,BR,INgrooves,41.602219,2026-04-16
2026,16,BR,Virgin,41.659105,2026-04-16
2026,16,BR,Sony,114.735247,2026-04-16
2026,16,BR,Orchard,22.315058,2026-04-16
2026,16,BR,Warner,61.52574,2026-04-16
2026,16,BR,Indies,79.117185,2026-04-16
2026,17,BR,Universal,74.371177,2026-04-23
2026,17,BR,INgrooves,39.070164,2026-04-23
2026,17,BR,Virgin,41.32087,2026-04-23
2026,17,BR,Sony,129.083414,2026-04-23
2026,17,BR,Orchard,20.721157,2026-04-23
2026,17,BR,Warner,53.908922,2026-04-23
2026,17,BR,Indies,73.295938,2026-04-23
2026,18,BR,Universal,52.301176,2026-04-30
2026,18,BR,INgrooves,38.730467,2026-04-30
2026,18,BR,Virgin,41.426807,2026-04-30
2026,18,BR,Sony,120.973978,2026-04-30
2026,18,BR,Orchard,20.078879,2026-04-30
2026,18,BR,Warner,57.238324,2026-04-30
2026,18,BR,Indies,71.4047,2026-04-30
2026,19,BR,Universal,49.464191,2026-05-07
2026,19,BR,INgrooves,73.903986,2026-05-07
2026,19,BR,Virgin,0.0,2026-05-07
2026,19,BR,Sony,128.086322,2026-05-07
2026,19,BR,Orchard,16.477535,2026-05-07
2026,19,BR,Warner,53.358184,2026-05-07
2026,19,BR,Indies,74.80919,2026-05-07
2026,20,BR,Universal,48.964884,2026-05-14
2026,20,BR,INgrooves,35.274917,2026-05-14
2026,20,BR,Virgin,36.614323,2026-05-14
2026,20,BR,Sony,133.237824,2026-05-14
2026,20,BR,Orchard,14.92625,2026-05-14
2026,20,BR,Warner,51.050788,2026-05-14
2026,20,BR,Indies,71.402351,2026-05-14
2026,21,BR,Universal,43.432871,2026-05-21
2026,21,BR,INgrooves,33.114663,2026-05-21
2026,21,BR,Virgin,32.072648,2026-05-21
2026,21,BR,Sony,128.019075,2026-05-21
2026,21,BR,Orchard,16.442451,2026-05-21
2026,21,BR,Warner,51.964812,2026-05-21
2026,21,BR,Indies,89.712054,2026-05-21
2026,22,BR,Universal,49.165077,2026-05-28
2026,22,BR,INgrooves,30.243535,2026-05-28
2026,22,BR,Virgin,32.043625,2026-05-28
2026,22,BR,Sony,120.676783,2026-05-28
2026,22,BR,Orchard,15.496151,2026-05-28
2026,22,BR,Warner,57.636646,2026-05-28
2026,22,BR,Indies,83.174274,2026-05-28
2026,23,BR,Universal,49.817422,2026-06-04
2026,23,BR,INgrooves,33.812682,2026-06-04
2026,23,BR,Virgin,39.32515,2026-06-04
2026,23,BR,Sony,131.299227,2026-06-04
2026,23,BR,Orchard,14.098181,2026-06-04
2026,23,BR,Warner,59.295633,2026-06-04
2026,23,BR,Indies,86.373663,2026-06-04
2026,24,BR,Universal,47.646315,2026-06-11
2026,24,BR,INgrooves,30.230496,2026-06-11
2026,24,BR,Virgin,38.839203,2026-06-11
2026,24,BR,Sony,127.321286,2026-06-11
2026,24,BR,Orchard,15.079155,2026-06-11
2026,24,BR,Warner,57.131904,2026-06-11
2026,24,BR,Indies,96.700833,2026-06-11
2025,1,MX,Universal,101.899576,2025-01-02
2025,1,MX,INgrooves,9.306489,2025-01-02
2025,1,MX,Virgin,11.199096,2025-01-02
2025,1,MX,Sony,94.019102,2025-01-02
2025,1,MX,Orchard,158.39382,2025-01-02
2025,1,MX,Warner,85.417913,2025-01-02
2025,1,MX,Indies,96.7172,2025-01-02
2025,2,MX,Universal,81.204068,2025-01-09
2025,2,MX,INgrooves,11.071163,2025-01-09
2025,2,MX,Virgin,6.708987,2025-01-09
2025,2,MX,Sony,92.419627,2025-01-09
2025,2,MX,Orchard,211.580568,2025-01-09
2025,2,MX,Warner,83.659212,2025-01-09
2025,2,MX,Indies,93.298477,2025-01-09
2025,3,MX,Universal,91.29469,2025-01-16
2025,3,MX,INgrooves,12.541427,2025-01-16
2025,3,MX,Virgin,11.751657,2025-01-16
2025,3,MX,Sony,81.251299,2025-01-16
2025,3,MX,Orchard,259.884024,2025-01-16
2025,3,MX,Warner,82.132897,2025-01-16
2025,3,MX,Indies,95.093862,2025-01-16
2025,4,MX,Universal,95.900092,2025-01-23
2025,4,MX,INgrooves,12.430505,2025-01-23
2025,4,MX,Virgin,14.425595,2025-01-23
2025,4,MX,Sony,81.945114,2025-01-23
2025,4,MX,Orchard,245.243774,2025-01-23
2025,4,MX,Warner,79.613139,2025-01-23
2025,4,MX,Indies,100.192786,2025-01-23
2025,5,MX,Universal,94.491793,2025-01-30
2025,5,MX,INgrooves,11.427122,2025-01-30
2025,5,MX,Virgin,16.770797,2025-01-30
2025,5,MX,Sony,65.083465,2025-01-30
2025,5,MX,Orchard,219.666779,2025-01-30
2025,5,MX,Warner,73.865445,2025-01-30
2025,5,MX,Indies,97.243036,2025-01-30
2025,6,MX,Universal,106.171957,2025-02-06
2025,6,MX,INgrooves,9.651773,2025-02-06
2025,6,MX,Virgin,13.931876,2025-02-06
2025,6,MX,Sony,85.36113,2025-02-06
2025,6,MX,Orchard,201.286943,2025-02-06
2025,6,MX,Warner,82.037475,2025-02-06
2025,6,MX,Indies,110.46455,2025-02-06
2025,7,MX,Universal,119.28798,2025-02-13
2025,7,MX,INgrooves,9.581939,2025-02-13
2025,7,MX,Virgin,10.084544,2025-02-13
2025,7,MX,Sony,99.829919,2025-02-13
2025,7,MX,Orchard,185.741409,2025-02-13
2025,7,MX,Warner,89.477358,2025-02-13
2025,7,MX,Indies,115.850784,2025-02-13
2025,8,MX,Universal,104.457934,2025-02-20
2025,8,MX,INgrooves,10.52876,2025-02-20
2025,8,MX,Virgin,6.056372,2025-02-20
2025,8,MX,Sony,104.578489,2025-02-20
2025,8,MX,Orchard,159.158377,2025-02-20
2025,8,MX,Warner,84.083779,2025-02-20
2025,8,MX,Indies,135.80241,2025-02-20
2025,9,MX,Universal,100.507221,2025-02-27
2025,9,MX,INgrooves,10.45194,2025-02-27
2025,9,MX,Virgin,5.948063,2025-02-27
2025,9,MX,Sony,107.36158,2025-02-27
2025,9,MX,Orchard,149.733356,2025-02-27
2025,9,MX,Warner,82.510623,2025-02-27
2025,9,MX,Indies,132.052633,2025-02-27
2025,10,MX,Universal,89.153891,2025-03-06
2025,10,MX,INgrooves,11.330433,2025-03-06
2025,10,MX,Virgin,8.222013,2025-03-06
2025,10,MX,Sony,110.003566,2025-03-06
2025,10,MX,Orchard,152.417535,2025-03-06
2025,10,MX,Warner,87.119371,2025-03-06
2025,10,MX,Indies,135.915508,2025-03-06
2025,11,MX,Universal,89.211155,2025-03-13
2025,11,MX,INgrooves,11.243682,2025-03-13
2025,11,MX,Virgin,8.1547,2025-03-13
2025,11,MX,Sony,121.979846,2025-03-13
2025,11,MX,Orchard,141.40377,2025-03-13
2025,11,MX,Warner,84.366414,2025-03-13
2025,11,MX,Indies,128.70515,2025-03-13
2025,12,MX,Universal,97.08352,2025-03-20
2025,12,MX,INgrooves,11.074784,2025-03-20
2025,12,MX,Virgin,4.673324,2025-03-20
2025,12,MX,Sony,111.029885,2025-03-20
2025,12,MX,Orchard,140.722287,2025-03-20
2025,12,MX,Warner,78.40935,2025-03-20
2025,12,MX,Indies,128.767099,2025-03-20
2025,13,MX,Universal,84.459924,2025-03-27
2025,13,MX,INgrooves,10.927266,2025-03-27
2025,13,MX,Virgin,5.870726,2025-03-27
2025,13,MX,Sony,118.988923,2025-03-27
2025,13,MX,Orchard,135.40938,2025-03-27
2025,13,MX,Warner,74.520063,2025-03-27
2025,13,MX,Indies,128.692867,2025-03-27
2025,14,MX,Universal,83.8439105,2025-04-03
2025,14,MX,INgrooves,10.424282,2025-04-03
2025,14,MX,Virgin,5.622495,2025-04-03
2025,14,MX,Sony,113.8966485,2025-04-03
2025,14,MX,Orchard,134.300308,2025-04-03
2025,14,MX,Warner,77.507747,2025-04-03
2025,14,MX,Indies,126.652828,2025-04-03
2025,15,MX,Universal,80.254203,2025-04-10
2025,15,MX,INgrooves,11.193877,2025-04-10
2025,15,MX,Virgin,5.718426,2025-04-10
2025,15,MX,Sony,118.896264,2025-04-10
2025,15,MX,Orchard,131.200002,2025-04-10
2025,15,MX,Warner,85.593537,2025-04-10
2025,15,MX,Indies,117.860147,2025-04-10
2025,16,MX,Universal,83.616046,2025-04-17
2025,16,MX,INgrooves,9.71261,2025-04-17
2025,16,MX,Virgin,5.654344,2025-04-17
2025,16,MX,Sony,113.717605,2025-04-17
2025,16,MX,Orchard,132.367456,2025-04-17
2025,16,MX,Warner,86.065669,2025-04-17
2025,16,MX,Indies,119.017433,2025-04-17
2025,17,MX,Universal,79.114541,2025-04-24
2025,17,MX,INgrooves,10.645587,2025-04-24
2025,17,MX,Virgin,5.179571,2025-04-24
2025,17,MX,Sony,104.439696,2025-04-24
2025,17,MX,Orchard,123.03854,2025-04-24
2025,17,MX,Warner,76.573743,2025-04-24
2025,17,MX,Indies,107.731381,2025-04-24
2025,18,MX,Universal,80.012481,2025-05-01
2025,18,MX,INgrooves,12.525876,2025-05-01
2025,18,MX,Virgin,6.980624,2025-05-01
2025,18,MX,Sony,119.324594,2025-05-01
2025,18,MX,Orchard,130.246603,2025-05-01
2025,18,MX,Warner,84.121405,2025-05-01
2025,18,MX,Indies,115.022548,2025-05-01
2025,19,MX,Universal,85.18071,2025-05-08
2025,19,MX,INgrooves,13.230123,2025-05-08
2025,19,MX,Virgin,6.560016,2025-05-08
2025,19,MX,Sony,130.080988,2025-05-08
2025,19,MX,Orchard,118.62553,2025-05-08
2025,19,MX,Warner,81.242676,2025-05-08
2025,19,MX,Indies,114.373526,2025-05-08
2025,20,MX,Universal,81.273286,2025-05-15
2025,20,MX,INgrooves,10.827974,2025-05-15
2025,20,MX,Virgin,13.024095,2025-05-15
2025,20,MX,Sony,138.788587,2025-05-15
2025,20,MX,Orchard,130.246504,2025-05-15
2025,20,MX,Warner,75.009721,2025-05-15
2025,20,MX,Indies,107.842641,2025-05-15
2025,21,MX,Universal,83.208938,2025-05-22
2025,21,MX,INgrooves,9.993241,2025-05-22
2025,21,MX,Virgin,13.164669,2025-05-22
2025,21,MX,Sony,144.614724,2025-05-22
2025,21,MX,Orchard,130.989159,2025-05-22
2025,21,MX,Warner,75.417681,2025-05-22
2025,21,MX,Indies,104.398452,2025-05-22
2025,22,MX,Universal,82.511078,2025-05-29
2025,22,MX,INgrooves,10.0783,2025-05-29
2025,22,MX,Virgin,14.980294,2025-05-29
2025,22,MX,Sony,143.155126,2025-05-29
2025,22,MX,Orchard,119.196219,2025-05-29
2025,22,MX,Warner,71.805209,2025-05-29
2025,22,MX,Indies,105.096021,2025-05-29
2025,23,MX,Universal,76.081792,2025-06-05
2025,23,MX,INgrooves,12.428937,2025-06-05
2025,23,MX,Virgin,14.872315,2025-06-05
2025,23,MX,Sony,144.676646,2025-06-05
2025,23,MX,Orchard,107.531318,2025-06-05
2025,23,MX,Warner,71.024061,2025-06-05
2025,23,MX,Indies,106.761816,2025-06-05
2025,24,MX,Universal,67.658972,2025-06-12
2025,24,MX,INgrooves,9.072585,2025-06-12
2025,24,MX,Virgin,10.839901,2025-06-12
2025,24,MX,Sony,159.189459,2025-06-12
2025,24,MX,Orchard,100.657335,2025-06-12
2025,24,MX,Warner,76.441807,2025-06-12
2025,24,MX,Indies,106.218106,2025-06-12
2026,1,MX,Universal,89.15208,2026-01-01
2026,1,MX,INgrooves,17.566632,2026-01-01
2026,1,MX,Virgin,6.052709,2026-01-01
2026,1,MX,Sony,82.779115,2026-01-01
2026,1,MX,Orchard,175.532348,2026-01-01
2026,1,MX,Warner,69.780189,2026-01-01
2026,1,MX,Indies,112.577667,2026-01-01
2026,2,MX,Universal,76.050565,2026-01-08
2026,2,MX,INgrooves,13.168999,2026-01-08
2026,2,MX,Virgin,5.262729,2026-01-08
2026,2,MX,Sony,79.909057,2026-01-08
2026,2,MX,Orchard,163.754416,2026-01-08
2026,2,MX,Warner,71.543544,2026-01-08
2026,2,MX,Indies,114.423692,2026-01-08
2026,3,MX,Universal,66.719471,2026-01-15
2026,3,MX,INgrooves,13.532523,2026-01-15
2026,3,MX,Virgin,5.223299,2026-01-15
2026,3,MX,Sony,89.567842,2026-01-15
2026,3,MX,Orchard,162.583819,2026-01-15
2026,3,MX,Warner,74.597633,2026-01-15
2026,3,MX,Indies,124.915277,2026-01-15
2026,4,MX,Universal,65.321729,2026-01-22
2026,4,MX,INgrooves,32.742678,2026-01-22
2026,4,MX,Virgin,5.259077,2026-01-22
2026,4,MX,Sony,95.10378,2026-01-22
2026,4,MX,Orchard,154.336793,2026-01-22
2026,4,MX,Warner,68.377081,2026-01-22
2026,4,MX,Indies,125.792366,2026-01-22
2026,5,MX,Universal,71.687086,2026-01-29
2026,5,MX,INgrooves,41.555661,2026-01-29
2026,5,MX,Virgin,5.484854,2026-01-29
2026,5,MX,Sony,99.688186,2026-01-29
2026,5,MX,Orchard,138.552474,2026-01-29
2026,5,MX,Warner,66.961696,2026-01-29
2026,5,MX,Indies,118.123147,2026-01-29
2026,6,MX,Universal,69.323497,2026-02-05
2026,6,MX,INgrooves,38.728741,2026-02-05
2026,6,MX,Virgin,5.136266,2026-02-05
2026,6,MX,Sony,97.7639,2026-02-05
2026,6,MX,Orchard,129.339776,2026-02-05
2026,6,MX,Warner,67.507779,2026-02-05
2026,6,MX,Indies,126.696766,2026-02-05
2026,7,MX,Universal,74.5282175,2026-02-12
2026,7,MX,INgrooves,38.495276,2026-02-12
2026,7,MX,Virgin,3.761027,2026-02-12
2026,7,MX,Sony,96.157202,2026-02-12
2026,7,MX,Orchard,182.4726845,2026-02-12
2026,7,MX,Warner,65.645024,2026-02-12
2026,7,MX,Indies,116.259836,2026-02-12
2026,8,MX,Universal,66.760526,2026-02-19
2026,8,MX,INgrooves,40.114998,2026-02-19
2026,8,MX,Virgin,3.733305,2026-02-19
2026,8,MX,Sony,90.498603,2026-02-19
2026,8,MX,Orchard,163.160265,2026-02-19
2026,8,MX,Warner,114.986833,2026-02-19
2026,8,MX,Indies,116.308225,2026-02-19
2026,9,MX,Universal,60.477832,2026-02-26
2026,9,MX,INgrooves,36.457505,2026-02-26
2026,9,MX,Virgin,5.132868,2026-02-26
2026,9,MX,Sony,89.645398,2026-02-26
2026,9,MX,Orchard,131.615698,2026-02-26
2026,9,MX,Warner,80.271706,2026-02-26
2026,9,MX,Indies,111.046206,2026-02-26
2026,10,MX,Universal,65.542405,2026-03-05
2026,10,MX,INgrooves,36.220105,2026-03-05
2026,10,MX,Virgin,91.299626,2026-03-05
2026,10,MX,Sony,95.155107,2026-03-05
2026,10,MX,Orchard,150.28723,2026-03-05
2026,10,MX,Warner,78.402132,2026-03-05
2026,10,MX,Indies,35.486887,2026-03-05
2026,11,MX,Universal,58.003283,2026-03-12
2026,11,MX,INgrooves,36.666053,2026-03-12
2026,11,MX,Virgin,87.010897,2026-03-12
2026,11,MX,Sony,98.863407,2026-03-12
2026,11,MX,Orchard,141.78067,2026-03-12
2026,11,MX,Warner,76.532278,2026-03-12
2026,11,MX,Indies,35.992564,2026-03-12
2026,12,MX,Universal,65.008585,2026-03-19
2026,12,MX,INgrooves,33.288357,2026-03-19
2026,12,MX,Virgin,85.372465,2026-03-19
2026,12,MX,Sony,89.38745,2026-03-19
2026,12,MX,Orchard,125.190101,2026-03-19
2026,12,MX,Warner,69.835991,2026-03-19
2026,12,MX,Indies,39.242595,2026-03-19
2026,13,MX,Universal,59.710424,2026-03-26
2026,13,MX,INgrooves,84.899208,2026-03-26
2026,13,MX,Virgin,81.911377,2026-03-26
2026,13,MX,Sony,90.310693,2026-03-26
2026,13,MX,Orchard,124.650122,2026-03-26
2026,13,MX,Warner,67.316671,2026-03-26
2026,13,MX,Indies,35.274694,2026-03-26
2026,14,MX,Universal,60.208206,2026-04-02
2026,14,MX,INgrooves,70.511591,2026-04-02
2026,14,MX,Virgin,75.909516,2026-04-02
2026,14,MX,Sony,80.975161,2026-04-02
2026,14,MX,Orchard,122.514453,2026-04-02
2026,14,MX,Warner,67.677895,2026-04-02
2026,14,MX,Indies,36.419093,2026-04-02
2026,15,MX,Universal,58.591926,2026-04-09
2026,15,MX,INgrooves,61.953862,2026-04-09
2026,15,MX,Virgin,62.620945,2026-04-09
2026,15,MX,Sony,78.843662,2026-04-09
2026,15,MX,Orchard,107.740357,2026-04-09
2026,15,MX,Warner,63.695771,2026-04-09
2026,15,MX,Indies,39.667709,2026-04-09
2026,16,MX,Universal,64.201962,2026-04-16
2026,16,MX,INgrooves,63.940517,2026-04-16
2026,16,MX,Virgin,74.155372,2026-04-16
2026,16,MX,Sony,106.435463,2026-04-16
2026,16,MX,Orchard,106.823557,2026-04-16
2026,16,MX,Warner,68.319955,2026-04-16
2026,16,MX,Indies,40.680461,2026-04-16
2026,17,MX,Universal,64.424393,2026-04-23
2026,17,MX,INgrooves,67.656807,2026-04-23
2026,17,MX,Virgin,69.07674,2026-04-23
2026,17,MX,Sony,129.644424,2026-04-23
2026,17,MX,Orchard,98.857319,2026-04-23
2026,17,MX,Warner,69.251878,2026-04-23
2026,17,MX,Indies,49.32933,2026-04-23
2026,18,MX,Universal,66.832121,2026-04-30
2026,18,MX,INgrooves,61.729135,2026-04-30
2026,18,MX,Virgin,69.880272,2026-04-30
2026,18,MX,Sony,115.108619,2026-04-30
2026,18,MX,Orchard,100.330848,2026-04-30
2026,18,MX,Warner,64.387595,2026-04-30
2026,18,MX,Indies,47.548213,2026-04-30
2026,19,MX,Universal,58.021223,2026-05-07
2026,19,MX,INgrooves,130.995077,2026-05-07
2026,19,MX,Virgin,0.0,2026-05-07
2026,19,MX,Sony,112.813453,2026-05-07
2026,19,MX,Orchard,89.32052,2026-05-07
2026,19,MX,Warner,63.228772,2026-05-07
2026,19,MX,Indies,40.318362,2026-05-07
2026,20,MX,Universal,53.313556,2026-05-14
2026,20,MX,INgrooves,65.045655,2026-05-14
2026,20,MX,Virgin,65.15325,2026-05-14
2026,20,MX,Sony,112.588481,2026-05-14
2026,20,MX,Orchard,85.69346,2026-05-14
2026,20,MX,Warner,70.77278,2026-05-14
2026,20,MX,Indies,45.580831,2026-05-14
2026,21,MX,Universal,50.00755,2026-05-21
2026,21,MX,INgrooves,55.050842,2026-05-21
2026,21,MX,Virgin,62.925058,2026-05-21
2026,21,MX,Sony,109.55737,2026-05-21
2026,21,MX,Orchard,85.574574,2026-05-21
2026,21,MX,Warner,86.137347,2026-05-21
2026,21,MX,Indies,47.940866,2026-05-21
2026,22,MX,Universal,56.641617,2026-05-28
2026,22,MX,INgrooves,52.649419,2026-05-28
2026,22,MX,Virgin,56.70833,2026-05-28
2026,22,MX,Sony,106.388312,2026-05-28
2026,22,MX,Orchard,89.667083,2026-05-28
2026,22,MX,Warner,76.119608,2026-05-28
2026,22,MX,Indies,47.494191,2026-05-28
2026,23,MX,Universal,48.592538,2026-06-04
2026,23,MX,INgrooves,55.931736,2026-06-04
2026,23,MX,Virgin,55.082301,2026-06-04
2026,23,MX,Sony,98.410292,2026-06-04
2026,23,MX,Orchard,108.560006,2026-06-04
2026,23,MX,Warner,73.739486,2026-06-04
2026,23,MX,Indies,43.453376,2026-06-04
2026,24,MX,Universal,49.365917,2026-06-11
2026,24,MX,INgrooves,52.925389,2026-06-11
2026,24,MX,Virgin,56.180718,2026-06-11
2026,24,MX,Sony,101.748166,2026-06-11
2026,24,MX,Orchard,93.117511,2026-06-11
2026,24,MX,Warner,77.110007,2026-06-11
2026,24,MX,Indies,41.08226,2026-06-11
2025,1,SP,Universal,23.65773,2025-01-02
2025,1,SP,INgrooves,0.484883,2025-01-02
2025,1,SP,Virgin,5.589183,2025-01-02
2025,1,SP,Sony,25.826471,2025-01-02
2025,1,SP,Orchard,37.270647,2025-01-02
2025,1,SP,Warner,33.091132,2025-01-02
2025,1,SP,Indies,24.500436,2025-01-02
2025,2,SP,Universal,21.52769,2025-01-09
2025,2,SP,INgrooves,0.448008,2025-01-09
2025,2,SP,Virgin,4.347447,2025-01-09
2025,2,SP,Sony,20.162796,2025-01-09
2025,2,SP,Orchard,71.678486,2025-01-09
2025,2,SP,Warner,31.227211,2025-01-09
2025,2,SP,Indies,25.791445,2025-01-09
2025,3,SP,Universal,22.489323,2025-01-16
2025,3,SP,INgrooves,0.835635,2025-01-16
2025,3,SP,Virgin,4.135412,2025-01-16
2025,3,SP,Sony,23.1214,2025-01-16
2025,3,SP,Orchard,99.336839,2025-01-16
2025,3,SP,Warner,33.15269,2025-01-16
2025,3,SP,Indies,27.977574,2025-01-16
2025,4,SP,Universal,27.698992,2025-01-23
2025,4,SP,INgrooves,0.478049,2025-01-23
2025,4,SP,Virgin,4.153682,2025-01-23
2025,4,SP,Sony,23.631079,2025-01-23
2025,4,SP,Orchard,83.082678,2025-01-23
2025,4,SP,Warner,34.432972,2025-01-23
2025,4,SP,Indies,26.571364,2025-01-23
2025,5,SP,Universal,26.604627,2025-01-30
2025,5,SP,INgrooves,0.862138,2025-01-30
2025,5,SP,Virgin,3.850284,2025-01-30
2025,5,SP,Sony,21.934396,2025-01-30
2025,5,SP,Orchard,67.120917,2025-01-30
2025,5,SP,Warner,35.161523,2025-01-30
2025,5,SP,Indies,26.237726,2025-01-30
2025,6,SP,Universal,30.3120145,2025-02-06
2025,6,SP,INgrooves,0.951241,2025-02-06
2025,6,SP,Virgin,3.711884,2025-02-06
2025,6,SP,Sony,21.4324845,2025-02-06
2025,6,SP,Orchard,58.844263,2025-02-06
2025,6,SP,Warner,30.564561,2025-02-06
2025,6,SP,Indies,26.58648,2025-02-06
2025,7,SP,Universal,29.3161755,2025-02-13
2025,7,SP,INgrooves,1.088098,2025-02-13
2025,7,SP,Virgin,3.901805,2025-02-13
2025,7,SP,Sony,23.1165065,2025-02-13
2025,7,SP,Orchard,53.975215,2025-02-13
2025,7,SP,Warner,30.940454,2025-02-13
2025,7,SP,Indies,24.003192,2025-02-13
2025,8,SP,Universal,26.8174235,2025-02-20
2025,8,SP,INgrooves,1.105767,2025-02-20
2025,8,SP,Virgin,3.284684,2025-02-20
2025,8,SP,Sony,22.2397495,2025-02-20
2025,8,SP,Orchard,49.815432,2025-02-20
2025,8,SP,Warner,32.686637,2025-02-20
2025,8,SP,Indies,23.111308,2025-02-20
2025,9,SP,Universal,22.744662,2025-02-27
2025,9,SP,INgrooves,1.140785,2025-02-27
2025,9,SP,Virgin,3.202369,2025-02-27
2025,9,SP,Sony,23.2186065,2025-02-27
2025,9,SP,Orchard,48.7209045,2025-02-27
2025,9,SP,Warner,33.525413,2025-02-27
2025,9,SP,Indies,23.234553,2025-02-27
2025,10,SP,Universal,20.874658,2025-03-06
2025,10,SP,INgrooves,0.98365,2025-03-06
2025,10,SP,Virgin,2.785979,2025-03-06
2025,10,SP,Sony,23.3482445,2025-03-06
2025,10,SP,Orchard,44.9879725,2025-03-06
2025,10,SP,Warner,31.351772,2025-03-06
2025,10,SP,Indies,19.222234,2025-03-06
2025,11,SP,Universal,20.140887,2025-03-13
2025,11,SP,INgrooves,0.995023,2025-03-13
2025,11,SP,Virgin,2.639699,2025-03-13
2025,11,SP,Sony,25.915815,2025-03-13
2025,11,SP,Orchard,39.605496,2025-03-13
2025,11,SP,Warner,33.593706,2025-03-13
2025,11,SP,Indies,19.598906,2025-03-13
2025,12,SP,Universal,21.8932795,2025-03-20
2025,12,SP,INgrooves,0.951689,2025-03-20
2025,12,SP,Virgin,2.679592,2025-03-20
2025,12,SP,Sony,26.976119,2025-03-20
2025,12,SP,Orchard,41.2733255,2025-03-20
2025,12,SP,Warner,41.772447,2025-03-20
2025,12,SP,Indies,18.768942,2025-03-20
2025,13,SP,Universal,18.129464,2025-03-27
2025,13,SP,INgrooves,0.962492,2025-03-27
2025,13,SP,Virgin,2.587361,2025-03-27
2025,13,SP,Sony,27.543333,2025-03-27
2025,13,SP,Orchard,50.369641,2025-03-27
2025,13,SP,Warner,41.56029,2025-03-27
2025,13,SP,Indies,17.446739,2025-03-27
2025,14,SP,Universal,20.482995,2025-04-03
2025,14,SP,INgrooves,0.527712,2025-04-03
2025,14,SP,Virgin,2.62435,2025-04-03
2025,14,SP,Sony,29.199005,2025-04-03
2025,14,SP,Orchard,45.356904,2025-04-03
2025,14,SP,Warner,42.857095,2025-04-03
2025,14,SP,Indies,19.29748,2025-04-03
2025,15,SP,Universal,17.644378,2025-04-10
2025,15,SP,INgrooves,0.507666,2025-04-10
2025,15,SP,Virgin,2.628686,2025-04-10
2025,15,SP,Sony,31.777726,2025-04-10
2025,15,SP,Orchard,58.861054,2025-04-10
2025,15,SP,Warner,41.68141,2025-04-10
2025,15,SP,Indies,17.270566,2025-04-10
2025,16,SP,Universal,17.677411,2025-04-17
2025,16,SP,INgrooves,0.532464,2025-04-17
2025,16,SP,Virgin,2.45711,2025-04-17
2025,16,SP,Sony,33.356947,2025-04-17
2025,16,SP,Orchard,45.054442,2025-04-17
2025,16,SP,Warner,42.993603,2025-04-17
2025,16,SP,Indies,16.674867,2025-04-17
2025,17,SP,Universal,17.292577,2025-04-24
2025,17,SP,INgrooves,0.800747,2025-04-24
2025,17,SP,Virgin,2.19911,2025-04-24
2025,17,SP,Sony,26.420282,2025-04-24
2025,17,SP,Orchard,42.808599,2025-04-24
2025,17,SP,Warner,38.069682,2025-04-24
2025,17,SP,Indies,15.349659,2025-04-24
2025,18,SP,Universal,17.50833,2025-05-01
2025,18,SP,INgrooves,0.396107,2025-05-01
2025,18,SP,Virgin,2.163962,2025-05-01
2025,18,SP,Sony,24.773107,2025-05-01
2025,18,SP,Orchard,42.453469,2025-05-01
2025,18,SP,Warner,39.720268,2025-05-01
2025,18,SP,Indies,15.526172,2025-05-01
2025,19,SP,Universal,19.07197,2025-05-08
2025,19,SP,INgrooves,0.375862,2025-05-08
2025,19,SP,Virgin,3.252557,2025-05-08
2025,19,SP,Sony,22.269794,2025-05-08
2025,19,SP,Orchard,45.327538,2025-05-08
2025,19,SP,Warner,40.127471,2025-05-08
2025,19,SP,Indies,15.364265,2025-05-08
2025,20,SP,Universal,22.1290055,2025-05-15
2025,20,SP,INgrooves,0.403739,2025-05-15
2025,20,SP,Virgin,3.522141,2025-05-15
2025,20,SP,Sony,21.451314,2025-05-15
2025,20,SP,Orchard,55.9650575,2025-05-15
2025,20,SP,Warner,37.105315,2025-05-15
2025,20,SP,Indies,15.303159,2025-05-15
2025,21,SP,Universal,19.372142,2025-05-22
2025,21,SP,INgrooves,0.0,2025-05-22
2025,21,SP,Virgin,4.119833,2025-05-22
2025,21,SP,Sony,26.330779,2025-05-22
2025,21,SP,Orchard,61.041434,2025-05-22
2025,21,SP,Warner,36.440915,2025-05-22
2025,21,SP,Indies,15.31256,2025-05-22
2025,22,SP,Universal,19.3615355,2025-05-29
2025,22,SP,INgrooves,0.0,2025-05-29
2025,22,SP,Virgin,4.756834,2025-05-29
2025,22,SP,Sony,30.827222,2025-05-29
2025,22,SP,Orchard,63.3954915,2025-05-29
2025,22,SP,Warner,34.975404,2025-05-29
2025,22,SP,Indies,13.532063,2025-05-29
2025,23,SP,Universal,36.305055,2025-06-05
2025,23,SP,INgrooves,0.0,2025-06-05
2025,23,SP,Virgin,4.019003,2025-06-05
2025,23,SP,Sony,31.312909,2025-06-05
2025,23,SP,Orchard,51.007463,2025-06-05
2025,23,SP,Warner,38.501962,2025-06-05
2025,23,SP,Indies,10.885841,2025-06-05
2025,24,SP,Universal,28.875254,2025-06-12
2025,24,SP,INgrooves,0.408671,2025-06-12
2025,24,SP,Virgin,3.536469,2025-06-12
2025,24,SP,Sony,35.470177,2025-06-12
2025,24,SP,Orchard,44.188533,2025-06-12
2025,24,SP,Warner,39.863211,2025-06-12
2025,24,SP,Indies,11.586552,2025-06-12
2026,1,SP,Universal,15.713416,2026-01-01
2026,1,SP,INgrooves,0.0,2026-01-01
2026,1,SP,Virgin,0.403133,2026-01-01
2026,1,SP,Sony,36.109957,2026-01-01
2026,1,SP,Orchard,36.203306,2026-01-01
2026,1,SP,Warner,33.990029,2026-01-01
2026,1,SP,Indies,12.929706,2026-01-01
2026,2,SP,Universal,14.013424,2026-01-08
2026,2,SP,INgrooves,0.0,2026-01-08
2026,2,SP,Virgin,0.369652,2026-01-08
2026,2,SP,Sony,32.259376,2026-01-08
2026,2,SP,Orchard,34.91764,2026-01-08
2026,2,SP,Warner,33.456997,2026-01-08
2026,2,SP,Indies,11.462232,2026-01-08
2026,3,SP,Universal,15.044376,2026-01-15
2026,3,SP,INgrooves,0.391379,2026-01-15
2026,3,SP,Virgin,0.413137,2026-01-15
2026,3,SP,Sony,32.784855,2026-01-15
2026,3,SP,Orchard,36.409799,2026-01-15
2026,3,SP,Warner,40.007255,2026-01-15
2026,3,SP,Indies,10.946635,2026-01-15
2026,4,SP,Universal,13.830615,2026-01-22
2026,4,SP,INgrooves,0.0,2026-01-22
2026,4,SP,Virgin,0.4055,2026-01-22
2026,4,SP,Sony,29.113406,2026-01-22
2026,4,SP,Orchard,36.44853,2026-01-22
2026,4,SP,Warner,41.768805,2026-01-22
2026,4,SP,Indies,11.149706,2026-01-22
2026,5,SP,Universal,14.761626,2026-01-29
2026,5,SP,INgrooves,0.0,2026-01-29
2026,5,SP,Virgin,0.753016,2026-01-29
2026,5,SP,Sony,30.892874,2026-01-29
2026,5,SP,Orchard,38.829976,2026-01-29
2026,5,SP,Warner,34.411995,2026-01-29
2026,5,SP,Indies,10.84,2026-01-29
2026,6,SP,Universal,15.083318,2026-02-05
2026,6,SP,INgrooves,0.0,2026-02-05
2026,6,SP,Virgin,0.454311,2026-02-05
2026,6,SP,Sony,30.825008,2026-02-05
2026,6,SP,Orchard,38.481076,2026-02-05
2026,6,SP,Warner,35.151823,2026-02-05
2026,6,SP,Indies,11.100607,2026-02-05
2026,7,SP,Universal,14.625691,2026-02-12
2026,7,SP,INgrooves,0.454628,2026-02-12
2026,7,SP,Virgin,0.549421,2026-02-12
2026,7,SP,Sony,26.848392,2026-02-12
2026,7,SP,Orchard,52.643025,2026-02-12
2026,7,SP,Warner,33.931235,2026-02-12
2026,7,SP,Indies,11.067647,2026-02-12
2026,8,SP,Universal,15.126906,2026-02-19
2026,8,SP,INgrooves,0.44122,2026-02-19
2026,8,SP,Virgin,0.724696,2026-02-19
2026,8,SP,Sony,28.303374,2026-02-19
2026,8,SP,Orchard,48.526386,2026-02-19
2026,8,SP,Warner,36.247846,2026-02-19
2026,8,SP,Indies,11.065995,2026-02-19
2026,9,SP,Universal,14.587293,2026-02-26
2026,9,SP,INgrooves,0.0,2026-02-26
2026,9,SP,Virgin,0.7308,2026-02-26
2026,9,SP,Sony,26.179165,2026-02-26
2026,9,SP,Orchard,59.886284,2026-02-26
2026,9,SP,Warner,33.628928,2026-02-26
2026,9,SP,Indies,10.800542,2026-02-26
2026,10,SP,Universal,13.953906,2026-03-05
2026,10,SP,INgrooves,0.0,2026-03-05
2026,10,SP,Virgin,2.733929,2026-03-05
2026,10,SP,Sony,25.612523,2026-03-05
2026,10,SP,Orchard,53.30451,2026-03-05
2026,10,SP,Warner,33.944434,2026-03-05
2026,10,SP,Indies,8.141264,2026-03-05
2026,11,SP,Universal,22.184485,2026-03-12
2026,11,SP,INgrooves,0.0,2026-03-12
2026,11,SP,Virgin,2.619928,2026-03-12
2026,11,SP,Sony,27.670881,2026-03-12
2026,11,SP,Orchard,45.603019,2026-03-12
2026,11,SP,Warner,30.661986,2026-03-12
2026,11,SP,Indies,7.357727,2026-03-12
2026,12,SP,Universal,17.559951,2026-03-19
2026,12,SP,INgrooves,0.0,2026-03-19
2026,12,SP,Virgin,2.756852,2026-03-19
2026,12,SP,Sony,26.627258,2026-03-19
2026,12,SP,Orchard,45.304275,2026-03-19
2026,12,SP,Warner,31.883086,2026-03-19
2026,12,SP,Indies,8.566911,2026-03-19
2026,13,SP,Universal,17.195102,2026-03-26
2026,13,SP,INgrooves,8.274803,2026-03-26
2026,13,SP,Virgin,1.608935,2026-03-26
2026,13,SP,Sony,25.149463,2026-03-26
2026,13,SP,Orchard,42.693924,2026-03-26
2026,13,SP,Warner,31.273584,2026-03-26
2026,13,SP,Indies,11.927768,2026-03-26
2026,14,SP,Universal,14.547508,2026-04-02
2026,14,SP,INgrooves,2.705866,2026-04-02
2026,14,SP,Virgin,2.622586,2026-04-02
2026,14,SP,Sony,29.182715,2026-04-02
2026,14,SP,Orchard,44.83541,2026-04-02
2026,14,SP,Warner,35.379574,2026-04-02
2026,14,SP,Indies,7.665671,2026-04-02
2026,15,SP,Universal,14.226596,2026-04-09
2026,15,SP,INgrooves,1.213867,2026-04-09
2026,15,SP,Virgin,1.910236,2026-04-09
2026,15,SP,Sony,27.697232,2026-04-09
2026,15,SP,Orchard,41.185475,2026-04-09
2026,15,SP,Warner,34.514749,2026-04-09
2026,15,SP,Indies,8.827891,2026-04-09
2026,16,SP,Universal,19.067552,2026-04-16
2026,16,SP,INgrooves,1.159804,2026-04-16
2026,16,SP,Virgin,2.800409,2026-04-16
2026,16,SP,Sony,28.549602,2026-04-16
2026,16,SP,Orchard,39.18626,2026-04-16
2026,16,SP,Warner,34.493973,2026-04-16
2026,16,SP,Indies,10.072938,2026-04-16
2026,17,SP,Universal,21.855144,2026-04-23
2026,17,SP,INgrooves,0.72555,2026-04-23
2026,17,SP,Virgin,1.948536,2026-04-23
2026,17,SP,Sony,30.902323,2026-04-23
2026,17,SP,Orchard,40.418712,2026-04-23
2026,17,SP,Warner,35.514409,2026-04-23
2026,17,SP,Indies,12.625673,2026-04-23
2026,18,SP,Universal,19.056701,2026-04-30
2026,18,SP,INgrooves,0.68368,2026-04-30
2026,18,SP,Virgin,1.772787,2026-04-30
2026,18,SP,Sony,25.192964,2026-04-30
2026,18,SP,Orchard,36.159524,2026-04-30
2026,18,SP,Warner,70.518856,2026-04-30
2026,18,SP,Indies,12.200887,2026-04-30
2026,19,SP,Universal,14.895458,2026-05-07
2026,19,SP,INgrooves,3.743547,2026-05-07
2026,19,SP,Virgin,0.0,2026-05-07
2026,19,SP,Sony,26.139678,2026-05-07
2026,19,SP,Orchard,37.923331,2026-05-07
2026,19,SP,Warner,60.791661,2026-05-07
2026,19,SP,Indies,10.426208,2026-05-07
2026,20,SP,Universal,12.673248,2026-05-14
2026,20,SP,INgrooves,0.610823,2026-05-14
2026,20,SP,Virgin,1.636425,2026-05-14
2026,20,SP,Sony,26.516842,2026-05-14
2026,20,SP,Orchard,42.655672,2026-05-14
2026,20,SP,Warner,54.20771,2026-05-14
2026,20,SP,Indies,12.660949,2026-05-14
2026,21,SP,Universal,12.62325,2026-05-21
2026,21,SP,INgrooves,0.615617,2026-05-21
2026,21,SP,Virgin,1.612252,2026-05-21
2026,21,SP,Sony,27.87084,2026-05-21
2026,21,SP,Orchard,38.512306,2026-05-21
2026,21,SP,Warner,52.526151,2026-05-21
2026,21,SP,Indies,13.504606,2026-05-21
2026,22,SP,Universal,15.6164645,2026-05-28
2026,22,SP,INgrooves,0.577243,2026-05-28
2026,22,SP,Virgin,1.611372,2026-05-28
2026,22,SP,Sony,27.254125,2026-05-28
2026,22,SP,Orchard,47.9609085,2026-05-28
2026,22,SP,Warner,48.606345,2026-05-28
2026,22,SP,Indies,11.941243,2026-05-28
2026,23,SP,Universal,15.043191,2026-06-04
2026,23,SP,INgrooves,0.547887,2026-06-04
2026,23,SP,Virgin,1.112552,2026-06-04
2026,23,SP,Sony,31.040051,2026-06-04
2026,23,SP,Orchard,50.551212,2026-06-04
2026,23,SP,Warner,44.676257,2026-06-04
2026,23,SP,Indies,12.675416,2026-06-04
2026,24,SP,Universal,14.941033000000001,2026-06-11
2026,24,SP,INgrooves,1.015744,2026-06-11
2026,24,SP,Virgin,1.104638,2026-06-11
2026,24,SP,Sony,25.848495,2026-06-11
2026,24,SP,Orchard,47.295231,2026-06-11
2026,24,SP,Warner,43.526219,2026-06-11
2026,24,SP,Indies,15.890752,2026-06-11
2025,1,PT,Universal,4.633444999978722,2025-01-02
2025,1,PT,INgrooves,0.248381,2025-01-02
2025,1,PT,Virgin,1.062547,2025-01-02
2025,1,PT,Sony,6.1153985,2025-01-02
2025,1,PT,Orchard,0.318912,2025-01-02
2025,1,PT,Warner,4.264102500021278,2025-01-02
2025,1,PT,Indies,6.442736,2025-01-02
2025,2,PT,Universal,5.103217,2025-01-09
2025,2,PT,INgrooves,0.246962,2025-01-09
2025,2,PT,Virgin,1.27672,2025-01-09
2025,2,PT,Sony,6.1277635,2025-01-09
2025,2,PT,Orchard,1.077163,2025-01-09
2025,2,PT,Warner,4.0436405,2025-01-09
2025,2,PT,Indies,6.261468,2025-01-09
2025,3,PT,Universal,4.792306,2025-01-16
2025,3,PT,INgrooves,0.122008,2025-01-16
2025,3,PT,Virgin,3.288535,2025-01-16
2025,3,PT,Sony,5.630755,2025-01-16
2025,3,PT,Orchard,5.020876,2025-01-16
2025,3,PT,Warner,4.067566,2025-01-16
2025,3,PT,Indies,6.555419,2025-01-16
2025,4,PT,Universal,4.628564,2025-01-23
2025,4,PT,INgrooves,0.105693,2025-01-23
2025,4,PT,Virgin,1.835558,2025-01-23
2025,4,PT,Sony,5.587632,2025-01-23
2025,4,PT,Orchard,4.7660335,2025-01-23
2025,4,PT,Warner,4.2471105,2025-01-23
2025,4,PT,Indies,6.438148,2025-01-23
2025,5,PT,Universal,4.501306,2025-01-30
2025,5,PT,INgrooves,0.103934,2025-01-30
2025,5,PT,Virgin,1.222316,2025-01-30
2025,5,PT,Sony,5.778772,2025-01-30
2025,5,PT,Orchard,3.687405,2025-01-30
2025,5,PT,Warner,3.65039,2025-01-30
2025,5,PT,Indies,6.141662,2025-01-30
2025,6,PT,Universal,6.450253,2025-02-06
2025,6,PT,INgrooves,0.094404,2025-02-06
2025,6,PT,Virgin,0.900542,2025-02-06
2025,6,PT,Sony,7.130092,2025-02-06
2025,6,PT,Orchard,2.853693,2025-02-06
2025,6,PT,Warner,3.532594,2025-02-06
2025,6,PT,Indies,6.052352,2025-02-06
2025,7,PT,Universal,7.5000355,2025-02-13
2025,7,PT,INgrooves,0.091719,2025-02-13
2025,7,PT,Virgin,0.847517,2025-02-13
2025,7,PT,Sony,6.7059725,2025-02-13
2025,7,PT,Orchard,2.13588,2025-02-13
2025,7,PT,Warner,3.717426,2025-02-13
2025,7,PT,Indies,5.9194,2025-02-13
2025,8,PT,Universal,7.8119325,2025-02-20
2025,8,PT,INgrooves,0.079687,2025-02-20
2025,8,PT,Virgin,0.786256,2025-02-20
2025,8,PT,Sony,5.377141,2025-02-20
2025,8,PT,Orchard,1.777843,2025-02-20
2025,8,PT,Warner,3.4824735,2025-02-20
2025,8,PT,Indies,5.898717,2025-02-20
2025,9,PT,Universal,6.3463885,2025-02-27
2025,9,PT,INgrooves,0.083598,2025-02-27
2025,9,PT,Virgin,0.688279,2025-02-27
2025,9,PT,Sony,6.1535525,2025-02-27
2025,9,PT,Orchard,1.457054,2025-02-27
2025,9,PT,Warner,3.534295,2025-02-27
2025,9,PT,Indies,6.619601,2025-02-27
2025,10,PT,Universal,5.5386325,2025-03-06
2025,10,PT,INgrooves,0.157799,2025-03-06
2025,10,PT,Virgin,0.675858,2025-03-06
2025,10,PT,Sony,6.792082,2025-03-06
2025,10,PT,Orchard,1.159795,2025-03-06
2025,10,PT,Warner,3.4225515,2025-03-06
2025,10,PT,Indies,7.061671,2025-03-06
2025,11,PT,Universal,6.049064,2025-03-13
2025,11,PT,INgrooves,0.072764,2025-03-13
2025,11,PT,Virgin,0.730141,2025-03-13
2025,11,PT,Sony,6.6868405,2025-03-13
2025,11,PT,Orchard,0.921771,2025-03-13
2025,11,PT,Warner,3.6015215,2025-03-13
2025,11,PT,Indies,7.336898,2025-03-13
2025,12,PT,Universal,8.2878725,2025-03-20
2025,12,PT,INgrooves,0.079632,2025-03-20
2025,12,PT,Virgin,0.736427,2025-03-20
2025,12,PT,Sony,5.6081565,2025-03-20
2025,12,PT,Orchard,0.917655,2025-03-20
2025,12,PT,Warner,3.25433,2025-03-20
2025,12,PT,Indies,7.981517,2025-03-20
2025,13,PT,Universal,5.425305,2025-03-27
2025,13,PT,INgrooves,0.082735,2025-03-27
2025,13,PT,Virgin,0.929734,2025-03-27
2025,13,PT,Sony,6.257613,2025-03-27
2025,13,PT,Orchard,1.087538,2025-03-27
2025,13,PT,Warner,3.75967,2025-03-27
2025,13,PT,Indies,7.912772,2025-03-27
2025,14,PT,Universal,5.710226,2025-04-03
2025,14,PT,INgrooves,0.171587,2025-04-03
2025,14,PT,Virgin,0.857211,2025-04-03
2025,14,PT,Sony,5.7920485,2025-04-03
2025,14,PT,Orchard,1.1440465,2025-04-03
2025,14,PT,Warner,3.898924,2025-04-03
2025,14,PT,Indies,8.118386,2025-04-03
2025,15,PT,Universal,4.9435485,2025-04-10
2025,15,PT,INgrooves,0.296223,2025-04-10
2025,15,PT,Virgin,0.87179,2025-04-10
2025,15,PT,Sony,5.729657,2025-04-10
2025,15,PT,Orchard,1.0867125,2025-04-10
2025,15,PT,Warner,4.222058,2025-04-10
2025,15,PT,Indies,8.284251,2025-04-10
2025,16,PT,Universal,4.8575545,2025-04-17
2025,16,PT,INgrooves,0.302801,2025-04-17
2025,16,PT,Virgin,0.835582,2025-04-17
2025,16,PT,Sony,5.4374385,2025-04-17
2025,16,PT,Orchard,0.933739,2025-04-17
2025,16,PT,Warner,4.413369,2025-04-17
2025,16,PT,Indies,7.848062,2025-04-17
2025,17,PT,Universal,4.40672,2025-04-24
2025,17,PT,INgrooves,0.280118,2025-04-24
2025,17,PT,Virgin,1.390206,2025-04-24
2025,17,PT,Sony,5.347373,2025-04-24
2025,17,PT,Orchard,0.836354,2025-04-24
2025,17,PT,Warner,3.829188,2025-04-24
2025,17,PT,Indies,7.161197,2025-04-24
2025,18,PT,Universal,4.293129,2025-05-01
2025,18,PT,INgrooves,0.25658,2025-05-01
2025,18,PT,Virgin,1.061511,2025-05-01
2025,18,PT,Sony,5.145228,2025-05-01
2025,18,PT,Orchard,0.722768,2025-05-01
2025,18,PT,Warner,3.538695,2025-05-01
2025,18,PT,Indies,6.885705,2025-05-01
2025,19,PT,Universal,4.538298,2025-05-08
2025,19,PT,INgrooves,0.171739,2025-05-08
2025,19,PT,Virgin,1.070145,2025-05-08
2025,19,PT,Sony,5.7894025,2025-05-08
2025,19,PT,Orchard,1.4558745,2025-05-08
2025,19,PT,Warner,3.904534,2025-05-08
2025,19,PT,Indies,6.956818,2025-05-08
2025,20,PT,Universal,4.599381,2025-05-15
2025,20,PT,INgrooves,0.172332,2025-05-15
2025,20,PT,Virgin,0.981272,2025-05-15
2025,20,PT,Sony,5.8406865,2025-05-15
2025,20,PT,Orchard,2.3806935,2025-05-15
2025,20,PT,Warner,4.379841,2025-05-15
2025,20,PT,Indies,6.629035,2025-05-15
2025,21,PT,Universal,4.9192955,2025-05-22
2025,21,PT,INgrooves,0.29005,2025-05-22
2025,21,PT,Virgin,0.935128,2025-05-22
2025,21,PT,Sony,5.859026,2025-05-22
2025,21,PT,Orchard,1.45062,2025-05-22
2025,21,PT,Warner,4.4714795,2025-05-22
2025,21,PT,Indies,6.64209,2025-05-22
2025,22,PT,Universal,4.75959,2025-05-29
2025,22,PT,INgrooves,0.293737,2025-05-29
2025,22,PT,Virgin,0.726748,2025-05-29
2025,22,PT,Sony,6.205764,2025-05-29
2025,22,PT,Orchard,1.294184,2025-05-29
2025,22,PT,Warner,4.610158,2025-05-29
2025,22,PT,Indies,6.539798,2025-05-29
2025,23,PT,Universal,4.554558,2025-06-05
2025,23,PT,INgrooves,0.307248,2025-06-05
2025,23,PT,Virgin,0.923385,2025-06-05
2025,23,PT,Sony,6.188242,2025-06-05
2025,23,PT,Orchard,1.2446525,2025-06-05
2025,23,PT,Warner,4.8204455,2025-06-05
2025,23,PT,Indies,6.170876,2025-06-05
2025,24,PT,Universal,5.013933333305642,2025-06-12
2025,24,PT,INgrooves,0.282775,2025-06-12
2025,24,PT,Virgin,0.8591530000000001,2025-06-12
2025,24,PT,Sony,5.954576,2025-06-12
2025,24,PT,Orchard,1.286067,2025-06-12
2025,24,PT,Warner,4.768670166694358,2025-06-12
2025,24,PT,Indies,6.3580425,2025-06-12
2026,1,PT,Universal,4.861237,2026-01-01
2026,1,PT,INgrooves,0.063307,2026-01-01
2026,1,PT,Virgin,0.555349,2026-01-01
2026,1,PT,Sony,4.8835545,2026-01-01
2026,1,PT,Orchard,1.049345,2026-01-01
2026,1,PT,Warner,4.249222,2026-01-01
2026,1,PT,Indies,6.0315795,2026-01-01
2026,2,PT,Universal,5.2845575,2026-01-08
2026,2,PT,INgrooves,0.0,2026-01-08
2026,2,PT,Virgin,0.663621,2026-01-08
2026,2,PT,Sony,4.547364,2026-01-08
2026,2,PT,Orchard,1.111736,2026-01-08
2026,2,PT,Warner,4.686181,2026-01-08
2026,2,PT,Indies,5.7190005,2026-01-08
2026,3,PT,Universal,5.2749165,2026-01-15
2026,3,PT,INgrooves,0.0794,2026-01-15
2026,3,PT,Virgin,0.758032,2026-01-15
2026,3,PT,Sony,4.6473345,2026-01-15
2026,3,PT,Orchard,1.213212,2026-01-15
2026,3,PT,Warner,5.481,2026-01-15
2026,3,PT,Indies,6.373637,2026-01-15
2026,4,PT,Universal,4.907482,2026-01-22
2026,4,PT,INgrooves,0.126427,2026-01-22
2026,4,PT,Virgin,0.781511,2026-01-22
2026,4,PT,Sony,4.8376775,2026-01-22
2026,4,PT,Orchard,1.210642,2026-01-22
2026,4,PT,Warner,5.150387,2026-01-22
2026,4,PT,Indies,6.1752725,2026-01-22
2026,5,PT,Universal,4.8344664999999996,2026-01-29
2026,5,PT,INgrooves,0.157377,2026-01-29
2026,5,PT,Virgin,0.822704,2026-01-29
2026,5,PT,Sony,4.80329,2026-01-29
2026,5,PT,Orchard,1.163348,2026-01-29
2026,5,PT,Warner,4.649624,2026-01-29
2026,5,PT,Indies,6.1323495,2026-01-29
2026,6,PT,Universal,4.8627295,2026-02-05
2026,6,PT,INgrooves,0.157549,2026-02-05
2026,6,PT,Virgin,0.7122,2026-02-05
2026,6,PT,Sony,4.4696805,2026-02-05
2026,6,PT,Orchard,1.647184,2026-02-05
2026,6,PT,Warner,4.920576,2026-02-05
2026,6,PT,Indies,5.577894,2026-02-05
2026,7,PT,Universal,5.0113555,2026-02-12
2026,7,PT,INgrooves,0.139125,2026-02-12
2026,7,PT,Virgin,0.708367,2026-02-12
2026,7,PT,Sony,4.451771,2026-02-12
2026,7,PT,Orchard,4.725308,2026-02-12
2026,7,PT,Warner,4.467774,2026-02-12
2026,7,PT,Indies,4.9293285,2026-02-12
2026,8,PT,Universal,5.129479,2026-02-19
2026,8,PT,INgrooves,0.130188,2026-02-19
2026,8,PT,Virgin,0.691782,2026-02-19
2026,8,PT,Sony,4.6537735,2026-02-19
2026,8,PT,Orchard,4.128249,2026-02-19
2026,8,PT,Warner,4.412135,2026-02-19
2026,8,PT,Indies,5.4030165,2026-02-19
2026,9,PT,Universal,5.213115,2026-02-26
2026,9,PT,INgrooves,0.122445,2026-02-26
2026,9,PT,Virgin,0.709234,2026-02-26
2026,9,PT,Sony,4.838271,2026-02-26
2026,9,PT,Orchard,3.651746,2026-02-26
2026,9,PT,Warner,4.599934,2026-02-26
2026,9,PT,Indies,5.084688,2026-02-26
2026,10,PT,Universal,4.97796,2026-03-05
2026,10,PT,INgrooves,0.114166,2026-03-05
2026,10,PT,Virgin,1.720202,2026-03-05
2026,10,PT,Sony,4.964974,2026-03-05
2026,10,PT,Orchard,3.0403225,2026-03-05
2026,10,PT,Warner,5.628786,2026-03-05
2026,10,PT,Indies,3.7840185,2026-03-05
2026,11,PT,Universal,4.625443,2026-03-12
2026,11,PT,INgrooves,0.106907,2026-03-12
2026,11,PT,Virgin,1.819906,2026-03-12
2026,11,PT,Sony,7.0813325,2026-03-12
2026,11,PT,Orchard,2.4949275,2026-03-12
2026,11,PT,Warner,4.717299,2026-03-12
2026,11,PT,Indies,3.821958,2026-03-12
2026,12,PT,Universal,4.8616425,2026-03-19
2026,12,PT,INgrooves,0.103231,2026-03-19
2026,12,PT,Virgin,1.622055,2026-03-19
2026,12,PT,Sony,5.9133685,2026-03-19
2026,12,PT,Orchard,2.29932,2026-03-19
2026,12,PT,Warner,4.423581,2026-03-19
2026,12,PT,Indies,3.97976,2026-03-19
2026,13,PT,Universal,4.5368555,2026-03-26
2026,13,PT,INgrooves,2.690023,2026-03-26
2026,13,PT,Virgin,1.640057,2026-03-26
2026,13,PT,Sony,5.423697,2026-03-26
2026,13,PT,Orchard,2.0824515,2026-03-26
2026,13,PT,Warner,4.235952,2026-03-26
2026,13,PT,Indies,3.994913,2026-03-26
2026,14,PT,Universal,4.59322726,2026-04-02
2026,14,PT,INgrooves,1.983264,2026-04-02
2026,14,PT,Virgin,1.5165355,2026-04-02
2026,14,PT,Sony,5.7552077399999995,2026-04-02
2026,14,PT,Orchard,2.2320275,2026-04-02
2026,14,PT,Warner,4.203932,2026-04-02
2026,14,PT,Indies,4.512643,2026-04-02
2026,15,PT,Universal,4.6820543500000005,2026-04-09
2026,15,PT,INgrooves,1.44607,2026-04-09
2026,15,PT,Virgin,1.326652,2026-04-09
2026,15,PT,Sony,5.359789650000001,2026-04-09
2026,15,PT,Orchard,2.0316345,2026-04-09
2026,15,PT,Warner,4.04976,2026-04-09
2026,15,PT,Indies,4.0210875,2026-04-09
2026,16,PT,Universal,5.50408796,2026-04-16
2026,16,PT,INgrooves,1.313287,2026-04-16
2026,16,PT,Virgin,1.144083,2026-04-16
2026,16,PT,Sony,7.35442804,2026-04-16
2026,16,PT,Orchard,1.8673565,2026-04-16
2026,16,PT,Warner,3.916687,2026-04-16
2026,16,PT,Indies,3.3916385,2026-04-16
2026,17,PT,Universal,6.36186343,2026-04-23
2026,17,PT,INgrooves,1.146331,2026-04-23
2026,17,PT,Virgin,1.1721565,2026-04-23
2026,17,PT,Sony,6.943252569999999,2026-04-23
2026,17,PT,Orchard,1.7335225,2026-04-23
2026,17,PT,Warner,3.992445,2026-04-23
2026,17,PT,Indies,3.6694620000000002,2026-04-23
2026,18,PT,Universal,5.71634746,2026-04-30
2026,18,PT,INgrooves,0.71053,2026-04-30
2026,18,PT,Virgin,1.129519,2026-04-30
2026,18,PT,Sony,6.899343040000001,2026-04-30
2026,18,PT,Orchard,1.6223450000000001,2026-04-30
2026,18,PT,Warner,3.701004,2026-04-30
2026,18,PT,Indies,3.7503625,2026-04-30
2026,19,PT,Universal,5.545128160000001,2026-05-07
2026,19,PT,INgrooves,1.66332,2026-05-07
2026,19,PT,Virgin,0.0349075,2026-05-07
2026,19,PT,Sony,6.34236434,2026-05-07
2026,19,PT,Orchard,1.4440585,2026-05-07
2026,19,PT,Warner,3.264352,2026-05-07
2026,19,PT,Indies,3.5842264999999998,2026-05-07
2026,20,PT,Universal,5.33923567,2026-05-14
2026,20,PT,INgrooves,0.464214,2026-05-14
2026,20,PT,Virgin,1.372649,2026-05-14
2026,20,PT,Sony,6.45895983,2026-05-14
2026,20,PT,Orchard,1.636224,2026-05-14
2026,20,PT,Warner,3.274241,2026-05-14
2026,20,PT,Indies,3.3128905,2026-05-14
2026,21,PT,Universal,7.77340066,2026-05-21
2026,21,PT,INgrooves,0.393668,2026-05-21
2026,21,PT,Virgin,2.914467,2026-05-21
2026,21,PT,Sony,5.44459634,2026-05-21
2026,21,PT,Orchard,2.1533374999999997,2026-05-21
2026,21,PT,Warner,2.944903,2026-05-21
2026,21,PT,Indies,3.2337865000000003,2026-05-21
2026,22,PT,Universal,5.46685549,2026-05-28
2026,22,PT,INgrooves,0.39477,2026-05-28
2026,22,PT,Virgin,1.717445,2026-05-28
2026,22,PT,Sony,6.18627651,2026-05-28
2026,22,PT,Orchard,6.16255,2026-05-28
2026,22,PT,Warner,3.129629,2026-05-28
2026,22,PT,Indies,3.507246,2026-05-28
2026,23,PT,Universal,4.76796296,2026-06-04
2026,23,PT,INgrooves,0.400403,2026-06-04
2026,23,PT,Virgin,1.713025,2026-06-04
2026,23,PT,Sony,7.23396104,2026-06-04
2026,23,PT,Orchard,5.278048,2026-06-04
2026,23,PT,Warner,3.155563,2026-06-04
2026,23,PT,Indies,3.063736,2026-06-04
2026,24,PT,Universal,5.415749450000001,2026-06-11
2026,24,PT,INgrooves,0.52966,2026-06-11
2026,24,PT,Virgin,1.961922,2026-06-11
2026,24,PT,Sony,6.60937055,2026-06-11
2026,24,PT,Orchard,3.2072135,2026-06-11
2026,24,PT,Warner,2.936478,2026-06-11
2026,24,PT,Indies,3.3783575,2026-06-11
2025,1,VE,Universal,2.2364912,2025-01-02
2025,1,VE,INgrooves,0.522195,2025-01-02
2025,1,VE,Virgin,0.161637,2025-01-02
2025,1,VE,Sony,2.701243,2025-01-02
2025,1,VE,Orchard,1.930966,2025-01-02
2025,1,VE,Warner,2.0480398,2025-01-02
2025,1,VE,Indies,2.920947,2025-01-02
2025,2,VE,Universal,2.0694521999999997,2025-01-09
2025,2,VE,INgrooves,0.598961,2025-01-09
2025,2,VE,Virgin,0.1615355,2025-01-09
2025,2,VE,Sony,2.3498115,2025-01-09
2025,2,VE,Orchard,5.584707,2025-01-09
2025,2,VE,Warner,1.8357228,2025-01-09
2025,2,VE,Indies,2.208158,2025-01-09
2025,3,VE,Universal,2.1424756,2025-01-16
2025,3,VE,INgrooves,0.681416,2025-01-16
2025,3,VE,Virgin,0.091318,2025-01-16
2025,3,VE,Sony,2.385575,2025-01-16
2025,3,VE,Orchard,6.232317,2025-01-16
2025,3,VE,Warner,1.8891133999999998,2025-01-16
2025,3,VE,Indies,1.976399,2025-01-16
2025,4,VE,Universal,2.2279728,2025-01-23
2025,4,VE,INgrooves,0.632988,2025-01-23
2025,4,VE,Virgin,0.0992595,2025-01-23
2025,4,VE,Sony,2.6051035,2025-01-23
2025,4,VE,Orchard,5.598361,2025-01-23
2025,4,VE,Warner,2.1459692,2025-01-23
2025,4,VE,Indies,2.040489,2025-01-23
2025,5,VE,Universal,2.0452987,2025-01-30
2025,5,VE,INgrooves,0.659393,2025-01-30
2025,5,VE,Virgin,0.095821,2025-01-30
2025,5,VE,Sony,2.3556665,2025-01-30
2025,5,VE,Orchard,4.666093,2025-01-30
2025,5,VE,Warner,1.9755918000000001,2025-01-30
2025,5,VE,Indies,1.985678,2025-01-30
2025,6,VE,Universal,2.3750796000000003,2025-02-06
2025,6,VE,INgrooves,0.653221,2025-02-06
2025,6,VE,Virgin,0.036818,2025-02-06
2025,6,VE,Sony,2.50582,2025-02-06
2025,6,VE,Orchard,4.147223,2025-02-06
2025,6,VE,Warner,2.0446344,2025-02-06
2025,6,VE,Indies,1.995046,2025-02-06
2025,7,VE,Universal,2.3034404,2025-02-13
2025,7,VE,INgrooves,0.6607435,2025-02-13
2025,7,VE,Virgin,0.040871,2025-02-13
2025,7,VE,Sony,2.7460235,2025-02-13
2025,7,VE,Orchard,3.893839,2025-02-13
2025,7,VE,Warner,2.2019836,2025-02-13
2025,7,VE,Indies,1.932243,2025-02-13
2025,8,VE,Universal,2.1494732,2025-02-20
2025,8,VE,INgrooves,0.6681155,2025-02-20
2025,8,VE,Virgin,0.075457,2025-02-20
2025,8,VE,Sony,2.5352015,2025-02-20
2025,8,VE,Orchard,3.656849,2025-02-20
2025,8,VE,Warner,2.0963568,2025-02-20
2025,8,VE,Indies,1.918613,2025-02-20
2025,9,VE,Universal,1.9569702,2025-02-27
2025,9,VE,INgrooves,0.71093975,2025-02-27
2025,9,VE,Virgin,0.03633,2025-02-27
2025,9,VE,Sony,2.61770425,2025-02-27
2025,9,VE,Orchard,3.469503,2025-02-27
2025,9,VE,Warner,2.2018237999999997,2025-02-27
2025,9,VE,Indies,1.844375,2025-02-27
2025,10,VE,Universal,1.8994554,2025-03-06
2025,10,VE,INgrooves,0.76231625,2025-03-06
2025,10,VE,Virgin,0.030084,2025-03-06
2025,10,VE,Sony,2.45738875,2025-03-06
2025,10,VE,Orchard,3.329104,2025-03-06
2025,10,VE,Warner,2.2985726,2025-03-06
2025,10,VE,Indies,1.813069,2025-03-06
2025,11,VE,Universal,1.545738,2025-03-13
2025,11,VE,INgrooves,0.90316125,2025-03-13
2025,11,VE,Virgin,0.0,2025-03-13
2025,11,VE,Sony,2.79807575,2025-03-13
2025,11,VE,Orchard,2.878072,2025-03-13
2025,11,VE,Warner,2.217037,2025-03-13
2025,11,VE,Indies,1.54818,2025-03-13
2025,12,VE,Universal,1.60017,2025-03-20
2025,12,VE,INgrooves,0.78891375,2025-03-20
2025,12,VE,Virgin,0.034499,2025-03-20
2025,12,VE,Sony,2.97752125,2025-03-20
2025,12,VE,Orchard,2.784413,2025-03-20
2025,12,VE,Warner,2.158642,2025-03-20
2025,12,VE,Indies,1.60789,2025-03-20
2025,13,VE,Universal,1.4788,2025-03-27
2025,13,VE,INgrooves,0.86800525,2025-03-27
2025,13,VE,Virgin,0.0,2025-03-27
2025,13,VE,Sony,2.93686575,2025-03-27
2025,13,VE,Orchard,2.854115,2025-03-27
2025,13,VE,Warner,2.291683,2025-03-27
2025,13,VE,Indies,1.538011,2025-03-27
2025,14,VE,Universal,1.515327,2025-04-03
2025,14,VE,INgrooves,0.88452725,2025-04-03
2025,14,VE,Virgin,0.035044,2025-04-03
2025,14,VE,Sony,2.43866775,2025-04-03
2025,14,VE,Orchard,3.107144,2025-04-03
2025,14,VE,Warner,2.131125,2025-04-03
2025,14,VE,Indies,1.720354,2025-04-03
2025,15,VE,Universal,1.366934,2025-04-10
2025,15,VE,INgrooves,0.795114,2025-04-10
2025,15,VE,Virgin,0.032499,2025-04-10
2025,15,VE,Sony,2.286944,2025-04-10
2025,15,VE,Orchard,4.053295,2025-04-10
2025,15,VE,Warner,2.144041,2025-04-10
2025,15,VE,Indies,1.623378,2025-04-10
2025,16,VE,Universal,1.411181,2025-04-17
2025,16,VE,INgrooves,0.74357825,2025-04-17
2025,16,VE,Virgin,0.0,2025-04-17
2025,16,VE,Sony,2.27020675,2025-04-17
2025,16,VE,Orchard,2.873503,2025-04-17
2025,16,VE,Warner,2.244355,2025-04-17
2025,16,VE,Indies,1.987636,2025-04-17
2025,17,VE,Universal,1.543332,2025-04-24
2025,17,VE,INgrooves,0.7219705,2025-04-24
2025,17,VE,Virgin,0.06312,2025-04-24
2025,17,VE,Sony,2.0388825,2025-04-24
2025,17,VE,Orchard,2.747488,2025-04-24
2025,17,VE,Warner,2.053722,2025-04-24
2025,17,VE,Indies,1.406886,2025-04-24
2025,18,VE,Universal,1.591094,2025-05-01
2025,18,VE,INgrooves,0.7688415,2025-05-01
2025,18,VE,Virgin,0.082254,2025-05-01
2025,18,VE,Sony,2.2158915,2025-05-01
2025,18,VE,Orchard,3.153025,2025-05-01
2025,18,VE,Warner,2.210945,2025-05-01
2025,18,VE,Indies,1.289647,2025-05-01
2025,19,VE,Universal,1.713369,2025-05-08
2025,19,VE,INgrooves,0.807232,2025-05-08
2025,19,VE,Virgin,0.124846,2025-05-08
2025,19,VE,Sony,2.226962,2025-05-08
2025,19,VE,Orchard,2.928101,2025-05-08
2025,19,VE,Warner,1.896481,2025-05-08
2025,19,VE,Indies,1.292771,2025-05-08
2025,20,VE,Universal,1.9638615,2025-05-15
2025,20,VE,INgrooves,0.782149,2025-05-15
2025,20,VE,Virgin,0.210636,2025-05-15
2025,20,VE,Sony,2.3924835,2025-05-15
2025,20,VE,Orchard,3.008899,2025-05-15
2025,20,VE,Warner,1.788415,2025-05-15
2025,20,VE,Indies,1.540661,2025-05-15
2025,21,VE,Universal,1.762362,2025-05-22
2025,21,VE,INgrooves,1.09464225,2025-05-22
2025,21,VE,Virgin,0.232278,2025-05-22
2025,21,VE,Sony,2.80759875,2025-05-22
2025,21,VE,Orchard,4.755948,2025-05-22
2025,21,VE,Warner,1.548958,2025-05-22
2025,21,VE,Indies,1.124184,2025-05-22
2025,22,VE,Universal,1.8811245,2025-05-29
2025,22,VE,INgrooves,1.00682625,2025-05-29
2025,22,VE,Virgin,0.216696,2025-05-29
2025,22,VE,Sony,3.28118125,2025-05-29
2025,22,VE,Orchard,4.227999,2025-05-29
2025,22,VE,Warner,1.590558,2025-05-29
2025,22,VE,Indies,0.999728,2025-05-29
2025,23,VE,Universal,1.575469,2025-06-05
2025,23,VE,INgrooves,1.0144735,2025-06-05
2025,23,VE,Virgin,0.218714,2025-06-05
2025,23,VE,Sony,3.1220855,2025-06-05
2025,23,VE,Orchard,3.605551,2025-06-05
2025,23,VE,Warner,1.875373,2025-06-05
2025,23,VE,Indies,0.988845,2025-06-05
2025,24,VE,Universal,1.449481,2025-06-12
2025,24,VE,INgrooves,1.0517915,2025-06-12
2025,24,VE,Virgin,0.166188,2025-06-12
2025,24,VE,Sony,3.1501205,2025-06-12
2025,24,VE,Orchard,3.104133,2025-06-12
2025,24,VE,Warner,1.93616,2025-06-12
2025,24,VE,Indies,0.994045,2025-06-12
2026,1,VE,Universal,1.690685,2026-01-01
2026,1,VE,INgrooves,1.994449,2026-01-01
2026,1,VE,Virgin,0.094671,2026-01-01
2026,1,VE,Sony,2.786444,2026-01-01
2026,1,VE,Orchard,3.305639,2026-01-01
2026,1,VE,Warner,1.824621,2026-01-01
2026,1,VE,Indies,1.944059,2026-01-01
2026,2,VE,Universal,1.068611,2026-01-08
2026,2,VE,INgrooves,1.73660925,2026-01-08
2026,2,VE,Virgin,0.087665,2026-01-08
2026,2,VE,Sony,2.05888675,2026-01-08
2026,2,VE,Orchard,4.037966,2026-01-08
2026,2,VE,Warner,1.646417,2026-01-08
2026,2,VE,Indies,0.993133,2026-01-08
2026,3,VE,Universal,1.042144,2026-01-15
2026,3,VE,INgrooves,1.8204855,2026-01-15
2026,3,VE,Virgin,0.132417,2026-01-15
2026,3,VE,Sony,2.5671955,2026-01-15
2026,3,VE,Orchard,4.92692,2026-01-15
2026,3,VE,Warner,2.222451,2026-01-15
2026,3,VE,Indies,1.060124,2026-01-15
2026,4,VE,Universal,1.13484,2026-01-22
2026,4,VE,INgrooves,1.70860525,2026-01-22
2026,4,VE,Virgin,0.192865,2026-01-22
2026,4,VE,Sony,2.58085675,2026-01-22
2026,4,VE,Orchard,5.383383,2026-01-22
2026,4,VE,Warner,2.425759,2026-01-22
2026,4,VE,Indies,1.124253,2026-01-22
2026,5,VE,Universal,1.107871,2026-01-29
2026,5,VE,INgrooves,1.810051,2026-01-29
2026,5,VE,Virgin,0.260424,2026-01-29
2026,5,VE,Sony,2.726939,2026-01-29
2026,5,VE,Orchard,5.476936,2026-01-29
2026,5,VE,Warner,2.447728,2026-01-29
2026,5,VE,Indies,1.245638,2026-01-29
2026,6,VE,Universal,1.042231,2026-02-05
2026,6,VE,INgrooves,1.83712475,2026-02-05
2026,6,VE,Virgin,0.220297,2026-02-05
2026,6,VE,Sony,2.56395725,2026-02-05
2026,6,VE,Orchard,5.266268,2026-02-05
2026,6,VE,Warner,2.461569,2026-02-05
2026,6,VE,Indies,1.214551,2026-02-05
2026,7,VE,Universal,1.096233,2026-02-12
2026,7,VE,INgrooves,1.6982835,2026-02-12
2026,7,VE,Virgin,0.222913,2026-02-12
2026,7,VE,Sony,2.2168995,2026-02-12
2026,7,VE,Orchard,6.021353,2026-02-12
2026,7,VE,Warner,2.304359,2026-02-12
2026,7,VE,Indies,1.042953,2026-02-12
2026,8,VE,Universal,1.184734,2026-02-19
2026,8,VE,INgrooves,1.65728575,2026-02-19
2026,8,VE,Virgin,0.230028,2026-02-19
2026,8,VE,Sony,2.17345425,2026-02-19
2026,8,VE,Orchard,5.503317,2026-02-19
2026,8,VE,Warner,2.277614,2026-02-19
2026,8,VE,Indies,1.115277,2026-02-19
2026,9,VE,Universal,1.369985,2026-02-26
2026,9,VE,INgrooves,1.55895025,2026-02-26
2026,9,VE,Virgin,0.182171,2026-02-26
2026,9,VE,Sony,2.27135775,2026-02-26
2026,9,VE,Orchard,7.88607,2026-02-26
2026,9,VE,Warner,2.131313,2026-02-26
2026,9,VE,Indies,1.292319,2026-02-26
2026,10,VE,Universal,1.24272,2026-03-05
2026,10,VE,INgrooves,1.5396325,2026-03-05
2026,10,VE,Virgin,0.352363,2026-03-05
2026,10,VE,Sony,2.3187895,2026-03-05
2026,10,VE,Orchard,6.526314,2026-03-05
2026,10,VE,Warner,2.098406,2026-03-05
2026,10,VE,Indies,1.225869,2026-03-05
2026,11,VE,Universal,1.250403,2026-03-12
2026,11,VE,INgrooves,1.48852675,2026-03-12
2026,11,VE,Virgin,0.348764,2026-03-12
2026,11,VE,Sony,2.28645525,2026-03-12
2026,11,VE,Orchard,6.028605,2026-03-12
2026,11,VE,Warner,2.056718,2026-03-12
2026,11,VE,Indies,1.045744,2026-03-12
2026,12,VE,Universal,1.224704,2026-03-19
2026,12,VE,INgrooves,1.482049,2026-03-19
2026,12,VE,Virgin,0.397768,2026-03-19
2026,12,VE,Sony,2.163968,2026-03-19
2026,12,VE,Orchard,5.559564,2026-03-19
2026,12,VE,Warner,2.039463,2026-03-19
2026,12,VE,Indies,1.116286,2026-03-19
2026,13,VE,Universal,1.135486,2026-03-26
2026,13,VE,INgrooves,4.089925,2026-03-26
2026,13,VE,Virgin,0.175892,2026-03-26
2026,13,VE,Sony,2.268539,2026-03-26
2026,13,VE,Orchard,5.391748,2026-03-26
2026,13,VE,Warner,2.062412,2026-03-26
2026,13,VE,Indies,0.992702,2026-03-26
2026,14,VE,Universal,1.213336,2026-04-02
2026,14,VE,INgrooves,3.356733,2026-04-02
2026,14,VE,Virgin,0.20179,2026-04-02
2026,14,VE,Sony,2.198579,2026-04-02
2026,14,VE,Orchard,5.280612,2026-04-02
2026,14,VE,Warner,2.311358,2026-04-02
2026,14,VE,Indies,1.10719,2026-04-02
2026,15,VE,Universal,1.036902,2026-04-09
2026,15,VE,INgrooves,2.932171,2026-04-09
2026,15,VE,Virgin,0.110572,2026-04-09
2026,15,VE,Sony,1.920005,2026-04-09
2026,15,VE,Orchard,4.711509,2026-04-09
2026,15,VE,Warner,2.071003,2026-04-09
2026,15,VE,Indies,1.040055,2026-04-09
2026,16,VE,Universal,1.632884,2026-04-16
2026,16,VE,INgrooves,2.634044,2026-04-16
2026,16,VE,Virgin,0.19305,2026-04-16
2026,16,VE,Sony,1.950248,2026-04-16
2026,16,VE,Orchard,4.565183,2026-04-16
2026,16,VE,Warner,2.078267,2026-04-16
2026,16,VE,Indies,1.253002,2026-04-16
2026,17,VE,Universal,1.613322,2026-04-23
2026,17,VE,INgrooves,2.835253,2026-04-23
2026,17,VE,Virgin,0.122181,2026-04-23
2026,17,VE,Sony,2.151278,2026-04-23
2026,17,VE,Orchard,4.740735,2026-04-23
2026,17,VE,Warner,2.011869,2026-04-23
2026,17,VE,Indies,1.520079,2026-04-23
2026,18,VE,Universal,1.343442,2026-04-30
2026,18,VE,INgrooves,2.570028,2026-04-30
2026,18,VE,Virgin,0.113096,2026-04-30
2026,18,VE,Sony,2.304995,2026-04-30
2026,18,VE,Orchard,4.586582,2026-04-30
2026,18,VE,Warner,1.948941,2026-04-30
2026,18,VE,Indies,1.370263,2026-04-30
2026,19,VE,Universal,1.292171,2026-05-07
2026,19,VE,INgrooves,2.667871,2026-05-07
2026,19,VE,Virgin,0.0,2026-05-07
2026,19,VE,Sony,2.02055,2026-05-07
2026,19,VE,Orchard,4.936158,2026-05-07
2026,19,VE,Warner,1.85606,2026-05-07
2026,19,VE,Indies,1.12037,2026-05-07
2026,20,VE,Universal,1.235908,2026-05-14
2026,20,VE,INgrooves,2.31011,2026-05-14
2026,20,VE,Virgin,0.099175,2026-05-14
2026,20,VE,Sony,2.20662,2026-05-14
2026,20,VE,Orchard,4.300904,2026-05-14
2026,20,VE,Warner,2.098292,2026-05-14
2026,20,VE,Indies,1.355314,2026-05-14
2026,21,VE,Universal,1.109664,2026-05-21
2026,21,VE,INgrooves,2.21744,2026-05-21
2026,21,VE,Virgin,0.099927,2026-05-21
2026,21,VE,Sony,2.159814,2026-05-21
2026,21,VE,Orchard,4.639171,2026-05-21
2026,21,VE,Warner,2.139444,2026-05-21
2026,21,VE,Indies,1.489932,2026-05-21
2026,22,VE,Universal,2.139765,2026-05-28
2026,22,VE,INgrooves,2.157789,2026-05-28
2026,22,VE,Virgin,0.102576,2026-05-28
2026,22,VE,Sony,2.074415,2026-05-28
2026,22,VE,Orchard,4.164049,2026-05-28
2026,22,VE,Warner,2.050426,2026-05-28
2026,22,VE,Indies,1.261997,2026-05-28
2026,23,VE,Universal,1.403264,2026-06-04
2026,23,VE,INgrooves,2.286909,2026-06-04
2026,23,VE,Virgin,0.091064,2026-06-04
2026,23,VE,Sony,2.000943,2026-06-04
2026,23,VE,Orchard,3.930136,2026-06-04
2026,23,VE,Warner,2.037678,2026-06-04
2026,23,VE,Indies,1.528319,2026-06-04
2026,24,VE,Universal,1.334929,2026-06-11
2026,24,VE,INgrooves,2.605179,2026-06-11
2026,24,VE,Virgin,0.092866,2026-06-11
2026,24,VE,Sony,2.120851,2026-06-11
2026,24,VE,Orchard,3.732085,2026-06-11
2026,24,VE,Warner,1.915704,2026-06-11
2026,24,VE,Indies,1.593708,2026-06-11
